"room_id","hotel_id","guest_count","room_count","room_options","pay_later_flag","free_cancel_flag","room_price","room_type","data_origin"
"R0001_1","H0001","2","1","{""bed_type"":""퀸베드 1개"",""view_type"":""시티뷰"",""size_sqm"":24,""breakfast"":true,""spa"":true,""pool"":true,""balcony"":true,""bathtub"":true,""pet_friendly"":true,""smoking"":true}","0","0","70000","스탠다드 더블","전체 가상 시뮬레이션"
"R0001_2","H0001","3","2","{""bed_type"":""싱글베드 2개"",""view_type"":""가든뷰"",""size_sqm"":33,""breakfast"":false,""spa"":false,""pool"":false,""balcony"":false,""bathtub"":false,""pet_friendly"":false,""smoking"":false}","1","1","95000","디럭스 트윈","전체 가상 시뮬레이션"
"R0001_3","H0001","4","3","{""bed_type"":""킹베드 1개"",""view_type"":""파노라마뷰"",""size_sqm"":42,""breakfast"":true,""spa"":false,""pool"":false,""balcony"":false,""bathtub"":false,""pet_friendly"":false,""smoking"":false}","1","1","120000","프리미엄 스위트","전체 가상 시뮬레이션"
"R0002_1","H0002","2","2","{""bed_type"":""퀸베드 1개"",""view_type"":""시티뷰"",""size_sqm"":24,""breakfast"":false,""spa"":false,""pool"":false,""balcony"":false,""bathtub"":false,""pet_friendly"":false,""smoking"":true}","1","1","75000","스탠다드 더블","전체 가상 시뮬레이션"
"R0002_2","H0002","3","3","{""bed_type"":""싱글베드 2개"",""view_type"":""가든뷰"",""size_sqm"":33,""breakfast"":true,""spa"":false,""pool"":false,""balcony"":false,""bathtub"":false,""pet_friendly"":false,""smoking"":false}","1","1","100000","디럭스 트윈","전체 가상 시뮬레이션"
"R0002_3","H0002","4","4","{""bed_type"":""킹베드 1개"",""view_type"":""파노라마뷰"",""size_sqm"":42,""breakfast"":false,""spa"":true,""pool"":false,""balcony"":true,""bathtub"":true,""pet_friendly"":false,""smoking"":false}","1","0","125000","프리미엄 스위트","전체 가상 시뮬레이션"
"R0003_1","H0003","2","3","{""bed_type"":""퀸베드 1개"",""view_type"":""시티뷰"",""size_sqm"":24,""breakfast"":true,""spa"":false,""pool"":false,""balcony"":false,""bathtub"":false,""pet_friendly"":false,""smoking"":true}","1","1","80000","스탠다드 더블","전체 가상 시뮬레이션"
"R0003_2","H0003","3","4","{""bed_type"":""싱글베드 2개"",""view_type"":""가든뷰"",""size_sqm"":33,""breakfast"":false,""spa"":true,""pool"":false,""balcony"":true,""bathtub"":true,""pet_friendly"":false,""smoking"":false}","1","0","105000","디럭스 트윈","전체 가상 시뮬레이션"
"R0003_3","H0003","4","1","{""bed_type"":""킹베드 1개"",""view_type"":""파노라마뷰"",""size_sqm"":42,""breakfast"":true,""spa"":false,""pool"":true,""balcony"":false,""bathtub"":false,""pet_friendly"":false,""smoking"":false}","0","1","130000","프리미엄 스위트","전체 가상 시뮬레이션"
"R0004_1","H0004","2","4","{""bed_type"":""퀸베드 1개"",""view_type"":""시티뷰"",""size_sqm"":24,""breakfast"":false,""spa"":true,""pool"":false,""balcony"":true,""bathtub"":true,""pet_friendly"":false,""smoking"":true}","1","0","85000","스탠다드 더블","전체 가상 시뮬레이션"
"R0004_2","H0004","3","1","{""bed_type"":""싱글베드 2개"",""view_type"":""가든뷰"",""size_sqm"":33,""breakfast"":true,""spa"":false,""pool"":true,""balcony"":false,""bathtub"":false,""pet_friendly"":false,""smoking"":false}","0","1","110000","디럭스 트윈","전체 가상 시뮬레이션"
"R0004_3","H0004","4","2","{""bed_type"":""킹베드 1개"",""view_type"":""파노라마뷰"",""size_sqm"":42,""breakfast"":false,""spa"":false,""pool"":false,""balcony"":false,""bathtub"":false,""pet_friendly"":false,""smoking"":false}","1","1","135000","프리미엄 스위트","전체 가상 시뮬레이션"
"R0005_1","H0005","2","1","{""bed_type"":""퀸베드 1개"",""view_type"":""시티뷰"",""size_sqm"":24,""breakfast"":true,""spa"":false,""pool"":true,""balcony"":false,""bathtub"":false,""pet_friendly"":false,""smoking"":true}","0","1","90000","스탠다드 더블","전체 가상 시뮬레이션"
"R0005_2","H0005","3","2","{""bed_type"":""싱글베드 2개"",""view_type"":""가든뷰"",""size_sqm"":33,""breakfast"":false,""spa"":false,""pool"":false,""balcony"":false,""bathtub"":false,""pet_friendly"":false,""smoking"":false}","1","1","115000","디럭스 트윈","전체 가상 시뮬레이션"
"R0005_3","H0005","4","3","{""bed_type"":""킹베드 1개"",""view_type"":""파노라마뷰"",""size_sqm"":42,""breakfast"":true,""spa"":true,""pool"":false,""balcony"":true,""bathtub"":true,""pet_friendly"":false,""smoking"":false}","1","0","140000","프리미엄 스위트","전체 가상 시뮬레이션"
"R0006_1","H0006","2","2","{""bed_type"":""퀸베드 1개"",""view_type"":""시티뷰"",""size_sqm"":24,""breakfast"":false,""spa"":false,""pool"":false,""balcony"":false,""bathtub"":false,""pet_friendly"":false,""smoking"":true}","1","1","95000","스탠다드 더블","전체 가상 시뮬레이션"
"R0006_2","H0006","3","3","{""bed_type"":""싱글베드 2개"",""view_type"":""가든뷰"",""size_sqm"":33,""breakfast"":true,""spa"":true,""pool"":false,""balcony"":true,""bathtub"":true,""pet_friendly"":false,""smoking"":false}","1","0","120000","디럭스 트윈","전체 가상 시뮬레이션"
"R0006_3","H0006","4","4","{""bed_type"":""킹베드 1개"",""view_type"":""파노라마뷰"",""size_sqm"":42,""breakfast"":false,""spa"":false,""pool"":false,""balcony"":false,""bathtub"":false,""pet_friendly"":true,""smoking"":false}","1","1","145000","프리미엄 스위트","전체 가상 시뮬레이션"
"R0007_1","H0007","2","3","{""bed_type"":""퀸베드 1개"",""view_type"":""시티뷰"",""size_sqm"":24,""breakfast"":true,""spa"":true,""pool"":false,""balcony"":true,""bathtub"":true,""pet_friendly"":false,""smoking"":true}","1","0","100000","스탠다드 더블","전체 가상 시뮬레이션"
"R0007_2","H0007","3","4","{""bed_type"":""싱글베드 2개"",""view_type"":""가든뷰"",""size_sqm"":33,""breakfast"":false,""spa"":false,""pool"":false,""balcony"":false,""bathtub"":false,""pet_friendly"":true,""smoking"":false}","1","1","125000","디럭스 트윈","전체 가상 시뮬레이션"
"R0007_3","H0007","4","1","{""bed_type"":""킹베드 1개"",""view_type"":""파노라마뷰"",""size_sqm"":42,""breakfast"":true,""spa"":false,""pool"":true,""balcony"":false,""bathtub"":false,""pet_friendly"":false,""smoking"":false}","0","1","150000","프리미엄 스위트","전체 가상 시뮬레이션"
"R0008_1","H0008","2","4","{""bed_type"":""퀸베드 1개"",""view_type"":""시티뷰"",""size_sqm"":24,""breakfast"":false,""spa"":false,""pool"":false,""balcony"":false,""bathtub"":false,""pet_friendly"":true,""smoking"":true}","1","1","105000","스탠다드 더블","전체 가상 시뮬레이션"
"R0008_2","H0008","3","1","{""bed_type"":""싱글베드 2개"",""view_type"":""가든뷰"",""size_sqm"":33,""breakfast"":true,""spa"":false,""pool"":true,""balcony"":false,""bathtub"":false,""pet_friendly"":false,""smoking"":false}","0","1","130000","디럭스 트윈","전체 가상 시뮬레이션"
"R0008_3","H0008","4","2","{""bed_type"":""킹베드 1개"",""view_type"":""파노라마뷰"",""size_sqm"":42,""breakfast"":false,""spa"":true,""pool"":false,""balcony"":true,""bathtub"":true,""pet_friendly"":false,""smoking"":false}","1","0","155000","프리미엄 스위트","전체 가상 시뮬레이션"
"R0009_1","H0009","2","1","{""bed_type"":""퀸베드 1개"",""view_type"":""시티뷰"",""size_sqm"":24,""breakfast"":true,""spa"":false,""pool"":true,""balcony"":false,""bathtub"":false,""pet_friendly"":false,""smoking"":true}","0","1","110000","스탠다드 더블","전체 가상 시뮬레이션"
"R0009_2","H0009","3","2","{""bed_type"":""싱글베드 2개"",""view_type"":""가든뷰"",""size_sqm"":33,""breakfast"":false,""spa"":true,""pool"":false,""balcony"":true,""bathtub"":true,""pet_friendly"":false,""smoking"":false}","1","0","135000","디럭스 트윈","전체 가상 시뮬레이션"
"R0009_3","H0009","4","3","{""bed_type"":""킹베드 1개"",""view_type"":""파노라마뷰"",""size_sqm"":42,""breakfast"":true,""spa"":false,""pool"":false,""balcony"":false,""bathtub"":false,""pet_friendly"":false,""smoking"":false}","1","1","160000","프리미엄 스위트","전체 가상 시뮬레이션"
"R0010_1","H0010","2","2","{""bed_type"":""퀸베드 1개"",""view_type"":""시티뷰"",""size_sqm"":24,""breakfast"":false,""spa"":true,""pool"":false,""balcony"":true,""bathtub"":true,""pet_friendly"":false,""smoking"":true}","1","0","115000","스탠다드 더블","전체 가상 시뮬레이션"
"R0010_2","H0010","3","3","{""bed_type"":""싱글베드 2개"",""view_type"":""가든뷰"",""size_sqm"":33,""breakfast"":true,""spa"":false,""pool"":false,""balcony"":false,""bathtub"":false,""pet_friendly"":false,""smoking"":false}","1","1","140000","디럭스 트윈","전체 가상 시뮬레이션"
"R0010_3","H0010","4","4","{""bed_type"":""킹베드 1개"",""view_type"":""파노라마뷰"",""size_sqm"":42,""breakfast"":false,""spa"":false,""pool"":false,""balcony"":false,""bathtub"":false,""pet_friendly"":false,""smoking"":false}","1","1","165000","프리미엄 스위트","전체 가상 시뮬레이션"
"R0011_1","H0011","2","3","{""bed_type"":""퀸베드 1개"",""view_type"":""시티뷰"",""size_sqm"":24,""breakfast"":true,""spa"":false,""pool"":false,""balcony"":false,""bathtub"":false,""pet_friendly"":false,""smoking"":true}","1","1","120000","스탠다드 더블","전체 가상 시뮬레이션"
"R0011_2","H0011","3","4","{""bed_type"":""싱글베드 2개"",""view_type"":""가든뷰"",""size_sqm"":33,""breakfast"":false,""spa"":false,""pool"":false,""balcony"":false,""bathtub"":false,""pet_friendly"":false,""smoking"":false}","1","1","145000","디럭스 트윈","전체 가상 시뮬레이션"
"R0011_3","H0011","4","1","{""bed_type"":""킹베드 1개"",""view_type"":""파노라마뷰"",""size_sqm"":42,""breakfast"":true,""spa"":true,""pool"":true,""balcony"":true,""bathtub"":true,""pet_friendly"":false,""smoking"":false}","0","0","170000","프리미엄 스위트","전체 가상 시뮬레이션"
"R0012_1","H0012","2","4","{""bed_type"":""퀸베드 1개"",""view_type"":""시티뷰"",""size_sqm"":24,""breakfast"":false,""spa"":false,""pool"":false,""balcony"":false,""bathtub"":false,""pet_friendly"":false,""smoking"":true}","1","1","125000","스탠다드 더블","전체 가상 시뮬레이션"
"R0012_2","H0012","3","1","{""bed_type"":""싱글베드 2개"",""view_type"":""가든뷰"",""size_sqm"":33,""breakfast"":true,""spa"":true,""pool"":true,""balcony"":true,""bathtub"":true,""pet_friendly"":false,""smoking"":false}","0","0","150000","디럭스 트윈","전체 가상 시뮬레이션"
"R0012_3","H0012","4","2","{""bed_type"":""킹베드 1개"",""view_type"":""파노라마뷰"",""size_sqm"":42,""breakfast"":false,""spa"":false,""pool"":false,""balcony"":false,""bathtub"":false,""pet_friendly"":false,""smoking"":false}","1","1","175000","프리미엄 스위트","전체 가상 시뮬레이션"
"R0013_1","H0013","2","1","{""bed_type"":""퀸베드 1개"",""view_type"":""시티뷰"",""size_sqm"":24,""breakfast"":true,""spa"":true,""pool"":true,""balcony"":true,""bathtub"":true,""pet_friendly"":false,""smoking"":true}","0","0","130000","스탠다드 더블","전체 가상 시뮬레이션"
"R0013_2","H0013","3","2","{""bed_type"":""싱글베드 2개"",""view_type"":""가든뷰"",""size_sqm"":33,""breakfast"":false,""spa"":false,""pool"":false,""balcony"":false,""bathtub"":false,""pet_friendly"":false,""smoking"":false}","1","1","155000","디럭스 트윈","전체 가상 시뮬레이션"
"R0013_3","H0013","4","3","{""bed_type"":""킹베드 1개"",""view_type"":""파노라마뷰"",""size_sqm"":42,""breakfast"":true,""spa"":false,""pool"":false,""balcony"":false,""bathtub"":false,""pet_friendly"":true,""smoking"":false}","1","1","180000","프리미엄 스위트","전체 가상 시뮬레이션"
"R0014_1","H0014","2","2","{""bed_type"":""퀸베드 1개"",""view_type"":""시티뷰"",""size_sqm"":24,""breakfast"":false,""spa"":false,""pool"":false,""balcony"":false,""bathtub"":false,""pet_friendly"":false,""smoking"":true}","1","1","135000","스탠다드 더블","전체 가상 시뮬레이션"
"R0014_2","H0014","3","3","{""bed_type"":""싱글베드 2개"",""view_type"":""가든뷰"",""size_sqm"":33,""breakfast"":true,""spa"":false,""pool"":false,""balcony"":false,""bathtub"":false,""pet_friendly"":true,""smoking"":false}","1","1","160000","디럭스 트윈","전체 가상 시뮬레이션"
"R0014_3","H0014","4","4","{""bed_type"":""킹베드 1개"",""view_type"":""파노라마뷰"",""size_sqm"":42,""breakfast"":false,""spa"":true,""pool"":false,""balcony"":true,""bathtub"":true,""pet_friendly"":false,""smoking"":false}","1","0","185000","프리미엄 스위트","전체 가상 시뮬레이션"
"R0015_1","H0015","2","3","{""bed_type"":""퀸베드 1개"",""view_type"":""시티뷰"",""size_sqm"":24,""breakfast"":true,""spa"":false,""pool"":false,""balcony"":false,""bathtub"":false,""pet_friendly"":true,""smoking"":true}","1","1","140000","스탠다드 더블","전체 가상 시뮬레이션"
"R0015_2","H0015","3","4","{""bed_type"":""싱글베드 2개"",""view_type"":""가든뷰"",""size_sqm"":33,""breakfast"":false,""spa"":true,""pool"":false,""balcony"":true,""bathtub"":true,""pet_friendly"":false,""smoking"":false}","1","0","165000","디럭스 트윈","전체 가상 시뮬레이션"
"R0015_3","H0015","4","1","{""bed_type"":""킹베드 1개"",""view_type"":""파노라마뷰"",""size_sqm"":42,""breakfast"":true,""spa"":false,""pool"":true,""balcony"":false,""bathtub"":false,""pet_friendly"":false,""smoking"":false}","0","1","190000","프리미엄 스위트","전체 가상 시뮬레이션"
"R0016_1","H0016","2","4","{""bed_type"":""퀸베드 1개"",""view_type"":""시티뷰"",""size_sqm"":24,""breakfast"":false,""spa"":true,""pool"":false,""balcony"":true,""bathtub"":true,""pet_friendly"":false,""smoking"":true}","1","0","145000","스탠다드 더블","전체 가상 시뮬레이션"
"R0016_2","H0016","3","1","{""bed_type"":""싱글베드 2개"",""view_type"":""가든뷰"",""size_sqm"":33,""breakfast"":true,""spa"":false,""pool"":true,""balcony"":false,""bathtub"":false,""pet_friendly"":false,""smoking"":false}","0","1","170000","디럭스 트윈","전체 가상 시뮬레이션"
"R0016_3","H0016","4","2","{""bed_type"":""킹베드 1개"",""view_type"":""파노라마뷰"",""size_sqm"":42,""breakfast"":false,""spa"":false,""pool"":false,""balcony"":false,""bathtub"":false,""pet_friendly"":false,""smoking"":false}","1","1","195000","프리미엄 스위트","전체 가상 시뮬레이션"
"R0017_1","H0017","2","1","{""bed_type"":""퀸베드 1개"",""view_type"":""시티뷰"",""size_sqm"":24,""breakfast"":true,""spa"":false,""pool"":true,""balcony"":false,""bathtub"":false,""pet_friendly"":false,""smoking"":true}","0","1","150000","스탠다드 더블","전체 가상 시뮬레이션"
"R0017_2","H0017","3","2","{""bed_type"":""싱글베드 2개"",""view_type"":""가든뷰"",""size_sqm"":33,""breakfast"":false,""spa"":false,""pool"":false,""balcony"":false,""bathtub"":false,""pet_friendly"":false,""smoking"":false}","1","1","175000","디럭스 트윈","전체 가상 시뮬레이션"
"R0017_3","H0017","4","3","{""bed_type"":""킹베드 1개"",""view_type"":""파노라마뷰"",""size_sqm"":42,""breakfast"":true,""spa"":true,""pool"":false,""balcony"":true,""bathtub"":true,""pet_friendly"":false,""smoking"":false}","1","0","200000","프리미엄 스위트","전체 가상 시뮬레이션"
"R0018_1","H0018","2","2","{""bed_type"":""퀸베드 1개"",""view_type"":""시티뷰"",""size_sqm"":24,""breakfast"":false,""spa"":false,""pool"":false,""balcony"":false,""bathtub"":false,""pet_friendly"":false,""smoking"":true}","1","1","155000","스탠다드 더블","전체 가상 시뮬레이션"
"R0018_2","H0018","3","3","{""bed_type"":""싱글베드 2개"",""view_type"":""가든뷰"",""size_sqm"":33,""breakfast"":true,""spa"":true,""pool"":false,""balcony"":true,""bathtub"":true,""pet_friendly"":false,""smoking"":false}","1","0","180000","디럭스 트윈","전체 가상 시뮬레이션"
"R0018_3","H0018","4","4","{""bed_type"":""킹베드 1개"",""view_type"":""파노라마뷰"",""size_sqm"":42,""breakfast"":false,""spa"":false,""pool"":false,""balcony"":false,""bathtub"":false,""pet_friendly"":false,""smoking"":false}","1","1","205000","프리미엄 스위트","전체 가상 시뮬레이션"
"R0019_1","H0019","2","3","{""bed_type"":""퀸베드 1개"",""view_type"":""시티뷰"",""size_sqm"":24,""breakfast"":true,""spa"":true,""pool"":false,""balcony"":true,""bathtub"":true,""pet_friendly"":false,""smoking"":true}","1","0","160000","스탠다드 더블","전체 가상 시뮬레이션"
"R0019_2","H0019","3","4","{""bed_type"":""싱글베드 2개"",""view_type"":""가든뷰"",""size_sqm"":33,""breakfast"":false,""spa"":false,""pool"":false,""balcony"":false,""bathtub"":false,""pet_friendly"":false,""smoking"":false}","1","1","185000","디럭스 트윈","전체 가상 시뮬레이션"
"R0019_3","H0019","4","1","{""bed_type"":""킹베드 1개"",""view_type"":""파노라마뷰"",""size_sqm"":42,""breakfast"":true,""spa"":false,""pool"":true,""balcony"":false,""bathtub"":false,""pet_friendly"":false,""smoking"":false}","0","1","210000","프리미엄 스위트","전체 가상 시뮬레이션"
"R0020_1","H0020","2","4","{""bed_type"":""퀸베드 1개"",""view_type"":""시티뷰"",""size_sqm"":24,""breakfast"":false,""spa"":false,""pool"":false,""balcony"":false,""bathtub"":false,""pet_friendly"":false,""smoking"":true}","1","1","165000","스탠다드 더블","전체 가상 시뮬레이션"
"R0020_2","H0020","3","1","{""bed_type"":""싱글베드 2개"",""view_type"":""가든뷰"",""size_sqm"":33,""breakfast"":true,""spa"":false,""pool"":true,""balcony"":false,""bathtub"":false,""pet_friendly"":false,""smoking"":false}","0","1","190000","디럭스 트윈","전체 가상 시뮬레이션"
"R0020_3","H0020","4","2","{""bed_type"":""킹베드 1개"",""view_type"":""파노라마뷰"",""size_sqm"":42,""breakfast"":false,""spa"":true,""pool"":false,""balcony"":true,""bathtub"":true,""pet_friendly"":true,""smoking"":false}","1","0","215000","프리미엄 스위트","전체 가상 시뮬레이션"
"R0021_1","H0021","2","1","{""bed_type"":""퀸베드 1개"",""view_type"":""시티뷰"",""size_sqm"":24,""breakfast"":true,""spa"":false,""pool"":true,""balcony"":false,""bathtub"":false,""pet_friendly"":false,""smoking"":true}","0","1","170000","스탠다드 더블","전체 가상 시뮬레이션"
"R0021_2","H0021","3","2","{""bed_type"":""싱글베드 2개"",""view_type"":""가든뷰"",""size_sqm"":33,""breakfast"":false,""spa"":true,""pool"":false,""balcony"":true,""bathtub"":true,""pet_friendly"":true,""smoking"":false}","1","0","195000","디럭스 트윈","전체 가상 시뮬레이션"
"R0021_3","H0021","4","3","{""bed_type"":""킹베드 1개"",""view_type"":""파노라마뷰"",""size_sqm"":42,""breakfast"":true,""spa"":false,""pool"":false,""balcony"":false,""bathtub"":false,""pet_friendly"":false,""smoking"":false}","1","1","220000","프리미엄 스위트","전체 가상 시뮬레이션"
"R0022_1","H0022","2","2","{""bed_type"":""퀸베드 1개"",""view_type"":""시티뷰"",""size_sqm"":24,""breakfast"":false,""spa"":true,""pool"":false,""balcony"":true,""bathtub"":true,""pet_friendly"":true,""smoking"":true}","1","0","175000","스탠다드 더블","전체 가상 시뮬레이션"
"R0022_2","H0022","3","3","{""bed_type"":""싱글베드 2개"",""view_type"":""가든뷰"",""size_sqm"":33,""breakfast"":true,""spa"":false,""pool"":false,""balcony"":false,""bathtub"":false,""pet_friendly"":false,""smoking"":false}","1","1","200000","디럭스 트윈","전체 가상 시뮬레이션"
"R0022_3","H0022","4","4","{""bed_type"":""킹베드 1개"",""view_type"":""파노라마뷰"",""size_sqm"":42,""breakfast"":false,""spa"":false,""pool"":false,""balcony"":false,""bathtub"":false,""pet_friendly"":false,""smoking"":false}","1","1","225000","프리미엄 스위트","전체 가상 시뮬레이션"
"R0023_1","H0023","2","3","{""bed_type"":""퀸베드 1개"",""view_type"":""시티뷰"",""size_sqm"":24,""breakfast"":true,""spa"":false,""pool"":false,""balcony"":false,""bathtub"":false,""pet_friendly"":false,""smoking"":true}","1","1","180000","스탠다드 더블","전체 가상 시뮬레이션"
"R0023_2","H0023","3","4","{""bed_type"":""싱글베드 2개"",""view_type"":""가든뷰"",""size_sqm"":33,""breakfast"":false,""spa"":false,""pool"":false,""balcony"":false,""bathtub"":false,""pet_friendly"":false,""smoking"":false}","1","1","205000","디럭스 트윈","전체 가상 시뮬레이션"
"R0023_3","H0023","4","1","{""bed_type"":""킹베드 1개"",""view_type"":""파노라마뷰"",""size_sqm"":42,""breakfast"":true,""spa"":true,""pool"":true,""balcony"":true,""bathtub"":true,""pet_friendly"":false,""smoking"":false}","0","0","230000","프리미엄 스위트","전체 가상 시뮬레이션"
"R0024_1","H0024","2","4","{""bed_type"":""퀸베드 1개"",""view_type"":""시티뷰"",""size_sqm"":24,""breakfast"":false,""spa"":false,""pool"":false,""balcony"":false,""bathtub"":false,""pet_friendly"":false,""smoking"":true}","1","1","185000","스탠다드 더블","전체 가상 시뮬레이션"
"R0024_2","H0024","3","1","{""bed_type"":""싱글베드 2개"",""view_type"":""가든뷰"",""size_sqm"":33,""breakfast"":true,""spa"":true,""pool"":true,""balcony"":true,""bathtub"":true,""pet_friendly"":false,""smoking"":false}","0","0","210000","디럭스 트윈","전체 가상 시뮬레이션"
"R0024_3","H0024","4","2","{""bed_type"":""킹베드 1개"",""view_type"":""파노라마뷰"",""size_sqm"":42,""breakfast"":false,""spa"":false,""pool"":false,""balcony"":false,""bathtub"":false,""pet_friendly"":false,""smoking"":false}","1","1","235000","프리미엄 스위트","전체 가상 시뮬레이션"
"R0025_1","H0025","2","1","{""bed_type"":""퀸베드 1개"",""view_type"":""시티뷰"",""size_sqm"":24,""breakfast"":true,""spa"":true,""pool"":true,""balcony"":true,""bathtub"":true,""pet_friendly"":false,""smoking"":true}","0","0","190000","스탠다드 더블","전체 가상 시뮬레이션"
"R0025_2","H0025","3","2","{""bed_type"":""싱글베드 2개"",""view_type"":""가든뷰"",""size_sqm"":33,""breakfast"":false,""spa"":false,""pool"":false,""balcony"":false,""bathtub"":false,""pet_friendly"":false,""smoking"":false}","1","1","215000","디럭스 트윈","전체 가상 시뮬레이션"
"R0025_3","H0025","4","3","{""bed_type"":""킹베드 1개"",""view_type"":""파노라마뷰"",""size_sqm"":42,""breakfast"":true,""spa"":false,""pool"":false,""balcony"":false,""bathtub"":false,""pet_friendly"":false,""smoking"":false}","1","1","240000","프리미엄 스위트","전체 가상 시뮬레이션"
"R0026_1","H0026","2","2","{""bed_type"":""퀸베드 1개"",""view_type"":""시티뷰"",""size_sqm"":24,""breakfast"":false,""spa"":false,""pool"":false,""balcony"":false,""bathtub"":false,""pet_friendly"":false,""smoking"":true}","1","1","195000","스탠다드 더블","전체 가상 시뮬레이션"
"R0026_2","H0026","3","3","{""bed_type"":""싱글베드 2개"",""view_type"":""가든뷰"",""size_sqm"":33,""breakfast"":true,""spa"":false,""pool"":false,""balcony"":false,""bathtub"":false,""pet_friendly"":false,""smoking"":false}","1","1","220000","디럭스 트윈","전체 가상 시뮬레이션"
"R0026_3","H0026","4","4","{""bed_type"":""킹베드 1개"",""view_type"":""파노라마뷰"",""size_sqm"":42,""breakfast"":false,""spa"":true,""pool"":false,""balcony"":true,""bathtub"":true,""pet_friendly"":false,""smoking"":false}","1","0","245000","프리미엄 스위트","전체 가상 시뮬레이션"
"R0027_1","H0027","2","3","{""bed_type"":""퀸베드 1개"",""view_type"":""시티뷰"",""size_sqm"":24,""breakfast"":true,""spa"":false,""pool"":false,""balcony"":false,""bathtub"":false,""pet_friendly"":false,""smoking"":true}","1","1","200000","스탠다드 더블","전체 가상 시뮬레이션"
"R0027_2","H0027","3","4","{""bed_type"":""싱글베드 2개"",""view_type"":""가든뷰"",""size_sqm"":33,""breakfast"":false,""spa"":true,""pool"":false,""balcony"":true,""bathtub"":true,""pet_friendly"":false,""smoking"":false}","1","0","225000","디럭스 트윈","전체 가상 시뮬레이션"
"R0027_3","H0027","4","1","{""bed_type"":""킹베드 1개"",""view_type"":""파노라마뷰"",""size_sqm"":42,""breakfast"":true,""spa"":false,""pool"":true,""balcony"":false,""bathtub"":false,""pet_friendly"":true,""smoking"":false}","0","1","250000","프리미엄 스위트","전체 가상 시뮬레이션"
"R0028_1","H0028","2","4","{""bed_type"":""퀸베드 1개"",""view_type"":""시티뷰"",""size_sqm"":24,""breakfast"":false,""spa"":true,""pool"":false,""balcony"":true,""bathtub"":true,""pet_friendly"":false,""smoking"":true}","1","0","205000","스탠다드 더블","전체 가상 시뮬레이션"
"R0028_2","H0028","3","1","{""bed_type"":""싱글베드 2개"",""view_type"":""가든뷰"",""size_sqm"":33,""breakfast"":true,""spa"":false,""pool"":true,""balcony"":false,""bathtub"":false,""pet_friendly"":true,""smoking"":false}","0","1","230000","디럭스 트윈","전체 가상 시뮬레이션"
"R0028_3","H0028","4","2","{""bed_type"":""킹베드 1개"",""view_type"":""파노라마뷰"",""size_sqm"":42,""breakfast"":false,""spa"":false,""pool"":false,""balcony"":false,""bathtub"":false,""pet_friendly"":false,""smoking"":false}","1","1","255000","프리미엄 스위트","전체 가상 시뮬레이션"
"R0029_1","H0029","2","1","{""bed_type"":""퀸베드 1개"",""view_type"":""시티뷰"",""size_sqm"":24,""breakfast"":true,""spa"":false,""pool"":true,""balcony"":false,""bathtub"":false,""pet_friendly"":true,""smoking"":true}","0","1","210000","스탠다드 더블","전체 가상 시뮬레이션"
"R0029_2","H0029","3","2","{""bed_type"":""싱글베드 2개"",""view_type"":""가든뷰"",""size_sqm"":33,""breakfast"":false,""spa"":false,""pool"":false,""balcony"":false,""bathtub"":false,""pet_friendly"":false,""smoking"":false}","1","1","235000","디럭스 트윈","전체 가상 시뮬레이션"
"R0029_3","H0029","4","3","{""bed_type"":""킹베드 1개"",""view_type"":""파노라마뷰"",""size_sqm"":42,""breakfast"":true,""spa"":true,""pool"":false,""balcony"":true,""bathtub"":true,""pet_friendly"":false,""smoking"":false}","1","0","260000","프리미엄 스위트","전체 가상 시뮬레이션"
"R0030_1","H0030","2","2","{""bed_type"":""퀸베드 1개"",""view_type"":""시티뷰"",""size_sqm"":24,""breakfast"":false,""spa"":false,""pool"":false,""balcony"":false,""bathtub"":false,""pet_friendly"":false,""smoking"":true}","1","1","215000","스탠다드 더블","전체 가상 시뮬레이션"
"R0030_2","H0030","3","3","{""bed_type"":""싱글베드 2개"",""view_type"":""가든뷰"",""size_sqm"":33,""breakfast"":true,""spa"":true,""pool"":false,""balcony"":true,""bathtub"":true,""pet_friendly"":false,""smoking"":false}","1","0","240000","디럭스 트윈","전체 가상 시뮬레이션"
"R0030_3","H0030","4","4","{""bed_type"":""킹베드 1개"",""view_type"":""파노라마뷰"",""size_sqm"":42,""breakfast"":false,""spa"":false,""pool"":false,""balcony"":false,""bathtub"":false,""pet_friendly"":false,""smoking"":false}","1","1","265000","프리미엄 스위트","전체 가상 시뮬레이션"
"R0031_1","H0031","2","3","{""bed_type"":""퀸베드 1개"",""view_type"":""시티뷰"",""size_sqm"":24,""breakfast"":true,""spa"":true,""pool"":false,""balcony"":true,""bathtub"":true,""pet_friendly"":false,""smoking"":true}","1","0","220000","스탠다드 더블","전체 가상 시뮬레이션"
"R0031_2","H0031","3","4","{""bed_type"":""싱글베드 2개"",""view_type"":""가든뷰"",""size_sqm"":33,""breakfast"":false,""spa"":false,""pool"":false,""balcony"":false,""bathtub"":false,""pet_friendly"":false,""smoking"":false}","1","1","245000","디럭스 트윈","전체 가상 시뮬레이션"
"R0031_3","H0031","4","1","{""bed_type"":""킹베드 1개"",""view_type"":""파노라마뷰"",""size_sqm"":42,""breakfast"":true,""spa"":false,""pool"":true,""balcony"":false,""bathtub"":false,""pet_friendly"":false,""smoking"":false}","0","1","270000","프리미엄 스위트","전체 가상 시뮬레이션"
"R0032_1","H0032","2","4","{""bed_type"":""퀸베드 1개"",""view_type"":""시티뷰"",""size_sqm"":24,""breakfast"":false,""spa"":false,""pool"":false,""balcony"":false,""bathtub"":false,""pet_friendly"":false,""smoking"":true}","1","1","225000","스탠다드 더블","전체 가상 시뮬레이션"
"R0032_2","H0032","3","1","{""bed_type"":""싱글베드 2개"",""view_type"":""가든뷰"",""size_sqm"":33,""breakfast"":true,""spa"":false,""pool"":true,""balcony"":false,""bathtub"":false,""pet_friendly"":false,""smoking"":false}","0","1","250000","디럭스 트윈","전체 가상 시뮬레이션"
"R0032_3","H0032","4","2","{""bed_type"":""킹베드 1개"",""view_type"":""파노라마뷰"",""size_sqm"":42,""breakfast"":false,""spa"":true,""pool"":false,""balcony"":true,""bathtub"":true,""pet_friendly"":false,""smoking"":false}","1","0","275000","프리미엄 스위트","전체 가상 시뮬레이션"
"R0033_1","H0033","2","1","{""bed_type"":""퀸베드 1개"",""view_type"":""시티뷰"",""size_sqm"":24,""breakfast"":true,""spa"":false,""pool"":true,""balcony"":false,""bathtub"":false,""pet_friendly"":false,""smoking"":true}","0","1","230000","스탠다드 더블","전체 가상 시뮬레이션"
"R0033_2","H0033","3","2","{""bed_type"":""싱글베드 2개"",""view_type"":""가든뷰"",""size_sqm"":33,""breakfast"":false,""spa"":true,""pool"":false,""balcony"":true,""bathtub"":true,""pet_friendly"":false,""smoking"":false}","1","0","255000","디럭스 트윈","전체 가상 시뮬레이션"
"R0033_3","H0033","4","3","{""bed_type"":""킹베드 1개"",""view_type"":""파노라마뷰"",""size_sqm"":42,""breakfast"":true,""spa"":false,""pool"":false,""balcony"":false,""bathtub"":false,""pet_friendly"":false,""smoking"":false}","1","1","280000","프리미엄 스위트","전체 가상 시뮬레이션"
"R0034_1","H0034","2","2","{""bed_type"":""퀸베드 1개"",""view_type"":""시티뷰"",""size_sqm"":24,""breakfast"":false,""spa"":true,""pool"":false,""balcony"":true,""bathtub"":true,""pet_friendly"":false,""smoking"":true}","1","0","235000","스탠다드 더블","전체 가상 시뮬레이션"
"R0034_2","H0034","3","3","{""bed_type"":""싱글베드 2개"",""view_type"":""가든뷰"",""size_sqm"":33,""breakfast"":true,""spa"":false,""pool"":false,""balcony"":false,""bathtub"":false,""pet_friendly"":false,""smoking"":false}","1","1","260000","디럭스 트윈","전체 가상 시뮬레이션"
"R0034_3","H0034","4","4","{""bed_type"":""킹베드 1개"",""view_type"":""파노라마뷰"",""size_sqm"":42,""breakfast"":false,""spa"":false,""pool"":false,""balcony"":false,""bathtub"":false,""pet_friendly"":true,""smoking"":false}","1","1","285000","프리미엄 스위트","전체 가상 시뮬레이션"
"R0035_1","H0035","2","3","{""bed_type"":""퀸베드 1개"",""view_type"":""시티뷰"",""size_sqm"":24,""breakfast"":true,""spa"":false,""pool"":false,""balcony"":false,""bathtub"":false,""pet_friendly"":false,""smoking"":true}","1","1","240000","스탠다드 더블","전체 가상 시뮬레이션"
"R0035_2","H0035","3","4","{""bed_type"":""싱글베드 2개"",""view_type"":""가든뷰"",""size_sqm"":33,""breakfast"":false,""spa"":false,""pool"":false,""balcony"":false,""bathtub"":false,""pet_friendly"":true,""smoking"":false}","1","1","265000","디럭스 트윈","전체 가상 시뮬레이션"
"R0035_3","H0035","4","1","{""bed_type"":""킹베드 1개"",""view_type"":""파노라마뷰"",""size_sqm"":42,""breakfast"":true,""spa"":true,""pool"":true,""balcony"":true,""bathtub"":true,""pet_friendly"":false,""smoking"":false}","0","0","290000","프리미엄 스위트","전체 가상 시뮬레이션"
"R0036_1","H0036","2","4","{""bed_type"":""퀸베드 1개"",""view_type"":""시티뷰"",""size_sqm"":24,""breakfast"":false,""spa"":false,""pool"":false,""balcony"":false,""bathtub"":false,""pet_friendly"":true,""smoking"":true}","1","1","245000","스탠다드 더블","전체 가상 시뮬레이션"
"R0036_2","H0036","3","1","{""bed_type"":""싱글베드 2개"",""view_type"":""가든뷰"",""size_sqm"":33,""breakfast"":true,""spa"":true,""pool"":true,""balcony"":true,""bathtub"":true,""pet_friendly"":false,""smoking"":false}","0","0","270000","디럭스 트윈","전체 가상 시뮬레이션"
"R0036_3","H0036","4","2","{""bed_type"":""킹베드 1개"",""view_type"":""파노라마뷰"",""size_sqm"":42,""breakfast"":false,""spa"":false,""pool"":false,""balcony"":false,""bathtub"":false,""pet_friendly"":false,""smoking"":false}","1","1","295000","프리미엄 스위트","전체 가상 시뮬레이션"
"R0037_1","H0037","2","1","{""bed_type"":""퀸베드 1개"",""view_type"":""시티뷰"",""size_sqm"":24,""breakfast"":true,""spa"":true,""pool"":true,""balcony"":true,""bathtub"":true,""pet_friendly"":false,""smoking"":true}","0","0","250000","스탠다드 더블","전체 가상 시뮬레이션"
"R0037_2","H0037","3","2","{""bed_type"":""싱글베드 2개"",""view_type"":""가든뷰"",""size_sqm"":33,""breakfast"":false,""spa"":false,""pool"":false,""balcony"":false,""bathtub"":false,""pet_friendly"":false,""smoking"":false}","1","1","275000","디럭스 트윈","전체 가상 시뮬레이션"
"R0037_3","H0037","4","3","{""bed_type"":""킹베드 1개"",""view_type"":""파노라마뷰"",""size_sqm"":42,""breakfast"":true,""spa"":false,""pool"":false,""balcony"":false,""bathtub"":false,""pet_friendly"":false,""smoking"":false}","1","1","300000","프리미엄 스위트","전체 가상 시뮬레이션"
"R0038_1","H0038","2","2","{""bed_type"":""퀸베드 1개"",""view_type"":""시티뷰"",""size_sqm"":24,""breakfast"":false,""spa"":false,""pool"":false,""balcony"":false,""bathtub"":false,""pet_friendly"":false,""smoking"":true}","1","1","255000","스탠다드 더블","전체 가상 시뮬레이션"
"R0038_2","H0038","3","3","{""bed_type"":""싱글베드 2개"",""view_type"":""가든뷰"",""size_sqm"":33,""breakfast"":true,""spa"":false,""pool"":false,""balcony"":false,""bathtub"":false,""pet_friendly"":false,""smoking"":false}","1","1","280000","디럭스 트윈","전체 가상 시뮬레이션"
"R0038_3","H0038","4","4","{""bed_type"":""킹베드 1개"",""view_type"":""파노라마뷰"",""size_sqm"":42,""breakfast"":false,""spa"":true,""pool"":false,""balcony"":true,""bathtub"":true,""pet_friendly"":false,""smoking"":false}","1","0","305000","프리미엄 스위트","전체 가상 시뮬레이션"
"R0039_1","H0039","2","3","{""bed_type"":""퀸베드 1개"",""view_type"":""시티뷰"",""size_sqm"":24,""breakfast"":true,""spa"":false,""pool"":false,""balcony"":false,""bathtub"":false,""pet_friendly"":false,""smoking"":true}","1","1","260000","스탠다드 더블","전체 가상 시뮬레이션"
"R0039_2","H0039","3","4","{""bed_type"":""싱글베드 2개"",""view_type"":""가든뷰"",""size_sqm"":33,""breakfast"":false,""spa"":true,""pool"":false,""balcony"":true,""bathtub"":true,""pet_friendly"":false,""smoking"":false}","1","0","285000","디럭스 트윈","전체 가상 시뮬레이션"
"R0039_3","H0039","4","1","{""bed_type"":""킹베드 1개"",""view_type"":""파노라마뷰"",""size_sqm"":42,""breakfast"":true,""spa"":false,""pool"":true,""balcony"":false,""bathtub"":false,""pet_friendly"":false,""smoking"":false}","0","1","310000","프리미엄 스위트","전체 가상 시뮬레이션"
"R0040_1","H0040","2","4","{""bed_type"":""퀸베드 1개"",""view_type"":""시티뷰"",""size_sqm"":24,""breakfast"":false,""spa"":true,""pool"":false,""balcony"":true,""bathtub"":true,""pet_friendly"":false,""smoking"":true}","1","0","265000","스탠다드 더블","전체 가상 시뮬레이션"
"R0040_2","H0040","3","1","{""bed_type"":""싱글베드 2개"",""view_type"":""가든뷰"",""size_sqm"":33,""breakfast"":true,""spa"":false,""pool"":true,""balcony"":false,""bathtub"":false,""pet_friendly"":false,""smoking"":false}","0","1","290000","디럭스 트윈","전체 가상 시뮬레이션"
"R0040_3","H0040","4","2","{""bed_type"":""킹베드 1개"",""view_type"":""파노라마뷰"",""size_sqm"":42,""breakfast"":false,""spa"":false,""pool"":false,""balcony"":false,""bathtub"":false,""pet_friendly"":false,""smoking"":false}","1","1","315000","프리미엄 스위트","전체 가상 시뮬레이션"
"R0041_1","H0041","2","1","{""bed_type"":""퀸베드 1개"",""view_type"":""시티뷰"",""size_sqm"":24,""breakfast"":true,""spa"":false,""pool"":true,""balcony"":false,""bathtub"":false,""pet_friendly"":false,""smoking"":true}","0","1","270000","스탠다드 더블","전체 가상 시뮬레이션"
"R0041_2","H0041","3","2","{""bed_type"":""싱글베드 2개"",""view_type"":""가든뷰"",""size_sqm"":33,""breakfast"":false,""spa"":false,""pool"":false,""balcony"":false,""bathtub"":false,""pet_friendly"":false,""smoking"":false}","1","1","295000","디럭스 트윈","전체 가상 시뮬레이션"
"R0041_3","H0041","4","3","{""bed_type"":""킹베드 1개"",""view_type"":""파노라마뷰"",""size_sqm"":42,""breakfast"":true,""spa"":true,""pool"":false,""balcony"":true,""bathtub"":true,""pet_friendly"":true,""smoking"":false}","1","0","320000","프리미엄 스위트","전체 가상 시뮬레이션"
"R0042_1","H0042","2","2","{""bed_type"":""퀸베드 1개"",""view_type"":""시티뷰"",""size_sqm"":24,""breakfast"":false,""spa"":false,""pool"":false,""balcony"":false,""bathtub"":false,""pet_friendly"":false,""smoking"":true}","1","1","275000","스탠다드 더블","전체 가상 시뮬레이션"
"R0042_2","H0042","3","3","{""bed_type"":""싱글베드 2개"",""view_type"":""가든뷰"",""size_sqm"":33,""breakfast"":true,""spa"":true,""pool"":false,""balcony"":true,""bathtub"":true,""pet_friendly"":true,""smoking"":false}","1","0","300000","디럭스 트윈","전체 가상 시뮬레이션"
"R0042_3","H0042","4","4","{""bed_type"":""킹베드 1개"",""view_type"":""파노라마뷰"",""size_sqm"":42,""breakfast"":false,""spa"":false,""pool"":false,""balcony"":false,""bathtub"":false,""pet_friendly"":false,""smoking"":false}","1","1","325000","프리미엄 스위트","전체 가상 시뮬레이션"
"R0043_1","H0043","2","3","{""bed_type"":""퀸베드 1개"",""view_type"":""시티뷰"",""size_sqm"":24,""breakfast"":true,""spa"":true,""pool"":false,""balcony"":true,""bathtub"":true,""pet_friendly"":true,""smoking"":true}","1","0","280000","스탠다드 더블","전체 가상 시뮬레이션"
"R0043_2","H0043","3","4","{""bed_type"":""싱글베드 2개"",""view_type"":""가든뷰"",""size_sqm"":33,""breakfast"":false,""spa"":false,""pool"":false,""balcony"":false,""bathtub"":false,""pet_friendly"":false,""smoking"":false}","1","1","305000","디럭스 트윈","전체 가상 시뮬레이션"
"R0043_3","H0043","4","1","{""bed_type"":""킹베드 1개"",""view_type"":""파노라마뷰"",""size_sqm"":42,""breakfast"":true,""spa"":false,""pool"":true,""balcony"":false,""bathtub"":false,""pet_friendly"":false,""smoking"":false}","0","1","330000","프리미엄 스위트","전체 가상 시뮬레이션"
"R0044_1","H0044","2","4","{""bed_type"":""퀸베드 1개"",""view_type"":""시티뷰"",""size_sqm"":24,""breakfast"":false,""spa"":false,""pool"":false,""balcony"":false,""bathtub"":false,""pet_friendly"":false,""smoking"":true}","1","1","285000","스탠다드 더블","전체 가상 시뮬레이션"
"R0044_2","H0044","3","1","{""bed_type"":""싱글베드 2개"",""view_type"":""가든뷰"",""size_sqm"":33,""breakfast"":true,""spa"":false,""pool"":true,""balcony"":false,""bathtub"":false,""pet_friendly"":false,""smoking"":false}","0","1","310000","디럭스 트윈","전체 가상 시뮬레이션"
"R0044_3","H0044","4","2","{""bed_type"":""킹베드 1개"",""view_type"":""파노라마뷰"",""size_sqm"":42,""breakfast"":false,""spa"":true,""pool"":false,""balcony"":true,""bathtub"":true,""pet_friendly"":false,""smoking"":false}","1","0","335000","프리미엄 스위트","전체 가상 시뮬레이션"
"R0045_1","H0045","2","1","{""bed_type"":""퀸베드 1개"",""view_type"":""시티뷰"",""size_sqm"":24,""breakfast"":true,""spa"":false,""pool"":true,""balcony"":false,""bathtub"":false,""pet_friendly"":false,""smoking"":true}","0","1","290000","스탠다드 더블","전체 가상 시뮬레이션"
"R0045_2","H0045","3","2","{""bed_type"":""싱글베드 2개"",""view_type"":""가든뷰"",""size_sqm"":33,""breakfast"":false,""spa"":true,""pool"":false,""balcony"":true,""bathtub"":true,""pet_friendly"":false,""smoking"":false}","1","0","315000","디럭스 트윈","전체 가상 시뮬레이션"
"R0045_3","H0045","4","3","{""bed_type"":""킹베드 1개"",""view_type"":""파노라마뷰"",""size_sqm"":42,""breakfast"":true,""spa"":false,""pool"":false,""balcony"":false,""bathtub"":false,""pet_friendly"":false,""smoking"":false}","1","1","340000","프리미엄 스위트","전체 가상 시뮬레이션"
"R0046_1","H0046","2","2","{""bed_type"":""퀸베드 1개"",""view_type"":""시티뷰"",""size_sqm"":24,""breakfast"":false,""spa"":true,""pool"":false,""balcony"":true,""bathtub"":true,""pet_friendly"":false,""smoking"":true}","1","0","295000","스탠다드 더블","전체 가상 시뮬레이션"
"R0046_2","H0046","3","3","{""bed_type"":""싱글베드 2개"",""view_type"":""가든뷰"",""size_sqm"":33,""breakfast"":true,""spa"":false,""pool"":false,""balcony"":false,""bathtub"":false,""pet_friendly"":false,""smoking"":false}","1","1","320000","디럭스 트윈","전체 가상 시뮬레이션"
"R0046_3","H0046","4","4","{""bed_type"":""킹베드 1개"",""view_type"":""파노라마뷰"",""size_sqm"":42,""breakfast"":false,""spa"":false,""pool"":false,""balcony"":false,""bathtub"":false,""pet_friendly"":false,""smoking"":false}","1","1","345000","프리미엄 스위트","전체 가상 시뮬레이션"
"R0047_1","H0047","2","3","{""bed_type"":""퀸베드 1개"",""view_type"":""시티뷰"",""size_sqm"":24,""breakfast"":true,""spa"":false,""pool"":false,""balcony"":false,""bathtub"":false,""pet_friendly"":false,""smoking"":true}","1","1","300000","스탠다드 더블","전체 가상 시뮬레이션"
"R0047_2","H0047","3","4","{""bed_type"":""싱글베드 2개"",""view_type"":""가든뷰"",""size_sqm"":33,""breakfast"":false,""spa"":false,""pool"":false,""balcony"":false,""bathtub"":false,""pet_friendly"":false,""smoking"":false}","1","1","325000","디럭스 트윈","전체 가상 시뮬레이션"
"R0047_3","H0047","4","1","{""bed_type"":""킹베드 1개"",""view_type"":""파노라마뷰"",""size_sqm"":42,""breakfast"":true,""spa"":true,""pool"":true,""balcony"":true,""bathtub"":true,""pet_friendly"":false,""smoking"":false}","0","0","350000","프리미엄 스위트","전체 가상 시뮬레이션"
"R0048_1","H0048","2","4","{""bed_type"":""퀸베드 1개"",""view_type"":""시티뷰"",""size_sqm"":24,""breakfast"":false,""spa"":false,""pool"":false,""balcony"":false,""bathtub"":false,""pet_friendly"":false,""smoking"":true}","1","1","305000","스탠다드 더블","전체 가상 시뮬레이션"
"R0048_2","H0048","3","1","{""bed_type"":""싱글베드 2개"",""view_type"":""가든뷰"",""size_sqm"":33,""breakfast"":true,""spa"":true,""pool"":true,""balcony"":true,""bathtub"":true,""pet_friendly"":false,""smoking"":false}","0","0","330000","디럭스 트윈","전체 가상 시뮬레이션"
"R0048_3","H0048","4","2","{""bed_type"":""킹베드 1개"",""view_type"":""파노라마뷰"",""size_sqm"":42,""breakfast"":false,""spa"":false,""pool"":false,""balcony"":false,""bathtub"":false,""pet_friendly"":true,""smoking"":false}","1","1","355000","프리미엄 스위트","전체 가상 시뮬레이션"
"R0049_1","H0049","2","1","{""bed_type"":""퀸베드 1개"",""view_type"":""시티뷰"",""size_sqm"":24,""breakfast"":true,""spa"":true,""pool"":true,""balcony"":true,""bathtub"":true,""pet_friendly"":false,""smoking"":true}","0","0","70000","스탠다드 더블","전체 가상 시뮬레이션"
"R0049_2","H0049","3","2","{""bed_type"":""싱글베드 2개"",""view_type"":""가든뷰"",""size_sqm"":33,""breakfast"":false,""spa"":false,""pool"":false,""balcony"":false,""bathtub"":false,""pet_friendly"":true,""smoking"":false}","1","1","95000","디럭스 트윈","전체 가상 시뮬레이션"
"R0049_3","H0049","4","3","{""bed_type"":""킹베드 1개"",""view_type"":""파노라마뷰"",""size_sqm"":42,""breakfast"":true,""spa"":false,""pool"":false,""balcony"":false,""bathtub"":false,""pet_friendly"":false,""smoking"":false}","1","1","120000","프리미엄 스위트","전체 가상 시뮬레이션"
"R0050_1","H0050","2","2","{""bed_type"":""퀸베드 1개"",""view_type"":""시티뷰"",""size_sqm"":24,""breakfast"":false,""spa"":false,""pool"":false,""balcony"":false,""bathtub"":false,""pet_friendly"":true,""smoking"":true}","1","1","75000","스탠다드 더블","전체 가상 시뮬레이션"
"R0050_2","H0050","3","3","{""bed_type"":""싱글베드 2개"",""view_type"":""가든뷰"",""size_sqm"":33,""breakfast"":true,""spa"":false,""pool"":false,""balcony"":false,""bathtub"":false,""pet_friendly"":false,""smoking"":false}","1","1","100000","디럭스 트윈","전체 가상 시뮬레이션"
"R0050_3","H0050","4","4","{""bed_type"":""킹베드 1개"",""view_type"":""파노라마뷰"",""size_sqm"":42,""breakfast"":false,""spa"":true,""pool"":false,""balcony"":true,""bathtub"":true,""pet_friendly"":false,""smoking"":false}","1","0","125000","프리미엄 스위트","전체 가상 시뮬레이션"
"R0051_1","H0051","2","3","{""bed_type"":""퀸베드 1개"",""view_type"":""시티뷰"",""size_sqm"":24,""breakfast"":true,""spa"":false,""pool"":false,""balcony"":false,""bathtub"":false,""pet_friendly"":false,""smoking"":true}","1","1","80000","스탠다드 더블","전체 가상 시뮬레이션"
"R0051_2","H0051","3","4","{""bed_type"":""싱글베드 2개"",""view_type"":""가든뷰"",""size_sqm"":33,""breakfast"":false,""spa"":true,""pool"":false,""balcony"":true,""bathtub"":true,""pet_friendly"":false,""smoking"":false}","1","0","105000","디럭스 트윈","전체 가상 시뮬레이션"
"R0051_3","H0051","4","1","{""bed_type"":""킹베드 1개"",""view_type"":""파노라마뷰"",""size_sqm"":42,""breakfast"":true,""spa"":false,""pool"":true,""balcony"":false,""bathtub"":false,""pet_friendly"":false,""smoking"":false}","0","1","130000","프리미엄 스위트","전체 가상 시뮬레이션"
"R0052_1","H0052","2","4","{""bed_type"":""퀸베드 1개"",""view_type"":""시티뷰"",""size_sqm"":24,""breakfast"":false,""spa"":true,""pool"":false,""balcony"":true,""bathtub"":true,""pet_friendly"":false,""smoking"":true}","1","0","85000","스탠다드 더블","전체 가상 시뮬레이션"
"R0052_2","H0052","3","1","{""bed_type"":""싱글베드 2개"",""view_type"":""가든뷰"",""size_sqm"":33,""breakfast"":true,""spa"":false,""pool"":true,""balcony"":false,""bathtub"":false,""pet_friendly"":false,""smoking"":false}","0","1","110000","디럭스 트윈","전체 가상 시뮬레이션"
"R0052_3","H0052","4","2","{""bed_type"":""킹베드 1개"",""view_type"":""파노라마뷰"",""size_sqm"":42,""breakfast"":false,""spa"":false,""pool"":false,""balcony"":false,""bathtub"":false,""pet_friendly"":false,""smoking"":false}","1","1","135000","프리미엄 스위트","전체 가상 시뮬레이션"
"R0053_1","H0053","2","1","{""bed_type"":""퀸베드 1개"",""view_type"":""시티뷰"",""size_sqm"":24,""breakfast"":true,""spa"":false,""pool"":true,""balcony"":false,""bathtub"":false,""pet_friendly"":false,""smoking"":true}","0","1","90000","스탠다드 더블","전체 가상 시뮬레이션"
"R0053_2","H0053","3","2","{""bed_type"":""싱글베드 2개"",""view_type"":""가든뷰"",""size_sqm"":33,""breakfast"":false,""spa"":false,""pool"":false,""balcony"":false,""bathtub"":false,""pet_friendly"":false,""smoking"":false}","1","1","115000","디럭스 트윈","전체 가상 시뮬레이션"
"R0053_3","H0053","4","3","{""bed_type"":""킹베드 1개"",""view_type"":""파노라마뷰"",""size_sqm"":42,""breakfast"":true,""spa"":true,""pool"":false,""balcony"":true,""bathtub"":true,""pet_friendly"":false,""smoking"":false}","1","0","140000","프리미엄 스위트","전체 가상 시뮬레이션"
"R0054_1","H0054","2","2","{""bed_type"":""퀸베드 1개"",""view_type"":""시티뷰"",""size_sqm"":24,""breakfast"":false,""spa"":false,""pool"":false,""balcony"":false,""bathtub"":false,""pet_friendly"":false,""smoking"":true}","1","1","95000","스탠다드 더블","전체 가상 시뮬레이션"
"R0054_2","H0054","3","3","{""bed_type"":""싱글베드 2개"",""view_type"":""가든뷰"",""size_sqm"":33,""breakfast"":true,""spa"":true,""pool"":false,""balcony"":true,""bathtub"":true,""pet_friendly"":false,""smoking"":false}","1","0","120000","디럭스 트윈","전체 가상 시뮬레이션"
"R0054_3","H0054","4","4","{""bed_type"":""킹베드 1개"",""view_type"":""파노라마뷰"",""size_sqm"":42,""breakfast"":false,""spa"":false,""pool"":false,""balcony"":false,""bathtub"":false,""pet_friendly"":false,""smoking"":false}","1","1","145000","프리미엄 스위트","전체 가상 시뮬레이션"
"R0055_1","H0055","2","3","{""bed_type"":""퀸베드 1개"",""view_type"":""시티뷰"",""size_sqm"":24,""breakfast"":true,""spa"":true,""pool"":false,""balcony"":true,""bathtub"":true,""pet_friendly"":false,""smoking"":true}","1","0","100000","스탠다드 더블","전체 가상 시뮬레이션"
"R0055_2","H0055","3","4","{""bed_type"":""싱글베드 2개"",""view_type"":""가든뷰"",""size_sqm"":33,""breakfast"":false,""spa"":false,""pool"":false,""balcony"":false,""bathtub"":false,""pet_friendly"":false,""smoking"":false}","1","1","125000","디럭스 트윈","전체 가상 시뮬레이션"
"R0055_3","H0055","4","1","{""bed_type"":""킹베드 1개"",""view_type"":""파노라마뷰"",""size_sqm"":42,""breakfast"":true,""spa"":false,""pool"":true,""balcony"":false,""bathtub"":false,""pet_friendly"":true,""smoking"":false}","0","1","150000","프리미엄 스위트","전체 가상 시뮬레이션"
"R0056_1","H0056","2","4","{""bed_type"":""퀸베드 1개"",""view_type"":""시티뷰"",""size_sqm"":24,""breakfast"":false,""spa"":false,""pool"":false,""balcony"":false,""bathtub"":false,""pet_friendly"":false,""smoking"":true}","1","1","105000","스탠다드 더블","전체 가상 시뮬레이션"
"R0056_2","H0056","3","1","{""bed_type"":""싱글베드 2개"",""view_type"":""가든뷰"",""size_sqm"":33,""breakfast"":true,""spa"":false,""pool"":true,""balcony"":false,""bathtub"":false,""pet_friendly"":true,""smoking"":false}","0","1","130000","디럭스 트윈","전체 가상 시뮬레이션"
"R0056_3","H0056","4","2","{""bed_type"":""킹베드 1개"",""view_type"":""파노라마뷰"",""size_sqm"":42,""breakfast"":false,""spa"":true,""pool"":false,""balcony"":true,""bathtub"":true,""pet_friendly"":false,""smoking"":false}","1","0","155000","프리미엄 스위트","전체 가상 시뮬레이션"
"R0057_1","H0057","2","1","{""bed_type"":""퀸베드 1개"",""view_type"":""시티뷰"",""size_sqm"":24,""breakfast"":true,""spa"":false,""pool"":true,""balcony"":false,""bathtub"":false,""pet_friendly"":true,""smoking"":true}","0","1","110000","스탠다드 더블","전체 가상 시뮬레이션"
"R0057_2","H0057","3","2","{""bed_type"":""싱글베드 2개"",""view_type"":""가든뷰"",""size_sqm"":33,""breakfast"":false,""spa"":true,""pool"":false,""balcony"":true,""bathtub"":true,""pet_friendly"":false,""smoking"":false}","1","0","135000","디럭스 트윈","전체 가상 시뮬레이션"
"R0057_3","H0057","4","3","{""bed_type"":""킹베드 1개"",""view_type"":""파노라마뷰"",""size_sqm"":42,""breakfast"":true,""spa"":false,""pool"":false,""balcony"":false,""bathtub"":false,""pet_friendly"":false,""smoking"":false}","1","1","160000","프리미엄 스위트","전체 가상 시뮬레이션"
"R0058_1","H0058","2","2","{""bed_type"":""퀸베드 1개"",""view_type"":""시티뷰"",""size_sqm"":24,""breakfast"":false,""spa"":true,""pool"":false,""balcony"":true,""bathtub"":true,""pet_friendly"":false,""smoking"":true}","1","0","115000","스탠다드 더블","전체 가상 시뮬레이션"
"R0058_2","H0058","3","3","{""bed_type"":""싱글베드 2개"",""view_type"":""가든뷰"",""size_sqm"":33,""breakfast"":true,""spa"":false,""pool"":false,""balcony"":false,""bathtub"":false,""pet_friendly"":false,""smoking"":false}","1","1","140000","디럭스 트윈","전체 가상 시뮬레이션"
"R0058_3","H0058","4","4","{""bed_type"":""킹베드 1개"",""view_type"":""파노라마뷰"",""size_sqm"":42,""breakfast"":false,""spa"":false,""pool"":false,""balcony"":false,""bathtub"":false,""pet_friendly"":false,""smoking"":false}","1","1","165000","프리미엄 스위트","전체 가상 시뮬레이션"
"R0059_1","H0059","2","3","{""bed_type"":""퀸베드 1개"",""view_type"":""시티뷰"",""size_sqm"":24,""breakfast"":true,""spa"":false,""pool"":false,""balcony"":false,""bathtub"":false,""pet_friendly"":false,""smoking"":true}","1","1","120000","스탠다드 더블","전체 가상 시뮬레이션"
"R0059_2","H0059","3","4","{""bed_type"":""싱글베드 2개"",""view_type"":""가든뷰"",""size_sqm"":33,""breakfast"":false,""spa"":false,""pool"":false,""balcony"":false,""bathtub"":false,""pet_friendly"":false,""smoking"":false}","1","1","145000","디럭스 트윈","전체 가상 시뮬레이션"
"R0059_3","H0059","4","1","{""bed_type"":""킹베드 1개"",""view_type"":""파노라마뷰"",""size_sqm"":42,""breakfast"":true,""spa"":true,""pool"":true,""balcony"":true,""bathtub"":true,""pet_friendly"":false,""smoking"":false}","0","0","170000","프리미엄 스위트","전체 가상 시뮬레이션"
"R0060_1","H0060","2","4","{""bed_type"":""퀸베드 1개"",""view_type"":""시티뷰"",""size_sqm"":24,""breakfast"":false,""spa"":false,""pool"":false,""balcony"":false,""bathtub"":false,""pet_friendly"":false,""smoking"":true}","1","1","125000","스탠다드 더블","전체 가상 시뮬레이션"
"R0060_2","H0060","3","1","{""bed_type"":""싱글베드 2개"",""view_type"":""가든뷰"",""size_sqm"":33,""breakfast"":true,""spa"":true,""pool"":true,""balcony"":true,""bathtub"":true,""pet_friendly"":false,""smoking"":false}","0","0","150000","디럭스 트윈","전체 가상 시뮬레이션"
"R0060_3","H0060","4","2","{""bed_type"":""킹베드 1개"",""view_type"":""파노라마뷰"",""size_sqm"":42,""breakfast"":false,""spa"":false,""pool"":false,""balcony"":false,""bathtub"":false,""pet_friendly"":false,""smoking"":false}","1","1","175000","프리미엄 스위트","전체 가상 시뮬레이션"
"R0061_1","H0061","2","1","{""bed_type"":""퀸베드 1개"",""view_type"":""시티뷰"",""size_sqm"":24,""breakfast"":true,""spa"":true,""pool"":true,""balcony"":true,""bathtub"":true,""pet_friendly"":false,""smoking"":true}","0","0","130000","스탠다드 더블","전체 가상 시뮬레이션"
"R0061_2","H0061","3","2","{""bed_type"":""싱글베드 2개"",""view_type"":""가든뷰"",""size_sqm"":33,""breakfast"":false,""spa"":false,""pool"":false,""balcony"":false,""bathtub"":false,""pet_friendly"":false,""smoking"":false}","1","1","155000","디럭스 트윈","전체 가상 시뮬레이션"
"R0061_3","H0061","4","3","{""bed_type"":""킹베드 1개"",""view_type"":""파노라마뷰"",""size_sqm"":42,""breakfast"":true,""spa"":false,""pool"":false,""balcony"":false,""bathtub"":false,""pet_friendly"":false,""smoking"":false}","1","1","180000","프리미엄 스위트","전체 가상 시뮬레이션"
"R0062_1","H0062","2","2","{""bed_type"":""퀸베드 1개"",""view_type"":""시티뷰"",""size_sqm"":24,""breakfast"":false,""spa"":false,""pool"":false,""balcony"":false,""bathtub"":false,""pet_friendly"":false,""smoking"":true}","1","1","135000","스탠다드 더블","전체 가상 시뮬레이션"
"R0062_2","H0062","3","3","{""bed_type"":""싱글베드 2개"",""view_type"":""가든뷰"",""size_sqm"":33,""breakfast"":true,""spa"":false,""pool"":false,""balcony"":false,""bathtub"":false,""pet_friendly"":false,""smoking"":false}","1","1","160000","디럭스 트윈","전체 가상 시뮬레이션"
"R0062_3","H0062","4","4","{""bed_type"":""킹베드 1개"",""view_type"":""파노라마뷰"",""size_sqm"":42,""breakfast"":false,""spa"":true,""pool"":false,""balcony"":true,""bathtub"":true,""pet_friendly"":true,""smoking"":false}","1","0","185000","프리미엄 스위트","전체 가상 시뮬레이션"
"R0063_1","H0063","2","3","{""bed_type"":""퀸베드 1개"",""view_type"":""시티뷰"",""size_sqm"":24,""breakfast"":true,""spa"":false,""pool"":false,""balcony"":false,""bathtub"":false,""pet_friendly"":false,""smoking"":true}","1","1","140000","스탠다드 더블","전체 가상 시뮬레이션"
"R0063_2","H0063","3","4","{""bed_type"":""싱글베드 2개"",""view_type"":""가든뷰"",""size_sqm"":33,""breakfast"":false,""spa"":true,""pool"":false,""balcony"":true,""bathtub"":true,""pet_friendly"":true,""smoking"":false}","1","0","165000","디럭스 트윈","전체 가상 시뮬레이션"
"R0063_3","H0063","4","1","{""bed_type"":""킹베드 1개"",""view_type"":""파노라마뷰"",""size_sqm"":42,""breakfast"":true,""spa"":false,""pool"":true,""balcony"":false,""bathtub"":false,""pet_friendly"":false,""smoking"":false}","0","1","190000","프리미엄 스위트","전체 가상 시뮬레이션"
"R0064_1","H0064","2","4","{""bed_type"":""퀸베드 1개"",""view_type"":""시티뷰"",""size_sqm"":24,""breakfast"":false,""spa"":true,""pool"":false,""balcony"":true,""bathtub"":true,""pet_friendly"":true,""smoking"":true}","1","0","145000","스탠다드 더블","전체 가상 시뮬레이션"
"R0064_2","H0064","3","1","{""bed_type"":""싱글베드 2개"",""view_type"":""가든뷰"",""size_sqm"":33,""breakfast"":true,""spa"":false,""pool"":true,""balcony"":false,""bathtub"":false,""pet_friendly"":false,""smoking"":false}","0","1","170000","디럭스 트윈","전체 가상 시뮬레이션"
"R0064_3","H0064","4","2","{""bed_type"":""킹베드 1개"",""view_type"":""파노라마뷰"",""size_sqm"":42,""breakfast"":false,""spa"":false,""pool"":false,""balcony"":false,""bathtub"":false,""pet_friendly"":false,""smoking"":false}","1","1","195000","프리미엄 스위트","전체 가상 시뮬레이션"
"R0065_1","H0065","2","1","{""bed_type"":""퀸베드 1개"",""view_type"":""시티뷰"",""size_sqm"":24,""breakfast"":true,""spa"":false,""pool"":true,""balcony"":false,""bathtub"":false,""pet_friendly"":false,""smoking"":true}","0","1","150000","스탠다드 더블","전체 가상 시뮬레이션"
"R0065_2","H0065","3","2","{""bed_type"":""싱글베드 2개"",""view_type"":""가든뷰"",""size_sqm"":33,""breakfast"":false,""spa"":false,""pool"":false,""balcony"":false,""bathtub"":false,""pet_friendly"":false,""smoking"":false}","1","1","175000","디럭스 트윈","전체 가상 시뮬레이션"
"R0065_3","H0065","4","3","{""bed_type"":""킹베드 1개"",""view_type"":""파노라마뷰"",""size_sqm"":42,""breakfast"":true,""spa"":true,""pool"":false,""balcony"":true,""bathtub"":true,""pet_friendly"":false,""smoking"":false}","1","0","200000","프리미엄 스위트","전체 가상 시뮬레이션"
"R0066_1","H0066","2","2","{""bed_type"":""퀸베드 1개"",""view_type"":""시티뷰"",""size_sqm"":24,""breakfast"":false,""spa"":false,""pool"":false,""balcony"":false,""bathtub"":false,""pet_friendly"":false,""smoking"":true}","1","1","155000","스탠다드 더블","전체 가상 시뮬레이션"
"R0066_2","H0066","3","3","{""bed_type"":""싱글베드 2개"",""view_type"":""가든뷰"",""size_sqm"":33,""breakfast"":true,""spa"":true,""pool"":false,""balcony"":true,""bathtub"":true,""pet_friendly"":false,""smoking"":false}","1","0","180000","디럭스 트윈","전체 가상 시뮬레이션"
"R0066_3","H0066","4","4","{""bed_type"":""킹베드 1개"",""view_type"":""파노라마뷰"",""size_sqm"":42,""breakfast"":false,""spa"":false,""pool"":false,""balcony"":false,""bathtub"":false,""pet_friendly"":false,""smoking"":false}","1","1","205000","프리미엄 스위트","전체 가상 시뮬레이션"
"R0067_1","H0067","2","3","{""bed_type"":""퀸베드 1개"",""view_type"":""시티뷰"",""size_sqm"":24,""breakfast"":true,""spa"":true,""pool"":false,""balcony"":true,""bathtub"":true,""pet_friendly"":false,""smoking"":true}","1","0","160000","스탠다드 더블","전체 가상 시뮬레이션"
"R0067_2","H0067","3","4","{""bed_type"":""싱글베드 2개"",""view_type"":""가든뷰"",""size_sqm"":33,""breakfast"":false,""spa"":false,""pool"":false,""balcony"":false,""bathtub"":false,""pet_friendly"":false,""smoking"":false}","1","1","185000","디럭스 트윈","전체 가상 시뮬레이션"
"R0067_3","H0067","4","1","{""bed_type"":""킹베드 1개"",""view_type"":""파노라마뷰"",""size_sqm"":42,""breakfast"":true,""spa"":false,""pool"":true,""balcony"":false,""bathtub"":false,""pet_friendly"":false,""smoking"":false}","0","1","210000","프리미엄 스위트","전체 가상 시뮬레이션"
"R0068_1","H0068","2","4","{""bed_type"":""퀸베드 1개"",""view_type"":""시티뷰"",""size_sqm"":24,""breakfast"":false,""spa"":false,""pool"":false,""balcony"":false,""bathtub"":false,""pet_friendly"":false,""smoking"":true}","1","1","165000","스탠다드 더블","전체 가상 시뮬레이션"
"R0068_2","H0068","3","1","{""bed_type"":""싱글베드 2개"",""view_type"":""가든뷰"",""size_sqm"":33,""breakfast"":true,""spa"":false,""pool"":true,""balcony"":false,""bathtub"":false,""pet_friendly"":false,""smoking"":false}","0","1","190000","디럭스 트윈","전체 가상 시뮬레이션"
"R0068_3","H0068","4","2","{""bed_type"":""킹베드 1개"",""view_type"":""파노라마뷰"",""size_sqm"":42,""breakfast"":false,""spa"":true,""pool"":false,""balcony"":true,""bathtub"":true,""pet_friendly"":false,""smoking"":false}","1","0","215000","프리미엄 스위트","전체 가상 시뮬레이션"
"R0069_1","H0069","2","1","{""bed_type"":""퀸베드 1개"",""view_type"":""시티뷰"",""size_sqm"":24,""breakfast"":true,""spa"":false,""pool"":true,""balcony"":false,""bathtub"":false,""pet_friendly"":false,""smoking"":true}","0","1","170000","스탠다드 더블","전체 가상 시뮬레이션"
"R0069_2","H0069","3","2","{""bed_type"":""싱글베드 2개"",""view_type"":""가든뷰"",""size_sqm"":33,""breakfast"":false,""spa"":true,""pool"":false,""balcony"":true,""bathtub"":true,""pet_friendly"":false,""smoking"":false}","1","0","195000","디럭스 트윈","전체 가상 시뮬레이션"
"R0069_3","H0069","4","3","{""bed_type"":""킹베드 1개"",""view_type"":""파노라마뷰"",""size_sqm"":42,""breakfast"":true,""spa"":false,""pool"":false,""balcony"":false,""bathtub"":false,""pet_friendly"":true,""smoking"":false}","1","1","220000","프리미엄 스위트","전체 가상 시뮬레이션"
"R0070_1","H0070","2","2","{""bed_type"":""퀸베드 1개"",""view_type"":""시티뷰"",""size_sqm"":24,""breakfast"":false,""spa"":true,""pool"":false,""balcony"":true,""bathtub"":true,""pet_friendly"":false,""smoking"":true}","1","0","175000","스탠다드 더블","전체 가상 시뮬레이션"
"R0070_2","H0070","3","3","{""bed_type"":""싱글베드 2개"",""view_type"":""가든뷰"",""size_sqm"":33,""breakfast"":true,""spa"":false,""pool"":false,""balcony"":false,""bathtub"":false,""pet_friendly"":true,""smoking"":false}","1","1","200000","디럭스 트윈","전체 가상 시뮬레이션"
"R0070_3","H0070","4","4","{""bed_type"":""킹베드 1개"",""view_type"":""파노라마뷰"",""size_sqm"":42,""breakfast"":false,""spa"":false,""pool"":false,""balcony"":false,""bathtub"":false,""pet_friendly"":false,""smoking"":false}","1","1","225000","프리미엄 스위트","전체 가상 시뮬레이션"
"R0071_1","H0071","2","3","{""bed_type"":""퀸베드 1개"",""view_type"":""시티뷰"",""size_sqm"":24,""breakfast"":true,""spa"":false,""pool"":false,""balcony"":false,""bathtub"":false,""pet_friendly"":true,""smoking"":true}","1","1","180000","스탠다드 더블","전체 가상 시뮬레이션"
"R0071_2","H0071","3","4","{""bed_type"":""싱글베드 2개"",""view_type"":""가든뷰"",""size_sqm"":33,""breakfast"":false,""spa"":false,""pool"":false,""balcony"":false,""bathtub"":false,""pet_friendly"":false,""smoking"":false}","1","1","205000","디럭스 트윈","전체 가상 시뮬레이션"
"R0071_3","H0071","4","1","{""bed_type"":""킹베드 1개"",""view_type"":""파노라마뷰"",""size_sqm"":42,""breakfast"":true,""spa"":true,""pool"":true,""balcony"":true,""bathtub"":true,""pet_friendly"":false,""smoking"":false}","0","0","230000","프리미엄 스위트","전체 가상 시뮬레이션"
"R0072_1","H0072","2","4","{""bed_type"":""퀸베드 1개"",""view_type"":""시티뷰"",""size_sqm"":24,""breakfast"":false,""spa"":false,""pool"":false,""balcony"":false,""bathtub"":false,""pet_friendly"":false,""smoking"":true}","1","1","185000","스탠다드 더블","전체 가상 시뮬레이션"
"R0072_2","H0072","3","1","{""bed_type"":""싱글베드 2개"",""view_type"":""가든뷰"",""size_sqm"":33,""breakfast"":true,""spa"":true,""pool"":true,""balcony"":true,""bathtub"":true,""pet_friendly"":false,""smoking"":false}","0","0","210000","디럭스 트윈","전체 가상 시뮬레이션"
"R0072_3","H0072","4","2","{""bed_type"":""킹베드 1개"",""view_type"":""파노라마뷰"",""size_sqm"":42,""breakfast"":false,""spa"":false,""pool"":false,""balcony"":false,""bathtub"":false,""pet_friendly"":false,""smoking"":false}","1","1","235000","프리미엄 스위트","전체 가상 시뮬레이션"
"R0073_1","H0073","2","1","{""bed_type"":""퀸베드 1개"",""view_type"":""시티뷰"",""size_sqm"":24,""breakfast"":true,""spa"":true,""pool"":true,""balcony"":true,""bathtub"":true,""pet_friendly"":false,""smoking"":true}","0","0","190000","스탠다드 더블","전체 가상 시뮬레이션"
"R0073_2","H0073","3","2","{""bed_type"":""싱글베드 2개"",""view_type"":""가든뷰"",""size_sqm"":33,""breakfast"":false,""spa"":false,""pool"":false,""balcony"":false,""bathtub"":false,""pet_friendly"":false,""smoking"":false}","1","1","215000","디럭스 트윈","전체 가상 시뮬레이션"
"R0073_3","H0073","4","3","{""bed_type"":""킹베드 1개"",""view_type"":""파노라마뷰"",""size_sqm"":42,""breakfast"":true,""spa"":false,""pool"":false,""balcony"":false,""bathtub"":false,""pet_friendly"":false,""smoking"":false}","1","1","240000","프리미엄 스위트","전체 가상 시뮬레이션"
"R0074_1","H0074","2","2","{""bed_type"":""퀸베드 1개"",""view_type"":""시티뷰"",""size_sqm"":24,""breakfast"":false,""spa"":false,""pool"":false,""balcony"":false,""bathtub"":false,""pet_friendly"":false,""smoking"":true}","1","1","195000","스탠다드 더블","전체 가상 시뮬레이션"
"R0074_2","H0074","3","3","{""bed_type"":""싱글베드 2개"",""view_type"":""가든뷰"",""size_sqm"":33,""breakfast"":true,""spa"":false,""pool"":false,""balcony"":false,""bathtub"":false,""pet_friendly"":false,""smoking"":false}","1","1","220000","디럭스 트윈","전체 가상 시뮬레이션"
"R0074_3","H0074","4","4","{""bed_type"":""킹베드 1개"",""view_type"":""파노라마뷰"",""size_sqm"":42,""breakfast"":false,""spa"":true,""pool"":false,""balcony"":true,""bathtub"":true,""pet_friendly"":false,""smoking"":false}","1","0","245000","프리미엄 스위트","전체 가상 시뮬레이션"
"R0075_1","H0075","2","3","{""bed_type"":""퀸베드 1개"",""view_type"":""시티뷰"",""size_sqm"":24,""breakfast"":true,""spa"":false,""pool"":false,""balcony"":false,""bathtub"":false,""pet_friendly"":false,""smoking"":true}","1","1","200000","스탠다드 더블","전체 가상 시뮬레이션"
"R0075_2","H0075","3","4","{""bed_type"":""싱글베드 2개"",""view_type"":""가든뷰"",""size_sqm"":33,""breakfast"":false,""spa"":true,""pool"":false,""balcony"":true,""bathtub"":true,""pet_friendly"":false,""smoking"":false}","1","0","225000","디럭스 트윈","전체 가상 시뮬레이션"
"R0075_3","H0075","4","1","{""bed_type"":""킹베드 1개"",""view_type"":""파노라마뷰"",""size_sqm"":42,""breakfast"":true,""spa"":false,""pool"":true,""balcony"":false,""bathtub"":false,""pet_friendly"":false,""smoking"":false}","0","1","250000","프리미엄 스위트","전체 가상 시뮬레이션"
"R0076_1","H0076","2","4","{""bed_type"":""퀸베드 1개"",""view_type"":""시티뷰"",""size_sqm"":24,""breakfast"":false,""spa"":true,""pool"":false,""balcony"":true,""bathtub"":true,""pet_friendly"":false,""smoking"":true}","1","0","205000","스탠다드 더블","전체 가상 시뮬레이션"
"R0076_2","H0076","3","1","{""bed_type"":""싱글베드 2개"",""view_type"":""가든뷰"",""size_sqm"":33,""breakfast"":true,""spa"":false,""pool"":true,""balcony"":false,""bathtub"":false,""pet_friendly"":false,""smoking"":false}","0","1","230000","디럭스 트윈","전체 가상 시뮬레이션"
"R0076_3","H0076","4","2","{""bed_type"":""킹베드 1개"",""view_type"":""파노라마뷰"",""size_sqm"":42,""breakfast"":false,""spa"":false,""pool"":false,""balcony"":false,""bathtub"":false,""pet_friendly"":true,""smoking"":false}","1","1","255000","프리미엄 스위트","전체 가상 시뮬레이션"
"R0077_1","H0077","2","1","{""bed_type"":""퀸베드 1개"",""view_type"":""시티뷰"",""size_sqm"":24,""breakfast"":true,""spa"":false,""pool"":true,""balcony"":false,""bathtub"":false,""pet_friendly"":false,""smoking"":true}","0","1","210000","스탠다드 더블","전체 가상 시뮬레이션"
"R0077_2","H0077","3","2","{""bed_type"":""싱글베드 2개"",""view_type"":""가든뷰"",""size_sqm"":33,""breakfast"":false,""spa"":false,""pool"":false,""balcony"":false,""bathtub"":false,""pet_friendly"":true,""smoking"":false}","1","1","235000","디럭스 트윈","전체 가상 시뮬레이션"
"R0077_3","H0077","4","3","{""bed_type"":""킹베드 1개"",""view_type"":""파노라마뷰"",""size_sqm"":42,""breakfast"":true,""spa"":true,""pool"":false,""balcony"":true,""bathtub"":true,""pet_friendly"":false,""smoking"":false}","1","0","260000","프리미엄 스위트","전체 가상 시뮬레이션"
"R0078_1","H0078","2","2","{""bed_type"":""퀸베드 1개"",""view_type"":""시티뷰"",""size_sqm"":24,""breakfast"":false,""spa"":false,""pool"":false,""balcony"":false,""bathtub"":false,""pet_friendly"":true,""smoking"":true}","1","1","215000","스탠다드 더블","전체 가상 시뮬레이션"
"R0078_2","H0078","3","3","{""bed_type"":""싱글베드 2개"",""view_type"":""가든뷰"",""size_sqm"":33,""breakfast"":true,""spa"":true,""pool"":false,""balcony"":true,""bathtub"":true,""pet_friendly"":false,""smoking"":false}","1","0","240000","디럭스 트윈","전체 가상 시뮬레이션"
"R0078_3","H0078","4","4","{""bed_type"":""킹베드 1개"",""view_type"":""파노라마뷰"",""size_sqm"":42,""breakfast"":false,""spa"":false,""pool"":false,""balcony"":false,""bathtub"":false,""pet_friendly"":false,""smoking"":false}","1","1","265000","프리미엄 스위트","전체 가상 시뮬레이션"
"R0079_1","H0079","2","3","{""bed_type"":""퀸베드 1개"",""view_type"":""시티뷰"",""size_sqm"":24,""breakfast"":true,""spa"":true,""pool"":false,""balcony"":true,""bathtub"":true,""pet_friendly"":false,""smoking"":true}","1","0","220000","스탠다드 더블","전체 가상 시뮬레이션"
"R0079_2","H0079","3","4","{""bed_type"":""싱글베드 2개"",""view_type"":""가든뷰"",""size_sqm"":33,""breakfast"":false,""spa"":false,""pool"":false,""balcony"":false,""bathtub"":false,""pet_friendly"":false,""smoking"":false}","1","1","245000","디럭스 트윈","전체 가상 시뮬레이션"
"R0079_3","H0079","4","1","{""bed_type"":""킹베드 1개"",""view_type"":""파노라마뷰"",""size_sqm"":42,""breakfast"":true,""spa"":false,""pool"":true,""balcony"":false,""bathtub"":false,""pet_friendly"":false,""smoking"":false}","0","1","270000","프리미엄 스위트","전체 가상 시뮬레이션"
"R0080_1","H0080","2","4","{""bed_type"":""퀸베드 1개"",""view_type"":""시티뷰"",""size_sqm"":24,""breakfast"":false,""spa"":false,""pool"":false,""balcony"":false,""bathtub"":false,""pet_friendly"":false,""smoking"":true}","1","1","225000","스탠다드 더블","전체 가상 시뮬레이션"
"R0080_2","H0080","3","1","{""bed_type"":""싱글베드 2개"",""view_type"":""가든뷰"",""size_sqm"":33,""breakfast"":true,""spa"":false,""pool"":true,""balcony"":false,""bathtub"":false,""pet_friendly"":false,""smoking"":false}","0","1","250000","디럭스 트윈","전체 가상 시뮬레이션"
"R0080_3","H0080","4","2","{""bed_type"":""킹베드 1개"",""view_type"":""파노라마뷰"",""size_sqm"":42,""breakfast"":false,""spa"":true,""pool"":false,""balcony"":true,""bathtub"":true,""pet_friendly"":false,""smoking"":false}","1","0","275000","프리미엄 스위트","전체 가상 시뮬레이션"
"R0081_1","H0081","2","1","{""bed_type"":""퀸베드 1개"",""view_type"":""시티뷰"",""size_sqm"":24,""breakfast"":true,""spa"":false,""pool"":true,""balcony"":false,""bathtub"":false,""pet_friendly"":false,""smoking"":true}","0","1","230000","스탠다드 더블","전체 가상 시뮬레이션"
"R0081_2","H0081","3","2","{""bed_type"":""싱글베드 2개"",""view_type"":""가든뷰"",""size_sqm"":33,""breakfast"":false,""spa"":true,""pool"":false,""balcony"":true,""bathtub"":true,""pet_friendly"":false,""smoking"":false}","1","0","255000","디럭스 트윈","전체 가상 시뮬레이션"
"R0081_3","H0081","4","3","{""bed_type"":""킹베드 1개"",""view_type"":""파노라마뷰"",""size_sqm"":42,""breakfast"":true,""spa"":false,""pool"":false,""balcony"":false,""bathtub"":false,""pet_friendly"":false,""smoking"":false}","1","1","280000","프리미엄 스위트","전체 가상 시뮬레이션"
"R0082_1","H0082","2","2","{""bed_type"":""퀸베드 1개"",""view_type"":""시티뷰"",""size_sqm"":24,""breakfast"":false,""spa"":true,""pool"":false,""balcony"":true,""bathtub"":true,""pet_friendly"":false,""smoking"":true}","1","0","235000","스탠다드 더블","전체 가상 시뮬레이션"
"R0082_2","H0082","3","3","{""bed_type"":""싱글베드 2개"",""view_type"":""가든뷰"",""size_sqm"":33,""breakfast"":true,""spa"":false,""pool"":false,""balcony"":false,""bathtub"":false,""pet_friendly"":false,""smoking"":false}","1","1","260000","디럭스 트윈","전체 가상 시뮬레이션"
"R0082_3","H0082","4","4","{""bed_type"":""킹베드 1개"",""view_type"":""파노라마뷰"",""size_sqm"":42,""breakfast"":false,""spa"":false,""pool"":false,""balcony"":false,""bathtub"":false,""pet_friendly"":false,""smoking"":false}","1","1","285000","프리미엄 스위트","전체 가상 시뮬레이션"
"R0083_1","H0083","2","3","{""bed_type"":""퀸베드 1개"",""view_type"":""시티뷰"",""size_sqm"":24,""breakfast"":true,""spa"":false,""pool"":false,""balcony"":false,""bathtub"":false,""pet_friendly"":false,""smoking"":true}","1","1","240000","스탠다드 더블","전체 가상 시뮬레이션"
"R0083_2","H0083","3","4","{""bed_type"":""싱글베드 2개"",""view_type"":""가든뷰"",""size_sqm"":33,""breakfast"":false,""spa"":false,""pool"":false,""balcony"":false,""bathtub"":false,""pet_friendly"":false,""smoking"":false}","1","1","265000","디럭스 트윈","전체 가상 시뮬레이션"
"R0083_3","H0083","4","1","{""bed_type"":""킹베드 1개"",""view_type"":""파노라마뷰"",""size_sqm"":42,""breakfast"":true,""spa"":true,""pool"":true,""balcony"":true,""bathtub"":true,""pet_friendly"":true,""smoking"":false}","0","0","290000","프리미엄 스위트","전체 가상 시뮬레이션"
"R0084_1","H0084","2","4","{""bed_type"":""퀸베드 1개"",""view_type"":""시티뷰"",""size_sqm"":24,""breakfast"":false,""spa"":false,""pool"":false,""balcony"":false,""bathtub"":false,""pet_friendly"":false,""smoking"":true}","1","1","245000","스탠다드 더블","전체 가상 시뮬레이션"
"R0084_2","H0084","3","1","{""bed_type"":""싱글베드 2개"",""view_type"":""가든뷰"",""size_sqm"":33,""breakfast"":true,""spa"":true,""pool"":true,""balcony"":true,""bathtub"":true,""pet_friendly"":true,""smoking"":false}","0","0","270000","디럭스 트윈","전체 가상 시뮬레이션"
"R0084_3","H0084","4","2","{""bed_type"":""킹베드 1개"",""view_type"":""파노라마뷰"",""size_sqm"":42,""breakfast"":false,""spa"":false,""pool"":false,""balcony"":false,""bathtub"":false,""pet_friendly"":false,""smoking"":false}","1","1","295000","프리미엄 스위트","전체 가상 시뮬레이션"
"R0085_1","H0085","2","1","{""bed_type"":""퀸베드 1개"",""view_type"":""시티뷰"",""size_sqm"":24,""breakfast"":true,""spa"":true,""pool"":true,""balcony"":true,""bathtub"":true,""pet_friendly"":true,""smoking"":true}","0","0","250000","스탠다드 더블","전체 가상 시뮬레이션"
"R0085_2","H0085","3","2","{""bed_type"":""싱글베드 2개"",""view_type"":""가든뷰"",""size_sqm"":33,""breakfast"":false,""spa"":false,""pool"":false,""balcony"":false,""bathtub"":false,""pet_friendly"":false,""smoking"":false}","1","1","275000","디럭스 트윈","전체 가상 시뮬레이션"
"R0085_3","H0085","4","3","{""bed_type"":""킹베드 1개"",""view_type"":""파노라마뷰"",""size_sqm"":42,""breakfast"":true,""spa"":false,""pool"":false,""balcony"":false,""bathtub"":false,""pet_friendly"":false,""smoking"":false}","1","1","300000","프리미엄 스위트","전체 가상 시뮬레이션"
"R0086_1","H0086","2","2","{""bed_type"":""퀸베드 1개"",""view_type"":""시티뷰"",""size_sqm"":24,""breakfast"":false,""spa"":false,""pool"":false,""balcony"":false,""bathtub"":false,""pet_friendly"":false,""smoking"":true}","1","1","255000","스탠다드 더블","전체 가상 시뮬레이션"
"R0086_2","H0086","3","3","{""bed_type"":""싱글베드 2개"",""view_type"":""가든뷰"",""size_sqm"":33,""breakfast"":true,""spa"":false,""pool"":false,""balcony"":false,""bathtub"":false,""pet_friendly"":false,""smoking"":false}","1","1","280000","디럭스 트윈","전체 가상 시뮬레이션"
"R0086_3","H0086","4","4","{""bed_type"":""킹베드 1개"",""view_type"":""파노라마뷰"",""size_sqm"":42,""breakfast"":false,""spa"":true,""pool"":false,""balcony"":true,""bathtub"":true,""pet_friendly"":false,""smoking"":false}","1","0","305000","프리미엄 스위트","전체 가상 시뮬레이션"
"R0087_1","H0087","2","3","{""bed_type"":""퀸베드 1개"",""view_type"":""시티뷰"",""size_sqm"":24,""breakfast"":true,""spa"":false,""pool"":false,""balcony"":false,""bathtub"":false,""pet_friendly"":false,""smoking"":true}","1","1","260000","스탠다드 더블","전체 가상 시뮬레이션"
"R0087_2","H0087","3","4","{""bed_type"":""싱글베드 2개"",""view_type"":""가든뷰"",""size_sqm"":33,""breakfast"":false,""spa"":true,""pool"":false,""balcony"":true,""bathtub"":true,""pet_friendly"":false,""smoking"":false}","1","0","285000","디럭스 트윈","전체 가상 시뮬레이션"
"R0087_3","H0087","4","1","{""bed_type"":""킹베드 1개"",""view_type"":""파노라마뷰"",""size_sqm"":42,""breakfast"":true,""spa"":false,""pool"":true,""balcony"":false,""bathtub"":false,""pet_friendly"":false,""smoking"":false}","0","1","310000","프리미엄 스위트","전체 가상 시뮬레이션"
"R0088_1","H0088","2","4","{""bed_type"":""퀸베드 1개"",""view_type"":""시티뷰"",""size_sqm"":24,""breakfast"":false,""spa"":true,""pool"":false,""balcony"":true,""bathtub"":true,""pet_friendly"":false,""smoking"":true}","1","0","265000","스탠다드 더블","전체 가상 시뮬레이션"
"R0088_2","H0088","3","1","{""bed_type"":""싱글베드 2개"",""view_type"":""가든뷰"",""size_sqm"":33,""breakfast"":true,""spa"":false,""pool"":true,""balcony"":false,""bathtub"":false,""pet_friendly"":false,""smoking"":false}","0","1","290000","디럭스 트윈","전체 가상 시뮬레이션"
"R0088_3","H0088","4","2","{""bed_type"":""킹베드 1개"",""view_type"":""파노라마뷰"",""size_sqm"":42,""breakfast"":false,""spa"":false,""pool"":false,""balcony"":false,""bathtub"":false,""pet_friendly"":false,""smoking"":false}","1","1","315000","프리미엄 스위트","전체 가상 시뮬레이션"
"R0089_1","H0089","2","1","{""bed_type"":""퀸베드 1개"",""view_type"":""시티뷰"",""size_sqm"":24,""breakfast"":true,""spa"":false,""pool"":true,""balcony"":false,""bathtub"":false,""pet_friendly"":false,""smoking"":true}","0","1","270000","스탠다드 더블","전체 가상 시뮬레이션"
"R0089_2","H0089","3","2","{""bed_type"":""싱글베드 2개"",""view_type"":""가든뷰"",""size_sqm"":33,""breakfast"":false,""spa"":false,""pool"":false,""balcony"":false,""bathtub"":false,""pet_friendly"":false,""smoking"":false}","1","1","295000","디럭스 트윈","전체 가상 시뮬레이션"
"R0089_3","H0089","4","3","{""bed_type"":""킹베드 1개"",""view_type"":""파노라마뷰"",""size_sqm"":42,""breakfast"":true,""spa"":true,""pool"":false,""balcony"":true,""bathtub"":true,""pet_friendly"":false,""smoking"":false}","1","0","320000","프리미엄 스위트","전체 가상 시뮬레이션"
"R0090_1","H0090","2","2","{""bed_type"":""퀸베드 1개"",""view_type"":""시티뷰"",""size_sqm"":24,""breakfast"":false,""spa"":false,""pool"":false,""balcony"":false,""bathtub"":false,""pet_friendly"":false,""smoking"":true}","1","1","275000","스탠다드 더블","전체 가상 시뮬레이션"
"R0090_2","H0090","3","3","{""bed_type"":""싱글베드 2개"",""view_type"":""가든뷰"",""size_sqm"":33,""breakfast"":true,""spa"":true,""pool"":false,""balcony"":true,""bathtub"":true,""pet_friendly"":false,""smoking"":false}","1","0","300000","디럭스 트윈","전체 가상 시뮬레이션"
"R0090_3","H0090","4","4","{""bed_type"":""킹베드 1개"",""view_type"":""파노라마뷰"",""size_sqm"":42,""breakfast"":false,""spa"":false,""pool"":false,""balcony"":false,""bathtub"":false,""pet_friendly"":true,""smoking"":false}","1","1","325000","프리미엄 스위트","전체 가상 시뮬레이션"
"R0091_1","H0091","2","3","{""bed_type"":""퀸베드 1개"",""view_type"":""시티뷰"",""size_sqm"":24,""breakfast"":true,""spa"":true,""pool"":false,""balcony"":true,""bathtub"":true,""pet_friendly"":false,""smoking"":true}","1","0","280000","스탠다드 더블","전체 가상 시뮬레이션"
"R0091_2","H0091","3","4","{""bed_type"":""싱글베드 2개"",""view_type"":""가든뷰"",""size_sqm"":33,""breakfast"":false,""spa"":false,""pool"":false,""balcony"":false,""bathtub"":false,""pet_friendly"":true,""smoking"":false}","1","1","305000","디럭스 트윈","전체 가상 시뮬레이션"
"R0091_3","H0091","4","1","{""bed_type"":""킹베드 1개"",""view_type"":""파노라마뷰"",""size_sqm"":42,""breakfast"":true,""spa"":false,""pool"":true,""balcony"":false,""bathtub"":false,""pet_friendly"":false,""smoking"":false}","0","1","330000","프리미엄 스위트","전체 가상 시뮬레이션"
"R0092_1","H0092","2","4","{""bed_type"":""퀸베드 1개"",""view_type"":""시티뷰"",""size_sqm"":24,""breakfast"":false,""spa"":false,""pool"":false,""balcony"":false,""bathtub"":false,""pet_friendly"":true,""smoking"":true}","1","1","285000","스탠다드 더블","전체 가상 시뮬레이션"
"R0092_2","H0092","3","1","{""bed_type"":""싱글베드 2개"",""view_type"":""가든뷰"",""size_sqm"":33,""breakfast"":true,""spa"":false,""pool"":true,""balcony"":false,""bathtub"":false,""pet_friendly"":false,""smoking"":false}","0","1","310000","디럭스 트윈","전체 가상 시뮬레이션"
"R0092_3","H0092","4","2","{""bed_type"":""킹베드 1개"",""view_type"":""파노라마뷰"",""size_sqm"":42,""breakfast"":false,""spa"":true,""pool"":false,""balcony"":true,""bathtub"":true,""pet_friendly"":false,""smoking"":false}","1","0","335000","프리미엄 스위트","전체 가상 시뮬레이션"
"R0093_1","H0093","2","1","{""bed_type"":""퀸베드 1개"",""view_type"":""시티뷰"",""size_sqm"":24,""breakfast"":true,""spa"":false,""pool"":true,""balcony"":false,""bathtub"":false,""pet_friendly"":false,""smoking"":true}","0","1","290000","스탠다드 더블","전체 가상 시뮬레이션"
"R0093_2","H0093","3","2","{""bed_type"":""싱글베드 2개"",""view_type"":""가든뷰"",""size_sqm"":33,""breakfast"":false,""spa"":true,""pool"":false,""balcony"":true,""bathtub"":true,""pet_friendly"":false,""smoking"":false}","1","0","315000","디럭스 트윈","전체 가상 시뮬레이션"
"R0093_3","H0093","4","3","{""bed_type"":""킹베드 1개"",""view_type"":""파노라마뷰"",""size_sqm"":42,""breakfast"":true,""spa"":false,""pool"":false,""balcony"":false,""bathtub"":false,""pet_friendly"":false,""smoking"":false}","1","1","340000","프리미엄 스위트","전체 가상 시뮬레이션"
"R0094_1","H0094","2","2","{""bed_type"":""퀸베드 1개"",""view_type"":""시티뷰"",""size_sqm"":24,""breakfast"":false,""spa"":true,""pool"":false,""balcony"":true,""bathtub"":true,""pet_friendly"":false,""smoking"":true}","1","0","295000","스탠다드 더블","전체 가상 시뮬레이션"
"R0094_2","H0094","3","3","{""bed_type"":""싱글베드 2개"",""view_type"":""가든뷰"",""size_sqm"":33,""breakfast"":true,""spa"":false,""pool"":false,""balcony"":false,""bathtub"":false,""pet_friendly"":false,""smoking"":false}","1","1","320000","디럭스 트윈","전체 가상 시뮬레이션"
"R0094_3","H0094","4","4","{""bed_type"":""킹베드 1개"",""view_type"":""파노라마뷰"",""size_sqm"":42,""breakfast"":false,""spa"":false,""pool"":false,""balcony"":false,""bathtub"":false,""pet_friendly"":false,""smoking"":false}","1","1","345000","프리미엄 스위트","전체 가상 시뮬레이션"
"R0095_1","H0095","2","3","{""bed_type"":""퀸베드 1개"",""view_type"":""시티뷰"",""size_sqm"":24,""breakfast"":true,""spa"":false,""pool"":false,""balcony"":false,""bathtub"":false,""pet_friendly"":false,""smoking"":true}","1","1","300000","스탠다드 더블","전체 가상 시뮬레이션"
"R0095_2","H0095","3","4","{""bed_type"":""싱글베드 2개"",""view_type"":""가든뷰"",""size_sqm"":33,""breakfast"":false,""spa"":false,""pool"":false,""balcony"":false,""bathtub"":false,""pet_friendly"":false,""smoking"":false}","1","1","325000","디럭스 트윈","전체 가상 시뮬레이션"
"R0095_3","H0095","4","1","{""bed_type"":""킹베드 1개"",""view_type"":""파노라마뷰"",""size_sqm"":42,""breakfast"":true,""spa"":true,""pool"":true,""balcony"":true,""bathtub"":true,""pet_friendly"":false,""smoking"":false}","0","0","350000","프리미엄 스위트","전체 가상 시뮬레이션"
"R0096_1","H0096","2","4","{""bed_type"":""퀸베드 1개"",""view_type"":""시티뷰"",""size_sqm"":24,""breakfast"":false,""spa"":false,""pool"":false,""balcony"":false,""bathtub"":false,""pet_friendly"":false,""smoking"":true}","1","1","305000","스탠다드 더블","전체 가상 시뮬레이션"
"R0096_2","H0096","3","1","{""bed_type"":""싱글베드 2개"",""view_type"":""가든뷰"",""size_sqm"":33,""breakfast"":true,""spa"":true,""pool"":true,""balcony"":true,""bathtub"":true,""pet_friendly"":false,""smoking"":false}","0","0","330000","디럭스 트윈","전체 가상 시뮬레이션"
"R0096_3","H0096","4","2","{""bed_type"":""킹베드 1개"",""view_type"":""파노라마뷰"",""size_sqm"":42,""breakfast"":false,""spa"":false,""pool"":false,""balcony"":false,""bathtub"":false,""pet_friendly"":false,""smoking"":false}","1","1","355000","프리미엄 스위트","전체 가상 시뮬레이션"
"R0097_1","H0097","2","1","{""bed_type"":""퀸베드 1개"",""view_type"":""시티뷰"",""size_sqm"":24,""breakfast"":true,""spa"":true,""pool"":true,""balcony"":true,""bathtub"":true,""pet_friendly"":false,""smoking"":true}","0","0","70000","스탠다드 더블","전체 가상 시뮬레이션"
"R0097_2","H0097","3","2","{""bed_type"":""싱글베드 2개"",""view_type"":""가든뷰"",""size_sqm"":33,""breakfast"":false,""spa"":false,""pool"":false,""balcony"":false,""bathtub"":false,""pet_friendly"":false,""smoking"":false}","1","1","95000","디럭스 트윈","전체 가상 시뮬레이션"
"R0097_3","H0097","4","3","{""bed_type"":""킹베드 1개"",""view_type"":""파노라마뷰"",""size_sqm"":42,""breakfast"":true,""spa"":false,""pool"":false,""balcony"":false,""bathtub"":false,""pet_friendly"":true,""smoking"":false}","1","1","120000","프리미엄 스위트","전체 가상 시뮬레이션"
"R0098_1","H0098","2","2","{""bed_type"":""퀸베드 1개"",""view_type"":""시티뷰"",""size_sqm"":24,""breakfast"":false,""spa"":false,""pool"":false,""balcony"":false,""bathtub"":false,""pet_friendly"":false,""smoking"":true}","1","1","75000","스탠다드 더블","전체 가상 시뮬레이션"
"R0098_2","H0098","3","3","{""bed_type"":""싱글베드 2개"",""view_type"":""가든뷰"",""size_sqm"":33,""breakfast"":true,""spa"":false,""pool"":false,""balcony"":false,""bathtub"":false,""pet_friendly"":true,""smoking"":false}","1","1","100000","디럭스 트윈","전체 가상 시뮬레이션"
"R0098_3","H0098","4","4","{""bed_type"":""킹베드 1개"",""view_type"":""파노라마뷰"",""size_sqm"":42,""breakfast"":false,""spa"":true,""pool"":false,""balcony"":true,""bathtub"":true,""pet_friendly"":false,""smoking"":false}","1","0","125000","프리미엄 스위트","전체 가상 시뮬레이션"
"R0099_1","H0099","2","3","{""bed_type"":""퀸베드 1개"",""view_type"":""시티뷰"",""size_sqm"":24,""breakfast"":true,""spa"":false,""pool"":false,""balcony"":false,""bathtub"":false,""pet_friendly"":true,""smoking"":true}","1","1","80000","스탠다드 더블","전체 가상 시뮬레이션"
"R0099_2","H0099","3","4","{""bed_type"":""싱글베드 2개"",""view_type"":""가든뷰"",""size_sqm"":33,""breakfast"":false,""spa"":true,""pool"":false,""balcony"":true,""bathtub"":true,""pet_friendly"":false,""smoking"":false}","1","0","105000","디럭스 트윈","전체 가상 시뮬레이션"
"R0099_3","H0099","4","1","{""bed_type"":""킹베드 1개"",""view_type"":""파노라마뷰"",""size_sqm"":42,""breakfast"":true,""spa"":false,""pool"":true,""balcony"":false,""bathtub"":false,""pet_friendly"":false,""smoking"":false}","0","1","130000","프리미엄 스위트","전체 가상 시뮬레이션"
"R0100_1","H0100","2","4","{""bed_type"":""퀸베드 1개"",""view_type"":""시티뷰"",""size_sqm"":24,""breakfast"":false,""spa"":true,""pool"":false,""balcony"":true,""bathtub"":true,""pet_friendly"":false,""smoking"":true}","1","0","85000","스탠다드 더블","전체 가상 시뮬레이션"
"R0100_2","H0100","3","1","{""bed_type"":""싱글베드 2개"",""view_type"":""가든뷰"",""size_sqm"":33,""breakfast"":true,""spa"":false,""pool"":true,""balcony"":false,""bathtub"":false,""pet_friendly"":false,""smoking"":false}","0","1","110000","디럭스 트윈","전체 가상 시뮬레이션"
"R0100_3","H0100","4","2","{""bed_type"":""킹베드 1개"",""view_type"":""파노라마뷰"",""size_sqm"":42,""breakfast"":false,""spa"":false,""pool"":false,""balcony"":false,""bathtub"":false,""pet_friendly"":false,""smoking"":false}","1","1","135000","프리미엄 스위트","전체 가상 시뮬레이션"
"R0101_1","H0101","2","1","{""bed_type"":""퀸베드 1개"",""view_type"":""시티뷰"",""size_sqm"":24,""breakfast"":true,""spa"":false,""pool"":true,""balcony"":false,""bathtub"":false,""pet_friendly"":false,""smoking"":true}","0","1","90000","스탠다드 더블","전체 가상 시뮬레이션"
"R0101_2","H0101","3","2","{""bed_type"":""싱글베드 2개"",""view_type"":""가든뷰"",""size_sqm"":33,""breakfast"":false,""spa"":false,""pool"":false,""balcony"":false,""bathtub"":false,""pet_friendly"":false,""smoking"":false}","1","1","115000","디럭스 트윈","전체 가상 시뮬레이션"
"R0101_3","H0101","4","3","{""bed_type"":""킹베드 1개"",""view_type"":""파노라마뷰"",""size_sqm"":42,""breakfast"":true,""spa"":true,""pool"":false,""balcony"":true,""bathtub"":true,""pet_friendly"":false,""smoking"":false}","1","0","140000","프리미엄 스위트","전체 가상 시뮬레이션"
"R0102_1","H0102","2","2","{""bed_type"":""퀸베드 1개"",""view_type"":""시티뷰"",""size_sqm"":24,""breakfast"":false,""spa"":false,""pool"":false,""balcony"":false,""bathtub"":false,""pet_friendly"":false,""smoking"":true}","1","1","95000","스탠다드 더블","전체 가상 시뮬레이션"
"R0102_2","H0102","3","3","{""bed_type"":""싱글베드 2개"",""view_type"":""가든뷰"",""size_sqm"":33,""breakfast"":true,""spa"":true,""pool"":false,""balcony"":true,""bathtub"":true,""pet_friendly"":false,""smoking"":false}","1","0","120000","디럭스 트윈","전체 가상 시뮬레이션"
"R0102_3","H0102","4","4","{""bed_type"":""킹베드 1개"",""view_type"":""파노라마뷰"",""size_sqm"":42,""breakfast"":false,""spa"":false,""pool"":false,""balcony"":false,""bathtub"":false,""pet_friendly"":false,""smoking"":false}","1","1","145000","프리미엄 스위트","전체 가상 시뮬레이션"
"R0103_1","H0103","2","3","{""bed_type"":""퀸베드 1개"",""view_type"":""시티뷰"",""size_sqm"":24,""breakfast"":true,""spa"":true,""pool"":false,""balcony"":true,""bathtub"":true,""pet_friendly"":false,""smoking"":true}","1","0","100000","스탠다드 더블","전체 가상 시뮬레이션"
"R0103_2","H0103","3","4","{""bed_type"":""싱글베드 2개"",""view_type"":""가든뷰"",""size_sqm"":33,""breakfast"":false,""spa"":false,""pool"":false,""balcony"":false,""bathtub"":false,""pet_friendly"":false,""smoking"":false}","1","1","125000","디럭스 트윈","전체 가상 시뮬레이션"
"R0103_3","H0103","4","1","{""bed_type"":""킹베드 1개"",""view_type"":""파노라마뷰"",""size_sqm"":42,""breakfast"":true,""spa"":false,""pool"":true,""balcony"":false,""bathtub"":false,""pet_friendly"":false,""smoking"":false}","0","1","150000","프리미엄 스위트","전체 가상 시뮬레이션"
"R0104_1","H0104","2","4","{""bed_type"":""퀸베드 1개"",""view_type"":""시티뷰"",""size_sqm"":24,""breakfast"":false,""spa"":false,""pool"":false,""balcony"":false,""bathtub"":false,""pet_friendly"":false,""smoking"":true}","1","1","105000","스탠다드 더블","전체 가상 시뮬레이션"
"R0104_2","H0104","3","1","{""bed_type"":""싱글베드 2개"",""view_type"":""가든뷰"",""size_sqm"":33,""breakfast"":true,""spa"":false,""pool"":true,""balcony"":false,""bathtub"":false,""pet_friendly"":false,""smoking"":false}","0","1","130000","디럭스 트윈","전체 가상 시뮬레이션"
"R0104_3","H0104","4","2","{""bed_type"":""킹베드 1개"",""view_type"":""파노라마뷰"",""size_sqm"":42,""breakfast"":false,""spa"":true,""pool"":false,""balcony"":true,""bathtub"":true,""pet_friendly"":true,""smoking"":false}","1","0","155000","프리미엄 스위트","전체 가상 시뮬레이션"
"R0105_1","H0105","2","1","{""bed_type"":""퀸베드 1개"",""view_type"":""시티뷰"",""size_sqm"":24,""breakfast"":true,""spa"":false,""pool"":true,""balcony"":false,""bathtub"":false,""pet_friendly"":false,""smoking"":true}","0","1","110000","스탠다드 더블","전체 가상 시뮬레이션"
"R0105_2","H0105","3","2","{""bed_type"":""싱글베드 2개"",""view_type"":""가든뷰"",""size_sqm"":33,""breakfast"":false,""spa"":true,""pool"":false,""balcony"":true,""bathtub"":true,""pet_friendly"":true,""smoking"":false}","1","0","135000","디럭스 트윈","전체 가상 시뮬레이션"
"R0105_3","H0105","4","3","{""bed_type"":""킹베드 1개"",""view_type"":""파노라마뷰"",""size_sqm"":42,""breakfast"":true,""spa"":false,""pool"":false,""balcony"":false,""bathtub"":false,""pet_friendly"":false,""smoking"":false}","1","1","160000","프리미엄 스위트","전체 가상 시뮬레이션"
"R0106_1","H0106","2","2","{""bed_type"":""퀸베드 1개"",""view_type"":""시티뷰"",""size_sqm"":24,""breakfast"":false,""spa"":true,""pool"":false,""balcony"":true,""bathtub"":true,""pet_friendly"":true,""smoking"":true}","1","0","115000","스탠다드 더블","전체 가상 시뮬레이션"
"R0106_2","H0106","3","3","{""bed_type"":""싱글베드 2개"",""view_type"":""가든뷰"",""size_sqm"":33,""breakfast"":true,""spa"":false,""pool"":false,""balcony"":false,""bathtub"":false,""pet_friendly"":false,""smoking"":false}","1","1","140000","디럭스 트윈","전체 가상 시뮬레이션"
"R0106_3","H0106","4","4","{""bed_type"":""킹베드 1개"",""view_type"":""파노라마뷰"",""size_sqm"":42,""breakfast"":false,""spa"":false,""pool"":false,""balcony"":false,""bathtub"":false,""pet_friendly"":false,""smoking"":false}","1","1","165000","프리미엄 스위트","전체 가상 시뮬레이션"
"R0107_1","H0107","2","3","{""bed_type"":""퀸베드 1개"",""view_type"":""시티뷰"",""size_sqm"":24,""breakfast"":true,""spa"":false,""pool"":false,""balcony"":false,""bathtub"":false,""pet_friendly"":false,""smoking"":true}","1","1","120000","스탠다드 더블","전체 가상 시뮬레이션"
"R0107_2","H0107","3","4","{""bed_type"":""싱글베드 2개"",""view_type"":""가든뷰"",""size_sqm"":33,""breakfast"":false,""spa"":false,""pool"":false,""balcony"":false,""bathtub"":false,""pet_friendly"":false,""smoking"":false}","1","1","145000","디럭스 트윈","전체 가상 시뮬레이션"
"R0107_3","H0107","4","1","{""bed_type"":""킹베드 1개"",""view_type"":""파노라마뷰"",""size_sqm"":42,""breakfast"":true,""spa"":true,""pool"":true,""balcony"":true,""bathtub"":true,""pet_friendly"":false,""smoking"":false}","0","0","170000","프리미엄 스위트","전체 가상 시뮬레이션"
"R0108_1","H0108","2","4","{""bed_type"":""퀸베드 1개"",""view_type"":""시티뷰"",""size_sqm"":24,""breakfast"":false,""spa"":false,""pool"":false,""balcony"":false,""bathtub"":false,""pet_friendly"":false,""smoking"":true}","1","1","125000","스탠다드 더블","전체 가상 시뮬레이션"
"R0108_2","H0108","3","1","{""bed_type"":""싱글베드 2개"",""view_type"":""가든뷰"",""size_sqm"":33,""breakfast"":true,""spa"":true,""pool"":true,""balcony"":true,""bathtub"":true,""pet_friendly"":false,""smoking"":false}","0","0","150000","디럭스 트윈","전체 가상 시뮬레이션"
"R0108_3","H0108","4","2","{""bed_type"":""킹베드 1개"",""view_type"":""파노라마뷰"",""size_sqm"":42,""breakfast"":false,""spa"":false,""pool"":false,""balcony"":false,""bathtub"":false,""pet_friendly"":false,""smoking"":false}","1","1","175000","프리미엄 스위트","전체 가상 시뮬레이션"
"R0109_1","H0109","2","1","{""bed_type"":""퀸베드 1개"",""view_type"":""시티뷰"",""size_sqm"":24,""breakfast"":true,""spa"":true,""pool"":true,""balcony"":true,""bathtub"":true,""pet_friendly"":false,""smoking"":true}","0","0","130000","스탠다드 더블","전체 가상 시뮬레이션"
"R0109_2","H0109","3","2","{""bed_type"":""싱글베드 2개"",""view_type"":""가든뷰"",""size_sqm"":33,""breakfast"":false,""spa"":false,""pool"":false,""balcony"":false,""bathtub"":false,""pet_friendly"":false,""smoking"":false}","1","1","155000","디럭스 트윈","전체 가상 시뮬레이션"
"R0109_3","H0109","4","3","{""bed_type"":""킹베드 1개"",""view_type"":""파노라마뷰"",""size_sqm"":42,""breakfast"":true,""spa"":false,""pool"":false,""balcony"":false,""bathtub"":false,""pet_friendly"":false,""smoking"":false}","1","1","180000","프리미엄 스위트","전체 가상 시뮬레이션"
"R0110_1","H0110","2","2","{""bed_type"":""퀸베드 1개"",""view_type"":""시티뷰"",""size_sqm"":24,""breakfast"":false,""spa"":false,""pool"":false,""balcony"":false,""bathtub"":false,""pet_friendly"":false,""smoking"":true}","1","1","135000","스탠다드 더블","전체 가상 시뮬레이션"
"R0110_2","H0110","3","3","{""bed_type"":""싱글베드 2개"",""view_type"":""가든뷰"",""size_sqm"":33,""breakfast"":true,""spa"":false,""pool"":false,""balcony"":false,""bathtub"":false,""pet_friendly"":false,""smoking"":false}","1","1","160000","디럭스 트윈","전체 가상 시뮬레이션"
"R0110_3","H0110","4","4","{""bed_type"":""킹베드 1개"",""view_type"":""파노라마뷰"",""size_sqm"":42,""breakfast"":false,""spa"":true,""pool"":false,""balcony"":true,""bathtub"":true,""pet_friendly"":false,""smoking"":false}","1","0","185000","프리미엄 스위트","전체 가상 시뮬레이션"
"R0111_1","H0111","2","3","{""bed_type"":""퀸베드 1개"",""view_type"":""시티뷰"",""size_sqm"":24,""breakfast"":true,""spa"":false,""pool"":false,""balcony"":false,""bathtub"":false,""pet_friendly"":false,""smoking"":true}","1","1","140000","스탠다드 더블","전체 가상 시뮬레이션"
"R0111_2","H0111","3","4","{""bed_type"":""싱글베드 2개"",""view_type"":""가든뷰"",""size_sqm"":33,""breakfast"":false,""spa"":true,""pool"":false,""balcony"":true,""bathtub"":true,""pet_friendly"":false,""smoking"":false}","1","0","165000","디럭스 트윈","전체 가상 시뮬레이션"
"R0111_3","H0111","4","1","{""bed_type"":""킹베드 1개"",""view_type"":""파노라마뷰"",""size_sqm"":42,""breakfast"":true,""spa"":false,""pool"":true,""balcony"":false,""bathtub"":false,""pet_friendly"":true,""smoking"":false}","0","1","190000","프리미엄 스위트","전체 가상 시뮬레이션"
"R0112_1","H0112","2","4","{""bed_type"":""퀸베드 1개"",""view_type"":""시티뷰"",""size_sqm"":24,""breakfast"":false,""spa"":true,""pool"":false,""balcony"":true,""bathtub"":true,""pet_friendly"":false,""smoking"":true}","1","0","145000","스탠다드 더블","전체 가상 시뮬레이션"
"R0112_2","H0112","3","1","{""bed_type"":""싱글베드 2개"",""view_type"":""가든뷰"",""size_sqm"":33,""breakfast"":true,""spa"":false,""pool"":true,""balcony"":false,""bathtub"":false,""pet_friendly"":true,""smoking"":false}","0","1","170000","디럭스 트윈","전체 가상 시뮬레이션"
"R0112_3","H0112","4","2","{""bed_type"":""킹베드 1개"",""view_type"":""파노라마뷰"",""size_sqm"":42,""breakfast"":false,""spa"":false,""pool"":false,""balcony"":false,""bathtub"":false,""pet_friendly"":false,""smoking"":false}","1","1","195000","프리미엄 스위트","전체 가상 시뮬레이션"
"R0113_1","H0113","2","1","{""bed_type"":""퀸베드 1개"",""view_type"":""시티뷰"",""size_sqm"":24,""breakfast"":true,""spa"":false,""pool"":true,""balcony"":false,""bathtub"":false,""pet_friendly"":true,""smoking"":true}","0","1","150000","스탠다드 더블","전체 가상 시뮬레이션"
"R0113_2","H0113","3","2","{""bed_type"":""싱글베드 2개"",""view_type"":""가든뷰"",""size_sqm"":33,""breakfast"":false,""spa"":false,""pool"":false,""balcony"":false,""bathtub"":false,""pet_friendly"":false,""smoking"":false}","1","1","175000","디럭스 트윈","전체 가상 시뮬레이션"
"R0113_3","H0113","4","3","{""bed_type"":""킹베드 1개"",""view_type"":""파노라마뷰"",""size_sqm"":42,""breakfast"":true,""spa"":true,""pool"":false,""balcony"":true,""bathtub"":true,""pet_friendly"":false,""smoking"":false}","1","0","200000","프리미엄 스위트","전체 가상 시뮬레이션"
"R0114_1","H0114","2","2","{""bed_type"":""퀸베드 1개"",""view_type"":""시티뷰"",""size_sqm"":24,""breakfast"":false,""spa"":false,""pool"":false,""balcony"":false,""bathtub"":false,""pet_friendly"":false,""smoking"":true}","1","1","155000","스탠다드 더블","전체 가상 시뮬레이션"
"R0114_2","H0114","3","3","{""bed_type"":""싱글베드 2개"",""view_type"":""가든뷰"",""size_sqm"":33,""breakfast"":true,""spa"":true,""pool"":false,""balcony"":true,""bathtub"":true,""pet_friendly"":false,""smoking"":false}","1","0","180000","디럭스 트윈","전체 가상 시뮬레이션"
"R0114_3","H0114","4","4","{""bed_type"":""킹베드 1개"",""view_type"":""파노라마뷰"",""size_sqm"":42,""breakfast"":false,""spa"":false,""pool"":false,""balcony"":false,""bathtub"":false,""pet_friendly"":false,""smoking"":false}","1","1","205000","프리미엄 스위트","전체 가상 시뮬레이션"
"R0115_1","H0115","2","3","{""bed_type"":""퀸베드 1개"",""view_type"":""시티뷰"",""size_sqm"":24,""breakfast"":true,""spa"":true,""pool"":false,""balcony"":true,""bathtub"":true,""pet_friendly"":false,""smoking"":true}","1","0","160000","스탠다드 더블","전체 가상 시뮬레이션"
"R0115_2","H0115","3","4","{""bed_type"":""싱글베드 2개"",""view_type"":""가든뷰"",""size_sqm"":33,""breakfast"":false,""spa"":false,""pool"":false,""balcony"":false,""bathtub"":false,""pet_friendly"":false,""smoking"":false}","1","1","185000","디럭스 트윈","전체 가상 시뮬레이션"
"R0115_3","H0115","4","1","{""bed_type"":""킹베드 1개"",""view_type"":""파노라마뷰"",""size_sqm"":42,""breakfast"":true,""spa"":false,""pool"":true,""balcony"":false,""bathtub"":false,""pet_friendly"":false,""smoking"":false}","0","1","210000","프리미엄 스위트","전체 가상 시뮬레이션"
"R0116_1","H0116","2","4","{""bed_type"":""퀸베드 1개"",""view_type"":""시티뷰"",""size_sqm"":24,""breakfast"":false,""spa"":false,""pool"":false,""balcony"":false,""bathtub"":false,""pet_friendly"":false,""smoking"":true}","1","1","165000","스탠다드 더블","전체 가상 시뮬레이션"
"R0116_2","H0116","3","1","{""bed_type"":""싱글베드 2개"",""view_type"":""가든뷰"",""size_sqm"":33,""breakfast"":true,""spa"":false,""pool"":true,""balcony"":false,""bathtub"":false,""pet_friendly"":false,""smoking"":false}","0","1","190000","디럭스 트윈","전체 가상 시뮬레이션"
"R0116_3","H0116","4","2","{""bed_type"":""킹베드 1개"",""view_type"":""파노라마뷰"",""size_sqm"":42,""breakfast"":false,""spa"":true,""pool"":false,""balcony"":true,""bathtub"":true,""pet_friendly"":false,""smoking"":false}","1","0","215000","프리미엄 스위트","전체 가상 시뮬레이션"
"R0117_1","H0117","2","1","{""bed_type"":""퀸베드 1개"",""view_type"":""시티뷰"",""size_sqm"":24,""breakfast"":true,""spa"":false,""pool"":true,""balcony"":false,""bathtub"":false,""pet_friendly"":false,""smoking"":true}","0","1","170000","스탠다드 더블","전체 가상 시뮬레이션"
"R0117_2","H0117","3","2","{""bed_type"":""싱글베드 2개"",""view_type"":""가든뷰"",""size_sqm"":33,""breakfast"":false,""spa"":true,""pool"":false,""balcony"":true,""bathtub"":true,""pet_friendly"":false,""smoking"":false}","1","0","195000","디럭스 트윈","전체 가상 시뮬레이션"
"R0117_3","H0117","4","3","{""bed_type"":""킹베드 1개"",""view_type"":""파노라마뷰"",""size_sqm"":42,""breakfast"":true,""spa"":false,""pool"":false,""balcony"":false,""bathtub"":false,""pet_friendly"":false,""smoking"":false}","1","1","220000","프리미엄 스위트","전체 가상 시뮬레이션"
"R0118_1","H0118","2","2","{""bed_type"":""퀸베드 1개"",""view_type"":""시티뷰"",""size_sqm"":24,""breakfast"":false,""spa"":true,""pool"":false,""balcony"":true,""bathtub"":true,""pet_friendly"":false,""smoking"":true}","1","0","175000","스탠다드 더블","전체 가상 시뮬레이션"
"R0118_2","H0118","3","3","{""bed_type"":""싱글베드 2개"",""view_type"":""가든뷰"",""size_sqm"":33,""breakfast"":true,""spa"":false,""pool"":false,""balcony"":false,""bathtub"":false,""pet_friendly"":false,""smoking"":false}","1","1","200000","디럭스 트윈","전체 가상 시뮬레이션"
"R0118_3","H0118","4","4","{""bed_type"":""킹베드 1개"",""view_type"":""파노라마뷰"",""size_sqm"":42,""breakfast"":false,""spa"":false,""pool"":false,""balcony"":false,""bathtub"":false,""pet_friendly"":true,""smoking"":false}","1","1","225000","프리미엄 스위트","전체 가상 시뮬레이션"
"R0119_1","H0119","2","3","{""bed_type"":""퀸베드 1개"",""view_type"":""시티뷰"",""size_sqm"":24,""breakfast"":true,""spa"":false,""pool"":false,""balcony"":false,""bathtub"":false,""pet_friendly"":false,""smoking"":true}","1","1","180000","스탠다드 더블","전체 가상 시뮬레이션"
"R0119_2","H0119","3","4","{""bed_type"":""싱글베드 2개"",""view_type"":""가든뷰"",""size_sqm"":33,""breakfast"":false,""spa"":false,""pool"":false,""balcony"":false,""bathtub"":false,""pet_friendly"":true,""smoking"":false}","1","1","205000","디럭스 트윈","전체 가상 시뮬레이션"
"R0119_3","H0119","4","1","{""bed_type"":""킹베드 1개"",""view_type"":""파노라마뷰"",""size_sqm"":42,""breakfast"":true,""spa"":true,""pool"":true,""balcony"":true,""bathtub"":true,""pet_friendly"":false,""smoking"":false}","0","0","230000","프리미엄 스위트","전체 가상 시뮬레이션"
"R0120_1","H0120","2","4","{""bed_type"":""퀸베드 1개"",""view_type"":""시티뷰"",""size_sqm"":24,""breakfast"":false,""spa"":false,""pool"":false,""balcony"":false,""bathtub"":false,""pet_friendly"":true,""smoking"":true}","1","1","185000","스탠다드 더블","전체 가상 시뮬레이션"
"R0120_2","H0120","3","1","{""bed_type"":""싱글베드 2개"",""view_type"":""가든뷰"",""size_sqm"":33,""breakfast"":true,""spa"":true,""pool"":true,""balcony"":true,""bathtub"":true,""pet_friendly"":false,""smoking"":false}","0","0","210000","디럭스 트윈","전체 가상 시뮬레이션"
"R0120_3","H0120","4","2","{""bed_type"":""킹베드 1개"",""view_type"":""파노라마뷰"",""size_sqm"":42,""breakfast"":false,""spa"":false,""pool"":false,""balcony"":false,""bathtub"":false,""pet_friendly"":false,""smoking"":false}","1","1","235000","프리미엄 스위트","전체 가상 시뮬레이션"
"R0121_1","H0121","2","1","{""bed_type"":""퀸베드 1개"",""view_type"":""시티뷰"",""size_sqm"":24,""breakfast"":true,""spa"":true,""pool"":true,""balcony"":true,""bathtub"":true,""pet_friendly"":false,""smoking"":true}","0","0","190000","스탠다드 더블","전체 가상 시뮬레이션"
"R0121_2","H0121","3","2","{""bed_type"":""싱글베드 2개"",""view_type"":""가든뷰"",""size_sqm"":33,""breakfast"":false,""spa"":false,""pool"":false,""balcony"":false,""bathtub"":false,""pet_friendly"":false,""smoking"":false}","1","1","215000","디럭스 트윈","전체 가상 시뮬레이션"
"R0121_3","H0121","4","3","{""bed_type"":""킹베드 1개"",""view_type"":""파노라마뷰"",""size_sqm"":42,""breakfast"":true,""spa"":false,""pool"":false,""balcony"":false,""bathtub"":false,""pet_friendly"":false,""smoking"":false}","1","1","240000","프리미엄 스위트","전체 가상 시뮬레이션"
"R0122_1","H0122","2","2","{""bed_type"":""퀸베드 1개"",""view_type"":""시티뷰"",""size_sqm"":24,""breakfast"":false,""spa"":false,""pool"":false,""balcony"":false,""bathtub"":false,""pet_friendly"":false,""smoking"":true}","1","1","195000","스탠다드 더블","전체 가상 시뮬레이션"
"R0122_2","H0122","3","3","{""bed_type"":""싱글베드 2개"",""view_type"":""가든뷰"",""size_sqm"":33,""breakfast"":true,""spa"":false,""pool"":false,""balcony"":false,""bathtub"":false,""pet_friendly"":false,""smoking"":false}","1","1","220000","디럭스 트윈","전체 가상 시뮬레이션"
"R0122_3","H0122","4","4","{""bed_type"":""킹베드 1개"",""view_type"":""파노라마뷰"",""size_sqm"":42,""breakfast"":false,""spa"":true,""pool"":false,""balcony"":true,""bathtub"":true,""pet_friendly"":false,""smoking"":false}","1","0","245000","프리미엄 스위트","전체 가상 시뮬레이션"
"R0123_1","H0123","2","3","{""bed_type"":""퀸베드 1개"",""view_type"":""시티뷰"",""size_sqm"":24,""breakfast"":true,""spa"":false,""pool"":false,""balcony"":false,""bathtub"":false,""pet_friendly"":false,""smoking"":true}","1","1","200000","스탠다드 더블","전체 가상 시뮬레이션"
"R0123_2","H0123","3","4","{""bed_type"":""싱글베드 2개"",""view_type"":""가든뷰"",""size_sqm"":33,""breakfast"":false,""spa"":true,""pool"":false,""balcony"":true,""bathtub"":true,""pet_friendly"":false,""smoking"":false}","1","0","225000","디럭스 트윈","전체 가상 시뮬레이션"
"R0123_3","H0123","4","1","{""bed_type"":""킹베드 1개"",""view_type"":""파노라마뷰"",""size_sqm"":42,""breakfast"":true,""spa"":false,""pool"":true,""balcony"":false,""bathtub"":false,""pet_friendly"":false,""smoking"":false}","0","1","250000","프리미엄 스위트","전체 가상 시뮬레이션"
"R0124_1","H0124","2","4","{""bed_type"":""퀸베드 1개"",""view_type"":""시티뷰"",""size_sqm"":24,""breakfast"":false,""spa"":true,""pool"":false,""balcony"":true,""bathtub"":true,""pet_friendly"":false,""smoking"":true}","1","0","205000","스탠다드 더블","전체 가상 시뮬레이션"
"R0124_2","H0124","3","1","{""bed_type"":""싱글베드 2개"",""view_type"":""가든뷰"",""size_sqm"":33,""breakfast"":true,""spa"":false,""pool"":true,""balcony"":false,""bathtub"":false,""pet_friendly"":false,""smoking"":false}","0","1","230000","디럭스 트윈","전체 가상 시뮬레이션"
"R0124_3","H0124","4","2","{""bed_type"":""킹베드 1개"",""view_type"":""파노라마뷰"",""size_sqm"":42,""breakfast"":false,""spa"":false,""pool"":false,""balcony"":false,""bathtub"":false,""pet_friendly"":false,""smoking"":false}","1","1","255000","프리미엄 스위트","전체 가상 시뮬레이션"
"R0125_1","H0125","2","1","{""bed_type"":""퀸베드 1개"",""view_type"":""시티뷰"",""size_sqm"":24,""breakfast"":true,""spa"":false,""pool"":true,""balcony"":false,""bathtub"":false,""pet_friendly"":false,""smoking"":true}","0","1","210000","스탠다드 더블","전체 가상 시뮬레이션"
"R0125_2","H0125","3","2","{""bed_type"":""싱글베드 2개"",""view_type"":""가든뷰"",""size_sqm"":33,""breakfast"":false,""spa"":false,""pool"":false,""balcony"":false,""bathtub"":false,""pet_friendly"":false,""smoking"":false}","1","1","235000","디럭스 트윈","전체 가상 시뮬레이션"
"R0125_3","H0125","4","3","{""bed_type"":""킹베드 1개"",""view_type"":""파노라마뷰"",""size_sqm"":42,""breakfast"":true,""spa"":true,""pool"":false,""balcony"":true,""bathtub"":true,""pet_friendly"":true,""smoking"":false}","1","0","260000","프리미엄 스위트","전체 가상 시뮬레이션"
"R0126_1","H0126","2","2","{""bed_type"":""퀸베드 1개"",""view_type"":""시티뷰"",""size_sqm"":24,""breakfast"":false,""spa"":false,""pool"":false,""balcony"":false,""bathtub"":false,""pet_friendly"":false,""smoking"":true}","1","1","215000","스탠다드 더블","전체 가상 시뮬레이션"
"R0126_2","H0126","3","3","{""bed_type"":""싱글베드 2개"",""view_type"":""가든뷰"",""size_sqm"":33,""breakfast"":true,""spa"":true,""pool"":false,""balcony"":true,""bathtub"":true,""pet_friendly"":true,""smoking"":false}","1","0","240000","디럭스 트윈","전체 가상 시뮬레이션"
"R0126_3","H0126","4","4","{""bed_type"":""킹베드 1개"",""view_type"":""파노라마뷰"",""size_sqm"":42,""breakfast"":false,""spa"":false,""pool"":false,""balcony"":false,""bathtub"":false,""pet_friendly"":false,""smoking"":false}","1","1","265000","프리미엄 스위트","전체 가상 시뮬레이션"
"R0127_1","H0127","2","3","{""bed_type"":""퀸베드 1개"",""view_type"":""시티뷰"",""size_sqm"":24,""breakfast"":true,""spa"":true,""pool"":false,""balcony"":true,""bathtub"":true,""pet_friendly"":true,""smoking"":true}","1","0","220000","스탠다드 더블","전체 가상 시뮬레이션"
"R0127_2","H0127","3","4","{""bed_type"":""싱글베드 2개"",""view_type"":""가든뷰"",""size_sqm"":33,""breakfast"":false,""spa"":false,""pool"":false,""balcony"":false,""bathtub"":false,""pet_friendly"":false,""smoking"":false}","1","1","245000","디럭스 트윈","전체 가상 시뮬레이션"
"R0127_3","H0127","4","1","{""bed_type"":""킹베드 1개"",""view_type"":""파노라마뷰"",""size_sqm"":42,""breakfast"":true,""spa"":false,""pool"":true,""balcony"":false,""bathtub"":false,""pet_friendly"":false,""smoking"":false}","0","1","270000","프리미엄 스위트","전체 가상 시뮬레이션"
"R0128_1","H0128","2","4","{""bed_type"":""퀸베드 1개"",""view_type"":""시티뷰"",""size_sqm"":24,""breakfast"":false,""spa"":false,""pool"":false,""balcony"":false,""bathtub"":false,""pet_friendly"":false,""smoking"":true}","1","1","225000","스탠다드 더블","전체 가상 시뮬레이션"
"R0128_2","H0128","3","1","{""bed_type"":""싱글베드 2개"",""view_type"":""가든뷰"",""size_sqm"":33,""breakfast"":true,""spa"":false,""pool"":true,""balcony"":false,""bathtub"":false,""pet_friendly"":false,""smoking"":false}","0","1","250000","디럭스 트윈","전체 가상 시뮬레이션"
"R0128_3","H0128","4","2","{""bed_type"":""킹베드 1개"",""view_type"":""파노라마뷰"",""size_sqm"":42,""breakfast"":false,""spa"":true,""pool"":false,""balcony"":true,""bathtub"":true,""pet_friendly"":false,""smoking"":false}","1","0","275000","프리미엄 스위트","전체 가상 시뮬레이션"
"R0129_1","H0129","2","1","{""bed_type"":""퀸베드 1개"",""view_type"":""시티뷰"",""size_sqm"":24,""breakfast"":true,""spa"":false,""pool"":true,""balcony"":false,""bathtub"":false,""pet_friendly"":false,""smoking"":true}","0","1","230000","스탠다드 더블","전체 가상 시뮬레이션"
"R0129_2","H0129","3","2","{""bed_type"":""싱글베드 2개"",""view_type"":""가든뷰"",""size_sqm"":33,""breakfast"":false,""spa"":true,""pool"":false,""balcony"":true,""bathtub"":true,""pet_friendly"":false,""smoking"":false}","1","0","255000","디럭스 트윈","전체 가상 시뮬레이션"
"R0129_3","H0129","4","3","{""bed_type"":""킹베드 1개"",""view_type"":""파노라마뷰"",""size_sqm"":42,""breakfast"":true,""spa"":false,""pool"":false,""balcony"":false,""bathtub"":false,""pet_friendly"":false,""smoking"":false}","1","1","280000","프리미엄 스위트","전체 가상 시뮬레이션"
"R0130_1","H0130","2","2","{""bed_type"":""퀸베드 1개"",""view_type"":""시티뷰"",""size_sqm"":24,""breakfast"":false,""spa"":true,""pool"":false,""balcony"":true,""bathtub"":true,""pet_friendly"":false,""smoking"":true}","1","0","235000","스탠다드 더블","전체 가상 시뮬레이션"
"R0130_2","H0130","3","3","{""bed_type"":""싱글베드 2개"",""view_type"":""가든뷰"",""size_sqm"":33,""breakfast"":true,""spa"":false,""pool"":false,""balcony"":false,""bathtub"":false,""pet_friendly"":false,""smoking"":false}","1","1","260000","디럭스 트윈","전체 가상 시뮬레이션"
"R0130_3","H0130","4","4","{""bed_type"":""킹베드 1개"",""view_type"":""파노라마뷰"",""size_sqm"":42,""breakfast"":false,""spa"":false,""pool"":false,""balcony"":false,""bathtub"":false,""pet_friendly"":false,""smoking"":false}","1","1","285000","프리미엄 스위트","전체 가상 시뮬레이션"
"R0131_1","H0131","2","3","{""bed_type"":""퀸베드 1개"",""view_type"":""시티뷰"",""size_sqm"":24,""breakfast"":true,""spa"":false,""pool"":false,""balcony"":false,""bathtub"":false,""pet_friendly"":false,""smoking"":true}","1","1","240000","스탠다드 더블","전체 가상 시뮬레이션"
"R0131_2","H0131","3","4","{""bed_type"":""싱글베드 2개"",""view_type"":""가든뷰"",""size_sqm"":33,""breakfast"":false,""spa"":false,""pool"":false,""balcony"":false,""bathtub"":false,""pet_friendly"":false,""smoking"":false}","1","1","265000","디럭스 트윈","전체 가상 시뮬레이션"
"R0131_3","H0131","4","1","{""bed_type"":""킹베드 1개"",""view_type"":""파노라마뷰"",""size_sqm"":42,""breakfast"":true,""spa"":true,""pool"":true,""balcony"":true,""bathtub"":true,""pet_friendly"":false,""smoking"":false}","0","0","290000","프리미엄 스위트","전체 가상 시뮬레이션"
"R0132_1","H0132","2","4","{""bed_type"":""퀸베드 1개"",""view_type"":""시티뷰"",""size_sqm"":24,""breakfast"":false,""spa"":false,""pool"":false,""balcony"":false,""bathtub"":false,""pet_friendly"":false,""smoking"":true}","1","1","245000","스탠다드 더블","전체 가상 시뮬레이션"
"R0132_2","H0132","3","1","{""bed_type"":""싱글베드 2개"",""view_type"":""가든뷰"",""size_sqm"":33,""breakfast"":true,""spa"":true,""pool"":true,""balcony"":true,""bathtub"":true,""pet_friendly"":false,""smoking"":false}","0","0","270000","디럭스 트윈","전체 가상 시뮬레이션"
"R0132_3","H0132","4","2","{""bed_type"":""킹베드 1개"",""view_type"":""파노라마뷰"",""size_sqm"":42,""breakfast"":false,""spa"":false,""pool"":false,""balcony"":false,""bathtub"":false,""pet_friendly"":true,""smoking"":false}","1","1","295000","프리미엄 스위트","전체 가상 시뮬레이션"
"R0133_1","H0133","2","1","{""bed_type"":""퀸베드 1개"",""view_type"":""시티뷰"",""size_sqm"":24,""breakfast"":true,""spa"":true,""pool"":true,""balcony"":true,""bathtub"":true,""pet_friendly"":false,""smoking"":true}","0","0","250000","스탠다드 더블","전체 가상 시뮬레이션"
"R0133_2","H0133","3","2","{""bed_type"":""싱글베드 2개"",""view_type"":""가든뷰"",""size_sqm"":33,""breakfast"":false,""spa"":false,""pool"":false,""balcony"":false,""bathtub"":false,""pet_friendly"":true,""smoking"":false}","1","1","275000","디럭스 트윈","전체 가상 시뮬레이션"
"R0133_3","H0133","4","3","{""bed_type"":""킹베드 1개"",""view_type"":""파노라마뷰"",""size_sqm"":42,""breakfast"":true,""spa"":false,""pool"":false,""balcony"":false,""bathtub"":false,""pet_friendly"":false,""smoking"":false}","1","1","300000","프리미엄 스위트","전체 가상 시뮬레이션"
"R0134_1","H0134","2","2","{""bed_type"":""퀸베드 1개"",""view_type"":""시티뷰"",""size_sqm"":24,""breakfast"":false,""spa"":false,""pool"":false,""balcony"":false,""bathtub"":false,""pet_friendly"":true,""smoking"":true}","1","1","255000","스탠다드 더블","전체 가상 시뮬레이션"
"R0134_2","H0134","3","3","{""bed_type"":""싱글베드 2개"",""view_type"":""가든뷰"",""size_sqm"":33,""breakfast"":true,""spa"":false,""pool"":false,""balcony"":false,""bathtub"":false,""pet_friendly"":false,""smoking"":false}","1","1","280000","디럭스 트윈","전체 가상 시뮬레이션"
"R0134_3","H0134","4","4","{""bed_type"":""킹베드 1개"",""view_type"":""파노라마뷰"",""size_sqm"":42,""breakfast"":false,""spa"":true,""pool"":false,""balcony"":true,""bathtub"":true,""pet_friendly"":false,""smoking"":false}","1","0","305000","프리미엄 스위트","전체 가상 시뮬레이션"
"R0135_1","H0135","2","3","{""bed_type"":""퀸베드 1개"",""view_type"":""시티뷰"",""size_sqm"":24,""breakfast"":true,""spa"":false,""pool"":false,""balcony"":false,""bathtub"":false,""pet_friendly"":false,""smoking"":true}","1","1","260000","스탠다드 더블","전체 가상 시뮬레이션"
"R0135_2","H0135","3","4","{""bed_type"":""싱글베드 2개"",""view_type"":""가든뷰"",""size_sqm"":33,""breakfast"":false,""spa"":true,""pool"":false,""balcony"":true,""bathtub"":true,""pet_friendly"":false,""smoking"":false}","1","0","285000","디럭스 트윈","전체 가상 시뮬레이션"
"R0135_3","H0135","4","1","{""bed_type"":""킹베드 1개"",""view_type"":""파노라마뷰"",""size_sqm"":42,""breakfast"":true,""spa"":false,""pool"":true,""balcony"":false,""bathtub"":false,""pet_friendly"":false,""smoking"":false}","0","1","310000","프리미엄 스위트","전체 가상 시뮬레이션"
"R0136_1","H0136","2","4","{""bed_type"":""퀸베드 1개"",""view_type"":""시티뷰"",""size_sqm"":24,""breakfast"":false,""spa"":true,""pool"":false,""balcony"":true,""bathtub"":true,""pet_friendly"":false,""smoking"":true}","1","0","265000","스탠다드 더블","전체 가상 시뮬레이션"
"R0136_2","H0136","3","1","{""bed_type"":""싱글베드 2개"",""view_type"":""가든뷰"",""size_sqm"":33,""breakfast"":true,""spa"":false,""pool"":true,""balcony"":false,""bathtub"":false,""pet_friendly"":false,""smoking"":false}","0","1","290000","디럭스 트윈","전체 가상 시뮬레이션"
"R0136_3","H0136","4","2","{""bed_type"":""킹베드 1개"",""view_type"":""파노라마뷰"",""size_sqm"":42,""breakfast"":false,""spa"":false,""pool"":false,""balcony"":false,""bathtub"":false,""pet_friendly"":false,""smoking"":false}","1","1","315000","프리미엄 스위트","전체 가상 시뮬레이션"
"R0137_1","H0137","2","1","{""bed_type"":""퀸베드 1개"",""view_type"":""시티뷰"",""size_sqm"":24,""breakfast"":true,""spa"":false,""pool"":true,""balcony"":false,""bathtub"":false,""pet_friendly"":false,""smoking"":true}","0","1","270000","스탠다드 더블","전체 가상 시뮬레이션"
"R0137_2","H0137","3","2","{""bed_type"":""싱글베드 2개"",""view_type"":""가든뷰"",""size_sqm"":33,""breakfast"":false,""spa"":false,""pool"":false,""balcony"":false,""bathtub"":false,""pet_friendly"":false,""smoking"":false}","1","1","295000","디럭스 트윈","전체 가상 시뮬레이션"
"R0137_3","H0137","4","3","{""bed_type"":""킹베드 1개"",""view_type"":""파노라마뷰"",""size_sqm"":42,""breakfast"":true,""spa"":true,""pool"":false,""balcony"":true,""bathtub"":true,""pet_friendly"":false,""smoking"":false}","1","0","320000","프리미엄 스위트","전체 가상 시뮬레이션"
"R0138_1","H0138","2","2","{""bed_type"":""퀸베드 1개"",""view_type"":""시티뷰"",""size_sqm"":24,""breakfast"":false,""spa"":false,""pool"":false,""balcony"":false,""bathtub"":false,""pet_friendly"":false,""smoking"":true}","1","1","275000","스탠다드 더블","전체 가상 시뮬레이션"
"R0138_2","H0138","3","3","{""bed_type"":""싱글베드 2개"",""view_type"":""가든뷰"",""size_sqm"":33,""breakfast"":true,""spa"":true,""pool"":false,""balcony"":true,""bathtub"":true,""pet_friendly"":false,""smoking"":false}","1","0","300000","디럭스 트윈","전체 가상 시뮬레이션"
"R0138_3","H0138","4","4","{""bed_type"":""킹베드 1개"",""view_type"":""파노라마뷰"",""size_sqm"":42,""breakfast"":false,""spa"":false,""pool"":false,""balcony"":false,""bathtub"":false,""pet_friendly"":false,""smoking"":false}","1","1","325000","프리미엄 스위트","전체 가상 시뮬레이션"
"R0139_1","H0139","2","3","{""bed_type"":""퀸베드 1개"",""view_type"":""시티뷰"",""size_sqm"":24,""breakfast"":true,""spa"":true,""pool"":false,""balcony"":true,""bathtub"":true,""pet_friendly"":false,""smoking"":true}","1","0","280000","스탠다드 더블","전체 가상 시뮬레이션"
"R0139_2","H0139","3","4","{""bed_type"":""싱글베드 2개"",""view_type"":""가든뷰"",""size_sqm"":33,""breakfast"":false,""spa"":false,""pool"":false,""balcony"":false,""bathtub"":false,""pet_friendly"":false,""smoking"":false}","1","1","305000","디럭스 트윈","전체 가상 시뮬레이션"
"R0139_3","H0139","4","1","{""bed_type"":""킹베드 1개"",""view_type"":""파노라마뷰"",""size_sqm"":42,""breakfast"":true,""spa"":false,""pool"":true,""balcony"":false,""bathtub"":false,""pet_friendly"":true,""smoking"":false}","0","1","330000","프리미엄 스위트","전체 가상 시뮬레이션"
"R0140_1","H0140","2","4","{""bed_type"":""퀸베드 1개"",""view_type"":""시티뷰"",""size_sqm"":24,""breakfast"":false,""spa"":false,""pool"":false,""balcony"":false,""bathtub"":false,""pet_friendly"":false,""smoking"":true}","1","1","285000","스탠다드 더블","전체 가상 시뮬레이션"
"R0140_2","H0140","3","1","{""bed_type"":""싱글베드 2개"",""view_type"":""가든뷰"",""size_sqm"":33,""breakfast"":true,""spa"":false,""pool"":true,""balcony"":false,""bathtub"":false,""pet_friendly"":true,""smoking"":false}","0","1","310000","디럭스 트윈","전체 가상 시뮬레이션"
"R0140_3","H0140","4","2","{""bed_type"":""킹베드 1개"",""view_type"":""파노라마뷰"",""size_sqm"":42,""breakfast"":false,""spa"":true,""pool"":false,""balcony"":true,""bathtub"":true,""pet_friendly"":false,""smoking"":false}","1","0","335000","프리미엄 스위트","전체 가상 시뮬레이션"
"R0141_1","H0141","2","1","{""bed_type"":""퀸베드 1개"",""view_type"":""시티뷰"",""size_sqm"":24,""breakfast"":true,""spa"":false,""pool"":true,""balcony"":false,""bathtub"":false,""pet_friendly"":true,""smoking"":true}","0","1","290000","스탠다드 더블","전체 가상 시뮬레이션"
"R0141_2","H0141","3","2","{""bed_type"":""싱글베드 2개"",""view_type"":""가든뷰"",""size_sqm"":33,""breakfast"":false,""spa"":true,""pool"":false,""balcony"":true,""bathtub"":true,""pet_friendly"":false,""smoking"":false}","1","0","315000","디럭스 트윈","전체 가상 시뮬레이션"
"R0141_3","H0141","4","3","{""bed_type"":""킹베드 1개"",""view_type"":""파노라마뷰"",""size_sqm"":42,""breakfast"":true,""spa"":false,""pool"":false,""balcony"":false,""bathtub"":false,""pet_friendly"":false,""smoking"":false}","1","1","340000","프리미엄 스위트","전체 가상 시뮬레이션"
"R0142_1","H0142","2","2","{""bed_type"":""퀸베드 1개"",""view_type"":""시티뷰"",""size_sqm"":24,""breakfast"":false,""spa"":true,""pool"":false,""balcony"":true,""bathtub"":true,""pet_friendly"":false,""smoking"":true}","1","0","295000","스탠다드 더블","전체 가상 시뮬레이션"
"R0142_2","H0142","3","3","{""bed_type"":""싱글베드 2개"",""view_type"":""가든뷰"",""size_sqm"":33,""breakfast"":true,""spa"":false,""pool"":false,""balcony"":false,""bathtub"":false,""pet_friendly"":false,""smoking"":false}","1","1","320000","디럭스 트윈","전체 가상 시뮬레이션"
"R0142_3","H0142","4","4","{""bed_type"":""킹베드 1개"",""view_type"":""파노라마뷰"",""size_sqm"":42,""breakfast"":false,""spa"":false,""pool"":false,""balcony"":false,""bathtub"":false,""pet_friendly"":false,""smoking"":false}","1","1","345000","프리미엄 스위트","전체 가상 시뮬레이션"
"R0143_1","H0143","2","3","{""bed_type"":""퀸베드 1개"",""view_type"":""시티뷰"",""size_sqm"":24,""breakfast"":true,""spa"":false,""pool"":false,""balcony"":false,""bathtub"":false,""pet_friendly"":false,""smoking"":true}","1","1","300000","스탠다드 더블","전체 가상 시뮬레이션"
"R0143_2","H0143","3","4","{""bed_type"":""싱글베드 2개"",""view_type"":""가든뷰"",""size_sqm"":33,""breakfast"":false,""spa"":false,""pool"":false,""balcony"":false,""bathtub"":false,""pet_friendly"":false,""smoking"":false}","1","1","325000","디럭스 트윈","전체 가상 시뮬레이션"
"R0143_3","H0143","4","1","{""bed_type"":""킹베드 1개"",""view_type"":""파노라마뷰"",""size_sqm"":42,""breakfast"":true,""spa"":true,""pool"":true,""balcony"":true,""bathtub"":true,""pet_friendly"":false,""smoking"":false}","0","0","350000","프리미엄 스위트","전체 가상 시뮬레이션"
"R0144_1","H0144","2","4","{""bed_type"":""퀸베드 1개"",""view_type"":""시티뷰"",""size_sqm"":24,""breakfast"":false,""spa"":false,""pool"":false,""balcony"":false,""bathtub"":false,""pet_friendly"":false,""smoking"":true}","1","1","305000","스탠다드 더블","전체 가상 시뮬레이션"
"R0144_2","H0144","3","1","{""bed_type"":""싱글베드 2개"",""view_type"":""가든뷰"",""size_sqm"":33,""breakfast"":true,""spa"":true,""pool"":true,""balcony"":true,""bathtub"":true,""pet_friendly"":false,""smoking"":false}","0","0","330000","디럭스 트윈","전체 가상 시뮬레이션"
"R0144_3","H0144","4","2","{""bed_type"":""킹베드 1개"",""view_type"":""파노라마뷰"",""size_sqm"":42,""breakfast"":false,""spa"":false,""pool"":false,""balcony"":false,""bathtub"":false,""pet_friendly"":false,""smoking"":false}","1","1","355000","프리미엄 스위트","전체 가상 시뮬레이션"
"R0145_1","H0145","2","1","{""bed_type"":""퀸베드 1개"",""view_type"":""시티뷰"",""size_sqm"":24,""breakfast"":true,""spa"":true,""pool"":true,""balcony"":true,""bathtub"":true,""pet_friendly"":false,""smoking"":true}","0","0","70000","스탠다드 더블","전체 가상 시뮬레이션"
"R0145_2","H0145","3","2","{""bed_type"":""싱글베드 2개"",""view_type"":""가든뷰"",""size_sqm"":33,""breakfast"":false,""spa"":false,""pool"":false,""balcony"":false,""bathtub"":false,""pet_friendly"":false,""smoking"":false}","1","1","95000","디럭스 트윈","전체 가상 시뮬레이션"
"R0145_3","H0145","4","3","{""bed_type"":""킹베드 1개"",""view_type"":""파노라마뷰"",""size_sqm"":42,""breakfast"":true,""spa"":false,""pool"":false,""balcony"":false,""bathtub"":false,""pet_friendly"":false,""smoking"":false}","1","1","120000","프리미엄 스위트","전체 가상 시뮬레이션"
"R0146_1","H0146","2","2","{""bed_type"":""퀸베드 1개"",""view_type"":""시티뷰"",""size_sqm"":24,""breakfast"":false,""spa"":false,""pool"":false,""balcony"":false,""bathtub"":false,""pet_friendly"":false,""smoking"":true}","1","1","75000","스탠다드 더블","전체 가상 시뮬레이션"
"R0146_2","H0146","3","3","{""bed_type"":""싱글베드 2개"",""view_type"":""가든뷰"",""size_sqm"":33,""breakfast"":true,""spa"":false,""pool"":false,""balcony"":false,""bathtub"":false,""pet_friendly"":false,""smoking"":false}","1","1","100000","디럭스 트윈","전체 가상 시뮬레이션"
"R0146_3","H0146","4","4","{""bed_type"":""킹베드 1개"",""view_type"":""파노라마뷰"",""size_sqm"":42,""breakfast"":false,""spa"":true,""pool"":false,""balcony"":true,""bathtub"":true,""pet_friendly"":true,""smoking"":false}","1","0","125000","프리미엄 스위트","전체 가상 시뮬레이션"
"R0147_1","H0147","2","3","{""bed_type"":""퀸베드 1개"",""view_type"":""시티뷰"",""size_sqm"":24,""breakfast"":true,""spa"":false,""pool"":false,""balcony"":false,""bathtub"":false,""pet_friendly"":false,""smoking"":true}","1","1","80000","스탠다드 더블","전체 가상 시뮬레이션"
"R0147_2","H0147","3","4","{""bed_type"":""싱글베드 2개"",""view_type"":""가든뷰"",""size_sqm"":33,""breakfast"":false,""spa"":true,""pool"":false,""balcony"":true,""bathtub"":true,""pet_friendly"":true,""smoking"":false}","1","0","105000","디럭스 트윈","전체 가상 시뮬레이션"
"R0147_3","H0147","4","1","{""bed_type"":""킹베드 1개"",""view_type"":""파노라마뷰"",""size_sqm"":42,""breakfast"":true,""spa"":false,""pool"":true,""balcony"":false,""bathtub"":false,""pet_friendly"":false,""smoking"":false}","0","1","130000","프리미엄 스위트","전체 가상 시뮬레이션"
"R0148_1","H0148","2","4","{""bed_type"":""퀸베드 1개"",""view_type"":""시티뷰"",""size_sqm"":24,""breakfast"":false,""spa"":true,""pool"":false,""balcony"":true,""bathtub"":true,""pet_friendly"":true,""smoking"":true}","1","0","85000","스탠다드 더블","전체 가상 시뮬레이션"
"R0148_2","H0148","3","1","{""bed_type"":""싱글베드 2개"",""view_type"":""가든뷰"",""size_sqm"":33,""breakfast"":true,""spa"":false,""pool"":true,""balcony"":false,""bathtub"":false,""pet_friendly"":false,""smoking"":false}","0","1","110000","디럭스 트윈","전체 가상 시뮬레이션"
"R0148_3","H0148","4","2","{""bed_type"":""킹베드 1개"",""view_type"":""파노라마뷰"",""size_sqm"":42,""breakfast"":false,""spa"":false,""pool"":false,""balcony"":false,""bathtub"":false,""pet_friendly"":false,""smoking"":false}","1","1","135000","프리미엄 스위트","전체 가상 시뮬레이션"
"R0149_1","H0149","2","1","{""bed_type"":""퀸베드 1개"",""view_type"":""시티뷰"",""size_sqm"":24,""breakfast"":true,""spa"":false,""pool"":true,""balcony"":false,""bathtub"":false,""pet_friendly"":false,""smoking"":true}","0","1","90000","스탠다드 더블","전체 가상 시뮬레이션"
"R0149_2","H0149","3","2","{""bed_type"":""싱글베드 2개"",""view_type"":""가든뷰"",""size_sqm"":33,""breakfast"":false,""spa"":false,""pool"":false,""balcony"":false,""bathtub"":false,""pet_friendly"":false,""smoking"":false}","1","1","115000","디럭스 트윈","전체 가상 시뮬레이션"
"R0149_3","H0149","4","3","{""bed_type"":""킹베드 1개"",""view_type"":""파노라마뷰"",""size_sqm"":42,""breakfast"":true,""spa"":true,""pool"":false,""balcony"":true,""bathtub"":true,""pet_friendly"":false,""smoking"":false}","1","0","140000","프리미엄 스위트","전체 가상 시뮬레이션"
"R0150_1","H0150","2","2","{""bed_type"":""퀸베드 1개"",""view_type"":""시티뷰"",""size_sqm"":24,""breakfast"":false,""spa"":false,""pool"":false,""balcony"":false,""bathtub"":false,""pet_friendly"":false,""smoking"":true}","1","1","95000","스탠다드 더블","전체 가상 시뮬레이션"
"R0150_2","H0150","3","3","{""bed_type"":""싱글베드 2개"",""view_type"":""가든뷰"",""size_sqm"":33,""breakfast"":true,""spa"":true,""pool"":false,""balcony"":true,""bathtub"":true,""pet_friendly"":false,""smoking"":false}","1","0","120000","디럭스 트윈","전체 가상 시뮬레이션"
"R0150_3","H0150","4","4","{""bed_type"":""킹베드 1개"",""view_type"":""파노라마뷰"",""size_sqm"":42,""breakfast"":false,""spa"":false,""pool"":false,""balcony"":false,""bathtub"":false,""pet_friendly"":false,""smoking"":false}","1","1","145000","프리미엄 스위트","전체 가상 시뮬레이션"
"R0151_1","H0151","2","3","{""bed_type"":""퀸베드 1개"",""view_type"":""시티뷰"",""size_sqm"":24,""breakfast"":true,""spa"":true,""pool"":false,""balcony"":true,""bathtub"":true,""pet_friendly"":false,""smoking"":true}","1","0","100000","스탠다드 더블","전체 가상 시뮬레이션"
"R0151_2","H0151","3","4","{""bed_type"":""싱글베드 2개"",""view_type"":""가든뷰"",""size_sqm"":33,""breakfast"":false,""spa"":false,""pool"":false,""balcony"":false,""bathtub"":false,""pet_friendly"":false,""smoking"":false}","1","1","125000","디럭스 트윈","전체 가상 시뮬레이션"
"R0151_3","H0151","4","1","{""bed_type"":""킹베드 1개"",""view_type"":""파노라마뷰"",""size_sqm"":42,""breakfast"":true,""spa"":false,""pool"":true,""balcony"":false,""bathtub"":false,""pet_friendly"":false,""smoking"":false}","0","1","150000","프리미엄 스위트","전체 가상 시뮬레이션"
"R0152_1","H0152","2","4","{""bed_type"":""퀸베드 1개"",""view_type"":""시티뷰"",""size_sqm"":24,""breakfast"":false,""spa"":false,""pool"":false,""balcony"":false,""bathtub"":false,""pet_friendly"":false,""smoking"":true}","1","1","105000","스탠다드 더블","전체 가상 시뮬레이션"
"R0152_2","H0152","3","1","{""bed_type"":""싱글베드 2개"",""view_type"":""가든뷰"",""size_sqm"":33,""breakfast"":true,""spa"":false,""pool"":true,""balcony"":false,""bathtub"":false,""pet_friendly"":false,""smoking"":false}","0","1","130000","디럭스 트윈","전체 가상 시뮬레이션"
"R0152_3","H0152","4","2","{""bed_type"":""킹베드 1개"",""view_type"":""파노라마뷰"",""size_sqm"":42,""breakfast"":false,""spa"":true,""pool"":false,""balcony"":true,""bathtub"":true,""pet_friendly"":false,""smoking"":false}","1","0","155000","프리미엄 스위트","전체 가상 시뮬레이션"
"R0153_1","H0153","2","1","{""bed_type"":""퀸베드 1개"",""view_type"":""시티뷰"",""size_sqm"":24,""breakfast"":true,""spa"":false,""pool"":true,""balcony"":false,""bathtub"":false,""pet_friendly"":false,""smoking"":true}","0","1","110000","스탠다드 더블","전체 가상 시뮬레이션"
"R0153_2","H0153","3","2","{""bed_type"":""싱글베드 2개"",""view_type"":""가든뷰"",""size_sqm"":33,""breakfast"":false,""spa"":true,""pool"":false,""balcony"":true,""bathtub"":true,""pet_friendly"":false,""smoking"":false}","1","0","135000","디럭스 트윈","전체 가상 시뮬레이션"
"R0153_3","H0153","4","3","{""bed_type"":""킹베드 1개"",""view_type"":""파노라마뷰"",""size_sqm"":42,""breakfast"":true,""spa"":false,""pool"":false,""balcony"":false,""bathtub"":false,""pet_friendly"":true,""smoking"":false}","1","1","160000","프리미엄 스위트","전체 가상 시뮬레이션"
"R0154_1","H0154","2","2","{""bed_type"":""퀸베드 1개"",""view_type"":""시티뷰"",""size_sqm"":24,""breakfast"":false,""spa"":true,""pool"":false,""balcony"":true,""bathtub"":true,""pet_friendly"":false,""smoking"":true}","1","0","115000","스탠다드 더블","전체 가상 시뮬레이션"
"R0154_2","H0154","3","3","{""bed_type"":""싱글베드 2개"",""view_type"":""가든뷰"",""size_sqm"":33,""breakfast"":true,""spa"":false,""pool"":false,""balcony"":false,""bathtub"":false,""pet_friendly"":true,""smoking"":false}","1","1","140000","디럭스 트윈","전체 가상 시뮬레이션"
"R0154_3","H0154","4","4","{""bed_type"":""킹베드 1개"",""view_type"":""파노라마뷰"",""size_sqm"":42,""breakfast"":false,""spa"":false,""pool"":false,""balcony"":false,""bathtub"":false,""pet_friendly"":false,""smoking"":false}","1","1","165000","프리미엄 스위트","전체 가상 시뮬레이션"
"R0155_1","H0155","2","3","{""bed_type"":""퀸베드 1개"",""view_type"":""시티뷰"",""size_sqm"":24,""breakfast"":true,""spa"":false,""pool"":false,""balcony"":false,""bathtub"":false,""pet_friendly"":true,""smoking"":true}","1","1","120000","스탠다드 더블","전체 가상 시뮬레이션"
"R0155_2","H0155","3","4","{""bed_type"":""싱글베드 2개"",""view_type"":""가든뷰"",""size_sqm"":33,""breakfast"":false,""spa"":false,""pool"":false,""balcony"":false,""bathtub"":false,""pet_friendly"":false,""smoking"":false}","1","1","145000","디럭스 트윈","전체 가상 시뮬레이션"
"R0155_3","H0155","4","1","{""bed_type"":""킹베드 1개"",""view_type"":""파노라마뷰"",""size_sqm"":42,""breakfast"":true,""spa"":true,""pool"":true,""balcony"":true,""bathtub"":true,""pet_friendly"":false,""smoking"":false}","0","0","170000","프리미엄 스위트","전체 가상 시뮬레이션"
"R0156_1","H0156","2","4","{""bed_type"":""퀸베드 1개"",""view_type"":""시티뷰"",""size_sqm"":24,""breakfast"":false,""spa"":false,""pool"":false,""balcony"":false,""bathtub"":false,""pet_friendly"":false,""smoking"":true}","1","1","125000","스탠다드 더블","전체 가상 시뮬레이션"
"R0156_2","H0156","3","1","{""bed_type"":""싱글베드 2개"",""view_type"":""가든뷰"",""size_sqm"":33,""breakfast"":true,""spa"":true,""pool"":true,""balcony"":true,""bathtub"":true,""pet_friendly"":false,""smoking"":false}","0","0","150000","디럭스 트윈","전체 가상 시뮬레이션"
"R0156_3","H0156","4","2","{""bed_type"":""킹베드 1개"",""view_type"":""파노라마뷰"",""size_sqm"":42,""breakfast"":false,""spa"":false,""pool"":false,""balcony"":false,""bathtub"":false,""pet_friendly"":false,""smoking"":false}","1","1","175000","프리미엄 스위트","전체 가상 시뮬레이션"
"R0157_1","H0157","2","1","{""bed_type"":""퀸베드 1개"",""view_type"":""시티뷰"",""size_sqm"":24,""breakfast"":true,""spa"":true,""pool"":true,""balcony"":true,""bathtub"":true,""pet_friendly"":false,""smoking"":true}","0","0","130000","스탠다드 더블","전체 가상 시뮬레이션"
"R0157_2","H0157","3","2","{""bed_type"":""싱글베드 2개"",""view_type"":""가든뷰"",""size_sqm"":33,""breakfast"":false,""spa"":false,""pool"":false,""balcony"":false,""bathtub"":false,""pet_friendly"":false,""smoking"":false}","1","1","155000","디럭스 트윈","전체 가상 시뮬레이션"
"R0157_3","H0157","4","3","{""bed_type"":""킹베드 1개"",""view_type"":""파노라마뷰"",""size_sqm"":42,""breakfast"":true,""spa"":false,""pool"":false,""balcony"":false,""bathtub"":false,""pet_friendly"":false,""smoking"":false}","1","1","180000","프리미엄 스위트","전체 가상 시뮬레이션"
"R0158_1","H0158","2","2","{""bed_type"":""퀸베드 1개"",""view_type"":""시티뷰"",""size_sqm"":24,""breakfast"":false,""spa"":false,""pool"":false,""balcony"":false,""bathtub"":false,""pet_friendly"":false,""smoking"":true}","1","1","135000","스탠다드 더블","전체 가상 시뮬레이션"
"R0158_2","H0158","3","3","{""bed_type"":""싱글베드 2개"",""view_type"":""가든뷰"",""size_sqm"":33,""breakfast"":true,""spa"":false,""pool"":false,""balcony"":false,""bathtub"":false,""pet_friendly"":false,""smoking"":false}","1","1","160000","디럭스 트윈","전체 가상 시뮬레이션"
"R0158_3","H0158","4","4","{""bed_type"":""킹베드 1개"",""view_type"":""파노라마뷰"",""size_sqm"":42,""breakfast"":false,""spa"":true,""pool"":false,""balcony"":true,""bathtub"":true,""pet_friendly"":false,""smoking"":false}","1","0","185000","프리미엄 스위트","전체 가상 시뮬레이션"
"R0159_1","H0159","2","3","{""bed_type"":""퀸베드 1개"",""view_type"":""시티뷰"",""size_sqm"":24,""breakfast"":true,""spa"":false,""pool"":false,""balcony"":false,""bathtub"":false,""pet_friendly"":false,""smoking"":true}","1","1","140000","스탠다드 더블","전체 가상 시뮬레이션"
"R0159_2","H0159","3","4","{""bed_type"":""싱글베드 2개"",""view_type"":""가든뷰"",""size_sqm"":33,""breakfast"":false,""spa"":true,""pool"":false,""balcony"":true,""bathtub"":true,""pet_friendly"":false,""smoking"":false}","1","0","165000","디럭스 트윈","전체 가상 시뮬레이션"
"R0159_3","H0159","4","1","{""bed_type"":""킹베드 1개"",""view_type"":""파노라마뷰"",""size_sqm"":42,""breakfast"":true,""spa"":false,""pool"":true,""balcony"":false,""bathtub"":false,""pet_friendly"":false,""smoking"":false}","0","1","190000","프리미엄 스위트","전체 가상 시뮬레이션"
"R0160_1","H0160","2","4","{""bed_type"":""퀸베드 1개"",""view_type"":""시티뷰"",""size_sqm"":24,""breakfast"":false,""spa"":true,""pool"":false,""balcony"":true,""bathtub"":true,""pet_friendly"":false,""smoking"":true}","1","0","145000","스탠다드 더블","전체 가상 시뮬레이션"
"R0160_2","H0160","3","1","{""bed_type"":""싱글베드 2개"",""view_type"":""가든뷰"",""size_sqm"":33,""breakfast"":true,""spa"":false,""pool"":true,""balcony"":false,""bathtub"":false,""pet_friendly"":false,""smoking"":false}","0","1","170000","디럭스 트윈","전체 가상 시뮬레이션"
"R0160_3","H0160","4","2","{""bed_type"":""킹베드 1개"",""view_type"":""파노라마뷰"",""size_sqm"":42,""breakfast"":false,""spa"":false,""pool"":false,""balcony"":false,""bathtub"":false,""pet_friendly"":true,""smoking"":false}","1","1","195000","프리미엄 스위트","전체 가상 시뮬레이션"
"R0161_1","H0161","2","1","{""bed_type"":""퀸베드 1개"",""view_type"":""시티뷰"",""size_sqm"":24,""breakfast"":true,""spa"":false,""pool"":true,""balcony"":false,""bathtub"":false,""pet_friendly"":false,""smoking"":true}","0","1","150000","스탠다드 더블","전체 가상 시뮬레이션"
"R0161_2","H0161","3","2","{""bed_type"":""싱글베드 2개"",""view_type"":""가든뷰"",""size_sqm"":33,""breakfast"":false,""spa"":false,""pool"":false,""balcony"":false,""bathtub"":false,""pet_friendly"":true,""smoking"":false}","1","1","175000","디럭스 트윈","전체 가상 시뮬레이션"
"R0161_3","H0161","4","3","{""bed_type"":""킹베드 1개"",""view_type"":""파노라마뷰"",""size_sqm"":42,""breakfast"":true,""spa"":true,""pool"":false,""balcony"":true,""bathtub"":true,""pet_friendly"":false,""smoking"":false}","1","0","200000","프리미엄 스위트","전체 가상 시뮬레이션"
"R0162_1","H0162","2","2","{""bed_type"":""퀸베드 1개"",""view_type"":""시티뷰"",""size_sqm"":24,""breakfast"":false,""spa"":false,""pool"":false,""balcony"":false,""bathtub"":false,""pet_friendly"":true,""smoking"":true}","1","1","155000","스탠다드 더블","전체 가상 시뮬레이션"
"R0162_2","H0162","3","3","{""bed_type"":""싱글베드 2개"",""view_type"":""가든뷰"",""size_sqm"":33,""breakfast"":true,""spa"":true,""pool"":false,""balcony"":true,""bathtub"":true,""pet_friendly"":false,""smoking"":false}","1","0","180000","디럭스 트윈","전체 가상 시뮬레이션"
"R0162_3","H0162","4","4","{""bed_type"":""킹베드 1개"",""view_type"":""파노라마뷰"",""size_sqm"":42,""breakfast"":false,""spa"":false,""pool"":false,""balcony"":false,""bathtub"":false,""pet_friendly"":false,""smoking"":false}","1","1","205000","프리미엄 스위트","전체 가상 시뮬레이션"
"R0163_1","H0163","2","3","{""bed_type"":""퀸베드 1개"",""view_type"":""시티뷰"",""size_sqm"":24,""breakfast"":true,""spa"":true,""pool"":false,""balcony"":true,""bathtub"":true,""pet_friendly"":false,""smoking"":true}","1","0","160000","스탠다드 더블","전체 가상 시뮬레이션"
"R0163_2","H0163","3","4","{""bed_type"":""싱글베드 2개"",""view_type"":""가든뷰"",""size_sqm"":33,""breakfast"":false,""spa"":false,""pool"":false,""balcony"":false,""bathtub"":false,""pet_friendly"":false,""smoking"":false}","1","1","185000","디럭스 트윈","전체 가상 시뮬레이션"
"R0163_3","H0163","4","1","{""bed_type"":""킹베드 1개"",""view_type"":""파노라마뷰"",""size_sqm"":42,""breakfast"":true,""spa"":false,""pool"":true,""balcony"":false,""bathtub"":false,""pet_friendly"":false,""smoking"":false}","0","1","210000","프리미엄 스위트","전체 가상 시뮬레이션"
"R0164_1","H0164","2","4","{""bed_type"":""퀸베드 1개"",""view_type"":""시티뷰"",""size_sqm"":24,""breakfast"":false,""spa"":false,""pool"":false,""balcony"":false,""bathtub"":false,""pet_friendly"":false,""smoking"":true}","1","1","165000","스탠다드 더블","전체 가상 시뮬레이션"
"R0164_2","H0164","3","1","{""bed_type"":""싱글베드 2개"",""view_type"":""가든뷰"",""size_sqm"":33,""breakfast"":true,""spa"":false,""pool"":true,""balcony"":false,""bathtub"":false,""pet_friendly"":false,""smoking"":false}","0","1","190000","디럭스 트윈","전체 가상 시뮬레이션"
"R0164_3","H0164","4","2","{""bed_type"":""킹베드 1개"",""view_type"":""파노라마뷰"",""size_sqm"":42,""breakfast"":false,""spa"":true,""pool"":false,""balcony"":true,""bathtub"":true,""pet_friendly"":false,""smoking"":false}","1","0","215000","프리미엄 스위트","전체 가상 시뮬레이션"
"R0165_1","H0165","2","1","{""bed_type"":""퀸베드 1개"",""view_type"":""시티뷰"",""size_sqm"":24,""breakfast"":true,""spa"":false,""pool"":true,""balcony"":false,""bathtub"":false,""pet_friendly"":false,""smoking"":true}","0","1","170000","스탠다드 더블","전체 가상 시뮬레이션"
"R0165_2","H0165","3","2","{""bed_type"":""싱글베드 2개"",""view_type"":""가든뷰"",""size_sqm"":33,""breakfast"":false,""spa"":true,""pool"":false,""balcony"":true,""bathtub"":true,""pet_friendly"":false,""smoking"":false}","1","0","195000","디럭스 트윈","전체 가상 시뮬레이션"
"R0165_3","H0165","4","3","{""bed_type"":""킹베드 1개"",""view_type"":""파노라마뷰"",""size_sqm"":42,""breakfast"":true,""spa"":false,""pool"":false,""balcony"":false,""bathtub"":false,""pet_friendly"":false,""smoking"":false}","1","1","220000","프리미엄 스위트","전체 가상 시뮬레이션"
"R0166_1","H0166","2","2","{""bed_type"":""퀸베드 1개"",""view_type"":""시티뷰"",""size_sqm"":24,""breakfast"":false,""spa"":true,""pool"":false,""balcony"":true,""bathtub"":true,""pet_friendly"":false,""smoking"":true}","1","0","175000","스탠다드 더블","전체 가상 시뮬레이션"
"R0166_2","H0166","3","3","{""bed_type"":""싱글베드 2개"",""view_type"":""가든뷰"",""size_sqm"":33,""breakfast"":true,""spa"":false,""pool"":false,""balcony"":false,""bathtub"":false,""pet_friendly"":false,""smoking"":false}","1","1","200000","디럭스 트윈","전체 가상 시뮬레이션"
"R0166_3","H0166","4","4","{""bed_type"":""킹베드 1개"",""view_type"":""파노라마뷰"",""size_sqm"":42,""breakfast"":false,""spa"":false,""pool"":false,""balcony"":false,""bathtub"":false,""pet_friendly"":false,""smoking"":false}","1","1","225000","프리미엄 스위트","전체 가상 시뮬레이션"
"R0167_1","H0167","2","3","{""bed_type"":""퀸베드 1개"",""view_type"":""시티뷰"",""size_sqm"":24,""breakfast"":true,""spa"":false,""pool"":false,""balcony"":false,""bathtub"":false,""pet_friendly"":false,""smoking"":true}","1","1","180000","스탠다드 더블","전체 가상 시뮬레이션"
"R0167_2","H0167","3","4","{""bed_type"":""싱글베드 2개"",""view_type"":""가든뷰"",""size_sqm"":33,""breakfast"":false,""spa"":false,""pool"":false,""balcony"":false,""bathtub"":false,""pet_friendly"":false,""smoking"":false}","1","1","205000","디럭스 트윈","전체 가상 시뮬레이션"
"R0167_3","H0167","4","1","{""bed_type"":""킹베드 1개"",""view_type"":""파노라마뷰"",""size_sqm"":42,""breakfast"":true,""spa"":true,""pool"":true,""balcony"":true,""bathtub"":true,""pet_friendly"":true,""smoking"":false}","0","0","230000","프리미엄 스위트","전체 가상 시뮬레이션"
"R0168_1","H0168","2","4","{""bed_type"":""퀸베드 1개"",""view_type"":""시티뷰"",""size_sqm"":24,""breakfast"":false,""spa"":false,""pool"":false,""balcony"":false,""bathtub"":false,""pet_friendly"":false,""smoking"":true}","1","1","185000","스탠다드 더블","전체 가상 시뮬레이션"
"R0168_2","H0168","3","1","{""bed_type"":""싱글베드 2개"",""view_type"":""가든뷰"",""size_sqm"":33,""breakfast"":true,""spa"":true,""pool"":true,""balcony"":true,""bathtub"":true,""pet_friendly"":true,""smoking"":false}","0","0","210000","디럭스 트윈","전체 가상 시뮬레이션"
"R0168_3","H0168","4","2","{""bed_type"":""킹베드 1개"",""view_type"":""파노라마뷰"",""size_sqm"":42,""breakfast"":false,""spa"":false,""pool"":false,""balcony"":false,""bathtub"":false,""pet_friendly"":false,""smoking"":false}","1","1","235000","프리미엄 스위트","전체 가상 시뮬레이션"
"R0169_1","H0169","2","1","{""bed_type"":""퀸베드 1개"",""view_type"":""시티뷰"",""size_sqm"":24,""breakfast"":true,""spa"":true,""pool"":true,""balcony"":true,""bathtub"":true,""pet_friendly"":true,""smoking"":true}","0","0","190000","스탠다드 더블","전체 가상 시뮬레이션"
"R0169_2","H0169","3","2","{""bed_type"":""싱글베드 2개"",""view_type"":""가든뷰"",""size_sqm"":33,""breakfast"":false,""spa"":false,""pool"":false,""balcony"":false,""bathtub"":false,""pet_friendly"":false,""smoking"":false}","1","1","215000","디럭스 트윈","전체 가상 시뮬레이션"
"R0169_3","H0169","4","3","{""bed_type"":""킹베드 1개"",""view_type"":""파노라마뷰"",""size_sqm"":42,""breakfast"":true,""spa"":false,""pool"":false,""balcony"":false,""bathtub"":false,""pet_friendly"":false,""smoking"":false}","1","1","240000","프리미엄 스위트","전체 가상 시뮬레이션"
"R0170_1","H0170","2","2","{""bed_type"":""퀸베드 1개"",""view_type"":""시티뷰"",""size_sqm"":24,""breakfast"":false,""spa"":false,""pool"":false,""balcony"":false,""bathtub"":false,""pet_friendly"":false,""smoking"":true}","1","1","195000","스탠다드 더블","전체 가상 시뮬레이션"
"R0170_2","H0170","3","3","{""bed_type"":""싱글베드 2개"",""view_type"":""가든뷰"",""size_sqm"":33,""breakfast"":true,""spa"":false,""pool"":false,""balcony"":false,""bathtub"":false,""pet_friendly"":false,""smoking"":false}","1","1","220000","디럭스 트윈","전체 가상 시뮬레이션"
"R0170_3","H0170","4","4","{""bed_type"":""킹베드 1개"",""view_type"":""파노라마뷰"",""size_sqm"":42,""breakfast"":false,""spa"":true,""pool"":false,""balcony"":true,""bathtub"":true,""pet_friendly"":false,""smoking"":false}","1","0","245000","프리미엄 스위트","전체 가상 시뮬레이션"
"R0171_1","H0171","2","3","{""bed_type"":""퀸베드 1개"",""view_type"":""시티뷰"",""size_sqm"":24,""breakfast"":true,""spa"":false,""pool"":false,""balcony"":false,""bathtub"":false,""pet_friendly"":false,""smoking"":true}","1","1","200000","스탠다드 더블","전체 가상 시뮬레이션"
"R0171_2","H0171","3","4","{""bed_type"":""싱글베드 2개"",""view_type"":""가든뷰"",""size_sqm"":33,""breakfast"":false,""spa"":true,""pool"":false,""balcony"":true,""bathtub"":true,""pet_friendly"":false,""smoking"":false}","1","0","225000","디럭스 트윈","전체 가상 시뮬레이션"
"R0171_3","H0171","4","1","{""bed_type"":""킹베드 1개"",""view_type"":""파노라마뷰"",""size_sqm"":42,""breakfast"":true,""spa"":false,""pool"":true,""balcony"":false,""bathtub"":false,""pet_friendly"":false,""smoking"":false}","0","1","250000","프리미엄 스위트","전체 가상 시뮬레이션"
"R0172_1","H0172","2","4","{""bed_type"":""퀸베드 1개"",""view_type"":""시티뷰"",""size_sqm"":24,""breakfast"":false,""spa"":true,""pool"":false,""balcony"":true,""bathtub"":true,""pet_friendly"":false,""smoking"":true}","1","0","205000","스탠다드 더블","전체 가상 시뮬레이션"
"R0172_2","H0172","3","1","{""bed_type"":""싱글베드 2개"",""view_type"":""가든뷰"",""size_sqm"":33,""breakfast"":true,""spa"":false,""pool"":true,""balcony"":false,""bathtub"":false,""pet_friendly"":false,""smoking"":false}","0","1","230000","디럭스 트윈","전체 가상 시뮬레이션"
"R0172_3","H0172","4","2","{""bed_type"":""킹베드 1개"",""view_type"":""파노라마뷰"",""size_sqm"":42,""breakfast"":false,""spa"":false,""pool"":false,""balcony"":false,""bathtub"":false,""pet_friendly"":false,""smoking"":false}","1","1","255000","프리미엄 스위트","전체 가상 시뮬레이션"
"R0173_1","H0173","2","1","{""bed_type"":""퀸베드 1개"",""view_type"":""시티뷰"",""size_sqm"":24,""breakfast"":true,""spa"":false,""pool"":true,""balcony"":false,""bathtub"":false,""pet_friendly"":false,""smoking"":true}","0","1","210000","스탠다드 더블","전체 가상 시뮬레이션"
"R0173_2","H0173","3","2","{""bed_type"":""싱글베드 2개"",""view_type"":""가든뷰"",""size_sqm"":33,""breakfast"":false,""spa"":false,""pool"":false,""balcony"":false,""bathtub"":false,""pet_friendly"":false,""smoking"":false}","1","1","235000","디럭스 트윈","전체 가상 시뮬레이션"
"R0173_3","H0173","4","3","{""bed_type"":""킹베드 1개"",""view_type"":""파노라마뷰"",""size_sqm"":42,""breakfast"":true,""spa"":true,""pool"":false,""balcony"":true,""bathtub"":true,""pet_friendly"":false,""smoking"":false}","1","0","260000","프리미엄 스위트","전체 가상 시뮬레이션"
"R0174_1","H0174","2","2","{""bed_type"":""퀸베드 1개"",""view_type"":""시티뷰"",""size_sqm"":24,""breakfast"":false,""spa"":false,""pool"":false,""balcony"":false,""bathtub"":false,""pet_friendly"":false,""smoking"":true}","1","1","215000","스탠다드 더블","전체 가상 시뮬레이션"
"R0174_2","H0174","3","3","{""bed_type"":""싱글베드 2개"",""view_type"":""가든뷰"",""size_sqm"":33,""breakfast"":true,""spa"":true,""pool"":false,""balcony"":true,""bathtub"":true,""pet_friendly"":false,""smoking"":false}","1","0","240000","디럭스 트윈","전체 가상 시뮬레이션"
"R0174_3","H0174","4","4","{""bed_type"":""킹베드 1개"",""view_type"":""파노라마뷰"",""size_sqm"":42,""breakfast"":false,""spa"":false,""pool"":false,""balcony"":false,""bathtub"":false,""pet_friendly"":true,""smoking"":false}","1","1","265000","프리미엄 스위트","전체 가상 시뮬레이션"
"R0175_1","H0175","2","3","{""bed_type"":""퀸베드 1개"",""view_type"":""시티뷰"",""size_sqm"":24,""breakfast"":true,""spa"":true,""pool"":false,""balcony"":true,""bathtub"":true,""pet_friendly"":false,""smoking"":true}","1","0","220000","스탠다드 더블","전체 가상 시뮬레이션"
"R0175_2","H0175","3","4","{""bed_type"":""싱글베드 2개"",""view_type"":""가든뷰"",""size_sqm"":33,""breakfast"":false,""spa"":false,""pool"":false,""balcony"":false,""bathtub"":false,""pet_friendly"":true,""smoking"":false}","1","1","245000","디럭스 트윈","전체 가상 시뮬레이션"
"R0175_3","H0175","4","1","{""bed_type"":""킹베드 1개"",""view_type"":""파노라마뷰"",""size_sqm"":42,""breakfast"":true,""spa"":false,""pool"":true,""balcony"":false,""bathtub"":false,""pet_friendly"":false,""smoking"":false}","0","1","270000","프리미엄 스위트","전체 가상 시뮬레이션"
"R0176_1","H0176","2","4","{""bed_type"":""퀸베드 1개"",""view_type"":""시티뷰"",""size_sqm"":24,""breakfast"":false,""spa"":false,""pool"":false,""balcony"":false,""bathtub"":false,""pet_friendly"":true,""smoking"":true}","1","1","225000","스탠다드 더블","전체 가상 시뮬레이션"
"R0176_2","H0176","3","1","{""bed_type"":""싱글베드 2개"",""view_type"":""가든뷰"",""size_sqm"":33,""breakfast"":true,""spa"":false,""pool"":true,""balcony"":false,""bathtub"":false,""pet_friendly"":false,""smoking"":false}","0","1","250000","디럭스 트윈","전체 가상 시뮬레이션"
"R0176_3","H0176","4","2","{""bed_type"":""킹베드 1개"",""view_type"":""파노라마뷰"",""size_sqm"":42,""breakfast"":false,""spa"":true,""pool"":false,""balcony"":true,""bathtub"":true,""pet_friendly"":false,""smoking"":false}","1","0","275000","프리미엄 스위트","전체 가상 시뮬레이션"
"R0177_1","H0177","2","1","{""bed_type"":""퀸베드 1개"",""view_type"":""시티뷰"",""size_sqm"":24,""breakfast"":true,""spa"":false,""pool"":true,""balcony"":false,""bathtub"":false,""pet_friendly"":false,""smoking"":true}","0","1","230000","스탠다드 더블","전체 가상 시뮬레이션"
"R0177_2","H0177","3","2","{""bed_type"":""싱글베드 2개"",""view_type"":""가든뷰"",""size_sqm"":33,""breakfast"":false,""spa"":true,""pool"":false,""balcony"":true,""bathtub"":true,""pet_friendly"":false,""smoking"":false}","1","0","255000","디럭스 트윈","전체 가상 시뮬레이션"
"R0177_3","H0177","4","3","{""bed_type"":""킹베드 1개"",""view_type"":""파노라마뷰"",""size_sqm"":42,""breakfast"":true,""spa"":false,""pool"":false,""balcony"":false,""bathtub"":false,""pet_friendly"":false,""smoking"":false}","1","1","280000","프리미엄 스위트","전체 가상 시뮬레이션"
"R0178_1","H0178","2","2","{""bed_type"":""퀸베드 1개"",""view_type"":""시티뷰"",""size_sqm"":24,""breakfast"":false,""spa"":true,""pool"":false,""balcony"":true,""bathtub"":true,""pet_friendly"":false,""smoking"":true}","1","0","235000","스탠다드 더블","전체 가상 시뮬레이션"
"R0178_2","H0178","3","3","{""bed_type"":""싱글베드 2개"",""view_type"":""가든뷰"",""size_sqm"":33,""breakfast"":true,""spa"":false,""pool"":false,""balcony"":false,""bathtub"":false,""pet_friendly"":false,""smoking"":false}","1","1","260000","디럭스 트윈","전체 가상 시뮬레이션"
"R0178_3","H0178","4","4","{""bed_type"":""킹베드 1개"",""view_type"":""파노라마뷰"",""size_sqm"":42,""breakfast"":false,""spa"":false,""pool"":false,""balcony"":false,""bathtub"":false,""pet_friendly"":false,""smoking"":false}","1","1","285000","프리미엄 스위트","전체 가상 시뮬레이션"
"R0179_1","H0179","2","3","{""bed_type"":""퀸베드 1개"",""view_type"":""시티뷰"",""size_sqm"":24,""breakfast"":true,""spa"":false,""pool"":false,""balcony"":false,""bathtub"":false,""pet_friendly"":false,""smoking"":true}","1","1","240000","스탠다드 더블","전체 가상 시뮬레이션"
"R0179_2","H0179","3","4","{""bed_type"":""싱글베드 2개"",""view_type"":""가든뷰"",""size_sqm"":33,""breakfast"":false,""spa"":false,""pool"":false,""balcony"":false,""bathtub"":false,""pet_friendly"":false,""smoking"":false}","1","1","265000","디럭스 트윈","전체 가상 시뮬레이션"
"R0179_3","H0179","4","1","{""bed_type"":""킹베드 1개"",""view_type"":""파노라마뷰"",""size_sqm"":42,""breakfast"":true,""spa"":true,""pool"":true,""balcony"":true,""bathtub"":true,""pet_friendly"":false,""smoking"":false}","0","0","290000","프리미엄 스위트","전체 가상 시뮬레이션"
"R0180_1","H0180","2","4","{""bed_type"":""퀸베드 1개"",""view_type"":""시티뷰"",""size_sqm"":24,""breakfast"":false,""spa"":false,""pool"":false,""balcony"":false,""bathtub"":false,""pet_friendly"":false,""smoking"":true}","1","1","245000","스탠다드 더블","전체 가상 시뮬레이션"
"R0180_2","H0180","3","1","{""bed_type"":""싱글베드 2개"",""view_type"":""가든뷰"",""size_sqm"":33,""breakfast"":true,""spa"":true,""pool"":true,""balcony"":true,""bathtub"":true,""pet_friendly"":false,""smoking"":false}","0","0","270000","디럭스 트윈","전체 가상 시뮬레이션"
"R0180_3","H0180","4","2","{""bed_type"":""킹베드 1개"",""view_type"":""파노라마뷰"",""size_sqm"":42,""breakfast"":false,""spa"":false,""pool"":false,""balcony"":false,""bathtub"":false,""pet_friendly"":false,""smoking"":false}","1","1","295000","프리미엄 스위트","전체 가상 시뮬레이션"
"R0181_1","H0181","2","1","{""bed_type"":""퀸베드 1개"",""view_type"":""시티뷰"",""size_sqm"":24,""breakfast"":true,""spa"":true,""pool"":true,""balcony"":true,""bathtub"":true,""pet_friendly"":false,""smoking"":true}","0","0","250000","스탠다드 더블","전체 가상 시뮬레이션"
"R0181_2","H0181","3","2","{""bed_type"":""싱글베드 2개"",""view_type"":""가든뷰"",""size_sqm"":33,""breakfast"":false,""spa"":false,""pool"":false,""balcony"":false,""bathtub"":false,""pet_friendly"":false,""smoking"":false}","1","1","275000","디럭스 트윈","전체 가상 시뮬레이션"
"R0181_3","H0181","4","3","{""bed_type"":""킹베드 1개"",""view_type"":""파노라마뷰"",""size_sqm"":42,""breakfast"":true,""spa"":false,""pool"":false,""balcony"":false,""bathtub"":false,""pet_friendly"":true,""smoking"":false}","1","1","300000","프리미엄 스위트","전체 가상 시뮬레이션"
"R0182_1","H0182","2","2","{""bed_type"":""퀸베드 1개"",""view_type"":""시티뷰"",""size_sqm"":24,""breakfast"":false,""spa"":false,""pool"":false,""balcony"":false,""bathtub"":false,""pet_friendly"":false,""smoking"":true}","1","1","255000","스탠다드 더블","전체 가상 시뮬레이션"
"R0182_2","H0182","3","3","{""bed_type"":""싱글베드 2개"",""view_type"":""가든뷰"",""size_sqm"":33,""breakfast"":true,""spa"":false,""pool"":false,""balcony"":false,""bathtub"":false,""pet_friendly"":true,""smoking"":false}","1","1","280000","디럭스 트윈","전체 가상 시뮬레이션"
"R0182_3","H0182","4","4","{""bed_type"":""킹베드 1개"",""view_type"":""파노라마뷰"",""size_sqm"":42,""breakfast"":false,""spa"":true,""pool"":false,""balcony"":true,""bathtub"":true,""pet_friendly"":false,""smoking"":false}","1","0","305000","프리미엄 스위트","전체 가상 시뮬레이션"
"R0183_1","H0183","2","3","{""bed_type"":""퀸베드 1개"",""view_type"":""시티뷰"",""size_sqm"":24,""breakfast"":true,""spa"":false,""pool"":false,""balcony"":false,""bathtub"":false,""pet_friendly"":true,""smoking"":true}","1","1","260000","스탠다드 더블","전체 가상 시뮬레이션"
"R0183_2","H0183","3","4","{""bed_type"":""싱글베드 2개"",""view_type"":""가든뷰"",""size_sqm"":33,""breakfast"":false,""spa"":true,""pool"":false,""balcony"":true,""bathtub"":true,""pet_friendly"":false,""smoking"":false}","1","0","285000","디럭스 트윈","전체 가상 시뮬레이션"
"R0183_3","H0183","4","1","{""bed_type"":""킹베드 1개"",""view_type"":""파노라마뷰"",""size_sqm"":42,""breakfast"":true,""spa"":false,""pool"":true,""balcony"":false,""bathtub"":false,""pet_friendly"":false,""smoking"":false}","0","1","310000","프리미엄 스위트","전체 가상 시뮬레이션"
"R0184_1","H0184","2","4","{""bed_type"":""퀸베드 1개"",""view_type"":""시티뷰"",""size_sqm"":24,""breakfast"":false,""spa"":true,""pool"":false,""balcony"":true,""bathtub"":true,""pet_friendly"":false,""smoking"":true}","1","0","265000","스탠다드 더블","전체 가상 시뮬레이션"
"R0184_2","H0184","3","1","{""bed_type"":""싱글베드 2개"",""view_type"":""가든뷰"",""size_sqm"":33,""breakfast"":true,""spa"":false,""pool"":true,""balcony"":false,""bathtub"":false,""pet_friendly"":false,""smoking"":false}","0","1","290000","디럭스 트윈","전체 가상 시뮬레이션"
"R0184_3","H0184","4","2","{""bed_type"":""킹베드 1개"",""view_type"":""파노라마뷰"",""size_sqm"":42,""breakfast"":false,""spa"":false,""pool"":false,""balcony"":false,""bathtub"":false,""pet_friendly"":false,""smoking"":false}","1","1","315000","프리미엄 스위트","전체 가상 시뮬레이션"
"R0185_1","H0185","2","1","{""bed_type"":""퀸베드 1개"",""view_type"":""시티뷰"",""size_sqm"":24,""breakfast"":true,""spa"":false,""pool"":true,""balcony"":false,""bathtub"":false,""pet_friendly"":false,""smoking"":true}","0","1","270000","스탠다드 더블","전체 가상 시뮬레이션"
"R0185_2","H0185","3","2","{""bed_type"":""싱글베드 2개"",""view_type"":""가든뷰"",""size_sqm"":33,""breakfast"":false,""spa"":false,""pool"":false,""balcony"":false,""bathtub"":false,""pet_friendly"":false,""smoking"":false}","1","1","295000","디럭스 트윈","전체 가상 시뮬레이션"
"R0185_3","H0185","4","3","{""bed_type"":""킹베드 1개"",""view_type"":""파노라마뷰"",""size_sqm"":42,""breakfast"":true,""spa"":true,""pool"":false,""balcony"":true,""bathtub"":true,""pet_friendly"":false,""smoking"":false}","1","0","320000","프리미엄 스위트","전체 가상 시뮬레이션"
"R0186_1","H0186","2","2","{""bed_type"":""퀸베드 1개"",""view_type"":""시티뷰"",""size_sqm"":24,""breakfast"":false,""spa"":false,""pool"":false,""balcony"":false,""bathtub"":false,""pet_friendly"":false,""smoking"":true}","1","1","275000","스탠다드 더블","전체 가상 시뮬레이션"
"R0186_2","H0186","3","3","{""bed_type"":""싱글베드 2개"",""view_type"":""가든뷰"",""size_sqm"":33,""breakfast"":true,""spa"":true,""pool"":false,""balcony"":true,""bathtub"":true,""pet_friendly"":false,""smoking"":false}","1","0","300000","디럭스 트윈","전체 가상 시뮬레이션"
"R0186_3","H0186","4","4","{""bed_type"":""킹베드 1개"",""view_type"":""파노라마뷰"",""size_sqm"":42,""breakfast"":false,""spa"":false,""pool"":false,""balcony"":false,""bathtub"":false,""pet_friendly"":false,""smoking"":false}","1","1","325000","프리미엄 스위트","전체 가상 시뮬레이션"
"R0187_1","H0187","2","3","{""bed_type"":""퀸베드 1개"",""view_type"":""시티뷰"",""size_sqm"":24,""breakfast"":true,""spa"":true,""pool"":false,""balcony"":true,""bathtub"":true,""pet_friendly"":false,""smoking"":true}","1","0","280000","스탠다드 더블","전체 가상 시뮬레이션"
"R0187_2","H0187","3","4","{""bed_type"":""싱글베드 2개"",""view_type"":""가든뷰"",""size_sqm"":33,""breakfast"":false,""spa"":false,""pool"":false,""balcony"":false,""bathtub"":false,""pet_friendly"":false,""smoking"":false}","1","1","305000","디럭스 트윈","전체 가상 시뮬레이션"
"R0187_3","H0187","4","1","{""bed_type"":""킹베드 1개"",""view_type"":""파노라마뷰"",""size_sqm"":42,""breakfast"":true,""spa"":false,""pool"":true,""balcony"":false,""bathtub"":false,""pet_friendly"":false,""smoking"":false}","0","1","330000","프리미엄 스위트","전체 가상 시뮬레이션"
"R0188_1","H0188","2","4","{""bed_type"":""퀸베드 1개"",""view_type"":""시티뷰"",""size_sqm"":24,""breakfast"":false,""spa"":false,""pool"":false,""balcony"":false,""bathtub"":false,""pet_friendly"":false,""smoking"":true}","1","1","285000","스탠다드 더블","전체 가상 시뮬레이션"
"R0188_2","H0188","3","1","{""bed_type"":""싱글베드 2개"",""view_type"":""가든뷰"",""size_sqm"":33,""breakfast"":true,""spa"":false,""pool"":true,""balcony"":false,""bathtub"":false,""pet_friendly"":false,""smoking"":false}","0","1","310000","디럭스 트윈","전체 가상 시뮬레이션"
"R0188_3","H0188","4","2","{""bed_type"":""킹베드 1개"",""view_type"":""파노라마뷰"",""size_sqm"":42,""breakfast"":false,""spa"":true,""pool"":false,""balcony"":true,""bathtub"":true,""pet_friendly"":true,""smoking"":false}","1","0","335000","프리미엄 스위트","전체 가상 시뮬레이션"
"R0189_1","H0189","2","1","{""bed_type"":""퀸베드 1개"",""view_type"":""시티뷰"",""size_sqm"":24,""breakfast"":true,""spa"":false,""pool"":true,""balcony"":false,""bathtub"":false,""pet_friendly"":false,""smoking"":true}","0","1","290000","스탠다드 더블","전체 가상 시뮬레이션"
"R0189_2","H0189","3","2","{""bed_type"":""싱글베드 2개"",""view_type"":""가든뷰"",""size_sqm"":33,""breakfast"":false,""spa"":true,""pool"":false,""balcony"":true,""bathtub"":true,""pet_friendly"":true,""smoking"":false}","1","0","315000","디럭스 트윈","전체 가상 시뮬레이션"
"R0189_3","H0189","4","3","{""bed_type"":""킹베드 1개"",""view_type"":""파노라마뷰"",""size_sqm"":42,""breakfast"":true,""spa"":false,""pool"":false,""balcony"":false,""bathtub"":false,""pet_friendly"":false,""smoking"":false}","1","1","340000","프리미엄 스위트","전체 가상 시뮬레이션"
"R0190_1","H0190","2","2","{""bed_type"":""퀸베드 1개"",""view_type"":""시티뷰"",""size_sqm"":24,""breakfast"":false,""spa"":true,""pool"":false,""balcony"":true,""bathtub"":true,""pet_friendly"":true,""smoking"":true}","1","0","295000","스탠다드 더블","전체 가상 시뮬레이션"
"R0190_2","H0190","3","3","{""bed_type"":""싱글베드 2개"",""view_type"":""가든뷰"",""size_sqm"":33,""breakfast"":true,""spa"":false,""pool"":false,""balcony"":false,""bathtub"":false,""pet_friendly"":false,""smoking"":false}","1","1","320000","디럭스 트윈","전체 가상 시뮬레이션"
"R0190_3","H0190","4","4","{""bed_type"":""킹베드 1개"",""view_type"":""파노라마뷰"",""size_sqm"":42,""breakfast"":false,""spa"":false,""pool"":false,""balcony"":false,""bathtub"":false,""pet_friendly"":false,""smoking"":false}","1","1","345000","프리미엄 스위트","전체 가상 시뮬레이션"
"R0191_1","H0191","2","3","{""bed_type"":""퀸베드 1개"",""view_type"":""시티뷰"",""size_sqm"":24,""breakfast"":true,""spa"":false,""pool"":false,""balcony"":false,""bathtub"":false,""pet_friendly"":false,""smoking"":true}","1","1","300000","스탠다드 더블","전체 가상 시뮬레이션"
"R0191_2","H0191","3","4","{""bed_type"":""싱글베드 2개"",""view_type"":""가든뷰"",""size_sqm"":33,""breakfast"":false,""spa"":false,""pool"":false,""balcony"":false,""bathtub"":false,""pet_friendly"":false,""smoking"":false}","1","1","325000","디럭스 트윈","전체 가상 시뮬레이션"
"R0191_3","H0191","4","1","{""bed_type"":""킹베드 1개"",""view_type"":""파노라마뷰"",""size_sqm"":42,""breakfast"":true,""spa"":true,""pool"":true,""balcony"":true,""bathtub"":true,""pet_friendly"":false,""smoking"":false}","0","0","350000","프리미엄 스위트","전체 가상 시뮬레이션"
"R0192_1","H0192","2","4","{""bed_type"":""퀸베드 1개"",""view_type"":""시티뷰"",""size_sqm"":24,""breakfast"":false,""spa"":false,""pool"":false,""balcony"":false,""bathtub"":false,""pet_friendly"":false,""smoking"":true}","1","1","305000","스탠다드 더블","전체 가상 시뮬레이션"
"R0192_2","H0192","3","1","{""bed_type"":""싱글베드 2개"",""view_type"":""가든뷰"",""size_sqm"":33,""breakfast"":true,""spa"":true,""pool"":true,""balcony"":true,""bathtub"":true,""pet_friendly"":false,""smoking"":false}","0","0","330000","디럭스 트윈","전체 가상 시뮬레이션"
"R0192_3","H0192","4","2","{""bed_type"":""킹베드 1개"",""view_type"":""파노라마뷰"",""size_sqm"":42,""breakfast"":false,""spa"":false,""pool"":false,""balcony"":false,""bathtub"":false,""pet_friendly"":false,""smoking"":false}","1","1","355000","프리미엄 스위트","전체 가상 시뮬레이션"
"R0193_1","H0193","2","1","{""bed_type"":""퀸베드 1개"",""view_type"":""시티뷰"",""size_sqm"":24,""breakfast"":true,""spa"":true,""pool"":true,""balcony"":true,""bathtub"":true,""pet_friendly"":false,""smoking"":true}","0","0","70000","스탠다드 더블","전체 가상 시뮬레이션"
"R0193_2","H0193","3","2","{""bed_type"":""싱글베드 2개"",""view_type"":""가든뷰"",""size_sqm"":33,""breakfast"":false,""spa"":false,""pool"":false,""balcony"":false,""bathtub"":false,""pet_friendly"":false,""smoking"":false}","1","1","95000","디럭스 트윈","전체 가상 시뮬레이션"
"R0193_3","H0193","4","3","{""bed_type"":""킹베드 1개"",""view_type"":""파노라마뷰"",""size_sqm"":42,""breakfast"":true,""spa"":false,""pool"":false,""balcony"":false,""bathtub"":false,""pet_friendly"":false,""smoking"":false}","1","1","120000","프리미엄 스위트","전체 가상 시뮬레이션"
"R0194_1","H0194","2","2","{""bed_type"":""퀸베드 1개"",""view_type"":""시티뷰"",""size_sqm"":24,""breakfast"":false,""spa"":false,""pool"":false,""balcony"":false,""bathtub"":false,""pet_friendly"":false,""smoking"":true}","1","1","75000","스탠다드 더블","전체 가상 시뮬레이션"
"R0194_2","H0194","3","3","{""bed_type"":""싱글베드 2개"",""view_type"":""가든뷰"",""size_sqm"":33,""breakfast"":true,""spa"":false,""pool"":false,""balcony"":false,""bathtub"":false,""pet_friendly"":false,""smoking"":false}","1","1","100000","디럭스 트윈","전체 가상 시뮬레이션"
"R0194_3","H0194","4","4","{""bed_type"":""킹베드 1개"",""view_type"":""파노라마뷰"",""size_sqm"":42,""breakfast"":false,""spa"":true,""pool"":false,""balcony"":true,""bathtub"":true,""pet_friendly"":false,""smoking"":false}","1","0","125000","프리미엄 스위트","전체 가상 시뮬레이션"
"R0195_1","H0195","2","3","{""bed_type"":""퀸베드 1개"",""view_type"":""시티뷰"",""size_sqm"":24,""breakfast"":true,""spa"":false,""pool"":false,""balcony"":false,""bathtub"":false,""pet_friendly"":false,""smoking"":true}","1","1","80000","스탠다드 더블","전체 가상 시뮬레이션"
"R0195_2","H0195","3","4","{""bed_type"":""싱글베드 2개"",""view_type"":""가든뷰"",""size_sqm"":33,""breakfast"":false,""spa"":true,""pool"":false,""balcony"":true,""bathtub"":true,""pet_friendly"":false,""smoking"":false}","1","0","105000","디럭스 트윈","전체 가상 시뮬레이션"
"R0195_3","H0195","4","1","{""bed_type"":""킹베드 1개"",""view_type"":""파노라마뷰"",""size_sqm"":42,""breakfast"":true,""spa"":false,""pool"":true,""balcony"":false,""bathtub"":false,""pet_friendly"":true,""smoking"":false}","0","1","130000","프리미엄 스위트","전체 가상 시뮬레이션"
"R0196_1","H0196","2","4","{""bed_type"":""퀸베드 1개"",""view_type"":""시티뷰"",""size_sqm"":24,""breakfast"":false,""spa"":true,""pool"":false,""balcony"":true,""bathtub"":true,""pet_friendly"":false,""smoking"":true}","1","0","85000","스탠다드 더블","전체 가상 시뮬레이션"
"R0196_2","H0196","3","1","{""bed_type"":""싱글베드 2개"",""view_type"":""가든뷰"",""size_sqm"":33,""breakfast"":true,""spa"":false,""pool"":true,""balcony"":false,""bathtub"":false,""pet_friendly"":true,""smoking"":false}","0","1","110000","디럭스 트윈","전체 가상 시뮬레이션"
"R0196_3","H0196","4","2","{""bed_type"":""킹베드 1개"",""view_type"":""파노라마뷰"",""size_sqm"":42,""breakfast"":false,""spa"":false,""pool"":false,""balcony"":false,""bathtub"":false,""pet_friendly"":false,""smoking"":false}","1","1","135000","프리미엄 스위트","전체 가상 시뮬레이션"
"R0197_1","H0197","2","1","{""bed_type"":""퀸베드 1개"",""view_type"":""시티뷰"",""size_sqm"":24,""breakfast"":true,""spa"":false,""pool"":true,""balcony"":false,""bathtub"":false,""pet_friendly"":true,""smoking"":true}","0","1","90000","스탠다드 더블","전체 가상 시뮬레이션"
"R0197_2","H0197","3","2","{""bed_type"":""싱글베드 2개"",""view_type"":""가든뷰"",""size_sqm"":33,""breakfast"":false,""spa"":false,""pool"":false,""balcony"":false,""bathtub"":false,""pet_friendly"":false,""smoking"":false}","1","1","115000","디럭스 트윈","전체 가상 시뮬레이션"
"R0197_3","H0197","4","3","{""bed_type"":""킹베드 1개"",""view_type"":""파노라마뷰"",""size_sqm"":42,""breakfast"":true,""spa"":true,""pool"":false,""balcony"":true,""bathtub"":true,""pet_friendly"":false,""smoking"":false}","1","0","140000","프리미엄 스위트","전체 가상 시뮬레이션"
"R0198_1","H0198","2","2","{""bed_type"":""퀸베드 1개"",""view_type"":""시티뷰"",""size_sqm"":24,""breakfast"":false,""spa"":false,""pool"":false,""balcony"":false,""bathtub"":false,""pet_friendly"":false,""smoking"":true}","1","1","95000","스탠다드 더블","전체 가상 시뮬레이션"
"R0198_2","H0198","3","3","{""bed_type"":""싱글베드 2개"",""view_type"":""가든뷰"",""size_sqm"":33,""breakfast"":true,""spa"":true,""pool"":false,""balcony"":true,""bathtub"":true,""pet_friendly"":false,""smoking"":false}","1","0","120000","디럭스 트윈","전체 가상 시뮬레이션"
"R0198_3","H0198","4","4","{""bed_type"":""킹베드 1개"",""view_type"":""파노라마뷰"",""size_sqm"":42,""breakfast"":false,""spa"":false,""pool"":false,""balcony"":false,""bathtub"":false,""pet_friendly"":false,""smoking"":false}","1","1","145000","프리미엄 스위트","전체 가상 시뮬레이션"
"R0199_1","H0199","2","3","{""bed_type"":""퀸베드 1개"",""view_type"":""시티뷰"",""size_sqm"":24,""breakfast"":true,""spa"":true,""pool"":false,""balcony"":true,""bathtub"":true,""pet_friendly"":false,""smoking"":true}","1","0","100000","스탠다드 더블","전체 가상 시뮬레이션"
"R0199_2","H0199","3","4","{""bed_type"":""싱글베드 2개"",""view_type"":""가든뷰"",""size_sqm"":33,""breakfast"":false,""spa"":false,""pool"":false,""balcony"":false,""bathtub"":false,""pet_friendly"":false,""smoking"":false}","1","1","125000","디럭스 트윈","전체 가상 시뮬레이션"
"R0199_3","H0199","4","1","{""bed_type"":""킹베드 1개"",""view_type"":""파노라마뷰"",""size_sqm"":42,""breakfast"":true,""spa"":false,""pool"":true,""balcony"":false,""bathtub"":false,""pet_friendly"":false,""smoking"":false}","0","1","150000","프리미엄 스위트","전체 가상 시뮬레이션"
"R0200_1","H0200","2","4","{""bed_type"":""퀸베드 1개"",""view_type"":""시티뷰"",""size_sqm"":24,""breakfast"":false,""spa"":false,""pool"":false,""balcony"":false,""bathtub"":false,""pet_friendly"":false,""smoking"":true}","1","1","105000","스탠다드 더블","전체 가상 시뮬레이션"
"R0200_2","H0200","3","1","{""bed_type"":""싱글베드 2개"",""view_type"":""가든뷰"",""size_sqm"":33,""breakfast"":true,""spa"":false,""pool"":true,""balcony"":false,""bathtub"":false,""pet_friendly"":false,""smoking"":false}","0","1","130000","디럭스 트윈","전체 가상 시뮬레이션"
"R0200_3","H0200","4","2","{""bed_type"":""킹베드 1개"",""view_type"":""파노라마뷰"",""size_sqm"":42,""breakfast"":false,""spa"":true,""pool"":false,""balcony"":true,""bathtub"":true,""pet_friendly"":false,""smoking"":false}","1","0","155000","프리미엄 스위트","전체 가상 시뮬레이션"
"R0201_1","H0201","2","1","{""bed_type"":""퀸베드 1개"",""view_type"":""시티뷰"",""size_sqm"":24,""breakfast"":true,""spa"":false,""pool"":true,""balcony"":false,""bathtub"":false,""pet_friendly"":false,""smoking"":true}","0","1","110000","스탠다드 더블","전체 가상 시뮬레이션"
"R0201_2","H0201","3","2","{""bed_type"":""싱글베드 2개"",""view_type"":""가든뷰"",""size_sqm"":33,""breakfast"":false,""spa"":true,""pool"":false,""balcony"":true,""bathtub"":true,""pet_friendly"":false,""smoking"":false}","1","0","135000","디럭스 트윈","전체 가상 시뮬레이션"
"R0201_3","H0201","4","3","{""bed_type"":""킹베드 1개"",""view_type"":""파노라마뷰"",""size_sqm"":42,""breakfast"":true,""spa"":false,""pool"":false,""balcony"":false,""bathtub"":false,""pet_friendly"":false,""smoking"":false}","1","1","160000","프리미엄 스위트","전체 가상 시뮬레이션"
"R0202_1","H0202","2","2","{""bed_type"":""퀸베드 1개"",""view_type"":""시티뷰"",""size_sqm"":24,""breakfast"":false,""spa"":true,""pool"":false,""balcony"":true,""bathtub"":true,""pet_friendly"":false,""smoking"":true}","1","0","115000","스탠다드 더블","전체 가상 시뮬레이션"
"R0202_2","H0202","3","3","{""bed_type"":""싱글베드 2개"",""view_type"":""가든뷰"",""size_sqm"":33,""breakfast"":true,""spa"":false,""pool"":false,""balcony"":false,""bathtub"":false,""pet_friendly"":false,""smoking"":false}","1","1","140000","디럭스 트윈","전체 가상 시뮬레이션"
"R0202_3","H0202","4","4","{""bed_type"":""킹베드 1개"",""view_type"":""파노라마뷰"",""size_sqm"":42,""breakfast"":false,""spa"":false,""pool"":false,""balcony"":false,""bathtub"":false,""pet_friendly"":true,""smoking"":false}","1","1","165000","프리미엄 스위트","전체 가상 시뮬레이션"
"R0203_1","H0203","2","3","{""bed_type"":""퀸베드 1개"",""view_type"":""시티뷰"",""size_sqm"":24,""breakfast"":true,""spa"":false,""pool"":false,""balcony"":false,""bathtub"":false,""pet_friendly"":false,""smoking"":true}","1","1","120000","스탠다드 더블","전체 가상 시뮬레이션"
"R0203_2","H0203","3","4","{""bed_type"":""싱글베드 2개"",""view_type"":""가든뷰"",""size_sqm"":33,""breakfast"":false,""spa"":false,""pool"":false,""balcony"":false,""bathtub"":false,""pet_friendly"":true,""smoking"":false}","1","1","145000","디럭스 트윈","전체 가상 시뮬레이션"
"R0203_3","H0203","4","1","{""bed_type"":""킹베드 1개"",""view_type"":""파노라마뷰"",""size_sqm"":42,""breakfast"":true,""spa"":true,""pool"":true,""balcony"":true,""bathtub"":true,""pet_friendly"":false,""smoking"":false}","0","0","170000","프리미엄 스위트","전체 가상 시뮬레이션"
"R0204_1","H0204","2","4","{""bed_type"":""퀸베드 1개"",""view_type"":""시티뷰"",""size_sqm"":24,""breakfast"":false,""spa"":false,""pool"":false,""balcony"":false,""bathtub"":false,""pet_friendly"":true,""smoking"":true}","1","1","125000","스탠다드 더블","전체 가상 시뮬레이션"
"R0204_2","H0204","3","1","{""bed_type"":""싱글베드 2개"",""view_type"":""가든뷰"",""size_sqm"":33,""breakfast"":true,""spa"":true,""pool"":true,""balcony"":true,""bathtub"":true,""pet_friendly"":false,""smoking"":false}","0","0","150000","디럭스 트윈","전체 가상 시뮬레이션"
"R0204_3","H0204","4","2","{""bed_type"":""킹베드 1개"",""view_type"":""파노라마뷰"",""size_sqm"":42,""breakfast"":false,""spa"":false,""pool"":false,""balcony"":false,""bathtub"":false,""pet_friendly"":false,""smoking"":false}","1","1","175000","프리미엄 스위트","전체 가상 시뮬레이션"
"R0205_1","H0205","2","1","{""bed_type"":""퀸베드 1개"",""view_type"":""시티뷰"",""size_sqm"":24,""breakfast"":true,""spa"":true,""pool"":true,""balcony"":true,""bathtub"":true,""pet_friendly"":false,""smoking"":true}","0","0","130000","스탠다드 더블","전체 가상 시뮬레이션"
"R0205_2","H0205","3","2","{""bed_type"":""싱글베드 2개"",""view_type"":""가든뷰"",""size_sqm"":33,""breakfast"":false,""spa"":false,""pool"":false,""balcony"":false,""bathtub"":false,""pet_friendly"":false,""smoking"":false}","1","1","155000","디럭스 트윈","전체 가상 시뮬레이션"
"R0205_3","H0205","4","3","{""bed_type"":""킹베드 1개"",""view_type"":""파노라마뷰"",""size_sqm"":42,""breakfast"":true,""spa"":false,""pool"":false,""balcony"":false,""bathtub"":false,""pet_friendly"":false,""smoking"":false}","1","1","180000","프리미엄 스위트","전체 가상 시뮬레이션"
"R0206_1","H0206","2","2","{""bed_type"":""퀸베드 1개"",""view_type"":""시티뷰"",""size_sqm"":24,""breakfast"":false,""spa"":false,""pool"":false,""balcony"":false,""bathtub"":false,""pet_friendly"":false,""smoking"":true}","1","1","135000","스탠다드 더블","전체 가상 시뮬레이션"
"R0206_2","H0206","3","3","{""bed_type"":""싱글베드 2개"",""view_type"":""가든뷰"",""size_sqm"":33,""breakfast"":true,""spa"":false,""pool"":false,""balcony"":false,""bathtub"":false,""pet_friendly"":false,""smoking"":false}","1","1","160000","디럭스 트윈","전체 가상 시뮬레이션"
"R0206_3","H0206","4","4","{""bed_type"":""킹베드 1개"",""view_type"":""파노라마뷰"",""size_sqm"":42,""breakfast"":false,""spa"":true,""pool"":false,""balcony"":true,""bathtub"":true,""pet_friendly"":false,""smoking"":false}","1","0","185000","프리미엄 스위트","전체 가상 시뮬레이션"
"R0207_1","H0207","2","3","{""bed_type"":""퀸베드 1개"",""view_type"":""시티뷰"",""size_sqm"":24,""breakfast"":true,""spa"":false,""pool"":false,""balcony"":false,""bathtub"":false,""pet_friendly"":false,""smoking"":true}","1","1","140000","스탠다드 더블","전체 가상 시뮬레이션"
"R0207_2","H0207","3","4","{""bed_type"":""싱글베드 2개"",""view_type"":""가든뷰"",""size_sqm"":33,""breakfast"":false,""spa"":true,""pool"":false,""balcony"":true,""bathtub"":true,""pet_friendly"":false,""smoking"":false}","1","0","165000","디럭스 트윈","전체 가상 시뮬레이션"
"R0207_3","H0207","4","1","{""bed_type"":""킹베드 1개"",""view_type"":""파노라마뷰"",""size_sqm"":42,""breakfast"":true,""spa"":false,""pool"":true,""balcony"":false,""bathtub"":false,""pet_friendly"":false,""smoking"":false}","0","1","190000","프리미엄 스위트","전체 가상 시뮬레이션"
"R0208_1","H0208","2","4","{""bed_type"":""퀸베드 1개"",""view_type"":""시티뷰"",""size_sqm"":24,""breakfast"":false,""spa"":true,""pool"":false,""balcony"":true,""bathtub"":true,""pet_friendly"":false,""smoking"":true}","1","0","145000","스탠다드 더블","전체 가상 시뮬레이션"
"R0208_2","H0208","3","1","{""bed_type"":""싱글베드 2개"",""view_type"":""가든뷰"",""size_sqm"":33,""breakfast"":true,""spa"":false,""pool"":true,""balcony"":false,""bathtub"":false,""pet_friendly"":false,""smoking"":false}","0","1","170000","디럭스 트윈","전체 가상 시뮬레이션"
"R0208_3","H0208","4","2","{""bed_type"":""킹베드 1개"",""view_type"":""파노라마뷰"",""size_sqm"":42,""breakfast"":false,""spa"":false,""pool"":false,""balcony"":false,""bathtub"":false,""pet_friendly"":false,""smoking"":false}","1","1","195000","프리미엄 스위트","전체 가상 시뮬레이션"
"R0209_1","H0209","2","1","{""bed_type"":""퀸베드 1개"",""view_type"":""시티뷰"",""size_sqm"":24,""breakfast"":true,""spa"":false,""pool"":true,""balcony"":false,""bathtub"":false,""pet_friendly"":false,""smoking"":true}","0","1","150000","스탠다드 더블","전체 가상 시뮬레이션"
"R0209_2","H0209","3","2","{""bed_type"":""싱글베드 2개"",""view_type"":""가든뷰"",""size_sqm"":33,""breakfast"":false,""spa"":false,""pool"":false,""balcony"":false,""bathtub"":false,""pet_friendly"":false,""smoking"":false}","1","1","175000","디럭스 트윈","전체 가상 시뮬레이션"
"R0209_3","H0209","4","3","{""bed_type"":""킹베드 1개"",""view_type"":""파노라마뷰"",""size_sqm"":42,""breakfast"":true,""spa"":true,""pool"":false,""balcony"":true,""bathtub"":true,""pet_friendly"":true,""smoking"":false}","1","0","200000","프리미엄 스위트","전체 가상 시뮬레이션"
"R0210_1","H0210","2","2","{""bed_type"":""퀸베드 1개"",""view_type"":""시티뷰"",""size_sqm"":24,""breakfast"":false,""spa"":false,""pool"":false,""balcony"":false,""bathtub"":false,""pet_friendly"":false,""smoking"":true}","1","1","155000","스탠다드 더블","전체 가상 시뮬레이션"
"R0210_2","H0210","3","3","{""bed_type"":""싱글베드 2개"",""view_type"":""가든뷰"",""size_sqm"":33,""breakfast"":true,""spa"":true,""pool"":false,""balcony"":true,""bathtub"":true,""pet_friendly"":true,""smoking"":false}","1","0","180000","디럭스 트윈","전체 가상 시뮬레이션"
"R0210_3","H0210","4","4","{""bed_type"":""킹베드 1개"",""view_type"":""파노라마뷰"",""size_sqm"":42,""breakfast"":false,""spa"":false,""pool"":false,""balcony"":false,""bathtub"":false,""pet_friendly"":false,""smoking"":false}","1","1","205000","프리미엄 스위트","전체 가상 시뮬레이션"
"R0211_1","H0211","2","3","{""bed_type"":""퀸베드 1개"",""view_type"":""시티뷰"",""size_sqm"":24,""breakfast"":true,""spa"":true,""pool"":false,""balcony"":true,""bathtub"":true,""pet_friendly"":true,""smoking"":true}","1","0","160000","스탠다드 더블","전체 가상 시뮬레이션"
"R0211_2","H0211","3","4","{""bed_type"":""싱글베드 2개"",""view_type"":""가든뷰"",""size_sqm"":33,""breakfast"":false,""spa"":false,""pool"":false,""balcony"":false,""bathtub"":false,""pet_friendly"":false,""smoking"":false}","1","1","185000","디럭스 트윈","전체 가상 시뮬레이션"
"R0211_3","H0211","4","1","{""bed_type"":""킹베드 1개"",""view_type"":""파노라마뷰"",""size_sqm"":42,""breakfast"":true,""spa"":false,""pool"":true,""balcony"":false,""bathtub"":false,""pet_friendly"":false,""smoking"":false}","0","1","210000","프리미엄 스위트","전체 가상 시뮬레이션"
"R0212_1","H0212","2","4","{""bed_type"":""퀸베드 1개"",""view_type"":""시티뷰"",""size_sqm"":24,""breakfast"":false,""spa"":false,""pool"":false,""balcony"":false,""bathtub"":false,""pet_friendly"":false,""smoking"":true}","1","1","165000","스탠다드 더블","전체 가상 시뮬레이션"
"R0212_2","H0212","3","1","{""bed_type"":""싱글베드 2개"",""view_type"":""가든뷰"",""size_sqm"":33,""breakfast"":true,""spa"":false,""pool"":true,""balcony"":false,""bathtub"":false,""pet_friendly"":false,""smoking"":false}","0","1","190000","디럭스 트윈","전체 가상 시뮬레이션"
"R0212_3","H0212","4","2","{""bed_type"":""킹베드 1개"",""view_type"":""파노라마뷰"",""size_sqm"":42,""breakfast"":false,""spa"":true,""pool"":false,""balcony"":true,""bathtub"":true,""pet_friendly"":false,""smoking"":false}","1","0","215000","프리미엄 스위트","전체 가상 시뮬레이션"
"R0213_1","H0213","2","1","{""bed_type"":""퀸베드 1개"",""view_type"":""시티뷰"",""size_sqm"":24,""breakfast"":true,""spa"":false,""pool"":true,""balcony"":false,""bathtub"":false,""pet_friendly"":false,""smoking"":true}","0","1","170000","스탠다드 더블","전체 가상 시뮬레이션"
"R0213_2","H0213","3","2","{""bed_type"":""싱글베드 2개"",""view_type"":""가든뷰"",""size_sqm"":33,""breakfast"":false,""spa"":true,""pool"":false,""balcony"":true,""bathtub"":true,""pet_friendly"":false,""smoking"":false}","1","0","195000","디럭스 트윈","전체 가상 시뮬레이션"
"R0213_3","H0213","4","3","{""bed_type"":""킹베드 1개"",""view_type"":""파노라마뷰"",""size_sqm"":42,""breakfast"":true,""spa"":false,""pool"":false,""balcony"":false,""bathtub"":false,""pet_friendly"":false,""smoking"":false}","1","1","220000","프리미엄 스위트","전체 가상 시뮬레이션"
"R0214_1","H0214","2","2","{""bed_type"":""퀸베드 1개"",""view_type"":""시티뷰"",""size_sqm"":24,""breakfast"":false,""spa"":true,""pool"":false,""balcony"":true,""bathtub"":true,""pet_friendly"":false,""smoking"":true}","1","0","175000","스탠다드 더블","전체 가상 시뮬레이션"
"R0214_2","H0214","3","3","{""bed_type"":""싱글베드 2개"",""view_type"":""가든뷰"",""size_sqm"":33,""breakfast"":true,""spa"":false,""pool"":false,""balcony"":false,""bathtub"":false,""pet_friendly"":false,""smoking"":false}","1","1","200000","디럭스 트윈","전체 가상 시뮬레이션"
"R0214_3","H0214","4","4","{""bed_type"":""킹베드 1개"",""view_type"":""파노라마뷰"",""size_sqm"":42,""breakfast"":false,""spa"":false,""pool"":false,""balcony"":false,""bathtub"":false,""pet_friendly"":false,""smoking"":false}","1","1","225000","프리미엄 스위트","전체 가상 시뮬레이션"
"R0215_1","H0215","2","3","{""bed_type"":""퀸베드 1개"",""view_type"":""시티뷰"",""size_sqm"":24,""breakfast"":true,""spa"":false,""pool"":false,""balcony"":false,""bathtub"":false,""pet_friendly"":false,""smoking"":true}","1","1","180000","스탠다드 더블","전체 가상 시뮬레이션"
"R0215_2","H0215","3","4","{""bed_type"":""싱글베드 2개"",""view_type"":""가든뷰"",""size_sqm"":33,""breakfast"":false,""spa"":false,""pool"":false,""balcony"":false,""bathtub"":false,""pet_friendly"":false,""smoking"":false}","1","1","205000","디럭스 트윈","전체 가상 시뮬레이션"
"R0215_3","H0215","4","1","{""bed_type"":""킹베드 1개"",""view_type"":""파노라마뷰"",""size_sqm"":42,""breakfast"":true,""spa"":true,""pool"":true,""balcony"":true,""bathtub"":true,""pet_friendly"":false,""smoking"":false}","0","0","230000","프리미엄 스위트","전체 가상 시뮬레이션"
"R0216_1","H0216","2","4","{""bed_type"":""퀸베드 1개"",""view_type"":""시티뷰"",""size_sqm"":24,""breakfast"":false,""spa"":false,""pool"":false,""balcony"":false,""bathtub"":false,""pet_friendly"":false,""smoking"":true}","1","1","185000","스탠다드 더블","전체 가상 시뮬레이션"
"R0216_2","H0216","3","1","{""bed_type"":""싱글베드 2개"",""view_type"":""가든뷰"",""size_sqm"":33,""breakfast"":true,""spa"":true,""pool"":true,""balcony"":true,""bathtub"":true,""pet_friendly"":false,""smoking"":false}","0","0","210000","디럭스 트윈","전체 가상 시뮬레이션"
"R0216_3","H0216","4","2","{""bed_type"":""킹베드 1개"",""view_type"":""파노라마뷰"",""size_sqm"":42,""breakfast"":false,""spa"":false,""pool"":false,""balcony"":false,""bathtub"":false,""pet_friendly"":true,""smoking"":false}","1","1","235000","프리미엄 스위트","전체 가상 시뮬레이션"
"R0217_1","H0217","2","1","{""bed_type"":""퀸베드 1개"",""view_type"":""시티뷰"",""size_sqm"":24,""breakfast"":true,""spa"":true,""pool"":true,""balcony"":true,""bathtub"":true,""pet_friendly"":false,""smoking"":true}","0","0","190000","스탠다드 더블","전체 가상 시뮬레이션"
"R0217_2","H0217","3","2","{""bed_type"":""싱글베드 2개"",""view_type"":""가든뷰"",""size_sqm"":33,""breakfast"":false,""spa"":false,""pool"":false,""balcony"":false,""bathtub"":false,""pet_friendly"":true,""smoking"":false}","1","1","215000","디럭스 트윈","전체 가상 시뮬레이션"
"R0217_3","H0217","4","3","{""bed_type"":""킹베드 1개"",""view_type"":""파노라마뷰"",""size_sqm"":42,""breakfast"":true,""spa"":false,""pool"":false,""balcony"":false,""bathtub"":false,""pet_friendly"":false,""smoking"":false}","1","1","240000","프리미엄 스위트","전체 가상 시뮬레이션"
"R0218_1","H0218","2","2","{""bed_type"":""퀸베드 1개"",""view_type"":""시티뷰"",""size_sqm"":24,""breakfast"":false,""spa"":false,""pool"":false,""balcony"":false,""bathtub"":false,""pet_friendly"":true,""smoking"":true}","1","1","195000","스탠다드 더블","전체 가상 시뮬레이션"
"R0218_2","H0218","3","3","{""bed_type"":""싱글베드 2개"",""view_type"":""가든뷰"",""size_sqm"":33,""breakfast"":true,""spa"":false,""pool"":false,""balcony"":false,""bathtub"":false,""pet_friendly"":false,""smoking"":false}","1","1","220000","디럭스 트윈","전체 가상 시뮬레이션"
"R0218_3","H0218","4","4","{""bed_type"":""킹베드 1개"",""view_type"":""파노라마뷰"",""size_sqm"":42,""breakfast"":false,""spa"":true,""pool"":false,""balcony"":true,""bathtub"":true,""pet_friendly"":false,""smoking"":false}","1","0","245000","프리미엄 스위트","전체 가상 시뮬레이션"
"R0219_1","H0219","2","3","{""bed_type"":""퀸베드 1개"",""view_type"":""시티뷰"",""size_sqm"":24,""breakfast"":true,""spa"":false,""pool"":false,""balcony"":false,""bathtub"":false,""pet_friendly"":false,""smoking"":true}","1","1","200000","스탠다드 더블","전체 가상 시뮬레이션"
"R0219_2","H0219","3","4","{""bed_type"":""싱글베드 2개"",""view_type"":""가든뷰"",""size_sqm"":33,""breakfast"":false,""spa"":true,""pool"":false,""balcony"":true,""bathtub"":true,""pet_friendly"":false,""smoking"":false}","1","0","225000","디럭스 트윈","전체 가상 시뮬레이션"
"R0219_3","H0219","4","1","{""bed_type"":""킹베드 1개"",""view_type"":""파노라마뷰"",""size_sqm"":42,""breakfast"":true,""spa"":false,""pool"":true,""balcony"":false,""bathtub"":false,""pet_friendly"":false,""smoking"":false}","0","1","250000","프리미엄 스위트","전체 가상 시뮬레이션"
"R0220_1","H0220","2","4","{""bed_type"":""퀸베드 1개"",""view_type"":""시티뷰"",""size_sqm"":24,""breakfast"":false,""spa"":true,""pool"":false,""balcony"":true,""bathtub"":true,""pet_friendly"":false,""smoking"":true}","1","0","205000","스탠다드 더블","전체 가상 시뮬레이션"
"R0220_2","H0220","3","1","{""bed_type"":""싱글베드 2개"",""view_type"":""가든뷰"",""size_sqm"":33,""breakfast"":true,""spa"":false,""pool"":true,""balcony"":false,""bathtub"":false,""pet_friendly"":false,""smoking"":false}","0","1","230000","디럭스 트윈","전체 가상 시뮬레이션"
"R0220_3","H0220","4","2","{""bed_type"":""킹베드 1개"",""view_type"":""파노라마뷰"",""size_sqm"":42,""breakfast"":false,""spa"":false,""pool"":false,""balcony"":false,""bathtub"":false,""pet_friendly"":false,""smoking"":false}","1","1","255000","프리미엄 스위트","전체 가상 시뮬레이션"
"R0221_1","H0221","2","1","{""bed_type"":""퀸베드 1개"",""view_type"":""시티뷰"",""size_sqm"":24,""breakfast"":true,""spa"":false,""pool"":true,""balcony"":false,""bathtub"":false,""pet_friendly"":false,""smoking"":true}","0","1","210000","스탠다드 더블","전체 가상 시뮬레이션"
"R0221_2","H0221","3","2","{""bed_type"":""싱글베드 2개"",""view_type"":""가든뷰"",""size_sqm"":33,""breakfast"":false,""spa"":false,""pool"":false,""balcony"":false,""bathtub"":false,""pet_friendly"":false,""smoking"":false}","1","1","235000","디럭스 트윈","전체 가상 시뮬레이션"
"R0221_3","H0221","4","3","{""bed_type"":""킹베드 1개"",""view_type"":""파노라마뷰"",""size_sqm"":42,""breakfast"":true,""spa"":true,""pool"":false,""balcony"":true,""bathtub"":true,""pet_friendly"":false,""smoking"":false}","1","0","260000","프리미엄 스위트","전체 가상 시뮬레이션"
"R0222_1","H0222","2","2","{""bed_type"":""퀸베드 1개"",""view_type"":""시티뷰"",""size_sqm"":24,""breakfast"":false,""spa"":false,""pool"":false,""balcony"":false,""bathtub"":false,""pet_friendly"":false,""smoking"":true}","1","1","215000","스탠다드 더블","전체 가상 시뮬레이션"
"R0222_2","H0222","3","3","{""bed_type"":""싱글베드 2개"",""view_type"":""가든뷰"",""size_sqm"":33,""breakfast"":true,""spa"":true,""pool"":false,""balcony"":true,""bathtub"":true,""pet_friendly"":false,""smoking"":false}","1","0","240000","디럭스 트윈","전체 가상 시뮬레이션"
"R0222_3","H0222","4","4","{""bed_type"":""킹베드 1개"",""view_type"":""파노라마뷰"",""size_sqm"":42,""breakfast"":false,""spa"":false,""pool"":false,""balcony"":false,""bathtub"":false,""pet_friendly"":false,""smoking"":false}","1","1","265000","프리미엄 스위트","전체 가상 시뮬레이션"
"R0223_1","H0223","2","3","{""bed_type"":""퀸베드 1개"",""view_type"":""시티뷰"",""size_sqm"":24,""breakfast"":true,""spa"":true,""pool"":false,""balcony"":true,""bathtub"":true,""pet_friendly"":false,""smoking"":true}","1","0","220000","스탠다드 더블","전체 가상 시뮬레이션"
"R0223_2","H0223","3","4","{""bed_type"":""싱글베드 2개"",""view_type"":""가든뷰"",""size_sqm"":33,""breakfast"":false,""spa"":false,""pool"":false,""balcony"":false,""bathtub"":false,""pet_friendly"":false,""smoking"":false}","1","1","245000","디럭스 트윈","전체 가상 시뮬레이션"
"R0223_3","H0223","4","1","{""bed_type"":""킹베드 1개"",""view_type"":""파노라마뷰"",""size_sqm"":42,""breakfast"":true,""spa"":false,""pool"":true,""balcony"":false,""bathtub"":false,""pet_friendly"":true,""smoking"":false}","0","1","270000","프리미엄 스위트","전체 가상 시뮬레이션"
"R0224_1","H0224","2","4","{""bed_type"":""퀸베드 1개"",""view_type"":""시티뷰"",""size_sqm"":24,""breakfast"":false,""spa"":false,""pool"":false,""balcony"":false,""bathtub"":false,""pet_friendly"":false,""smoking"":true}","1","1","225000","스탠다드 더블","전체 가상 시뮬레이션"
"R0224_2","H0224","3","1","{""bed_type"":""싱글베드 2개"",""view_type"":""가든뷰"",""size_sqm"":33,""breakfast"":true,""spa"":false,""pool"":true,""balcony"":false,""bathtub"":false,""pet_friendly"":true,""smoking"":false}","0","1","250000","디럭스 트윈","전체 가상 시뮬레이션"
"R0224_3","H0224","4","2","{""bed_type"":""킹베드 1개"",""view_type"":""파노라마뷰"",""size_sqm"":42,""breakfast"":false,""spa"":true,""pool"":false,""balcony"":true,""bathtub"":true,""pet_friendly"":false,""smoking"":false}","1","0","275000","프리미엄 스위트","전체 가상 시뮬레이션"
"R0225_1","H0225","2","1","{""bed_type"":""퀸베드 1개"",""view_type"":""시티뷰"",""size_sqm"":24,""breakfast"":true,""spa"":false,""pool"":true,""balcony"":false,""bathtub"":false,""pet_friendly"":true,""smoking"":true}","0","1","230000","스탠다드 더블","전체 가상 시뮬레이션"
"R0225_2","H0225","3","2","{""bed_type"":""싱글베드 2개"",""view_type"":""가든뷰"",""size_sqm"":33,""breakfast"":false,""spa"":true,""pool"":false,""balcony"":true,""bathtub"":true,""pet_friendly"":false,""smoking"":false}","1","0","255000","디럭스 트윈","전체 가상 시뮬레이션"
"R0225_3","H0225","4","3","{""bed_type"":""킹베드 1개"",""view_type"":""파노라마뷰"",""size_sqm"":42,""breakfast"":true,""spa"":false,""pool"":false,""balcony"":false,""bathtub"":false,""pet_friendly"":false,""smoking"":false}","1","1","280000","프리미엄 스위트","전체 가상 시뮬레이션"
"R0226_1","H0226","2","2","{""bed_type"":""퀸베드 1개"",""view_type"":""시티뷰"",""size_sqm"":24,""breakfast"":false,""spa"":true,""pool"":false,""balcony"":true,""bathtub"":true,""pet_friendly"":false,""smoking"":true}","1","0","235000","스탠다드 더블","전체 가상 시뮬레이션"
"R0226_2","H0226","3","3","{""bed_type"":""싱글베드 2개"",""view_type"":""가든뷰"",""size_sqm"":33,""breakfast"":true,""spa"":false,""pool"":false,""balcony"":false,""bathtub"":false,""pet_friendly"":false,""smoking"":false}","1","1","260000","디럭스 트윈","전체 가상 시뮬레이션"
"R0226_3","H0226","4","4","{""bed_type"":""킹베드 1개"",""view_type"":""파노라마뷰"",""size_sqm"":42,""breakfast"":false,""spa"":false,""pool"":false,""balcony"":false,""bathtub"":false,""pet_friendly"":false,""smoking"":false}","1","1","285000","프리미엄 스위트","전체 가상 시뮬레이션"
"R0227_1","H0227","2","3","{""bed_type"":""퀸베드 1개"",""view_type"":""시티뷰"",""size_sqm"":24,""breakfast"":true,""spa"":false,""pool"":false,""balcony"":false,""bathtub"":false,""pet_friendly"":false,""smoking"":true}","1","1","240000","스탠다드 더블","전체 가상 시뮬레이션"
"R0227_2","H0227","3","4","{""bed_type"":""싱글베드 2개"",""view_type"":""가든뷰"",""size_sqm"":33,""breakfast"":false,""spa"":false,""pool"":false,""balcony"":false,""bathtub"":false,""pet_friendly"":false,""smoking"":false}","1","1","265000","디럭스 트윈","전체 가상 시뮬레이션"
"R0227_3","H0227","4","1","{""bed_type"":""킹베드 1개"",""view_type"":""파노라마뷰"",""size_sqm"":42,""breakfast"":true,""spa"":true,""pool"":true,""balcony"":true,""bathtub"":true,""pet_friendly"":false,""smoking"":false}","0","0","290000","프리미엄 스위트","전체 가상 시뮬레이션"
"R0228_1","H0228","2","4","{""bed_type"":""퀸베드 1개"",""view_type"":""시티뷰"",""size_sqm"":24,""breakfast"":false,""spa"":false,""pool"":false,""balcony"":false,""bathtub"":false,""pet_friendly"":false,""smoking"":true}","1","1","245000","스탠다드 더블","전체 가상 시뮬레이션"
"R0228_2","H0228","3","1","{""bed_type"":""싱글베드 2개"",""view_type"":""가든뷰"",""size_sqm"":33,""breakfast"":true,""spa"":true,""pool"":true,""balcony"":true,""bathtub"":true,""pet_friendly"":false,""smoking"":false}","0","0","270000","디럭스 트윈","전체 가상 시뮬레이션"
"R0228_3","H0228","4","2","{""bed_type"":""킹베드 1개"",""view_type"":""파노라마뷰"",""size_sqm"":42,""breakfast"":false,""spa"":false,""pool"":false,""balcony"":false,""bathtub"":false,""pet_friendly"":false,""smoking"":false}","1","1","295000","프리미엄 스위트","전체 가상 시뮬레이션"
"R0229_1","H0229","2","1","{""bed_type"":""퀸베드 1개"",""view_type"":""시티뷰"",""size_sqm"":24,""breakfast"":true,""spa"":true,""pool"":true,""balcony"":true,""bathtub"":true,""pet_friendly"":false,""smoking"":true}","0","0","250000","스탠다드 더블","전체 가상 시뮬레이션"
"R0229_2","H0229","3","2","{""bed_type"":""싱글베드 2개"",""view_type"":""가든뷰"",""size_sqm"":33,""breakfast"":false,""spa"":false,""pool"":false,""balcony"":false,""bathtub"":false,""pet_friendly"":false,""smoking"":false}","1","1","275000","디럭스 트윈","전체 가상 시뮬레이션"
"R0229_3","H0229","4","3","{""bed_type"":""킹베드 1개"",""view_type"":""파노라마뷰"",""size_sqm"":42,""breakfast"":true,""spa"":false,""pool"":false,""balcony"":false,""bathtub"":false,""pet_friendly"":false,""smoking"":false}","1","1","300000","프리미엄 스위트","전체 가상 시뮬레이션"
"R0230_1","H0230","2","2","{""bed_type"":""퀸베드 1개"",""view_type"":""시티뷰"",""size_sqm"":24,""breakfast"":false,""spa"":false,""pool"":false,""balcony"":false,""bathtub"":false,""pet_friendly"":false,""smoking"":true}","1","1","255000","스탠다드 더블","전체 가상 시뮬레이션"
"R0230_2","H0230","3","3","{""bed_type"":""싱글베드 2개"",""view_type"":""가든뷰"",""size_sqm"":33,""breakfast"":true,""spa"":false,""pool"":false,""balcony"":false,""bathtub"":false,""pet_friendly"":false,""smoking"":false}","1","1","280000","디럭스 트윈","전체 가상 시뮬레이션"
"R0230_3","H0230","4","4","{""bed_type"":""킹베드 1개"",""view_type"":""파노라마뷰"",""size_sqm"":42,""breakfast"":false,""spa"":true,""pool"":false,""balcony"":true,""bathtub"":true,""pet_friendly"":true,""smoking"":false}","1","0","305000","프리미엄 스위트","전체 가상 시뮬레이션"
"R0231_1","H0231","2","3","{""bed_type"":""퀸베드 1개"",""view_type"":""시티뷰"",""size_sqm"":24,""breakfast"":true,""spa"":false,""pool"":false,""balcony"":false,""bathtub"":false,""pet_friendly"":false,""smoking"":true}","1","1","260000","스탠다드 더블","전체 가상 시뮬레이션"
"R0231_2","H0231","3","4","{""bed_type"":""싱글베드 2개"",""view_type"":""가든뷰"",""size_sqm"":33,""breakfast"":false,""spa"":true,""pool"":false,""balcony"":true,""bathtub"":true,""pet_friendly"":true,""smoking"":false}","1","0","285000","디럭스 트윈","전체 가상 시뮬레이션"
"R0231_3","H0231","4","1","{""bed_type"":""킹베드 1개"",""view_type"":""파노라마뷰"",""size_sqm"":42,""breakfast"":true,""spa"":false,""pool"":true,""balcony"":false,""bathtub"":false,""pet_friendly"":false,""smoking"":false}","0","1","310000","프리미엄 스위트","전체 가상 시뮬레이션"
"R0232_1","H0232","2","4","{""bed_type"":""퀸베드 1개"",""view_type"":""시티뷰"",""size_sqm"":24,""breakfast"":false,""spa"":true,""pool"":false,""balcony"":true,""bathtub"":true,""pet_friendly"":true,""smoking"":true}","1","0","265000","스탠다드 더블","전체 가상 시뮬레이션"
"R0232_2","H0232","3","1","{""bed_type"":""싱글베드 2개"",""view_type"":""가든뷰"",""size_sqm"":33,""breakfast"":true,""spa"":false,""pool"":true,""balcony"":false,""bathtub"":false,""pet_friendly"":false,""smoking"":false}","0","1","290000","디럭스 트윈","전체 가상 시뮬레이션"
"R0232_3","H0232","4","2","{""bed_type"":""킹베드 1개"",""view_type"":""파노라마뷰"",""size_sqm"":42,""breakfast"":false,""spa"":false,""pool"":false,""balcony"":false,""bathtub"":false,""pet_friendly"":false,""smoking"":false}","1","1","315000","프리미엄 스위트","전체 가상 시뮬레이션"
"R0233_1","H0233","2","1","{""bed_type"":""퀸베드 1개"",""view_type"":""시티뷰"",""size_sqm"":24,""breakfast"":true,""spa"":false,""pool"":true,""balcony"":false,""bathtub"":false,""pet_friendly"":false,""smoking"":true}","0","1","270000","스탠다드 더블","전체 가상 시뮬레이션"
"R0233_2","H0233","3","2","{""bed_type"":""싱글베드 2개"",""view_type"":""가든뷰"",""size_sqm"":33,""breakfast"":false,""spa"":false,""pool"":false,""balcony"":false,""bathtub"":false,""pet_friendly"":false,""smoking"":false}","1","1","295000","디럭스 트윈","전체 가상 시뮬레이션"
"R0233_3","H0233","4","3","{""bed_type"":""킹베드 1개"",""view_type"":""파노라마뷰"",""size_sqm"":42,""breakfast"":true,""spa"":true,""pool"":false,""balcony"":true,""bathtub"":true,""pet_friendly"":false,""smoking"":false}","1","0","320000","프리미엄 스위트","전체 가상 시뮬레이션"
"R0234_1","H0234","2","2","{""bed_type"":""퀸베드 1개"",""view_type"":""시티뷰"",""size_sqm"":24,""breakfast"":false,""spa"":false,""pool"":false,""balcony"":false,""bathtub"":false,""pet_friendly"":false,""smoking"":true}","1","1","275000","스탠다드 더블","전체 가상 시뮬레이션"
"R0234_2","H0234","3","3","{""bed_type"":""싱글베드 2개"",""view_type"":""가든뷰"",""size_sqm"":33,""breakfast"":true,""spa"":true,""pool"":false,""balcony"":true,""bathtub"":true,""pet_friendly"":false,""smoking"":false}","1","0","300000","디럭스 트윈","전체 가상 시뮬레이션"
"R0234_3","H0234","4","4","{""bed_type"":""킹베드 1개"",""view_type"":""파노라마뷰"",""size_sqm"":42,""breakfast"":false,""spa"":false,""pool"":false,""balcony"":false,""bathtub"":false,""pet_friendly"":false,""smoking"":false}","1","1","325000","프리미엄 스위트","전체 가상 시뮬레이션"
"R0235_1","H0235","2","3","{""bed_type"":""퀸베드 1개"",""view_type"":""시티뷰"",""size_sqm"":24,""breakfast"":true,""spa"":true,""pool"":false,""balcony"":true,""bathtub"":true,""pet_friendly"":false,""smoking"":true}","1","0","280000","스탠다드 더블","전체 가상 시뮬레이션"
"R0235_2","H0235","3","4","{""bed_type"":""싱글베드 2개"",""view_type"":""가든뷰"",""size_sqm"":33,""breakfast"":false,""spa"":false,""pool"":false,""balcony"":false,""bathtub"":false,""pet_friendly"":false,""smoking"":false}","1","1","305000","디럭스 트윈","전체 가상 시뮬레이션"
"R0235_3","H0235","4","1","{""bed_type"":""킹베드 1개"",""view_type"":""파노라마뷰"",""size_sqm"":42,""breakfast"":true,""spa"":false,""pool"":true,""balcony"":false,""bathtub"":false,""pet_friendly"":false,""smoking"":false}","0","1","330000","프리미엄 스위트","전체 가상 시뮬레이션"
"R0236_1","H0236","2","4","{""bed_type"":""퀸베드 1개"",""view_type"":""시티뷰"",""size_sqm"":24,""breakfast"":false,""spa"":false,""pool"":false,""balcony"":false,""bathtub"":false,""pet_friendly"":false,""smoking"":true}","1","1","285000","스탠다드 더블","전체 가상 시뮬레이션"
"R0236_2","H0236","3","1","{""bed_type"":""싱글베드 2개"",""view_type"":""가든뷰"",""size_sqm"":33,""breakfast"":true,""spa"":false,""pool"":true,""balcony"":false,""bathtub"":false,""pet_friendly"":false,""smoking"":false}","0","1","310000","디럭스 트윈","전체 가상 시뮬레이션"
"R0236_3","H0236","4","2","{""bed_type"":""킹베드 1개"",""view_type"":""파노라마뷰"",""size_sqm"":42,""breakfast"":false,""spa"":true,""pool"":false,""balcony"":true,""bathtub"":true,""pet_friendly"":false,""smoking"":false}","1","0","335000","프리미엄 스위트","전체 가상 시뮬레이션"
"R0237_1","H0237","2","1","{""bed_type"":""퀸베드 1개"",""view_type"":""시티뷰"",""size_sqm"":24,""breakfast"":true,""spa"":false,""pool"":true,""balcony"":false,""bathtub"":false,""pet_friendly"":false,""smoking"":true}","0","1","290000","스탠다드 더블","전체 가상 시뮬레이션"
"R0237_2","H0237","3","2","{""bed_type"":""싱글베드 2개"",""view_type"":""가든뷰"",""size_sqm"":33,""breakfast"":false,""spa"":true,""pool"":false,""balcony"":true,""bathtub"":true,""pet_friendly"":false,""smoking"":false}","1","0","315000","디럭스 트윈","전체 가상 시뮬레이션"
"R0237_3","H0237","4","3","{""bed_type"":""킹베드 1개"",""view_type"":""파노라마뷰"",""size_sqm"":42,""breakfast"":true,""spa"":false,""pool"":false,""balcony"":false,""bathtub"":false,""pet_friendly"":true,""smoking"":false}","1","1","340000","프리미엄 스위트","전체 가상 시뮬레이션"
"R0238_1","H0238","2","2","{""bed_type"":""퀸베드 1개"",""view_type"":""시티뷰"",""size_sqm"":24,""breakfast"":false,""spa"":true,""pool"":false,""balcony"":true,""bathtub"":true,""pet_friendly"":false,""smoking"":true}","1","0","295000","스탠다드 더블","전체 가상 시뮬레이션"
"R0238_2","H0238","3","3","{""bed_type"":""싱글베드 2개"",""view_type"":""가든뷰"",""size_sqm"":33,""breakfast"":true,""spa"":false,""pool"":false,""balcony"":false,""bathtub"":false,""pet_friendly"":true,""smoking"":false}","1","1","320000","디럭스 트윈","전체 가상 시뮬레이션"
"R0238_3","H0238","4","4","{""bed_type"":""킹베드 1개"",""view_type"":""파노라마뷰"",""size_sqm"":42,""breakfast"":false,""spa"":false,""pool"":false,""balcony"":false,""bathtub"":false,""pet_friendly"":false,""smoking"":false}","1","1","345000","프리미엄 스위트","전체 가상 시뮬레이션"
"R0239_1","H0239","2","3","{""bed_type"":""퀸베드 1개"",""view_type"":""시티뷰"",""size_sqm"":24,""breakfast"":true,""spa"":false,""pool"":false,""balcony"":false,""bathtub"":false,""pet_friendly"":true,""smoking"":true}","1","1","300000","스탠다드 더블","전체 가상 시뮬레이션"
"R0239_2","H0239","3","4","{""bed_type"":""싱글베드 2개"",""view_type"":""가든뷰"",""size_sqm"":33,""breakfast"":false,""spa"":false,""pool"":false,""balcony"":false,""bathtub"":false,""pet_friendly"":false,""smoking"":false}","1","1","325000","디럭스 트윈","전체 가상 시뮬레이션"
"R0239_3","H0239","4","1","{""bed_type"":""킹베드 1개"",""view_type"":""파노라마뷰"",""size_sqm"":42,""breakfast"":true,""spa"":true,""pool"":true,""balcony"":true,""bathtub"":true,""pet_friendly"":false,""smoking"":false}","0","0","350000","프리미엄 스위트","전체 가상 시뮬레이션"
"R0240_1","H0240","2","4","{""bed_type"":""퀸베드 1개"",""view_type"":""시티뷰"",""size_sqm"":24,""breakfast"":false,""spa"":false,""pool"":false,""balcony"":false,""bathtub"":false,""pet_friendly"":false,""smoking"":true}","1","1","305000","스탠다드 더블","전체 가상 시뮬레이션"
"R0240_2","H0240","3","1","{""bed_type"":""싱글베드 2개"",""view_type"":""가든뷰"",""size_sqm"":33,""breakfast"":true,""spa"":true,""pool"":true,""balcony"":true,""bathtub"":true,""pet_friendly"":false,""smoking"":false}","0","0","330000","디럭스 트윈","전체 가상 시뮬레이션"
"R0240_3","H0240","4","2","{""bed_type"":""킹베드 1개"",""view_type"":""파노라마뷰"",""size_sqm"":42,""breakfast"":false,""spa"":false,""pool"":false,""balcony"":false,""bathtub"":false,""pet_friendly"":false,""smoking"":false}","1","1","355000","프리미엄 스위트","전체 가상 시뮬레이션"
"R0241_1","H0241","2","1","{""bed_type"":""퀸베드 1개"",""view_type"":""시티뷰"",""size_sqm"":24,""breakfast"":true,""spa"":true,""pool"":true,""balcony"":true,""bathtub"":true,""pet_friendly"":false,""smoking"":true}","0","0","70000","스탠다드 더블","전체 가상 시뮬레이션"
"R0241_2","H0241","3","2","{""bed_type"":""싱글베드 2개"",""view_type"":""가든뷰"",""size_sqm"":33,""breakfast"":false,""spa"":false,""pool"":false,""balcony"":false,""bathtub"":false,""pet_friendly"":false,""smoking"":false}","1","1","95000","디럭스 트윈","전체 가상 시뮬레이션"
"R0241_3","H0241","4","3","{""bed_type"":""킹베드 1개"",""view_type"":""파노라마뷰"",""size_sqm"":42,""breakfast"":true,""spa"":false,""pool"":false,""balcony"":false,""bathtub"":false,""pet_friendly"":false,""smoking"":false}","1","1","120000","프리미엄 스위트","전체 가상 시뮬레이션"
"R0242_1","H0242","2","2","{""bed_type"":""퀸베드 1개"",""view_type"":""시티뷰"",""size_sqm"":24,""breakfast"":false,""spa"":false,""pool"":false,""balcony"":false,""bathtub"":false,""pet_friendly"":false,""smoking"":true}","1","1","75000","스탠다드 더블","전체 가상 시뮬레이션"
"R0242_2","H0242","3","3","{""bed_type"":""싱글베드 2개"",""view_type"":""가든뷰"",""size_sqm"":33,""breakfast"":true,""spa"":false,""pool"":false,""balcony"":false,""bathtub"":false,""pet_friendly"":false,""smoking"":false}","1","1","100000","디럭스 트윈","전체 가상 시뮬레이션"
"R0242_3","H0242","4","4","{""bed_type"":""킹베드 1개"",""view_type"":""파노라마뷰"",""size_sqm"":42,""breakfast"":false,""spa"":true,""pool"":false,""balcony"":true,""bathtub"":true,""pet_friendly"":false,""smoking"":false}","1","0","125000","프리미엄 스위트","전체 가상 시뮬레이션"
"R0243_1","H0243","2","3","{""bed_type"":""퀸베드 1개"",""view_type"":""시티뷰"",""size_sqm"":24,""breakfast"":true,""spa"":false,""pool"":false,""balcony"":false,""bathtub"":false,""pet_friendly"":false,""smoking"":true}","1","1","80000","스탠다드 더블","전체 가상 시뮬레이션"
"R0243_2","H0243","3","4","{""bed_type"":""싱글베드 2개"",""view_type"":""가든뷰"",""size_sqm"":33,""breakfast"":false,""spa"":true,""pool"":false,""balcony"":true,""bathtub"":true,""pet_friendly"":false,""smoking"":false}","1","0","105000","디럭스 트윈","전체 가상 시뮬레이션"
"R0243_3","H0243","4","1","{""bed_type"":""킹베드 1개"",""view_type"":""파노라마뷰"",""size_sqm"":42,""breakfast"":true,""spa"":false,""pool"":true,""balcony"":false,""bathtub"":false,""pet_friendly"":false,""smoking"":false}","0","1","130000","프리미엄 스위트","전체 가상 시뮬레이션"
"R0244_1","H0244","2","4","{""bed_type"":""퀸베드 1개"",""view_type"":""시티뷰"",""size_sqm"":24,""breakfast"":false,""spa"":true,""pool"":false,""balcony"":true,""bathtub"":true,""pet_friendly"":false,""smoking"":true}","1","0","85000","스탠다드 더블","전체 가상 시뮬레이션"
"R0244_2","H0244","3","1","{""bed_type"":""싱글베드 2개"",""view_type"":""가든뷰"",""size_sqm"":33,""breakfast"":true,""spa"":false,""pool"":true,""balcony"":false,""bathtub"":false,""pet_friendly"":false,""smoking"":false}","0","1","110000","디럭스 트윈","전체 가상 시뮬레이션"
"R0244_3","H0244","4","2","{""bed_type"":""킹베드 1개"",""view_type"":""파노라마뷰"",""size_sqm"":42,""breakfast"":false,""spa"":false,""pool"":false,""balcony"":false,""bathtub"":false,""pet_friendly"":true,""smoking"":false}","1","1","135000","프리미엄 스위트","전체 가상 시뮬레이션"
"R0245_1","H0245","2","1","{""bed_type"":""퀸베드 1개"",""view_type"":""시티뷰"",""size_sqm"":24,""breakfast"":true,""spa"":false,""pool"":true,""balcony"":false,""bathtub"":false,""pet_friendly"":false,""smoking"":true}","0","1","90000","스탠다드 더블","전체 가상 시뮬레이션"
"R0245_2","H0245","3","2","{""bed_type"":""싱글베드 2개"",""view_type"":""가든뷰"",""size_sqm"":33,""breakfast"":false,""spa"":false,""pool"":false,""balcony"":false,""bathtub"":false,""pet_friendly"":true,""smoking"":false}","1","1","115000","디럭스 트윈","전체 가상 시뮬레이션"
"R0245_3","H0245","4","3","{""bed_type"":""킹베드 1개"",""view_type"":""파노라마뷰"",""size_sqm"":42,""breakfast"":true,""spa"":true,""pool"":false,""balcony"":true,""bathtub"":true,""pet_friendly"":false,""smoking"":false}","1","0","140000","프리미엄 스위트","전체 가상 시뮬레이션"
"R0246_1","H0246","2","2","{""bed_type"":""퀸베드 1개"",""view_type"":""시티뷰"",""size_sqm"":24,""breakfast"":false,""spa"":false,""pool"":false,""balcony"":false,""bathtub"":false,""pet_friendly"":true,""smoking"":true}","1","1","95000","스탠다드 더블","전체 가상 시뮬레이션"
"R0246_2","H0246","3","3","{""bed_type"":""싱글베드 2개"",""view_type"":""가든뷰"",""size_sqm"":33,""breakfast"":true,""spa"":true,""pool"":false,""balcony"":true,""bathtub"":true,""pet_friendly"":false,""smoking"":false}","1","0","120000","디럭스 트윈","전체 가상 시뮬레이션"
"R0246_3","H0246","4","4","{""bed_type"":""킹베드 1개"",""view_type"":""파노라마뷰"",""size_sqm"":42,""breakfast"":false,""spa"":false,""pool"":false,""balcony"":false,""bathtub"":false,""pet_friendly"":false,""smoking"":false}","1","1","145000","프리미엄 스위트","전체 가상 시뮬레이션"
"R0247_1","H0247","2","3","{""bed_type"":""퀸베드 1개"",""view_type"":""시티뷰"",""size_sqm"":24,""breakfast"":true,""spa"":true,""pool"":false,""balcony"":true,""bathtub"":true,""pet_friendly"":false,""smoking"":true}","1","0","100000","스탠다드 더블","전체 가상 시뮬레이션"
"R0247_2","H0247","3","4","{""bed_type"":""싱글베드 2개"",""view_type"":""가든뷰"",""size_sqm"":33,""breakfast"":false,""spa"":false,""pool"":false,""balcony"":false,""bathtub"":false,""pet_friendly"":false,""smoking"":false}","1","1","125000","디럭스 트윈","전체 가상 시뮬레이션"
"R0247_3","H0247","4","1","{""bed_type"":""킹베드 1개"",""view_type"":""파노라마뷰"",""size_sqm"":42,""breakfast"":true,""spa"":false,""pool"":true,""balcony"":false,""bathtub"":false,""pet_friendly"":false,""smoking"":false}","0","1","150000","프리미엄 스위트","전체 가상 시뮬레이션"
"R0248_1","H0248","2","4","{""bed_type"":""퀸베드 1개"",""view_type"":""시티뷰"",""size_sqm"":24,""breakfast"":false,""spa"":false,""pool"":false,""balcony"":false,""bathtub"":false,""pet_friendly"":false,""smoking"":true}","1","1","105000","스탠다드 더블","전체 가상 시뮬레이션"
"R0248_2","H0248","3","1","{""bed_type"":""싱글베드 2개"",""view_type"":""가든뷰"",""size_sqm"":33,""breakfast"":true,""spa"":false,""pool"":true,""balcony"":false,""bathtub"":false,""pet_friendly"":false,""smoking"":false}","0","1","130000","디럭스 트윈","전체 가상 시뮬레이션"
"R0248_3","H0248","4","2","{""bed_type"":""킹베드 1개"",""view_type"":""파노라마뷰"",""size_sqm"":42,""breakfast"":false,""spa"":true,""pool"":false,""balcony"":true,""bathtub"":true,""pet_friendly"":false,""smoking"":false}","1","0","155000","프리미엄 스위트","전체 가상 시뮬레이션"
"R0249_1","H0249","2","1","{""bed_type"":""퀸베드 1개"",""view_type"":""시티뷰"",""size_sqm"":24,""breakfast"":true,""spa"":false,""pool"":true,""balcony"":false,""bathtub"":false,""pet_friendly"":false,""smoking"":true}","0","1","110000","스탠다드 더블","전체 가상 시뮬레이션"
"R0249_2","H0249","3","2","{""bed_type"":""싱글베드 2개"",""view_type"":""가든뷰"",""size_sqm"":33,""breakfast"":false,""spa"":true,""pool"":false,""balcony"":true,""bathtub"":true,""pet_friendly"":false,""smoking"":false}","1","0","135000","디럭스 트윈","전체 가상 시뮬레이션"
"R0249_3","H0249","4","3","{""bed_type"":""킹베드 1개"",""view_type"":""파노라마뷰"",""size_sqm"":42,""breakfast"":true,""spa"":false,""pool"":false,""balcony"":false,""bathtub"":false,""pet_friendly"":false,""smoking"":false}","1","1","160000","프리미엄 스위트","전체 가상 시뮬레이션"
"R0250_1","H0250","2","2","{""bed_type"":""퀸베드 1개"",""view_type"":""시티뷰"",""size_sqm"":24,""breakfast"":false,""spa"":true,""pool"":false,""balcony"":true,""bathtub"":true,""pet_friendly"":false,""smoking"":true}","1","0","115000","스탠다드 더블","전체 가상 시뮬레이션"
"R0250_2","H0250","3","3","{""bed_type"":""싱글베드 2개"",""view_type"":""가든뷰"",""size_sqm"":33,""breakfast"":true,""spa"":false,""pool"":false,""balcony"":false,""bathtub"":false,""pet_friendly"":false,""smoking"":false}","1","1","140000","디럭스 트윈","전체 가상 시뮬레이션"
"R0250_3","H0250","4","4","{""bed_type"":""킹베드 1개"",""view_type"":""파노라마뷰"",""size_sqm"":42,""breakfast"":false,""spa"":false,""pool"":false,""balcony"":false,""bathtub"":false,""pet_friendly"":false,""smoking"":false}","1","1","165000","프리미엄 스위트","전체 가상 시뮬레이션"
"R0251_1","H0251","2","3","{""bed_type"":""퀸베드 1개"",""view_type"":""시티뷰"",""size_sqm"":24,""breakfast"":true,""spa"":false,""pool"":false,""balcony"":false,""bathtub"":false,""pet_friendly"":false,""smoking"":true}","1","1","120000","스탠다드 더블","전체 가상 시뮬레이션"
"R0251_2","H0251","3","4","{""bed_type"":""싱글베드 2개"",""view_type"":""가든뷰"",""size_sqm"":33,""breakfast"":false,""spa"":false,""pool"":false,""balcony"":false,""bathtub"":false,""pet_friendly"":false,""smoking"":false}","1","1","145000","디럭스 트윈","전체 가상 시뮬레이션"
"R0251_3","H0251","4","1","{""bed_type"":""킹베드 1개"",""view_type"":""파노라마뷰"",""size_sqm"":42,""breakfast"":true,""spa"":true,""pool"":true,""balcony"":true,""bathtub"":true,""pet_friendly"":true,""smoking"":false}","0","0","170000","프리미엄 스위트","전체 가상 시뮬레이션"
"R0252_1","H0252","2","4","{""bed_type"":""퀸베드 1개"",""view_type"":""시티뷰"",""size_sqm"":24,""breakfast"":false,""spa"":false,""pool"":false,""balcony"":false,""bathtub"":false,""pet_friendly"":false,""smoking"":true}","1","1","125000","스탠다드 더블","전체 가상 시뮬레이션"
"R0252_2","H0252","3","1","{""bed_type"":""싱글베드 2개"",""view_type"":""가든뷰"",""size_sqm"":33,""breakfast"":true,""spa"":true,""pool"":true,""balcony"":true,""bathtub"":true,""pet_friendly"":true,""smoking"":false}","0","0","150000","디럭스 트윈","전체 가상 시뮬레이션"
"R0252_3","H0252","4","2","{""bed_type"":""킹베드 1개"",""view_type"":""파노라마뷰"",""size_sqm"":42,""breakfast"":false,""spa"":false,""pool"":false,""balcony"":false,""bathtub"":false,""pet_friendly"":false,""smoking"":false}","1","1","175000","프리미엄 스위트","전체 가상 시뮬레이션"
"R0253_1","H0253","2","1","{""bed_type"":""퀸베드 1개"",""view_type"":""시티뷰"",""size_sqm"":24,""breakfast"":true,""spa"":true,""pool"":true,""balcony"":true,""bathtub"":true,""pet_friendly"":true,""smoking"":true}","0","0","130000","스탠다드 더블","전체 가상 시뮬레이션"
"R0253_2","H0253","3","2","{""bed_type"":""싱글베드 2개"",""view_type"":""가든뷰"",""size_sqm"":33,""breakfast"":false,""spa"":false,""pool"":false,""balcony"":false,""bathtub"":false,""pet_friendly"":false,""smoking"":false}","1","1","155000","디럭스 트윈","전체 가상 시뮬레이션"
"R0253_3","H0253","4","3","{""bed_type"":""킹베드 1개"",""view_type"":""파노라마뷰"",""size_sqm"":42,""breakfast"":true,""spa"":false,""pool"":false,""balcony"":false,""bathtub"":false,""pet_friendly"":false,""smoking"":false}","1","1","180000","프리미엄 스위트","전체 가상 시뮬레이션"
"R0254_1","H0254","2","2","{""bed_type"":""퀸베드 1개"",""view_type"":""시티뷰"",""size_sqm"":24,""breakfast"":false,""spa"":false,""pool"":false,""balcony"":false,""bathtub"":false,""pet_friendly"":false,""smoking"":true}","1","1","135000","스탠다드 더블","전체 가상 시뮬레이션"
"R0254_2","H0254","3","3","{""bed_type"":""싱글베드 2개"",""view_type"":""가든뷰"",""size_sqm"":33,""breakfast"":true,""spa"":false,""pool"":false,""balcony"":false,""bathtub"":false,""pet_friendly"":false,""smoking"":false}","1","1","160000","디럭스 트윈","전체 가상 시뮬레이션"
"R0254_3","H0254","4","4","{""bed_type"":""킹베드 1개"",""view_type"":""파노라마뷰"",""size_sqm"":42,""breakfast"":false,""spa"":true,""pool"":false,""balcony"":true,""bathtub"":true,""pet_friendly"":false,""smoking"":false}","1","0","185000","프리미엄 스위트","전체 가상 시뮬레이션"
"R0255_1","H0255","2","3","{""bed_type"":""퀸베드 1개"",""view_type"":""시티뷰"",""size_sqm"":24,""breakfast"":true,""spa"":false,""pool"":false,""balcony"":false,""bathtub"":false,""pet_friendly"":false,""smoking"":true}","1","1","140000","스탠다드 더블","전체 가상 시뮬레이션"
"R0255_2","H0255","3","4","{""bed_type"":""싱글베드 2개"",""view_type"":""가든뷰"",""size_sqm"":33,""breakfast"":false,""spa"":true,""pool"":false,""balcony"":true,""bathtub"":true,""pet_friendly"":false,""smoking"":false}","1","0","165000","디럭스 트윈","전체 가상 시뮬레이션"
"R0255_3","H0255","4","1","{""bed_type"":""킹베드 1개"",""view_type"":""파노라마뷰"",""size_sqm"":42,""breakfast"":true,""spa"":false,""pool"":true,""balcony"":false,""bathtub"":false,""pet_friendly"":false,""smoking"":false}","0","1","190000","프리미엄 스위트","전체 가상 시뮬레이션"
"R0256_1","H0256","2","4","{""bed_type"":""퀸베드 1개"",""view_type"":""시티뷰"",""size_sqm"":24,""breakfast"":false,""spa"":true,""pool"":false,""balcony"":true,""bathtub"":true,""pet_friendly"":false,""smoking"":true}","1","0","145000","스탠다드 더블","전체 가상 시뮬레이션"
"R0256_2","H0256","3","1","{""bed_type"":""싱글베드 2개"",""view_type"":""가든뷰"",""size_sqm"":33,""breakfast"":true,""spa"":false,""pool"":true,""balcony"":false,""bathtub"":false,""pet_friendly"":false,""smoking"":false}","0","1","170000","디럭스 트윈","전체 가상 시뮬레이션"
"R0256_3","H0256","4","2","{""bed_type"":""킹베드 1개"",""view_type"":""파노라마뷰"",""size_sqm"":42,""breakfast"":false,""spa"":false,""pool"":false,""balcony"":false,""bathtub"":false,""pet_friendly"":false,""smoking"":false}","1","1","195000","프리미엄 스위트","전체 가상 시뮬레이션"
"R0257_1","H0257","2","1","{""bed_type"":""퀸베드 1개"",""view_type"":""시티뷰"",""size_sqm"":24,""breakfast"":true,""spa"":false,""pool"":true,""balcony"":false,""bathtub"":false,""pet_friendly"":false,""smoking"":true}","0","1","150000","스탠다드 더블","전체 가상 시뮬레이션"
"R0257_2","H0257","3","2","{""bed_type"":""싱글베드 2개"",""view_type"":""가든뷰"",""size_sqm"":33,""breakfast"":false,""spa"":false,""pool"":false,""balcony"":false,""bathtub"":false,""pet_friendly"":false,""smoking"":false}","1","1","175000","디럭스 트윈","전체 가상 시뮬레이션"
"R0257_3","H0257","4","3","{""bed_type"":""킹베드 1개"",""view_type"":""파노라마뷰"",""size_sqm"":42,""breakfast"":true,""spa"":true,""pool"":false,""balcony"":true,""bathtub"":true,""pet_friendly"":false,""smoking"":false}","1","0","200000","프리미엄 스위트","전체 가상 시뮬레이션"
"R0258_1","H0258","2","2","{""bed_type"":""퀸베드 1개"",""view_type"":""시티뷰"",""size_sqm"":24,""breakfast"":false,""spa"":false,""pool"":false,""balcony"":false,""bathtub"":false,""pet_friendly"":false,""smoking"":true}","1","1","155000","스탠다드 더블","전체 가상 시뮬레이션"
"R0258_2","H0258","3","3","{""bed_type"":""싱글베드 2개"",""view_type"":""가든뷰"",""size_sqm"":33,""breakfast"":true,""spa"":true,""pool"":false,""balcony"":true,""bathtub"":true,""pet_friendly"":false,""smoking"":false}","1","0","180000","디럭스 트윈","전체 가상 시뮬레이션"
"R0258_3","H0258","4","4","{""bed_type"":""킹베드 1개"",""view_type"":""파노라마뷰"",""size_sqm"":42,""breakfast"":false,""spa"":false,""pool"":false,""balcony"":false,""bathtub"":false,""pet_friendly"":true,""smoking"":false}","1","1","205000","프리미엄 스위트","전체 가상 시뮬레이션"
"R0259_1","H0259","2","3","{""bed_type"":""퀸베드 1개"",""view_type"":""시티뷰"",""size_sqm"":24,""breakfast"":true,""spa"":true,""pool"":false,""balcony"":true,""bathtub"":true,""pet_friendly"":false,""smoking"":true}","1","0","160000","스탠다드 더블","전체 가상 시뮬레이션"
"R0259_2","H0259","3","4","{""bed_type"":""싱글베드 2개"",""view_type"":""가든뷰"",""size_sqm"":33,""breakfast"":false,""spa"":false,""pool"":false,""balcony"":false,""bathtub"":false,""pet_friendly"":true,""smoking"":false}","1","1","185000","디럭스 트윈","전체 가상 시뮬레이션"
"R0259_3","H0259","4","1","{""bed_type"":""킹베드 1개"",""view_type"":""파노라마뷰"",""size_sqm"":42,""breakfast"":true,""spa"":false,""pool"":true,""balcony"":false,""bathtub"":false,""pet_friendly"":false,""smoking"":false}","0","1","210000","프리미엄 스위트","전체 가상 시뮬레이션"
"R0260_1","H0260","2","4","{""bed_type"":""퀸베드 1개"",""view_type"":""시티뷰"",""size_sqm"":24,""breakfast"":false,""spa"":false,""pool"":false,""balcony"":false,""bathtub"":false,""pet_friendly"":true,""smoking"":true}","1","1","165000","스탠다드 더블","전체 가상 시뮬레이션"
"R0260_2","H0260","3","1","{""bed_type"":""싱글베드 2개"",""view_type"":""가든뷰"",""size_sqm"":33,""breakfast"":true,""spa"":false,""pool"":true,""balcony"":false,""bathtub"":false,""pet_friendly"":false,""smoking"":false}","0","1","190000","디럭스 트윈","전체 가상 시뮬레이션"
"R0260_3","H0260","4","2","{""bed_type"":""킹베드 1개"",""view_type"":""파노라마뷰"",""size_sqm"":42,""breakfast"":false,""spa"":true,""pool"":false,""balcony"":true,""bathtub"":true,""pet_friendly"":false,""smoking"":false}","1","0","215000","프리미엄 스위트","전체 가상 시뮬레이션"
"R0261_1","H0261","2","1","{""bed_type"":""퀸베드 1개"",""view_type"":""시티뷰"",""size_sqm"":24,""breakfast"":true,""spa"":false,""pool"":true,""balcony"":false,""bathtub"":false,""pet_friendly"":false,""smoking"":true}","0","1","170000","스탠다드 더블","전체 가상 시뮬레이션"
"R0261_2","H0261","3","2","{""bed_type"":""싱글베드 2개"",""view_type"":""가든뷰"",""size_sqm"":33,""breakfast"":false,""spa"":true,""pool"":false,""balcony"":true,""bathtub"":true,""pet_friendly"":false,""smoking"":false}","1","0","195000","디럭스 트윈","전체 가상 시뮬레이션"
"R0261_3","H0261","4","3","{""bed_type"":""킹베드 1개"",""view_type"":""파노라마뷰"",""size_sqm"":42,""breakfast"":true,""spa"":false,""pool"":false,""balcony"":false,""bathtub"":false,""pet_friendly"":false,""smoking"":false}","1","1","220000","프리미엄 스위트","전체 가상 시뮬레이션"
"R0262_1","H0262","2","2","{""bed_type"":""퀸베드 1개"",""view_type"":""시티뷰"",""size_sqm"":24,""breakfast"":false,""spa"":true,""pool"":false,""balcony"":true,""bathtub"":true,""pet_friendly"":false,""smoking"":true}","1","0","175000","스탠다드 더블","전체 가상 시뮬레이션"
"R0262_2","H0262","3","3","{""bed_type"":""싱글베드 2개"",""view_type"":""가든뷰"",""size_sqm"":33,""breakfast"":true,""spa"":false,""pool"":false,""balcony"":false,""bathtub"":false,""pet_friendly"":false,""smoking"":false}","1","1","200000","디럭스 트윈","전체 가상 시뮬레이션"
"R0262_3","H0262","4","4","{""bed_type"":""킹베드 1개"",""view_type"":""파노라마뷰"",""size_sqm"":42,""breakfast"":false,""spa"":false,""pool"":false,""balcony"":false,""bathtub"":false,""pet_friendly"":false,""smoking"":false}","1","1","225000","프리미엄 스위트","전체 가상 시뮬레이션"
"R0263_1","H0263","2","3","{""bed_type"":""퀸베드 1개"",""view_type"":""시티뷰"",""size_sqm"":24,""breakfast"":true,""spa"":false,""pool"":false,""balcony"":false,""bathtub"":false,""pet_friendly"":false,""smoking"":true}","1","1","180000","스탠다드 더블","전체 가상 시뮬레이션"
"R0263_2","H0263","3","4","{""bed_type"":""싱글베드 2개"",""view_type"":""가든뷰"",""size_sqm"":33,""breakfast"":false,""spa"":false,""pool"":false,""balcony"":false,""bathtub"":false,""pet_friendly"":false,""smoking"":false}","1","1","205000","디럭스 트윈","전체 가상 시뮬레이션"
"R0263_3","H0263","4","1","{""bed_type"":""킹베드 1개"",""view_type"":""파노라마뷰"",""size_sqm"":42,""breakfast"":true,""spa"":true,""pool"":true,""balcony"":true,""bathtub"":true,""pet_friendly"":false,""smoking"":false}","0","0","230000","프리미엄 스위트","전체 가상 시뮬레이션"
"R0264_1","H0264","2","4","{""bed_type"":""퀸베드 1개"",""view_type"":""시티뷰"",""size_sqm"":24,""breakfast"":false,""spa"":false,""pool"":false,""balcony"":false,""bathtub"":false,""pet_friendly"":false,""smoking"":true}","1","1","185000","스탠다드 더블","전체 가상 시뮬레이션"
"R0264_2","H0264","3","1","{""bed_type"":""싱글베드 2개"",""view_type"":""가든뷰"",""size_sqm"":33,""breakfast"":true,""spa"":true,""pool"":true,""balcony"":true,""bathtub"":true,""pet_friendly"":false,""smoking"":false}","0","0","210000","디럭스 트윈","전체 가상 시뮬레이션"
"R0264_3","H0264","4","2","{""bed_type"":""킹베드 1개"",""view_type"":""파노라마뷰"",""size_sqm"":42,""breakfast"":false,""spa"":false,""pool"":false,""balcony"":false,""bathtub"":false,""pet_friendly"":false,""smoking"":false}","1","1","235000","프리미엄 스위트","전체 가상 시뮬레이션"
"R0265_1","H0265","2","1","{""bed_type"":""퀸베드 1개"",""view_type"":""시티뷰"",""size_sqm"":24,""breakfast"":true,""spa"":true,""pool"":true,""balcony"":true,""bathtub"":true,""pet_friendly"":false,""smoking"":true}","0","0","190000","스탠다드 더블","전체 가상 시뮬레이션"
"R0265_2","H0265","3","2","{""bed_type"":""싱글베드 2개"",""view_type"":""가든뷰"",""size_sqm"":33,""breakfast"":false,""spa"":false,""pool"":false,""balcony"":false,""bathtub"":false,""pet_friendly"":false,""smoking"":false}","1","1","215000","디럭스 트윈","전체 가상 시뮬레이션"
"R0265_3","H0265","4","3","{""bed_type"":""킹베드 1개"",""view_type"":""파노라마뷰"",""size_sqm"":42,""breakfast"":true,""spa"":false,""pool"":false,""balcony"":false,""bathtub"":false,""pet_friendly"":true,""smoking"":false}","1","1","240000","프리미엄 스위트","전체 가상 시뮬레이션"
"R0266_1","H0266","2","2","{""bed_type"":""퀸베드 1개"",""view_type"":""시티뷰"",""size_sqm"":24,""breakfast"":false,""spa"":false,""pool"":false,""balcony"":false,""bathtub"":false,""pet_friendly"":false,""smoking"":true}","1","1","195000","스탠다드 더블","전체 가상 시뮬레이션"
"R0266_2","H0266","3","3","{""bed_type"":""싱글베드 2개"",""view_type"":""가든뷰"",""size_sqm"":33,""breakfast"":true,""spa"":false,""pool"":false,""balcony"":false,""bathtub"":false,""pet_friendly"":true,""smoking"":false}","1","1","220000","디럭스 트윈","전체 가상 시뮬레이션"
"R0266_3","H0266","4","4","{""bed_type"":""킹베드 1개"",""view_type"":""파노라마뷰"",""size_sqm"":42,""breakfast"":false,""spa"":true,""pool"":false,""balcony"":true,""bathtub"":true,""pet_friendly"":false,""smoking"":false}","1","0","245000","프리미엄 스위트","전체 가상 시뮬레이션"
"R0267_1","H0267","2","3","{""bed_type"":""퀸베드 1개"",""view_type"":""시티뷰"",""size_sqm"":24,""breakfast"":true,""spa"":false,""pool"":false,""balcony"":false,""bathtub"":false,""pet_friendly"":true,""smoking"":true}","1","1","200000","스탠다드 더블","전체 가상 시뮬레이션"
"R0267_2","H0267","3","4","{""bed_type"":""싱글베드 2개"",""view_type"":""가든뷰"",""size_sqm"":33,""breakfast"":false,""spa"":true,""pool"":false,""balcony"":true,""bathtub"":true,""pet_friendly"":false,""smoking"":false}","1","0","225000","디럭스 트윈","전체 가상 시뮬레이션"
"R0267_3","H0267","4","1","{""bed_type"":""킹베드 1개"",""view_type"":""파노라마뷰"",""size_sqm"":42,""breakfast"":true,""spa"":false,""pool"":true,""balcony"":false,""bathtub"":false,""pet_friendly"":false,""smoking"":false}","0","1","250000","프리미엄 스위트","전체 가상 시뮬레이션"
"R0268_1","H0268","2","4","{""bed_type"":""퀸베드 1개"",""view_type"":""시티뷰"",""size_sqm"":24,""breakfast"":false,""spa"":true,""pool"":false,""balcony"":true,""bathtub"":true,""pet_friendly"":false,""smoking"":true}","1","0","205000","스탠다드 더블","전체 가상 시뮬레이션"
"R0268_2","H0268","3","1","{""bed_type"":""싱글베드 2개"",""view_type"":""가든뷰"",""size_sqm"":33,""breakfast"":true,""spa"":false,""pool"":true,""balcony"":false,""bathtub"":false,""pet_friendly"":false,""smoking"":false}","0","1","230000","디럭스 트윈","전체 가상 시뮬레이션"
"R0268_3","H0268","4","2","{""bed_type"":""킹베드 1개"",""view_type"":""파노라마뷰"",""size_sqm"":42,""breakfast"":false,""spa"":false,""pool"":false,""balcony"":false,""bathtub"":false,""pet_friendly"":false,""smoking"":false}","1","1","255000","프리미엄 스위트","전체 가상 시뮬레이션"
"R0269_1","H0269","2","1","{""bed_type"":""퀸베드 1개"",""view_type"":""시티뷰"",""size_sqm"":24,""breakfast"":true,""spa"":false,""pool"":true,""balcony"":false,""bathtub"":false,""pet_friendly"":false,""smoking"":true}","0","1","210000","스탠다드 더블","전체 가상 시뮬레이션"
"R0269_2","H0269","3","2","{""bed_type"":""싱글베드 2개"",""view_type"":""가든뷰"",""size_sqm"":33,""breakfast"":false,""spa"":false,""pool"":false,""balcony"":false,""bathtub"":false,""pet_friendly"":false,""smoking"":false}","1","1","235000","디럭스 트윈","전체 가상 시뮬레이션"
"R0269_3","H0269","4","3","{""bed_type"":""킹베드 1개"",""view_type"":""파노라마뷰"",""size_sqm"":42,""breakfast"":true,""spa"":true,""pool"":false,""balcony"":true,""bathtub"":true,""pet_friendly"":false,""smoking"":false}","1","0","260000","프리미엄 스위트","전체 가상 시뮬레이션"
"R0270_1","H0270","2","2","{""bed_type"":""퀸베드 1개"",""view_type"":""시티뷰"",""size_sqm"":24,""breakfast"":false,""spa"":false,""pool"":false,""balcony"":false,""bathtub"":false,""pet_friendly"":false,""smoking"":true}","1","1","215000","스탠다드 더블","전체 가상 시뮬레이션"
"R0270_2","H0270","3","3","{""bed_type"":""싱글베드 2개"",""view_type"":""가든뷰"",""size_sqm"":33,""breakfast"":true,""spa"":true,""pool"":false,""balcony"":true,""bathtub"":true,""pet_friendly"":false,""smoking"":false}","1","0","240000","디럭스 트윈","전체 가상 시뮬레이션"
"R0270_3","H0270","4","4","{""bed_type"":""킹베드 1개"",""view_type"":""파노라마뷰"",""size_sqm"":42,""breakfast"":false,""spa"":false,""pool"":false,""balcony"":false,""bathtub"":false,""pet_friendly"":false,""smoking"":false}","1","1","265000","프리미엄 스위트","전체 가상 시뮬레이션"
"R0271_1","H0271","2","3","{""bed_type"":""퀸베드 1개"",""view_type"":""시티뷰"",""size_sqm"":24,""breakfast"":true,""spa"":true,""pool"":false,""balcony"":true,""bathtub"":true,""pet_friendly"":false,""smoking"":true}","1","0","220000","스탠다드 더블","전체 가상 시뮬레이션"
"R0271_2","H0271","3","4","{""bed_type"":""싱글베드 2개"",""view_type"":""가든뷰"",""size_sqm"":33,""breakfast"":false,""spa"":false,""pool"":false,""balcony"":false,""bathtub"":false,""pet_friendly"":false,""smoking"":false}","1","1","245000","디럭스 트윈","전체 가상 시뮬레이션"
"R0271_3","H0271","4","1","{""bed_type"":""킹베드 1개"",""view_type"":""파노라마뷰"",""size_sqm"":42,""breakfast"":true,""spa"":false,""pool"":true,""balcony"":false,""bathtub"":false,""pet_friendly"":false,""smoking"":false}","0","1","270000","프리미엄 스위트","전체 가상 시뮬레이션"
"R0272_1","H0272","2","4","{""bed_type"":""퀸베드 1개"",""view_type"":""시티뷰"",""size_sqm"":24,""breakfast"":false,""spa"":false,""pool"":false,""balcony"":false,""bathtub"":false,""pet_friendly"":false,""smoking"":true}","1","1","225000","스탠다드 더블","전체 가상 시뮬레이션"
"R0272_2","H0272","3","1","{""bed_type"":""싱글베드 2개"",""view_type"":""가든뷰"",""size_sqm"":33,""breakfast"":true,""spa"":false,""pool"":true,""balcony"":false,""bathtub"":false,""pet_friendly"":false,""smoking"":false}","0","1","250000","디럭스 트윈","전체 가상 시뮬레이션"
"R0272_3","H0272","4","2","{""bed_type"":""킹베드 1개"",""view_type"":""파노라마뷰"",""size_sqm"":42,""breakfast"":false,""spa"":true,""pool"":false,""balcony"":true,""bathtub"":true,""pet_friendly"":true,""smoking"":false}","1","0","275000","프리미엄 스위트","전체 가상 시뮬레이션"
"R0273_1","H0273","2","1","{""bed_type"":""퀸베드 1개"",""view_type"":""시티뷰"",""size_sqm"":24,""breakfast"":true,""spa"":false,""pool"":true,""balcony"":false,""bathtub"":false,""pet_friendly"":false,""smoking"":true}","0","1","230000","스탠다드 더블","전체 가상 시뮬레이션"
"R0273_2","H0273","3","2","{""bed_type"":""싱글베드 2개"",""view_type"":""가든뷰"",""size_sqm"":33,""breakfast"":false,""spa"":true,""pool"":false,""balcony"":true,""bathtub"":true,""pet_friendly"":true,""smoking"":false}","1","0","255000","디럭스 트윈","전체 가상 시뮬레이션"
"R0273_3","H0273","4","3","{""bed_type"":""킹베드 1개"",""view_type"":""파노라마뷰"",""size_sqm"":42,""breakfast"":true,""spa"":false,""pool"":false,""balcony"":false,""bathtub"":false,""pet_friendly"":false,""smoking"":false}","1","1","280000","프리미엄 스위트","전체 가상 시뮬레이션"
"R0274_1","H0274","2","2","{""bed_type"":""퀸베드 1개"",""view_type"":""시티뷰"",""size_sqm"":24,""breakfast"":false,""spa"":true,""pool"":false,""balcony"":true,""bathtub"":true,""pet_friendly"":true,""smoking"":true}","1","0","235000","스탠다드 더블","전체 가상 시뮬레이션"
"R0274_2","H0274","3","3","{""bed_type"":""싱글베드 2개"",""view_type"":""가든뷰"",""size_sqm"":33,""breakfast"":true,""spa"":false,""pool"":false,""balcony"":false,""bathtub"":false,""pet_friendly"":false,""smoking"":false}","1","1","260000","디럭스 트윈","전체 가상 시뮬레이션"
"R0274_3","H0274","4","4","{""bed_type"":""킹베드 1개"",""view_type"":""파노라마뷰"",""size_sqm"":42,""breakfast"":false,""spa"":false,""pool"":false,""balcony"":false,""bathtub"":false,""pet_friendly"":false,""smoking"":false}","1","1","285000","프리미엄 스위트","전체 가상 시뮬레이션"
"R0275_1","H0275","2","3","{""bed_type"":""퀸베드 1개"",""view_type"":""시티뷰"",""size_sqm"":24,""breakfast"":true,""spa"":false,""pool"":false,""balcony"":false,""bathtub"":false,""pet_friendly"":false,""smoking"":true}","1","1","240000","스탠다드 더블","전체 가상 시뮬레이션"
"R0275_2","H0275","3","4","{""bed_type"":""싱글베드 2개"",""view_type"":""가든뷰"",""size_sqm"":33,""breakfast"":false,""spa"":false,""pool"":false,""balcony"":false,""bathtub"":false,""pet_friendly"":false,""smoking"":false}","1","1","265000","디럭스 트윈","전체 가상 시뮬레이션"
"R0275_3","H0275","4","1","{""bed_type"":""킹베드 1개"",""view_type"":""파노라마뷰"",""size_sqm"":42,""breakfast"":true,""spa"":true,""pool"":true,""balcony"":true,""bathtub"":true,""pet_friendly"":false,""smoking"":false}","0","0","290000","프리미엄 스위트","전체 가상 시뮬레이션"
"R0276_1","H0276","2","4","{""bed_type"":""퀸베드 1개"",""view_type"":""시티뷰"",""size_sqm"":24,""breakfast"":false,""spa"":false,""pool"":false,""balcony"":false,""bathtub"":false,""pet_friendly"":false,""smoking"":true}","1","1","245000","스탠다드 더블","전체 가상 시뮬레이션"
"R0276_2","H0276","3","1","{""bed_type"":""싱글베드 2개"",""view_type"":""가든뷰"",""size_sqm"":33,""breakfast"":true,""spa"":true,""pool"":true,""balcony"":true,""bathtub"":true,""pet_friendly"":false,""smoking"":false}","0","0","270000","디럭스 트윈","전체 가상 시뮬레이션"
"R0276_3","H0276","4","2","{""bed_type"":""킹베드 1개"",""view_type"":""파노라마뷰"",""size_sqm"":42,""breakfast"":false,""spa"":false,""pool"":false,""balcony"":false,""bathtub"":false,""pet_friendly"":false,""smoking"":false}","1","1","295000","프리미엄 스위트","전체 가상 시뮬레이션"
"R0277_1","H0277","2","1","{""bed_type"":""퀸베드 1개"",""view_type"":""시티뷰"",""size_sqm"":24,""breakfast"":true,""spa"":true,""pool"":true,""balcony"":true,""bathtub"":true,""pet_friendly"":false,""smoking"":true}","0","0","250000","스탠다드 더블","전체 가상 시뮬레이션"
"R0277_2","H0277","3","2","{""bed_type"":""싱글베드 2개"",""view_type"":""가든뷰"",""size_sqm"":33,""breakfast"":false,""spa"":false,""pool"":false,""balcony"":false,""bathtub"":false,""pet_friendly"":false,""smoking"":false}","1","1","275000","디럭스 트윈","전체 가상 시뮬레이션"
"R0277_3","H0277","4","3","{""bed_type"":""킹베드 1개"",""view_type"":""파노라마뷰"",""size_sqm"":42,""breakfast"":true,""spa"":false,""pool"":false,""balcony"":false,""bathtub"":false,""pet_friendly"":false,""smoking"":false}","1","1","300000","프리미엄 스위트","전체 가상 시뮬레이션"
"R0278_1","H0278","2","2","{""bed_type"":""퀸베드 1개"",""view_type"":""시티뷰"",""size_sqm"":24,""breakfast"":false,""spa"":false,""pool"":false,""balcony"":false,""bathtub"":false,""pet_friendly"":false,""smoking"":true}","1","1","255000","스탠다드 더블","전체 가상 시뮬레이션"
"R0278_2","H0278","3","3","{""bed_type"":""싱글베드 2개"",""view_type"":""가든뷰"",""size_sqm"":33,""breakfast"":true,""spa"":false,""pool"":false,""balcony"":false,""bathtub"":false,""pet_friendly"":false,""smoking"":false}","1","1","280000","디럭스 트윈","전체 가상 시뮬레이션"
"R0278_3","H0278","4","4","{""bed_type"":""킹베드 1개"",""view_type"":""파노라마뷰"",""size_sqm"":42,""breakfast"":false,""spa"":true,""pool"":false,""balcony"":true,""bathtub"":true,""pet_friendly"":false,""smoking"":false}","1","0","305000","프리미엄 스위트","전체 가상 시뮬레이션"
"R0279_1","H0279","2","3","{""bed_type"":""퀸베드 1개"",""view_type"":""시티뷰"",""size_sqm"":24,""breakfast"":true,""spa"":false,""pool"":false,""balcony"":false,""bathtub"":false,""pet_friendly"":false,""smoking"":true}","1","1","260000","스탠다드 더블","전체 가상 시뮬레이션"
"R0279_2","H0279","3","4","{""bed_type"":""싱글베드 2개"",""view_type"":""가든뷰"",""size_sqm"":33,""breakfast"":false,""spa"":true,""pool"":false,""balcony"":true,""bathtub"":true,""pet_friendly"":false,""smoking"":false}","1","0","285000","디럭스 트윈","전체 가상 시뮬레이션"
"R0279_3","H0279","4","1","{""bed_type"":""킹베드 1개"",""view_type"":""파노라마뷰"",""size_sqm"":42,""breakfast"":true,""spa"":false,""pool"":true,""balcony"":false,""bathtub"":false,""pet_friendly"":true,""smoking"":false}","0","1","310000","프리미엄 스위트","전체 가상 시뮬레이션"
"R0280_1","H0280","2","4","{""bed_type"":""퀸베드 1개"",""view_type"":""시티뷰"",""size_sqm"":24,""breakfast"":false,""spa"":true,""pool"":false,""balcony"":true,""bathtub"":true,""pet_friendly"":false,""smoking"":true}","1","0","265000","스탠다드 더블","전체 가상 시뮬레이션"
"R0280_2","H0280","3","1","{""bed_type"":""싱글베드 2개"",""view_type"":""가든뷰"",""size_sqm"":33,""breakfast"":true,""spa"":false,""pool"":true,""balcony"":false,""bathtub"":false,""pet_friendly"":true,""smoking"":false}","0","1","290000","디럭스 트윈","전체 가상 시뮬레이션"
"R0280_3","H0280","4","2","{""bed_type"":""킹베드 1개"",""view_type"":""파노라마뷰"",""size_sqm"":42,""breakfast"":false,""spa"":false,""pool"":false,""balcony"":false,""bathtub"":false,""pet_friendly"":false,""smoking"":false}","1","1","315000","프리미엄 스위트","전체 가상 시뮬레이션"
"R0281_1","H0281","2","1","{""bed_type"":""퀸베드 1개"",""view_type"":""시티뷰"",""size_sqm"":24,""breakfast"":true,""spa"":false,""pool"":true,""balcony"":false,""bathtub"":false,""pet_friendly"":true,""smoking"":true}","0","1","270000","스탠다드 더블","전체 가상 시뮬레이션"
"R0281_2","H0281","3","2","{""bed_type"":""싱글베드 2개"",""view_type"":""가든뷰"",""size_sqm"":33,""breakfast"":false,""spa"":false,""pool"":false,""balcony"":false,""bathtub"":false,""pet_friendly"":false,""smoking"":false}","1","1","295000","디럭스 트윈","전체 가상 시뮬레이션"
"R0281_3","H0281","4","3","{""bed_type"":""킹베드 1개"",""view_type"":""파노라마뷰"",""size_sqm"":42,""breakfast"":true,""spa"":true,""pool"":false,""balcony"":true,""bathtub"":true,""pet_friendly"":false,""smoking"":false}","1","0","320000","프리미엄 스위트","전체 가상 시뮬레이션"
"R0282_1","H0282","2","2","{""bed_type"":""퀸베드 1개"",""view_type"":""시티뷰"",""size_sqm"":24,""breakfast"":false,""spa"":false,""pool"":false,""balcony"":false,""bathtub"":false,""pet_friendly"":false,""smoking"":true}","1","1","275000","스탠다드 더블","전체 가상 시뮬레이션"
"R0282_2","H0282","3","3","{""bed_type"":""싱글베드 2개"",""view_type"":""가든뷰"",""size_sqm"":33,""breakfast"":true,""spa"":true,""pool"":false,""balcony"":true,""bathtub"":true,""pet_friendly"":false,""smoking"":false}","1","0","300000","디럭스 트윈","전체 가상 시뮬레이션"
"R0282_3","H0282","4","4","{""bed_type"":""킹베드 1개"",""view_type"":""파노라마뷰"",""size_sqm"":42,""breakfast"":false,""spa"":false,""pool"":false,""balcony"":false,""bathtub"":false,""pet_friendly"":false,""smoking"":false}","1","1","325000","프리미엄 스위트","전체 가상 시뮬레이션"
"R0283_1","H0283","2","3","{""bed_type"":""퀸베드 1개"",""view_type"":""시티뷰"",""size_sqm"":24,""breakfast"":true,""spa"":true,""pool"":false,""balcony"":true,""bathtub"":true,""pet_friendly"":false,""smoking"":true}","1","0","280000","스탠다드 더블","전체 가상 시뮬레이션"
"R0283_2","H0283","3","4","{""bed_type"":""싱글베드 2개"",""view_type"":""가든뷰"",""size_sqm"":33,""breakfast"":false,""spa"":false,""pool"":false,""balcony"":false,""bathtub"":false,""pet_friendly"":false,""smoking"":false}","1","1","305000","디럭스 트윈","전체 가상 시뮬레이션"
"R0283_3","H0283","4","1","{""bed_type"":""킹베드 1개"",""view_type"":""파노라마뷰"",""size_sqm"":42,""breakfast"":true,""spa"":false,""pool"":true,""balcony"":false,""bathtub"":false,""pet_friendly"":false,""smoking"":false}","0","1","330000","프리미엄 스위트","전체 가상 시뮬레이션"
"R0284_1","H0284","2","4","{""bed_type"":""퀸베드 1개"",""view_type"":""시티뷰"",""size_sqm"":24,""breakfast"":false,""spa"":false,""pool"":false,""balcony"":false,""bathtub"":false,""pet_friendly"":false,""smoking"":true}","1","1","285000","스탠다드 더블","전체 가상 시뮬레이션"
"R0284_2","H0284","3","1","{""bed_type"":""싱글베드 2개"",""view_type"":""가든뷰"",""size_sqm"":33,""breakfast"":true,""spa"":false,""pool"":true,""balcony"":false,""bathtub"":false,""pet_friendly"":false,""smoking"":false}","0","1","310000","디럭스 트윈","전체 가상 시뮬레이션"
"R0284_3","H0284","4","2","{""bed_type"":""킹베드 1개"",""view_type"":""파노라마뷰"",""size_sqm"":42,""breakfast"":false,""spa"":true,""pool"":false,""balcony"":true,""bathtub"":true,""pet_friendly"":false,""smoking"":false}","1","0","335000","프리미엄 스위트","전체 가상 시뮬레이션"
"R0285_1","H0285","2","1","{""bed_type"":""퀸베드 1개"",""view_type"":""시티뷰"",""size_sqm"":24,""breakfast"":true,""spa"":false,""pool"":true,""balcony"":false,""bathtub"":false,""pet_friendly"":false,""smoking"":true}","0","1","290000","스탠다드 더블","전체 가상 시뮬레이션"
"R0285_2","H0285","3","2","{""bed_type"":""싱글베드 2개"",""view_type"":""가든뷰"",""size_sqm"":33,""breakfast"":false,""spa"":true,""pool"":false,""balcony"":true,""bathtub"":true,""pet_friendly"":false,""smoking"":false}","1","0","315000","디럭스 트윈","전체 가상 시뮬레이션"
"R0285_3","H0285","4","3","{""bed_type"":""킹베드 1개"",""view_type"":""파노라마뷰"",""size_sqm"":42,""breakfast"":true,""spa"":false,""pool"":false,""balcony"":false,""bathtub"":false,""pet_friendly"":false,""smoking"":false}","1","1","340000","프리미엄 스위트","전체 가상 시뮬레이션"
"R0286_1","H0286","2","2","{""bed_type"":""퀸베드 1개"",""view_type"":""시티뷰"",""size_sqm"":24,""breakfast"":false,""spa"":true,""pool"":false,""balcony"":true,""bathtub"":true,""pet_friendly"":false,""smoking"":true}","1","0","295000","스탠다드 더블","전체 가상 시뮬레이션"
"R0286_2","H0286","3","3","{""bed_type"":""싱글베드 2개"",""view_type"":""가든뷰"",""size_sqm"":33,""breakfast"":true,""spa"":false,""pool"":false,""balcony"":false,""bathtub"":false,""pet_friendly"":false,""smoking"":false}","1","1","320000","디럭스 트윈","전체 가상 시뮬레이션"
"R0286_3","H0286","4","4","{""bed_type"":""킹베드 1개"",""view_type"":""파노라마뷰"",""size_sqm"":42,""breakfast"":false,""spa"":false,""pool"":false,""balcony"":false,""bathtub"":false,""pet_friendly"":true,""smoking"":false}","1","1","345000","프리미엄 스위트","전체 가상 시뮬레이션"
"R0287_1","H0287","2","3","{""bed_type"":""퀸베드 1개"",""view_type"":""시티뷰"",""size_sqm"":24,""breakfast"":true,""spa"":false,""pool"":false,""balcony"":false,""bathtub"":false,""pet_friendly"":false,""smoking"":true}","1","1","300000","스탠다드 더블","전체 가상 시뮬레이션"
"R0287_2","H0287","3","4","{""bed_type"":""싱글베드 2개"",""view_type"":""가든뷰"",""size_sqm"":33,""breakfast"":false,""spa"":false,""pool"":false,""balcony"":false,""bathtub"":false,""pet_friendly"":true,""smoking"":false}","1","1","325000","디럭스 트윈","전체 가상 시뮬레이션"
"R0287_3","H0287","4","1","{""bed_type"":""킹베드 1개"",""view_type"":""파노라마뷰"",""size_sqm"":42,""breakfast"":true,""spa"":true,""pool"":true,""balcony"":true,""bathtub"":true,""pet_friendly"":false,""smoking"":false}","0","0","350000","프리미엄 스위트","전체 가상 시뮬레이션"
"R0288_1","H0288","2","4","{""bed_type"":""퀸베드 1개"",""view_type"":""시티뷰"",""size_sqm"":24,""breakfast"":false,""spa"":false,""pool"":false,""balcony"":false,""bathtub"":false,""pet_friendly"":true,""smoking"":true}","1","1","305000","스탠다드 더블","전체 가상 시뮬레이션"
"R0288_2","H0288","3","1","{""bed_type"":""싱글베드 2개"",""view_type"":""가든뷰"",""size_sqm"":33,""breakfast"":true,""spa"":true,""pool"":true,""balcony"":true,""bathtub"":true,""pet_friendly"":false,""smoking"":false}","0","0","330000","디럭스 트윈","전체 가상 시뮬레이션"
"R0288_3","H0288","4","2","{""bed_type"":""킹베드 1개"",""view_type"":""파노라마뷰"",""size_sqm"":42,""breakfast"":false,""spa"":false,""pool"":false,""balcony"":false,""bathtub"":false,""pet_friendly"":false,""smoking"":false}","1","1","355000","프리미엄 스위트","전체 가상 시뮬레이션"
"R0289_1","H0289","2","1","{""bed_type"":""퀸베드 1개"",""view_type"":""시티뷰"",""size_sqm"":24,""breakfast"":true,""spa"":true,""pool"":true,""balcony"":true,""bathtub"":true,""pet_friendly"":false,""smoking"":true}","0","0","70000","스탠다드 더블","전체 가상 시뮬레이션"
"R0289_2","H0289","3","2","{""bed_type"":""싱글베드 2개"",""view_type"":""가든뷰"",""size_sqm"":33,""breakfast"":false,""spa"":false,""pool"":false,""balcony"":false,""bathtub"":false,""pet_friendly"":false,""smoking"":false}","1","1","95000","디럭스 트윈","전체 가상 시뮬레이션"
"R0289_3","H0289","4","3","{""bed_type"":""킹베드 1개"",""view_type"":""파노라마뷰"",""size_sqm"":42,""breakfast"":true,""spa"":false,""pool"":false,""balcony"":false,""bathtub"":false,""pet_friendly"":false,""smoking"":false}","1","1","120000","프리미엄 스위트","전체 가상 시뮬레이션"
"R0290_1","H0290","2","2","{""bed_type"":""퀸베드 1개"",""view_type"":""시티뷰"",""size_sqm"":24,""breakfast"":false,""spa"":false,""pool"":false,""balcony"":false,""bathtub"":false,""pet_friendly"":false,""smoking"":true}","1","1","75000","스탠다드 더블","전체 가상 시뮬레이션"
"R0290_2","H0290","3","3","{""bed_type"":""싱글베드 2개"",""view_type"":""가든뷰"",""size_sqm"":33,""breakfast"":true,""spa"":false,""pool"":false,""balcony"":false,""bathtub"":false,""pet_friendly"":false,""smoking"":false}","1","1","100000","디럭스 트윈","전체 가상 시뮬레이션"
"R0290_3","H0290","4","4","{""bed_type"":""킹베드 1개"",""view_type"":""파노라마뷰"",""size_sqm"":42,""breakfast"":false,""spa"":true,""pool"":false,""balcony"":true,""bathtub"":true,""pet_friendly"":false,""smoking"":false}","1","0","125000","프리미엄 스위트","전체 가상 시뮬레이션"
"R0291_1","H0291","2","3","{""bed_type"":""퀸베드 1개"",""view_type"":""시티뷰"",""size_sqm"":24,""breakfast"":true,""spa"":false,""pool"":false,""balcony"":false,""bathtub"":false,""pet_friendly"":false,""smoking"":true}","1","1","80000","스탠다드 더블","전체 가상 시뮬레이션"
"R0291_2","H0291","3","4","{""bed_type"":""싱글베드 2개"",""view_type"":""가든뷰"",""size_sqm"":33,""breakfast"":false,""spa"":true,""pool"":false,""balcony"":true,""bathtub"":true,""pet_friendly"":false,""smoking"":false}","1","0","105000","디럭스 트윈","전체 가상 시뮬레이션"
"R0291_3","H0291","4","1","{""bed_type"":""킹베드 1개"",""view_type"":""파노라마뷰"",""size_sqm"":42,""breakfast"":true,""spa"":false,""pool"":true,""balcony"":false,""bathtub"":false,""pet_friendly"":false,""smoking"":false}","0","1","130000","프리미엄 스위트","전체 가상 시뮬레이션"
"R0292_1","H0292","2","4","{""bed_type"":""퀸베드 1개"",""view_type"":""시티뷰"",""size_sqm"":24,""breakfast"":false,""spa"":true,""pool"":false,""balcony"":true,""bathtub"":true,""pet_friendly"":false,""smoking"":true}","1","0","85000","스탠다드 더블","전체 가상 시뮬레이션"
"R0292_2","H0292","3","1","{""bed_type"":""싱글베드 2개"",""view_type"":""가든뷰"",""size_sqm"":33,""breakfast"":true,""spa"":false,""pool"":true,""balcony"":false,""bathtub"":false,""pet_friendly"":false,""smoking"":false}","0","1","110000","디럭스 트윈","전체 가상 시뮬레이션"
"R0292_3","H0292","4","2","{""bed_type"":""킹베드 1개"",""view_type"":""파노라마뷰"",""size_sqm"":42,""breakfast"":false,""spa"":false,""pool"":false,""balcony"":false,""bathtub"":false,""pet_friendly"":false,""smoking"":false}","1","1","135000","프리미엄 스위트","전체 가상 시뮬레이션"
"R0293_1","H0293","2","1","{""bed_type"":""퀸베드 1개"",""view_type"":""시티뷰"",""size_sqm"":24,""breakfast"":true,""spa"":false,""pool"":true,""balcony"":false,""bathtub"":false,""pet_friendly"":false,""smoking"":true}","0","1","90000","스탠다드 더블","전체 가상 시뮬레이션"
"R0293_2","H0293","3","2","{""bed_type"":""싱글베드 2개"",""view_type"":""가든뷰"",""size_sqm"":33,""breakfast"":false,""spa"":false,""pool"":false,""balcony"":false,""bathtub"":false,""pet_friendly"":false,""smoking"":false}","1","1","115000","디럭스 트윈","전체 가상 시뮬레이션"
"R0293_3","H0293","4","3","{""bed_type"":""킹베드 1개"",""view_type"":""파노라마뷰"",""size_sqm"":42,""breakfast"":true,""spa"":true,""pool"":false,""balcony"":true,""bathtub"":true,""pet_friendly"":true,""smoking"":false}","1","0","140000","프리미엄 스위트","전체 가상 시뮬레이션"
"R0294_1","H0294","2","2","{""bed_type"":""퀸베드 1개"",""view_type"":""시티뷰"",""size_sqm"":24,""breakfast"":false,""spa"":false,""pool"":false,""balcony"":false,""bathtub"":false,""pet_friendly"":false,""smoking"":true}","1","1","95000","스탠다드 더블","전체 가상 시뮬레이션"
"R0294_2","H0294","3","3","{""bed_type"":""싱글베드 2개"",""view_type"":""가든뷰"",""size_sqm"":33,""breakfast"":true,""spa"":true,""pool"":false,""balcony"":true,""bathtub"":true,""pet_friendly"":true,""smoking"":false}","1","0","120000","디럭스 트윈","전체 가상 시뮬레이션"
"R0294_3","H0294","4","4","{""bed_type"":""킹베드 1개"",""view_type"":""파노라마뷰"",""size_sqm"":42,""breakfast"":false,""spa"":false,""pool"":false,""balcony"":false,""bathtub"":false,""pet_friendly"":false,""smoking"":false}","1","1","145000","프리미엄 스위트","전체 가상 시뮬레이션"
"R0295_1","H0295","2","3","{""bed_type"":""퀸베드 1개"",""view_type"":""시티뷰"",""size_sqm"":24,""breakfast"":true,""spa"":true,""pool"":false,""balcony"":true,""bathtub"":true,""pet_friendly"":true,""smoking"":true}","1","0","100000","스탠다드 더블","전체 가상 시뮬레이션"
"R0295_2","H0295","3","4","{""bed_type"":""싱글베드 2개"",""view_type"":""가든뷰"",""size_sqm"":33,""breakfast"":false,""spa"":false,""pool"":false,""balcony"":false,""bathtub"":false,""pet_friendly"":false,""smoking"":false}","1","1","125000","디럭스 트윈","전체 가상 시뮬레이션"
"R0295_3","H0295","4","1","{""bed_type"":""킹베드 1개"",""view_type"":""파노라마뷰"",""size_sqm"":42,""breakfast"":true,""spa"":false,""pool"":true,""balcony"":false,""bathtub"":false,""pet_friendly"":false,""smoking"":false}","0","1","150000","프리미엄 스위트","전체 가상 시뮬레이션"
"R0296_1","H0296","2","4","{""bed_type"":""퀸베드 1개"",""view_type"":""시티뷰"",""size_sqm"":24,""breakfast"":false,""spa"":false,""pool"":false,""balcony"":false,""bathtub"":false,""pet_friendly"":false,""smoking"":true}","1","1","105000","스탠다드 더블","전체 가상 시뮬레이션"
"R0296_2","H0296","3","1","{""bed_type"":""싱글베드 2개"",""view_type"":""가든뷰"",""size_sqm"":33,""breakfast"":true,""spa"":false,""pool"":true,""balcony"":false,""bathtub"":false,""pet_friendly"":false,""smoking"":false}","0","1","130000","디럭스 트윈","전체 가상 시뮬레이션"
"R0296_3","H0296","4","2","{""bed_type"":""킹베드 1개"",""view_type"":""파노라마뷰"",""size_sqm"":42,""breakfast"":false,""spa"":true,""pool"":false,""balcony"":true,""bathtub"":true,""pet_friendly"":false,""smoking"":false}","1","0","155000","프리미엄 스위트","전체 가상 시뮬레이션"
"R0297_1","H0297","2","1","{""bed_type"":""퀸베드 1개"",""view_type"":""시티뷰"",""size_sqm"":24,""breakfast"":true,""spa"":false,""pool"":true,""balcony"":false,""bathtub"":false,""pet_friendly"":false,""smoking"":true}","0","1","110000","스탠다드 더블","전체 가상 시뮬레이션"
"R0297_2","H0297","3","2","{""bed_type"":""싱글베드 2개"",""view_type"":""가든뷰"",""size_sqm"":33,""breakfast"":false,""spa"":true,""pool"":false,""balcony"":true,""bathtub"":true,""pet_friendly"":false,""smoking"":false}","1","0","135000","디럭스 트윈","전체 가상 시뮬레이션"
"R0297_3","H0297","4","3","{""bed_type"":""킹베드 1개"",""view_type"":""파노라마뷰"",""size_sqm"":42,""breakfast"":true,""spa"":false,""pool"":false,""balcony"":false,""bathtub"":false,""pet_friendly"":false,""smoking"":false}","1","1","160000","프리미엄 스위트","전체 가상 시뮬레이션"
"R0298_1","H0298","2","2","{""bed_type"":""퀸베드 1개"",""view_type"":""시티뷰"",""size_sqm"":24,""breakfast"":false,""spa"":true,""pool"":false,""balcony"":true,""bathtub"":true,""pet_friendly"":false,""smoking"":true}","1","0","115000","스탠다드 더블","전체 가상 시뮬레이션"
"R0298_2","H0298","3","3","{""bed_type"":""싱글베드 2개"",""view_type"":""가든뷰"",""size_sqm"":33,""breakfast"":true,""spa"":false,""pool"":false,""balcony"":false,""bathtub"":false,""pet_friendly"":false,""smoking"":false}","1","1","140000","디럭스 트윈","전체 가상 시뮬레이션"
"R0298_3","H0298","4","4","{""bed_type"":""킹베드 1개"",""view_type"":""파노라마뷰"",""size_sqm"":42,""breakfast"":false,""spa"":false,""pool"":false,""balcony"":false,""bathtub"":false,""pet_friendly"":false,""smoking"":false}","1","1","165000","프리미엄 스위트","전체 가상 시뮬레이션"
"R0299_1","H0299","2","3","{""bed_type"":""퀸베드 1개"",""view_type"":""시티뷰"",""size_sqm"":24,""breakfast"":true,""spa"":false,""pool"":false,""balcony"":false,""bathtub"":false,""pet_friendly"":false,""smoking"":true}","1","1","120000","스탠다드 더블","전체 가상 시뮬레이션"
"R0299_2","H0299","3","4","{""bed_type"":""싱글베드 2개"",""view_type"":""가든뷰"",""size_sqm"":33,""breakfast"":false,""spa"":false,""pool"":false,""balcony"":false,""bathtub"":false,""pet_friendly"":false,""smoking"":false}","1","1","145000","디럭스 트윈","전체 가상 시뮬레이션"
"R0299_3","H0299","4","1","{""bed_type"":""킹베드 1개"",""view_type"":""파노라마뷰"",""size_sqm"":42,""breakfast"":true,""spa"":true,""pool"":true,""balcony"":true,""bathtub"":true,""pet_friendly"":false,""smoking"":false}","0","0","170000","프리미엄 스위트","전체 가상 시뮬레이션"
"R0300_1","H0300","2","4","{""bed_type"":""퀸베드 1개"",""view_type"":""시티뷰"",""size_sqm"":24,""breakfast"":false,""spa"":false,""pool"":false,""balcony"":false,""bathtub"":false,""pet_friendly"":false,""smoking"":true}","1","1","125000","스탠다드 더블","전체 가상 시뮬레이션"
"R0300_2","H0300","3","1","{""bed_type"":""싱글베드 2개"",""view_type"":""가든뷰"",""size_sqm"":33,""breakfast"":true,""spa"":true,""pool"":true,""balcony"":true,""bathtub"":true,""pet_friendly"":false,""smoking"":false}","0","0","150000","디럭스 트윈","전체 가상 시뮬레이션"
"R0300_3","H0300","4","2","{""bed_type"":""킹베드 1개"",""view_type"":""파노라마뷰"",""size_sqm"":42,""breakfast"":false,""spa"":false,""pool"":false,""balcony"":false,""bathtub"":false,""pet_friendly"":true,""smoking"":false}","1","1","175000","프리미엄 스위트","전체 가상 시뮬레이션"
"R0301_1","H0301","2","1","{""bed_type"":""퀸베드 1개"",""view_type"":""시티뷰"",""size_sqm"":24,""breakfast"":true,""spa"":true,""pool"":true,""balcony"":true,""bathtub"":true,""pet_friendly"":false,""smoking"":true}","0","0","130000","스탠다드 더블","전체 가상 시뮬레이션"
"R0301_2","H0301","3","2","{""bed_type"":""싱글베드 2개"",""view_type"":""가든뷰"",""size_sqm"":33,""breakfast"":false,""spa"":false,""pool"":false,""balcony"":false,""bathtub"":false,""pet_friendly"":true,""smoking"":false}","1","1","155000","디럭스 트윈","전체 가상 시뮬레이션"
"R0301_3","H0301","4","3","{""bed_type"":""킹베드 1개"",""view_type"":""파노라마뷰"",""size_sqm"":42,""breakfast"":true,""spa"":false,""pool"":false,""balcony"":false,""bathtub"":false,""pet_friendly"":false,""smoking"":false}","1","1","180000","프리미엄 스위트","전체 가상 시뮬레이션"
"R0302_1","H0302","2","2","{""bed_type"":""퀸베드 1개"",""view_type"":""시티뷰"",""size_sqm"":24,""breakfast"":false,""spa"":false,""pool"":false,""balcony"":false,""bathtub"":false,""pet_friendly"":true,""smoking"":true}","1","1","135000","스탠다드 더블","전체 가상 시뮬레이션"
"R0302_2","H0302","3","3","{""bed_type"":""싱글베드 2개"",""view_type"":""가든뷰"",""size_sqm"":33,""breakfast"":true,""spa"":false,""pool"":false,""balcony"":false,""bathtub"":false,""pet_friendly"":false,""smoking"":false}","1","1","160000","디럭스 트윈","전체 가상 시뮬레이션"
"R0302_3","H0302","4","4","{""bed_type"":""킹베드 1개"",""view_type"":""파노라마뷰"",""size_sqm"":42,""breakfast"":false,""spa"":true,""pool"":false,""balcony"":true,""bathtub"":true,""pet_friendly"":false,""smoking"":false}","1","0","185000","프리미엄 스위트","전체 가상 시뮬레이션"
"R0303_1","H0303","2","3","{""bed_type"":""퀸베드 1개"",""view_type"":""시티뷰"",""size_sqm"":24,""breakfast"":true,""spa"":false,""pool"":false,""balcony"":false,""bathtub"":false,""pet_friendly"":false,""smoking"":true}","1","1","140000","스탠다드 더블","전체 가상 시뮬레이션"
"R0303_2","H0303","3","4","{""bed_type"":""싱글베드 2개"",""view_type"":""가든뷰"",""size_sqm"":33,""breakfast"":false,""spa"":true,""pool"":false,""balcony"":true,""bathtub"":true,""pet_friendly"":false,""smoking"":false}","1","0","165000","디럭스 트윈","전체 가상 시뮬레이션"
"R0303_3","H0303","4","1","{""bed_type"":""킹베드 1개"",""view_type"":""파노라마뷰"",""size_sqm"":42,""breakfast"":true,""spa"":false,""pool"":true,""balcony"":false,""bathtub"":false,""pet_friendly"":false,""smoking"":false}","0","1","190000","프리미엄 스위트","전체 가상 시뮬레이션"
"R0304_1","H0304","2","4","{""bed_type"":""퀸베드 1개"",""view_type"":""시티뷰"",""size_sqm"":24,""breakfast"":false,""spa"":true,""pool"":false,""balcony"":true,""bathtub"":true,""pet_friendly"":false,""smoking"":true}","1","0","145000","스탠다드 더블","전체 가상 시뮬레이션"
"R0304_2","H0304","3","1","{""bed_type"":""싱글베드 2개"",""view_type"":""가든뷰"",""size_sqm"":33,""breakfast"":true,""spa"":false,""pool"":true,""balcony"":false,""bathtub"":false,""pet_friendly"":false,""smoking"":false}","0","1","170000","디럭스 트윈","전체 가상 시뮬레이션"
"R0304_3","H0304","4","2","{""bed_type"":""킹베드 1개"",""view_type"":""파노라마뷰"",""size_sqm"":42,""breakfast"":false,""spa"":false,""pool"":false,""balcony"":false,""bathtub"":false,""pet_friendly"":false,""smoking"":false}","1","1","195000","프리미엄 스위트","전체 가상 시뮬레이션"
"R0305_1","H0305","2","1","{""bed_type"":""퀸베드 1개"",""view_type"":""시티뷰"",""size_sqm"":24,""breakfast"":true,""spa"":false,""pool"":true,""balcony"":false,""bathtub"":false,""pet_friendly"":false,""smoking"":true}","0","1","150000","스탠다드 더블","전체 가상 시뮬레이션"
"R0305_2","H0305","3","2","{""bed_type"":""싱글베드 2개"",""view_type"":""가든뷰"",""size_sqm"":33,""breakfast"":false,""spa"":false,""pool"":false,""balcony"":false,""bathtub"":false,""pet_friendly"":false,""smoking"":false}","1","1","175000","디럭스 트윈","전체 가상 시뮬레이션"
"R0305_3","H0305","4","3","{""bed_type"":""킹베드 1개"",""view_type"":""파노라마뷰"",""size_sqm"":42,""breakfast"":true,""spa"":true,""pool"":false,""balcony"":true,""bathtub"":true,""pet_friendly"":false,""smoking"":false}","1","0","200000","프리미엄 스위트","전체 가상 시뮬레이션"
"R0306_1","H0306","2","2","{""bed_type"":""퀸베드 1개"",""view_type"":""시티뷰"",""size_sqm"":24,""breakfast"":false,""spa"":false,""pool"":false,""balcony"":false,""bathtub"":false,""pet_friendly"":false,""smoking"":true}","1","1","155000","스탠다드 더블","전체 가상 시뮬레이션"
"R0306_2","H0306","3","3","{""bed_type"":""싱글베드 2개"",""view_type"":""가든뷰"",""size_sqm"":33,""breakfast"":true,""spa"":true,""pool"":false,""balcony"":true,""bathtub"":true,""pet_friendly"":false,""smoking"":false}","1","0","180000","디럭스 트윈","전체 가상 시뮬레이션"
"R0306_3","H0306","4","4","{""bed_type"":""킹베드 1개"",""view_type"":""파노라마뷰"",""size_sqm"":42,""breakfast"":false,""spa"":false,""pool"":false,""balcony"":false,""bathtub"":false,""pet_friendly"":false,""smoking"":false}","1","1","205000","프리미엄 스위트","전체 가상 시뮬레이션"
"R0307_1","H0307","2","3","{""bed_type"":""퀸베드 1개"",""view_type"":""시티뷰"",""size_sqm"":24,""breakfast"":true,""spa"":true,""pool"":false,""balcony"":true,""bathtub"":true,""pet_friendly"":false,""smoking"":true}","1","0","160000","스탠다드 더블","전체 가상 시뮬레이션"
"R0307_2","H0307","3","4","{""bed_type"":""싱글베드 2개"",""view_type"":""가든뷰"",""size_sqm"":33,""breakfast"":false,""spa"":false,""pool"":false,""balcony"":false,""bathtub"":false,""pet_friendly"":false,""smoking"":false}","1","1","185000","디럭스 트윈","전체 가상 시뮬레이션"
"R0307_3","H0307","4","1","{""bed_type"":""킹베드 1개"",""view_type"":""파노라마뷰"",""size_sqm"":42,""breakfast"":true,""spa"":false,""pool"":true,""balcony"":false,""bathtub"":false,""pet_friendly"":true,""smoking"":false}","0","1","210000","프리미엄 스위트","전체 가상 시뮬레이션"
"R0308_1","H0308","2","4","{""bed_type"":""퀸베드 1개"",""view_type"":""시티뷰"",""size_sqm"":24,""breakfast"":false,""spa"":false,""pool"":false,""balcony"":false,""bathtub"":false,""pet_friendly"":false,""smoking"":true}","1","1","165000","스탠다드 더블","전체 가상 시뮬레이션"
"R0308_2","H0308","3","1","{""bed_type"":""싱글베드 2개"",""view_type"":""가든뷰"",""size_sqm"":33,""breakfast"":true,""spa"":false,""pool"":true,""balcony"":false,""bathtub"":false,""pet_friendly"":true,""smoking"":false}","0","1","190000","디럭스 트윈","전체 가상 시뮬레이션"
"R0308_3","H0308","4","2","{""bed_type"":""킹베드 1개"",""view_type"":""파노라마뷰"",""size_sqm"":42,""breakfast"":false,""spa"":true,""pool"":false,""balcony"":true,""bathtub"":true,""pet_friendly"":false,""smoking"":false}","1","0","215000","프리미엄 스위트","전체 가상 시뮬레이션"
"R0309_1","H0309","2","1","{""bed_type"":""퀸베드 1개"",""view_type"":""시티뷰"",""size_sqm"":24,""breakfast"":true,""spa"":false,""pool"":true,""balcony"":false,""bathtub"":false,""pet_friendly"":true,""smoking"":true}","0","1","170000","스탠다드 더블","전체 가상 시뮬레이션"
"R0309_2","H0309","3","2","{""bed_type"":""싱글베드 2개"",""view_type"":""가든뷰"",""size_sqm"":33,""breakfast"":false,""spa"":true,""pool"":false,""balcony"":true,""bathtub"":true,""pet_friendly"":false,""smoking"":false}","1","0","195000","디럭스 트윈","전체 가상 시뮬레이션"
"R0309_3","H0309","4","3","{""bed_type"":""킹베드 1개"",""view_type"":""파노라마뷰"",""size_sqm"":42,""breakfast"":true,""spa"":false,""pool"":false,""balcony"":false,""bathtub"":false,""pet_friendly"":false,""smoking"":false}","1","1","220000","프리미엄 스위트","전체 가상 시뮬레이션"
"R0310_1","H0310","2","2","{""bed_type"":""퀸베드 1개"",""view_type"":""시티뷰"",""size_sqm"":24,""breakfast"":false,""spa"":true,""pool"":false,""balcony"":true,""bathtub"":true,""pet_friendly"":false,""smoking"":true}","1","0","175000","스탠다드 더블","전체 가상 시뮬레이션"
"R0310_2","H0310","3","3","{""bed_type"":""싱글베드 2개"",""view_type"":""가든뷰"",""size_sqm"":33,""breakfast"":true,""spa"":false,""pool"":false,""balcony"":false,""bathtub"":false,""pet_friendly"":false,""smoking"":false}","1","1","200000","디럭스 트윈","전체 가상 시뮬레이션"
"R0310_3","H0310","4","4","{""bed_type"":""킹베드 1개"",""view_type"":""파노라마뷰"",""size_sqm"":42,""breakfast"":false,""spa"":false,""pool"":false,""balcony"":false,""bathtub"":false,""pet_friendly"":false,""smoking"":false}","1","1","225000","프리미엄 스위트","전체 가상 시뮬레이션"
"R0311_1","H0311","2","3","{""bed_type"":""퀸베드 1개"",""view_type"":""시티뷰"",""size_sqm"":24,""breakfast"":true,""spa"":false,""pool"":false,""balcony"":false,""bathtub"":false,""pet_friendly"":false,""smoking"":true}","1","1","180000","스탠다드 더블","전체 가상 시뮬레이션"
"R0311_2","H0311","3","4","{""bed_type"":""싱글베드 2개"",""view_type"":""가든뷰"",""size_sqm"":33,""breakfast"":false,""spa"":false,""pool"":false,""balcony"":false,""bathtub"":false,""pet_friendly"":false,""smoking"":false}","1","1","205000","디럭스 트윈","전체 가상 시뮬레이션"
"R0311_3","H0311","4","1","{""bed_type"":""킹베드 1개"",""view_type"":""파노라마뷰"",""size_sqm"":42,""breakfast"":true,""spa"":true,""pool"":true,""balcony"":true,""bathtub"":true,""pet_friendly"":false,""smoking"":false}","0","0","230000","프리미엄 스위트","전체 가상 시뮬레이션"
"R0312_1","H0312","2","4","{""bed_type"":""퀸베드 1개"",""view_type"":""시티뷰"",""size_sqm"":24,""breakfast"":false,""spa"":false,""pool"":false,""balcony"":false,""bathtub"":false,""pet_friendly"":false,""smoking"":true}","1","1","185000","스탠다드 더블","전체 가상 시뮬레이션"
"R0312_2","H0312","3","1","{""bed_type"":""싱글베드 2개"",""view_type"":""가든뷰"",""size_sqm"":33,""breakfast"":true,""spa"":true,""pool"":true,""balcony"":true,""bathtub"":true,""pet_friendly"":false,""smoking"":false}","0","0","210000","디럭스 트윈","전체 가상 시뮬레이션"
"R0312_3","H0312","4","2","{""bed_type"":""킹베드 1개"",""view_type"":""파노라마뷰"",""size_sqm"":42,""breakfast"":false,""spa"":false,""pool"":false,""balcony"":false,""bathtub"":false,""pet_friendly"":false,""smoking"":false}","1","1","235000","프리미엄 스위트","전체 가상 시뮬레이션"
"R0313_1","H0313","2","1","{""bed_type"":""퀸베드 1개"",""view_type"":""시티뷰"",""size_sqm"":24,""breakfast"":true,""spa"":true,""pool"":true,""balcony"":true,""bathtub"":true,""pet_friendly"":false,""smoking"":true}","0","0","190000","스탠다드 더블","전체 가상 시뮬레이션"
"R0313_2","H0313","3","2","{""bed_type"":""싱글베드 2개"",""view_type"":""가든뷰"",""size_sqm"":33,""breakfast"":false,""spa"":false,""pool"":false,""balcony"":false,""bathtub"":false,""pet_friendly"":false,""smoking"":false}","1","1","215000","디럭스 트윈","전체 가상 시뮬레이션"
"R0313_3","H0313","4","3","{""bed_type"":""킹베드 1개"",""view_type"":""파노라마뷰"",""size_sqm"":42,""breakfast"":true,""spa"":false,""pool"":false,""balcony"":false,""bathtub"":false,""pet_friendly"":false,""smoking"":false}","1","1","240000","프리미엄 스위트","전체 가상 시뮬레이션"
"R0314_1","H0314","2","2","{""bed_type"":""퀸베드 1개"",""view_type"":""시티뷰"",""size_sqm"":24,""breakfast"":false,""spa"":false,""pool"":false,""balcony"":false,""bathtub"":false,""pet_friendly"":false,""smoking"":true}","1","1","195000","스탠다드 더블","전체 가상 시뮬레이션"
"R0314_2","H0314","3","3","{""bed_type"":""싱글베드 2개"",""view_type"":""가든뷰"",""size_sqm"":33,""breakfast"":true,""spa"":false,""pool"":false,""balcony"":false,""bathtub"":false,""pet_friendly"":false,""smoking"":false}","1","1","220000","디럭스 트윈","전체 가상 시뮬레이션"
"R0314_3","H0314","4","4","{""bed_type"":""킹베드 1개"",""view_type"":""파노라마뷰"",""size_sqm"":42,""breakfast"":false,""spa"":true,""pool"":false,""balcony"":true,""bathtub"":true,""pet_friendly"":true,""smoking"":false}","1","0","245000","프리미엄 스위트","전체 가상 시뮬레이션"
"R0315_1","H0315","2","3","{""bed_type"":""퀸베드 1개"",""view_type"":""시티뷰"",""size_sqm"":24,""breakfast"":true,""spa"":false,""pool"":false,""balcony"":false,""bathtub"":false,""pet_friendly"":false,""smoking"":true}","1","1","200000","스탠다드 더블","전체 가상 시뮬레이션"
"R0315_2","H0315","3","4","{""bed_type"":""싱글베드 2개"",""view_type"":""가든뷰"",""size_sqm"":33,""breakfast"":false,""spa"":true,""pool"":false,""balcony"":true,""bathtub"":true,""pet_friendly"":true,""smoking"":false}","1","0","225000","디럭스 트윈","전체 가상 시뮬레이션"
"R0315_3","H0315","4","1","{""bed_type"":""킹베드 1개"",""view_type"":""파노라마뷰"",""size_sqm"":42,""breakfast"":true,""spa"":false,""pool"":true,""balcony"":false,""bathtub"":false,""pet_friendly"":false,""smoking"":false}","0","1","250000","프리미엄 스위트","전체 가상 시뮬레이션"
"R0316_1","H0316","2","4","{""bed_type"":""퀸베드 1개"",""view_type"":""시티뷰"",""size_sqm"":24,""breakfast"":false,""spa"":true,""pool"":false,""balcony"":true,""bathtub"":true,""pet_friendly"":true,""smoking"":true}","1","0","205000","스탠다드 더블","전체 가상 시뮬레이션"
"R0316_2","H0316","3","1","{""bed_type"":""싱글베드 2개"",""view_type"":""가든뷰"",""size_sqm"":33,""breakfast"":true,""spa"":false,""pool"":true,""balcony"":false,""bathtub"":false,""pet_friendly"":false,""smoking"":false}","0","1","230000","디럭스 트윈","전체 가상 시뮬레이션"
"R0316_3","H0316","4","2","{""bed_type"":""킹베드 1개"",""view_type"":""파노라마뷰"",""size_sqm"":42,""breakfast"":false,""spa"":false,""pool"":false,""balcony"":false,""bathtub"":false,""pet_friendly"":false,""smoking"":false}","1","1","255000","프리미엄 스위트","전체 가상 시뮬레이션"
"R0317_1","H0317","2","1","{""bed_type"":""퀸베드 1개"",""view_type"":""시티뷰"",""size_sqm"":24,""breakfast"":true,""spa"":false,""pool"":true,""balcony"":false,""bathtub"":false,""pet_friendly"":false,""smoking"":true}","0","1","210000","스탠다드 더블","전체 가상 시뮬레이션"
"R0317_2","H0317","3","2","{""bed_type"":""싱글베드 2개"",""view_type"":""가든뷰"",""size_sqm"":33,""breakfast"":false,""spa"":false,""pool"":false,""balcony"":false,""bathtub"":false,""pet_friendly"":false,""smoking"":false}","1","1","235000","디럭스 트윈","전체 가상 시뮬레이션"
"R0317_3","H0317","4","3","{""bed_type"":""킹베드 1개"",""view_type"":""파노라마뷰"",""size_sqm"":42,""breakfast"":true,""spa"":true,""pool"":false,""balcony"":true,""bathtub"":true,""pet_friendly"":false,""smoking"":false}","1","0","260000","프리미엄 스위트","전체 가상 시뮬레이션"
"R0318_1","H0318","2","2","{""bed_type"":""퀸베드 1개"",""view_type"":""시티뷰"",""size_sqm"":24,""breakfast"":false,""spa"":false,""pool"":false,""balcony"":false,""bathtub"":false,""pet_friendly"":false,""smoking"":true}","1","1","215000","스탠다드 더블","전체 가상 시뮬레이션"
"R0318_2","H0318","3","3","{""bed_type"":""싱글베드 2개"",""view_type"":""가든뷰"",""size_sqm"":33,""breakfast"":true,""spa"":true,""pool"":false,""balcony"":true,""bathtub"":true,""pet_friendly"":false,""smoking"":false}","1","0","240000","디럭스 트윈","전체 가상 시뮬레이션"
"R0318_3","H0318","4","4","{""bed_type"":""킹베드 1개"",""view_type"":""파노라마뷰"",""size_sqm"":42,""breakfast"":false,""spa"":false,""pool"":false,""balcony"":false,""bathtub"":false,""pet_friendly"":false,""smoking"":false}","1","1","265000","프리미엄 스위트","전체 가상 시뮬레이션"
"R0319_1","H0319","2","3","{""bed_type"":""퀸베드 1개"",""view_type"":""시티뷰"",""size_sqm"":24,""breakfast"":true,""spa"":true,""pool"":false,""balcony"":true,""bathtub"":true,""pet_friendly"":false,""smoking"":true}","1","0","220000","스탠다드 더블","전체 가상 시뮬레이션"
"R0319_2","H0319","3","4","{""bed_type"":""싱글베드 2개"",""view_type"":""가든뷰"",""size_sqm"":33,""breakfast"":false,""spa"":false,""pool"":false,""balcony"":false,""bathtub"":false,""pet_friendly"":false,""smoking"":false}","1","1","245000","디럭스 트윈","전체 가상 시뮬레이션"
"R0319_3","H0319","4","1","{""bed_type"":""킹베드 1개"",""view_type"":""파노라마뷰"",""size_sqm"":42,""breakfast"":true,""spa"":false,""pool"":true,""balcony"":false,""bathtub"":false,""pet_friendly"":false,""smoking"":false}","0","1","270000","프리미엄 스위트","전체 가상 시뮬레이션"
"R0320_1","H0320","2","4","{""bed_type"":""퀸베드 1개"",""view_type"":""시티뷰"",""size_sqm"":24,""breakfast"":false,""spa"":false,""pool"":false,""balcony"":false,""bathtub"":false,""pet_friendly"":false,""smoking"":true}","1","1","225000","스탠다드 더블","전체 가상 시뮬레이션"
"R0320_2","H0320","3","1","{""bed_type"":""싱글베드 2개"",""view_type"":""가든뷰"",""size_sqm"":33,""breakfast"":true,""spa"":false,""pool"":true,""balcony"":false,""bathtub"":false,""pet_friendly"":false,""smoking"":false}","0","1","250000","디럭스 트윈","전체 가상 시뮬레이션"
"R0320_3","H0320","4","2","{""bed_type"":""킹베드 1개"",""view_type"":""파노라마뷰"",""size_sqm"":42,""breakfast"":false,""spa"":true,""pool"":false,""balcony"":true,""bathtub"":true,""pet_friendly"":false,""smoking"":false}","1","0","275000","프리미엄 스위트","전체 가상 시뮬레이션"
"R0321_1","H0321","2","1","{""bed_type"":""퀸베드 1개"",""view_type"":""시티뷰"",""size_sqm"":24,""breakfast"":true,""spa"":false,""pool"":true,""balcony"":false,""bathtub"":false,""pet_friendly"":false,""smoking"":true}","0","1","230000","스탠다드 더블","전체 가상 시뮬레이션"
"R0321_2","H0321","3","2","{""bed_type"":""싱글베드 2개"",""view_type"":""가든뷰"",""size_sqm"":33,""breakfast"":false,""spa"":true,""pool"":false,""balcony"":true,""bathtub"":true,""pet_friendly"":false,""smoking"":false}","1","0","255000","디럭스 트윈","전체 가상 시뮬레이션"
"R0321_3","H0321","4","3","{""bed_type"":""킹베드 1개"",""view_type"":""파노라마뷰"",""size_sqm"":42,""breakfast"":true,""spa"":false,""pool"":false,""balcony"":false,""bathtub"":false,""pet_friendly"":true,""smoking"":false}","1","1","280000","프리미엄 스위트","전체 가상 시뮬레이션"
"R0322_1","H0322","2","2","{""bed_type"":""퀸베드 1개"",""view_type"":""시티뷰"",""size_sqm"":24,""breakfast"":false,""spa"":true,""pool"":false,""balcony"":true,""bathtub"":true,""pet_friendly"":false,""smoking"":true}","1","0","235000","스탠다드 더블","전체 가상 시뮬레이션"
"R0322_2","H0322","3","3","{""bed_type"":""싱글베드 2개"",""view_type"":""가든뷰"",""size_sqm"":33,""breakfast"":true,""spa"":false,""pool"":false,""balcony"":false,""bathtub"":false,""pet_friendly"":true,""smoking"":false}","1","1","260000","디럭스 트윈","전체 가상 시뮬레이션"
"R0322_3","H0322","4","4","{""bed_type"":""킹베드 1개"",""view_type"":""파노라마뷰"",""size_sqm"":42,""breakfast"":false,""spa"":false,""pool"":false,""balcony"":false,""bathtub"":false,""pet_friendly"":false,""smoking"":false}","1","1","285000","프리미엄 스위트","전체 가상 시뮬레이션"
"R0323_1","H0323","2","3","{""bed_type"":""퀸베드 1개"",""view_type"":""시티뷰"",""size_sqm"":24,""breakfast"":true,""spa"":false,""pool"":false,""balcony"":false,""bathtub"":false,""pet_friendly"":true,""smoking"":true}","1","1","240000","스탠다드 더블","전체 가상 시뮬레이션"
"R0323_2","H0323","3","4","{""bed_type"":""싱글베드 2개"",""view_type"":""가든뷰"",""size_sqm"":33,""breakfast"":false,""spa"":false,""pool"":false,""balcony"":false,""bathtub"":false,""pet_friendly"":false,""smoking"":false}","1","1","265000","디럭스 트윈","전체 가상 시뮬레이션"
"R0323_3","H0323","4","1","{""bed_type"":""킹베드 1개"",""view_type"":""파노라마뷰"",""size_sqm"":42,""breakfast"":true,""spa"":true,""pool"":true,""balcony"":true,""bathtub"":true,""pet_friendly"":false,""smoking"":false}","0","0","290000","프리미엄 스위트","전체 가상 시뮬레이션"
"R0324_1","H0324","2","4","{""bed_type"":""퀸베드 1개"",""view_type"":""시티뷰"",""size_sqm"":24,""breakfast"":false,""spa"":false,""pool"":false,""balcony"":false,""bathtub"":false,""pet_friendly"":false,""smoking"":true}","1","1","245000","스탠다드 더블","전체 가상 시뮬레이션"
"R0324_2","H0324","3","1","{""bed_type"":""싱글베드 2개"",""view_type"":""가든뷰"",""size_sqm"":33,""breakfast"":true,""spa"":true,""pool"":true,""balcony"":true,""bathtub"":true,""pet_friendly"":false,""smoking"":false}","0","0","270000","디럭스 트윈","전체 가상 시뮬레이션"
"R0324_3","H0324","4","2","{""bed_type"":""킹베드 1개"",""view_type"":""파노라마뷰"",""size_sqm"":42,""breakfast"":false,""spa"":false,""pool"":false,""balcony"":false,""bathtub"":false,""pet_friendly"":false,""smoking"":false}","1","1","295000","프리미엄 스위트","전체 가상 시뮬레이션"
"R0325_1","H0325","2","1","{""bed_type"":""퀸베드 1개"",""view_type"":""시티뷰"",""size_sqm"":24,""breakfast"":true,""spa"":true,""pool"":true,""balcony"":true,""bathtub"":true,""pet_friendly"":false,""smoking"":true}","0","0","250000","스탠다드 더블","전체 가상 시뮬레이션"
"R0325_2","H0325","3","2","{""bed_type"":""싱글베드 2개"",""view_type"":""가든뷰"",""size_sqm"":33,""breakfast"":false,""spa"":false,""pool"":false,""balcony"":false,""bathtub"":false,""pet_friendly"":false,""smoking"":false}","1","1","275000","디럭스 트윈","전체 가상 시뮬레이션"
"R0325_3","H0325","4","3","{""bed_type"":""킹베드 1개"",""view_type"":""파노라마뷰"",""size_sqm"":42,""breakfast"":true,""spa"":false,""pool"":false,""balcony"":false,""bathtub"":false,""pet_friendly"":false,""smoking"":false}","1","1","300000","프리미엄 스위트","전체 가상 시뮬레이션"
"R0326_1","H0326","2","2","{""bed_type"":""퀸베드 1개"",""view_type"":""시티뷰"",""size_sqm"":24,""breakfast"":false,""spa"":false,""pool"":false,""balcony"":false,""bathtub"":false,""pet_friendly"":false,""smoking"":true}","1","1","255000","스탠다드 더블","전체 가상 시뮬레이션"
"R0326_2","H0326","3","3","{""bed_type"":""싱글베드 2개"",""view_type"":""가든뷰"",""size_sqm"":33,""breakfast"":true,""spa"":false,""pool"":false,""balcony"":false,""bathtub"":false,""pet_friendly"":false,""smoking"":false}","1","1","280000","디럭스 트윈","전체 가상 시뮬레이션"
"R0326_3","H0326","4","4","{""bed_type"":""킹베드 1개"",""view_type"":""파노라마뷰"",""size_sqm"":42,""breakfast"":false,""spa"":true,""pool"":false,""balcony"":true,""bathtub"":true,""pet_friendly"":false,""smoking"":false}","1","0","305000","프리미엄 스위트","전체 가상 시뮬레이션"
"R0327_1","H0327","2","3","{""bed_type"":""퀸베드 1개"",""view_type"":""시티뷰"",""size_sqm"":24,""breakfast"":true,""spa"":false,""pool"":false,""balcony"":false,""bathtub"":false,""pet_friendly"":false,""smoking"":true}","1","1","260000","스탠다드 더블","전체 가상 시뮬레이션"
"R0327_2","H0327","3","4","{""bed_type"":""싱글베드 2개"",""view_type"":""가든뷰"",""size_sqm"":33,""breakfast"":false,""spa"":true,""pool"":false,""balcony"":true,""bathtub"":true,""pet_friendly"":false,""smoking"":false}","1","0","285000","디럭스 트윈","전체 가상 시뮬레이션"
"R0327_3","H0327","4","1","{""bed_type"":""킹베드 1개"",""view_type"":""파노라마뷰"",""size_sqm"":42,""breakfast"":true,""spa"":false,""pool"":true,""balcony"":false,""bathtub"":false,""pet_friendly"":false,""smoking"":false}","0","1","310000","프리미엄 스위트","전체 가상 시뮬레이션"
"R0328_1","H0328","2","4","{""bed_type"":""퀸베드 1개"",""view_type"":""시티뷰"",""size_sqm"":24,""breakfast"":false,""spa"":true,""pool"":false,""balcony"":true,""bathtub"":true,""pet_friendly"":false,""smoking"":true}","1","0","265000","스탠다드 더블","전체 가상 시뮬레이션"
"R0328_2","H0328","3","1","{""bed_type"":""싱글베드 2개"",""view_type"":""가든뷰"",""size_sqm"":33,""breakfast"":true,""spa"":false,""pool"":true,""balcony"":false,""bathtub"":false,""pet_friendly"":false,""smoking"":false}","0","1","290000","디럭스 트윈","전체 가상 시뮬레이션"
"R0328_3","H0328","4","2","{""bed_type"":""킹베드 1개"",""view_type"":""파노라마뷰"",""size_sqm"":42,""breakfast"":false,""spa"":false,""pool"":false,""balcony"":false,""bathtub"":false,""pet_friendly"":true,""smoking"":false}","1","1","315000","프리미엄 스위트","전체 가상 시뮬레이션"
"R0329_1","H0329","2","1","{""bed_type"":""퀸베드 1개"",""view_type"":""시티뷰"",""size_sqm"":24,""breakfast"":true,""spa"":false,""pool"":true,""balcony"":false,""bathtub"":false,""pet_friendly"":false,""smoking"":true}","0","1","270000","스탠다드 더블","전체 가상 시뮬레이션"
"R0329_2","H0329","3","2","{""bed_type"":""싱글베드 2개"",""view_type"":""가든뷰"",""size_sqm"":33,""breakfast"":false,""spa"":false,""pool"":false,""balcony"":false,""bathtub"":false,""pet_friendly"":true,""smoking"":false}","1","1","295000","디럭스 트윈","전체 가상 시뮬레이션"
"R0329_3","H0329","4","3","{""bed_type"":""킹베드 1개"",""view_type"":""파노라마뷰"",""size_sqm"":42,""breakfast"":true,""spa"":true,""pool"":false,""balcony"":true,""bathtub"":true,""pet_friendly"":false,""smoking"":false}","1","0","320000","프리미엄 스위트","전체 가상 시뮬레이션"
"R0330_1","H0330","2","2","{""bed_type"":""퀸베드 1개"",""view_type"":""시티뷰"",""size_sqm"":24,""breakfast"":false,""spa"":false,""pool"":false,""balcony"":false,""bathtub"":false,""pet_friendly"":true,""smoking"":true}","1","1","275000","스탠다드 더블","전체 가상 시뮬레이션"
"R0330_2","H0330","3","3","{""bed_type"":""싱글베드 2개"",""view_type"":""가든뷰"",""size_sqm"":33,""breakfast"":true,""spa"":true,""pool"":false,""balcony"":true,""bathtub"":true,""pet_friendly"":false,""smoking"":false}","1","0","300000","디럭스 트윈","전체 가상 시뮬레이션"
"R0330_3","H0330","4","4","{""bed_type"":""킹베드 1개"",""view_type"":""파노라마뷰"",""size_sqm"":42,""breakfast"":false,""spa"":false,""pool"":false,""balcony"":false,""bathtub"":false,""pet_friendly"":false,""smoking"":false}","1","1","325000","프리미엄 스위트","전체 가상 시뮬레이션"
"R0331_1","H0331","2","3","{""bed_type"":""퀸베드 1개"",""view_type"":""시티뷰"",""size_sqm"":24,""breakfast"":true,""spa"":true,""pool"":false,""balcony"":true,""bathtub"":true,""pet_friendly"":false,""smoking"":true}","1","0","280000","스탠다드 더블","전체 가상 시뮬레이션"
"R0331_2","H0331","3","4","{""bed_type"":""싱글베드 2개"",""view_type"":""가든뷰"",""size_sqm"":33,""breakfast"":false,""spa"":false,""pool"":false,""balcony"":false,""bathtub"":false,""pet_friendly"":false,""smoking"":false}","1","1","305000","디럭스 트윈","전체 가상 시뮬레이션"
"R0331_3","H0331","4","1","{""bed_type"":""킹베드 1개"",""view_type"":""파노라마뷰"",""size_sqm"":42,""breakfast"":true,""spa"":false,""pool"":true,""balcony"":false,""bathtub"":false,""pet_friendly"":false,""smoking"":false}","0","1","330000","프리미엄 스위트","전체 가상 시뮬레이션"
"R0332_1","H0332","2","4","{""bed_type"":""퀸베드 1개"",""view_type"":""시티뷰"",""size_sqm"":24,""breakfast"":false,""spa"":false,""pool"":false,""balcony"":false,""bathtub"":false,""pet_friendly"":false,""smoking"":true}","1","1","285000","스탠다드 더블","전체 가상 시뮬레이션"
"R0332_2","H0332","3","1","{""bed_type"":""싱글베드 2개"",""view_type"":""가든뷰"",""size_sqm"":33,""breakfast"":true,""spa"":false,""pool"":true,""balcony"":false,""bathtub"":false,""pet_friendly"":false,""smoking"":false}","0","1","310000","디럭스 트윈","전체 가상 시뮬레이션"
"R0332_3","H0332","4","2","{""bed_type"":""킹베드 1개"",""view_type"":""파노라마뷰"",""size_sqm"":42,""breakfast"":false,""spa"":true,""pool"":false,""balcony"":true,""bathtub"":true,""pet_friendly"":false,""smoking"":false}","1","0","335000","프리미엄 스위트","전체 가상 시뮬레이션"
"R0333_1","H0333","2","1","{""bed_type"":""퀸베드 1개"",""view_type"":""시티뷰"",""size_sqm"":24,""breakfast"":true,""spa"":false,""pool"":true,""balcony"":false,""bathtub"":false,""pet_friendly"":false,""smoking"":true}","0","1","290000","스탠다드 더블","전체 가상 시뮬레이션"
"R0333_2","H0333","3","2","{""bed_type"":""싱글베드 2개"",""view_type"":""가든뷰"",""size_sqm"":33,""breakfast"":false,""spa"":true,""pool"":false,""balcony"":true,""bathtub"":true,""pet_friendly"":false,""smoking"":false}","1","0","315000","디럭스 트윈","전체 가상 시뮬레이션"
"R0333_3","H0333","4","3","{""bed_type"":""킹베드 1개"",""view_type"":""파노라마뷰"",""size_sqm"":42,""breakfast"":true,""spa"":false,""pool"":false,""balcony"":false,""bathtub"":false,""pet_friendly"":false,""smoking"":false}","1","1","340000","프리미엄 스위트","전체 가상 시뮬레이션"
"R0334_1","H0334","2","2","{""bed_type"":""퀸베드 1개"",""view_type"":""시티뷰"",""size_sqm"":24,""breakfast"":false,""spa"":true,""pool"":false,""balcony"":true,""bathtub"":true,""pet_friendly"":false,""smoking"":true}","1","0","295000","스탠다드 더블","전체 가상 시뮬레이션"
"R0334_2","H0334","3","3","{""bed_type"":""싱글베드 2개"",""view_type"":""가든뷰"",""size_sqm"":33,""breakfast"":true,""spa"":false,""pool"":false,""balcony"":false,""bathtub"":false,""pet_friendly"":false,""smoking"":false}","1","1","320000","디럭스 트윈","전체 가상 시뮬레이션"
"R0334_3","H0334","4","4","{""bed_type"":""킹베드 1개"",""view_type"":""파노라마뷰"",""size_sqm"":42,""breakfast"":false,""spa"":false,""pool"":false,""balcony"":false,""bathtub"":false,""pet_friendly"":false,""smoking"":false}","1","1","345000","프리미엄 스위트","전체 가상 시뮬레이션"
"R0335_1","H0335","2","3","{""bed_type"":""퀸베드 1개"",""view_type"":""시티뷰"",""size_sqm"":24,""breakfast"":true,""spa"":false,""pool"":false,""balcony"":false,""bathtub"":false,""pet_friendly"":false,""smoking"":true}","1","1","300000","스탠다드 더블","전체 가상 시뮬레이션"
"R0335_2","H0335","3","4","{""bed_type"":""싱글베드 2개"",""view_type"":""가든뷰"",""size_sqm"":33,""breakfast"":false,""spa"":false,""pool"":false,""balcony"":false,""bathtub"":false,""pet_friendly"":false,""smoking"":false}","1","1","325000","디럭스 트윈","전체 가상 시뮬레이션"
"R0335_3","H0335","4","1","{""bed_type"":""킹베드 1개"",""view_type"":""파노라마뷰"",""size_sqm"":42,""breakfast"":true,""spa"":true,""pool"":true,""balcony"":true,""bathtub"":true,""pet_friendly"":true,""smoking"":false}","0","0","350000","프리미엄 스위트","전체 가상 시뮬레이션"
"R0336_1","H0336","2","4","{""bed_type"":""퀸베드 1개"",""view_type"":""시티뷰"",""size_sqm"":24,""breakfast"":false,""spa"":false,""pool"":false,""balcony"":false,""bathtub"":false,""pet_friendly"":false,""smoking"":true}","1","1","305000","스탠다드 더블","전체 가상 시뮬레이션"
"R0336_2","H0336","3","1","{""bed_type"":""싱글베드 2개"",""view_type"":""가든뷰"",""size_sqm"":33,""breakfast"":true,""spa"":true,""pool"":true,""balcony"":true,""bathtub"":true,""pet_friendly"":true,""smoking"":false}","0","0","330000","디럭스 트윈","전체 가상 시뮬레이션"
"R0336_3","H0336","4","2","{""bed_type"":""킹베드 1개"",""view_type"":""파노라마뷰"",""size_sqm"":42,""breakfast"":false,""spa"":false,""pool"":false,""balcony"":false,""bathtub"":false,""pet_friendly"":false,""smoking"":false}","1","1","355000","프리미엄 스위트","전체 가상 시뮬레이션"
"R0337_1","H0337","2","1","{""bed_type"":""퀸베드 1개"",""view_type"":""시티뷰"",""size_sqm"":24,""breakfast"":true,""spa"":true,""pool"":true,""balcony"":true,""bathtub"":true,""pet_friendly"":true,""smoking"":true}","0","0","70000","스탠다드 더블","전체 가상 시뮬레이션"
"R0337_2","H0337","3","2","{""bed_type"":""싱글베드 2개"",""view_type"":""가든뷰"",""size_sqm"":33,""breakfast"":false,""spa"":false,""pool"":false,""balcony"":false,""bathtub"":false,""pet_friendly"":false,""smoking"":false}","1","1","95000","디럭스 트윈","전체 가상 시뮬레이션"
"R0337_3","H0337","4","3","{""bed_type"":""킹베드 1개"",""view_type"":""파노라마뷰"",""size_sqm"":42,""breakfast"":true,""spa"":false,""pool"":false,""balcony"":false,""bathtub"":false,""pet_friendly"":false,""smoking"":false}","1","1","120000","프리미엄 스위트","전체 가상 시뮬레이션"
"R0338_1","H0338","2","2","{""bed_type"":""퀸베드 1개"",""view_type"":""시티뷰"",""size_sqm"":24,""breakfast"":false,""spa"":false,""pool"":false,""balcony"":false,""bathtub"":false,""pet_friendly"":false,""smoking"":true}","1","1","75000","스탠다드 더블","전체 가상 시뮬레이션"
"R0338_2","H0338","3","3","{""bed_type"":""싱글베드 2개"",""view_type"":""가든뷰"",""size_sqm"":33,""breakfast"":true,""spa"":false,""pool"":false,""balcony"":false,""bathtub"":false,""pet_friendly"":false,""smoking"":false}","1","1","100000","디럭스 트윈","전체 가상 시뮬레이션"
"R0338_3","H0338","4","4","{""bed_type"":""킹베드 1개"",""view_type"":""파노라마뷰"",""size_sqm"":42,""breakfast"":false,""spa"":true,""pool"":false,""balcony"":true,""bathtub"":true,""pet_friendly"":false,""smoking"":false}","1","0","125000","프리미엄 스위트","전체 가상 시뮬레이션"
"R0339_1","H0339","2","3","{""bed_type"":""퀸베드 1개"",""view_type"":""시티뷰"",""size_sqm"":24,""breakfast"":true,""spa"":false,""pool"":false,""balcony"":false,""bathtub"":false,""pet_friendly"":false,""smoking"":true}","1","1","80000","스탠다드 더블","전체 가상 시뮬레이션"
"R0339_2","H0339","3","4","{""bed_type"":""싱글베드 2개"",""view_type"":""가든뷰"",""size_sqm"":33,""breakfast"":false,""spa"":true,""pool"":false,""balcony"":true,""bathtub"":true,""pet_friendly"":false,""smoking"":false}","1","0","105000","디럭스 트윈","전체 가상 시뮬레이션"
"R0339_3","H0339","4","1","{""bed_type"":""킹베드 1개"",""view_type"":""파노라마뷰"",""size_sqm"":42,""breakfast"":true,""spa"":false,""pool"":true,""balcony"":false,""bathtub"":false,""pet_friendly"":false,""smoking"":false}","0","1","130000","프리미엄 스위트","전체 가상 시뮬레이션"
"R0340_1","H0340","2","4","{""bed_type"":""퀸베드 1개"",""view_type"":""시티뷰"",""size_sqm"":24,""breakfast"":false,""spa"":true,""pool"":false,""balcony"":true,""bathtub"":true,""pet_friendly"":false,""smoking"":true}","1","0","85000","스탠다드 더블","전체 가상 시뮬레이션"
"R0340_2","H0340","3","1","{""bed_type"":""싱글베드 2개"",""view_type"":""가든뷰"",""size_sqm"":33,""breakfast"":true,""spa"":false,""pool"":true,""balcony"":false,""bathtub"":false,""pet_friendly"":false,""smoking"":false}","0","1","110000","디럭스 트윈","전체 가상 시뮬레이션"
"R0340_3","H0340","4","2","{""bed_type"":""킹베드 1개"",""view_type"":""파노라마뷰"",""size_sqm"":42,""breakfast"":false,""spa"":false,""pool"":false,""balcony"":false,""bathtub"":false,""pet_friendly"":false,""smoking"":false}","1","1","135000","프리미엄 스위트","전체 가상 시뮬레이션"
"R0341_1","H0341","2","1","{""bed_type"":""퀸베드 1개"",""view_type"":""시티뷰"",""size_sqm"":24,""breakfast"":true,""spa"":false,""pool"":true,""balcony"":false,""bathtub"":false,""pet_friendly"":false,""smoking"":true}","0","1","90000","스탠다드 더블","전체 가상 시뮬레이션"
"R0341_2","H0341","3","2","{""bed_type"":""싱글베드 2개"",""view_type"":""가든뷰"",""size_sqm"":33,""breakfast"":false,""spa"":false,""pool"":false,""balcony"":false,""bathtub"":false,""pet_friendly"":false,""smoking"":false}","1","1","115000","디럭스 트윈","전체 가상 시뮬레이션"
"R0341_3","H0341","4","3","{""bed_type"":""킹베드 1개"",""view_type"":""파노라마뷰"",""size_sqm"":42,""breakfast"":true,""spa"":true,""pool"":false,""balcony"":true,""bathtub"":true,""pet_friendly"":false,""smoking"":false}","1","0","140000","프리미엄 스위트","전체 가상 시뮬레이션"
"R0342_1","H0342","2","2","{""bed_type"":""퀸베드 1개"",""view_type"":""시티뷰"",""size_sqm"":24,""breakfast"":false,""spa"":false,""pool"":false,""balcony"":false,""bathtub"":false,""pet_friendly"":false,""smoking"":true}","1","1","95000","스탠다드 더블","전체 가상 시뮬레이션"
"R0342_2","H0342","3","3","{""bed_type"":""싱글베드 2개"",""view_type"":""가든뷰"",""size_sqm"":33,""breakfast"":true,""spa"":true,""pool"":false,""balcony"":true,""bathtub"":true,""pet_friendly"":false,""smoking"":false}","1","0","120000","디럭스 트윈","전체 가상 시뮬레이션"
"R0342_3","H0342","4","4","{""bed_type"":""킹베드 1개"",""view_type"":""파노라마뷰"",""size_sqm"":42,""breakfast"":false,""spa"":false,""pool"":false,""balcony"":false,""bathtub"":false,""pet_friendly"":true,""smoking"":false}","1","1","145000","프리미엄 스위트","전체 가상 시뮬레이션"
"R0343_1","H0343","2","3","{""bed_type"":""퀸베드 1개"",""view_type"":""시티뷰"",""size_sqm"":24,""breakfast"":true,""spa"":true,""pool"":false,""balcony"":true,""bathtub"":true,""pet_friendly"":false,""smoking"":true}","1","0","100000","스탠다드 더블","전체 가상 시뮬레이션"
"R0343_2","H0343","3","4","{""bed_type"":""싱글베드 2개"",""view_type"":""가든뷰"",""size_sqm"":33,""breakfast"":false,""spa"":false,""pool"":false,""balcony"":false,""bathtub"":false,""pet_friendly"":true,""smoking"":false}","1","1","125000","디럭스 트윈","전체 가상 시뮬레이션"
"R0343_3","H0343","4","1","{""bed_type"":""킹베드 1개"",""view_type"":""파노라마뷰"",""size_sqm"":42,""breakfast"":true,""spa"":false,""pool"":true,""balcony"":false,""bathtub"":false,""pet_friendly"":false,""smoking"":false}","0","1","150000","프리미엄 스위트","전체 가상 시뮬레이션"
"R0344_1","H0344","2","4","{""bed_type"":""퀸베드 1개"",""view_type"":""시티뷰"",""size_sqm"":24,""breakfast"":false,""spa"":false,""pool"":false,""balcony"":false,""bathtub"":false,""pet_friendly"":true,""smoking"":true}","1","1","105000","스탠다드 더블","전체 가상 시뮬레이션"
"R0344_2","H0344","3","1","{""bed_type"":""싱글베드 2개"",""view_type"":""가든뷰"",""size_sqm"":33,""breakfast"":true,""spa"":false,""pool"":true,""balcony"":false,""bathtub"":false,""pet_friendly"":false,""smoking"":false}","0","1","130000","디럭스 트윈","전체 가상 시뮬레이션"
"R0344_3","H0344","4","2","{""bed_type"":""킹베드 1개"",""view_type"":""파노라마뷰"",""size_sqm"":42,""breakfast"":false,""spa"":true,""pool"":false,""balcony"":true,""bathtub"":true,""pet_friendly"":false,""smoking"":false}","1","0","155000","프리미엄 스위트","전체 가상 시뮬레이션"
"R0345_1","H0345","2","1","{""bed_type"":""퀸베드 1개"",""view_type"":""시티뷰"",""size_sqm"":24,""breakfast"":true,""spa"":false,""pool"":true,""balcony"":false,""bathtub"":false,""pet_friendly"":false,""smoking"":true}","0","1","110000","스탠다드 더블","전체 가상 시뮬레이션"
"R0345_2","H0345","3","2","{""bed_type"":""싱글베드 2개"",""view_type"":""가든뷰"",""size_sqm"":33,""breakfast"":false,""spa"":true,""pool"":false,""balcony"":true,""bathtub"":true,""pet_friendly"":false,""smoking"":false}","1","0","135000","디럭스 트윈","전체 가상 시뮬레이션"
"R0345_3","H0345","4","3","{""bed_type"":""킹베드 1개"",""view_type"":""파노라마뷰"",""size_sqm"":42,""breakfast"":true,""spa"":false,""pool"":false,""balcony"":false,""bathtub"":false,""pet_friendly"":false,""smoking"":false}","1","1","160000","프리미엄 스위트","전체 가상 시뮬레이션"
"R0346_1","H0346","2","2","{""bed_type"":""퀸베드 1개"",""view_type"":""시티뷰"",""size_sqm"":24,""breakfast"":false,""spa"":true,""pool"":false,""balcony"":true,""bathtub"":true,""pet_friendly"":false,""smoking"":true}","1","0","115000","스탠다드 더블","전체 가상 시뮬레이션"
"R0346_2","H0346","3","3","{""bed_type"":""싱글베드 2개"",""view_type"":""가든뷰"",""size_sqm"":33,""breakfast"":true,""spa"":false,""pool"":false,""balcony"":false,""bathtub"":false,""pet_friendly"":false,""smoking"":false}","1","1","140000","디럭스 트윈","전체 가상 시뮬레이션"
"R0346_3","H0346","4","4","{""bed_type"":""킹베드 1개"",""view_type"":""파노라마뷰"",""size_sqm"":42,""breakfast"":false,""spa"":false,""pool"":false,""balcony"":false,""bathtub"":false,""pet_friendly"":false,""smoking"":false}","1","1","165000","프리미엄 스위트","전체 가상 시뮬레이션"
"R0347_1","H0347","2","3","{""bed_type"":""퀸베드 1개"",""view_type"":""시티뷰"",""size_sqm"":24,""breakfast"":true,""spa"":false,""pool"":false,""balcony"":false,""bathtub"":false,""pet_friendly"":false,""smoking"":true}","1","1","120000","스탠다드 더블","전체 가상 시뮬레이션"
"R0347_2","H0347","3","4","{""bed_type"":""싱글베드 2개"",""view_type"":""가든뷰"",""size_sqm"":33,""breakfast"":false,""spa"":false,""pool"":false,""balcony"":false,""bathtub"":false,""pet_friendly"":false,""smoking"":false}","1","1","145000","디럭스 트윈","전체 가상 시뮬레이션"
"R0347_3","H0347","4","1","{""bed_type"":""킹베드 1개"",""view_type"":""파노라마뷰"",""size_sqm"":42,""breakfast"":true,""spa"":true,""pool"":true,""balcony"":true,""bathtub"":true,""pet_friendly"":false,""smoking"":false}","0","0","170000","프리미엄 스위트","전체 가상 시뮬레이션"
"R0348_1","H0348","2","4","{""bed_type"":""퀸베드 1개"",""view_type"":""시티뷰"",""size_sqm"":24,""breakfast"":false,""spa"":false,""pool"":false,""balcony"":false,""bathtub"":false,""pet_friendly"":false,""smoking"":true}","1","1","125000","스탠다드 더블","전체 가상 시뮬레이션"
"R0348_2","H0348","3","1","{""bed_type"":""싱글베드 2개"",""view_type"":""가든뷰"",""size_sqm"":33,""breakfast"":true,""spa"":true,""pool"":true,""balcony"":true,""bathtub"":true,""pet_friendly"":false,""smoking"":false}","0","0","150000","디럭스 트윈","전체 가상 시뮬레이션"
"R0348_3","H0348","4","2","{""bed_type"":""킹베드 1개"",""view_type"":""파노라마뷰"",""size_sqm"":42,""breakfast"":false,""spa"":false,""pool"":false,""balcony"":false,""bathtub"":false,""pet_friendly"":false,""smoking"":false}","1","1","175000","프리미엄 스위트","전체 가상 시뮬레이션"
"R0349_1","H0349","2","1","{""bed_type"":""퀸베드 1개"",""view_type"":""시티뷰"",""size_sqm"":24,""breakfast"":true,""spa"":true,""pool"":true,""balcony"":true,""bathtub"":true,""pet_friendly"":false,""smoking"":true}","0","0","130000","스탠다드 더블","전체 가상 시뮬레이션"
"R0349_2","H0349","3","2","{""bed_type"":""싱글베드 2개"",""view_type"":""가든뷰"",""size_sqm"":33,""breakfast"":false,""spa"":false,""pool"":false,""balcony"":false,""bathtub"":false,""pet_friendly"":false,""smoking"":false}","1","1","155000","디럭스 트윈","전체 가상 시뮬레이션"
"R0349_3","H0349","4","3","{""bed_type"":""킹베드 1개"",""view_type"":""파노라마뷰"",""size_sqm"":42,""breakfast"":true,""spa"":false,""pool"":false,""balcony"":false,""bathtub"":false,""pet_friendly"":true,""smoking"":false}","1","1","180000","프리미엄 스위트","전체 가상 시뮬레이션"
"R0350_1","H0350","2","2","{""bed_type"":""퀸베드 1개"",""view_type"":""시티뷰"",""size_sqm"":24,""breakfast"":false,""spa"":false,""pool"":false,""balcony"":false,""bathtub"":false,""pet_friendly"":false,""smoking"":true}","1","1","135000","스탠다드 더블","전체 가상 시뮬레이션"
"R0350_2","H0350","3","3","{""bed_type"":""싱글베드 2개"",""view_type"":""가든뷰"",""size_sqm"":33,""breakfast"":true,""spa"":false,""pool"":false,""balcony"":false,""bathtub"":false,""pet_friendly"":true,""smoking"":false}","1","1","160000","디럭스 트윈","전체 가상 시뮬레이션"
"R0350_3","H0350","4","4","{""bed_type"":""킹베드 1개"",""view_type"":""파노라마뷰"",""size_sqm"":42,""breakfast"":false,""spa"":true,""pool"":false,""balcony"":true,""bathtub"":true,""pet_friendly"":false,""smoking"":false}","1","0","185000","프리미엄 스위트","전체 가상 시뮬레이션"
"R0351_1","H0351","2","3","{""bed_type"":""퀸베드 1개"",""view_type"":""시티뷰"",""size_sqm"":24,""breakfast"":true,""spa"":false,""pool"":false,""balcony"":false,""bathtub"":false,""pet_friendly"":true,""smoking"":true}","1","1","140000","스탠다드 더블","전체 가상 시뮬레이션"
"R0351_2","H0351","3","4","{""bed_type"":""싱글베드 2개"",""view_type"":""가든뷰"",""size_sqm"":33,""breakfast"":false,""spa"":true,""pool"":false,""balcony"":true,""bathtub"":true,""pet_friendly"":false,""smoking"":false}","1","0","165000","디럭스 트윈","전체 가상 시뮬레이션"
"R0351_3","H0351","4","1","{""bed_type"":""킹베드 1개"",""view_type"":""파노라마뷰"",""size_sqm"":42,""breakfast"":true,""spa"":false,""pool"":true,""balcony"":false,""bathtub"":false,""pet_friendly"":false,""smoking"":false}","0","1","190000","프리미엄 스위트","전체 가상 시뮬레이션"
"R0352_1","H0352","2","4","{""bed_type"":""퀸베드 1개"",""view_type"":""시티뷰"",""size_sqm"":24,""breakfast"":false,""spa"":true,""pool"":false,""balcony"":true,""bathtub"":true,""pet_friendly"":false,""smoking"":true}","1","0","145000","스탠다드 더블","전체 가상 시뮬레이션"
"R0352_2","H0352","3","1","{""bed_type"":""싱글베드 2개"",""view_type"":""가든뷰"",""size_sqm"":33,""breakfast"":true,""spa"":false,""pool"":true,""balcony"":false,""bathtub"":false,""pet_friendly"":false,""smoking"":false}","0","1","170000","디럭스 트윈","전체 가상 시뮬레이션"
"R0352_3","H0352","4","2","{""bed_type"":""킹베드 1개"",""view_type"":""파노라마뷰"",""size_sqm"":42,""breakfast"":false,""spa"":false,""pool"":false,""balcony"":false,""bathtub"":false,""pet_friendly"":false,""smoking"":false}","1","1","195000","프리미엄 스위트","전체 가상 시뮬레이션"
"R0353_1","H0353","2","1","{""bed_type"":""퀸베드 1개"",""view_type"":""시티뷰"",""size_sqm"":24,""breakfast"":true,""spa"":false,""pool"":true,""balcony"":false,""bathtub"":false,""pet_friendly"":false,""smoking"":true}","0","1","150000","스탠다드 더블","전체 가상 시뮬레이션"
"R0353_2","H0353","3","2","{""bed_type"":""싱글베드 2개"",""view_type"":""가든뷰"",""size_sqm"":33,""breakfast"":false,""spa"":false,""pool"":false,""balcony"":false,""bathtub"":false,""pet_friendly"":false,""smoking"":false}","1","1","175000","디럭스 트윈","전체 가상 시뮬레이션"
"R0353_3","H0353","4","3","{""bed_type"":""킹베드 1개"",""view_type"":""파노라마뷰"",""size_sqm"":42,""breakfast"":true,""spa"":true,""pool"":false,""balcony"":true,""bathtub"":true,""pet_friendly"":false,""smoking"":false}","1","0","200000","프리미엄 스위트","전체 가상 시뮬레이션"
"R0354_1","H0354","2","2","{""bed_type"":""퀸베드 1개"",""view_type"":""시티뷰"",""size_sqm"":24,""breakfast"":false,""spa"":false,""pool"":false,""balcony"":false,""bathtub"":false,""pet_friendly"":false,""smoking"":true}","1","1","155000","스탠다드 더블","전체 가상 시뮬레이션"
"R0354_2","H0354","3","3","{""bed_type"":""싱글베드 2개"",""view_type"":""가든뷰"",""size_sqm"":33,""breakfast"":true,""spa"":true,""pool"":false,""balcony"":true,""bathtub"":true,""pet_friendly"":false,""smoking"":false}","1","0","180000","디럭스 트윈","전체 가상 시뮬레이션"
"R0354_3","H0354","4","4","{""bed_type"":""킹베드 1개"",""view_type"":""파노라마뷰"",""size_sqm"":42,""breakfast"":false,""spa"":false,""pool"":false,""balcony"":false,""bathtub"":false,""pet_friendly"":false,""smoking"":false}","1","1","205000","프리미엄 스위트","전체 가상 시뮬레이션"
"R0355_1","H0355","2","3","{""bed_type"":""퀸베드 1개"",""view_type"":""시티뷰"",""size_sqm"":24,""breakfast"":true,""spa"":true,""pool"":false,""balcony"":true,""bathtub"":true,""pet_friendly"":false,""smoking"":true}","1","0","160000","스탠다드 더블","전체 가상 시뮬레이션"
"R0355_2","H0355","3","4","{""bed_type"":""싱글베드 2개"",""view_type"":""가든뷰"",""size_sqm"":33,""breakfast"":false,""spa"":false,""pool"":false,""balcony"":false,""bathtub"":false,""pet_friendly"":false,""smoking"":false}","1","1","185000","디럭스 트윈","전체 가상 시뮬레이션"
"R0355_3","H0355","4","1","{""bed_type"":""킹베드 1개"",""view_type"":""파노라마뷰"",""size_sqm"":42,""breakfast"":true,""spa"":false,""pool"":true,""balcony"":false,""bathtub"":false,""pet_friendly"":false,""smoking"":false}","0","1","210000","프리미엄 스위트","전체 가상 시뮬레이션"
"R0356_1","H0356","2","4","{""bed_type"":""퀸베드 1개"",""view_type"":""시티뷰"",""size_sqm"":24,""breakfast"":false,""spa"":false,""pool"":false,""balcony"":false,""bathtub"":false,""pet_friendly"":false,""smoking"":true}","1","1","165000","스탠다드 더블","전체 가상 시뮬레이션"
"R0356_2","H0356","3","1","{""bed_type"":""싱글베드 2개"",""view_type"":""가든뷰"",""size_sqm"":33,""breakfast"":true,""spa"":false,""pool"":true,""balcony"":false,""bathtub"":false,""pet_friendly"":false,""smoking"":false}","0","1","190000","디럭스 트윈","전체 가상 시뮬레이션"
"R0356_3","H0356","4","2","{""bed_type"":""킹베드 1개"",""view_type"":""파노라마뷰"",""size_sqm"":42,""breakfast"":false,""spa"":true,""pool"":false,""balcony"":true,""bathtub"":true,""pet_friendly"":true,""smoking"":false}","1","0","215000","프리미엄 스위트","전체 가상 시뮬레이션"
"R0357_1","H0357","2","1","{""bed_type"":""퀸베드 1개"",""view_type"":""시티뷰"",""size_sqm"":24,""breakfast"":true,""spa"":false,""pool"":true,""balcony"":false,""bathtub"":false,""pet_friendly"":false,""smoking"":true}","0","1","170000","스탠다드 더블","전체 가상 시뮬레이션"
"R0357_2","H0357","3","2","{""bed_type"":""싱글베드 2개"",""view_type"":""가든뷰"",""size_sqm"":33,""breakfast"":false,""spa"":true,""pool"":false,""balcony"":true,""bathtub"":true,""pet_friendly"":true,""smoking"":false}","1","0","195000","디럭스 트윈","전체 가상 시뮬레이션"
"R0357_3","H0357","4","3","{""bed_type"":""킹베드 1개"",""view_type"":""파노라마뷰"",""size_sqm"":42,""breakfast"":true,""spa"":false,""pool"":false,""balcony"":false,""bathtub"":false,""pet_friendly"":false,""smoking"":false}","1","1","220000","프리미엄 스위트","전체 가상 시뮬레이션"
"R0358_1","H0358","2","2","{""bed_type"":""퀸베드 1개"",""view_type"":""시티뷰"",""size_sqm"":24,""breakfast"":false,""spa"":true,""pool"":false,""balcony"":true,""bathtub"":true,""pet_friendly"":true,""smoking"":true}","1","0","175000","스탠다드 더블","전체 가상 시뮬레이션"
"R0358_2","H0358","3","3","{""bed_type"":""싱글베드 2개"",""view_type"":""가든뷰"",""size_sqm"":33,""breakfast"":true,""spa"":false,""pool"":false,""balcony"":false,""bathtub"":false,""pet_friendly"":false,""smoking"":false}","1","1","200000","디럭스 트윈","전체 가상 시뮬레이션"
"R0358_3","H0358","4","4","{""bed_type"":""킹베드 1개"",""view_type"":""파노라마뷰"",""size_sqm"":42,""breakfast"":false,""spa"":false,""pool"":false,""balcony"":false,""bathtub"":false,""pet_friendly"":false,""smoking"":false}","1","1","225000","프리미엄 스위트","전체 가상 시뮬레이션"
"R0359_1","H0359","2","3","{""bed_type"":""퀸베드 1개"",""view_type"":""시티뷰"",""size_sqm"":24,""breakfast"":true,""spa"":false,""pool"":false,""balcony"":false,""bathtub"":false,""pet_friendly"":false,""smoking"":true}","1","1","180000","스탠다드 더블","전체 가상 시뮬레이션"
"R0359_2","H0359","3","4","{""bed_type"":""싱글베드 2개"",""view_type"":""가든뷰"",""size_sqm"":33,""breakfast"":false,""spa"":false,""pool"":false,""balcony"":false,""bathtub"":false,""pet_friendly"":false,""smoking"":false}","1","1","205000","디럭스 트윈","전체 가상 시뮬레이션"
"R0359_3","H0359","4","1","{""bed_type"":""킹베드 1개"",""view_type"":""파노라마뷰"",""size_sqm"":42,""breakfast"":true,""spa"":true,""pool"":true,""balcony"":true,""bathtub"":true,""pet_friendly"":false,""smoking"":false}","0","0","230000","프리미엄 스위트","전체 가상 시뮬레이션"
"R0360_1","H0360","2","4","{""bed_type"":""퀸베드 1개"",""view_type"":""시티뷰"",""size_sqm"":24,""breakfast"":false,""spa"":false,""pool"":false,""balcony"":false,""bathtub"":false,""pet_friendly"":false,""smoking"":true}","1","1","185000","스탠다드 더블","전체 가상 시뮬레이션"
"R0360_2","H0360","3","1","{""bed_type"":""싱글베드 2개"",""view_type"":""가든뷰"",""size_sqm"":33,""breakfast"":true,""spa"":true,""pool"":true,""balcony"":true,""bathtub"":true,""pet_friendly"":false,""smoking"":false}","0","0","210000","디럭스 트윈","전체 가상 시뮬레이션"
"R0360_3","H0360","4","2","{""bed_type"":""킹베드 1개"",""view_type"":""파노라마뷰"",""size_sqm"":42,""breakfast"":false,""spa"":false,""pool"":false,""balcony"":false,""bathtub"":false,""pet_friendly"":false,""smoking"":false}","1","1","235000","프리미엄 스위트","전체 가상 시뮬레이션"
"R0361_1","H0361","2","1","{""bed_type"":""퀸베드 1개"",""view_type"":""시티뷰"",""size_sqm"":24,""breakfast"":true,""spa"":true,""pool"":true,""balcony"":true,""bathtub"":true,""pet_friendly"":false,""smoking"":true}","0","0","190000","스탠다드 더블","전체 가상 시뮬레이션"
"R0361_2","H0361","3","2","{""bed_type"":""싱글베드 2개"",""view_type"":""가든뷰"",""size_sqm"":33,""breakfast"":false,""spa"":false,""pool"":false,""balcony"":false,""bathtub"":false,""pet_friendly"":false,""smoking"":false}","1","1","215000","디럭스 트윈","전체 가상 시뮬레이션"
"R0361_3","H0361","4","3","{""bed_type"":""킹베드 1개"",""view_type"":""파노라마뷰"",""size_sqm"":42,""breakfast"":true,""spa"":false,""pool"":false,""balcony"":false,""bathtub"":false,""pet_friendly"":false,""smoking"":false}","1","1","240000","프리미엄 스위트","전체 가상 시뮬레이션"
"R0362_1","H0362","2","2","{""bed_type"":""퀸베드 1개"",""view_type"":""시티뷰"",""size_sqm"":24,""breakfast"":false,""spa"":false,""pool"":false,""balcony"":false,""bathtub"":false,""pet_friendly"":false,""smoking"":true}","1","1","195000","스탠다드 더블","전체 가상 시뮬레이션"
"R0362_2","H0362","3","3","{""bed_type"":""싱글베드 2개"",""view_type"":""가든뷰"",""size_sqm"":33,""breakfast"":true,""spa"":false,""pool"":false,""balcony"":false,""bathtub"":false,""pet_friendly"":false,""smoking"":false}","1","1","220000","디럭스 트윈","전체 가상 시뮬레이션"
"R0362_3","H0362","4","4","{""bed_type"":""킹베드 1개"",""view_type"":""파노라마뷰"",""size_sqm"":42,""breakfast"":false,""spa"":true,""pool"":false,""balcony"":true,""bathtub"":true,""pet_friendly"":false,""smoking"":false}","1","0","245000","프리미엄 스위트","전체 가상 시뮬레이션"
"R0363_1","H0363","2","3","{""bed_type"":""퀸베드 1개"",""view_type"":""시티뷰"",""size_sqm"":24,""breakfast"":true,""spa"":false,""pool"":false,""balcony"":false,""bathtub"":false,""pet_friendly"":false,""smoking"":true}","1","1","200000","스탠다드 더블","전체 가상 시뮬레이션"
"R0363_2","H0363","3","4","{""bed_type"":""싱글베드 2개"",""view_type"":""가든뷰"",""size_sqm"":33,""breakfast"":false,""spa"":true,""pool"":false,""balcony"":true,""bathtub"":true,""pet_friendly"":false,""smoking"":false}","1","0","225000","디럭스 트윈","전체 가상 시뮬레이션"
"R0363_3","H0363","4","1","{""bed_type"":""킹베드 1개"",""view_type"":""파노라마뷰"",""size_sqm"":42,""breakfast"":true,""spa"":false,""pool"":true,""balcony"":false,""bathtub"":false,""pet_friendly"":true,""smoking"":false}","0","1","250000","프리미엄 스위트","전체 가상 시뮬레이션"
"R0364_1","H0364","2","4","{""bed_type"":""퀸베드 1개"",""view_type"":""시티뷰"",""size_sqm"":24,""breakfast"":false,""spa"":true,""pool"":false,""balcony"":true,""bathtub"":true,""pet_friendly"":false,""smoking"":true}","1","0","205000","스탠다드 더블","전체 가상 시뮬레이션"
"R0364_2","H0364","3","1","{""bed_type"":""싱글베드 2개"",""view_type"":""가든뷰"",""size_sqm"":33,""breakfast"":true,""spa"":false,""pool"":true,""balcony"":false,""bathtub"":false,""pet_friendly"":true,""smoking"":false}","0","1","230000","디럭스 트윈","전체 가상 시뮬레이션"
"R0364_3","H0364","4","2","{""bed_type"":""킹베드 1개"",""view_type"":""파노라마뷰"",""size_sqm"":42,""breakfast"":false,""spa"":false,""pool"":false,""balcony"":false,""bathtub"":false,""pet_friendly"":false,""smoking"":false}","1","1","255000","프리미엄 스위트","전체 가상 시뮬레이션"
"R0365_1","H0365","2","1","{""bed_type"":""퀸베드 1개"",""view_type"":""시티뷰"",""size_sqm"":24,""breakfast"":true,""spa"":false,""pool"":true,""balcony"":false,""bathtub"":false,""pet_friendly"":true,""smoking"":true}","0","1","210000","스탠다드 더블","전체 가상 시뮬레이션"
"R0365_2","H0365","3","2","{""bed_type"":""싱글베드 2개"",""view_type"":""가든뷰"",""size_sqm"":33,""breakfast"":false,""spa"":false,""pool"":false,""balcony"":false,""bathtub"":false,""pet_friendly"":false,""smoking"":false}","1","1","235000","디럭스 트윈","전체 가상 시뮬레이션"
"R0365_3","H0365","4","3","{""bed_type"":""킹베드 1개"",""view_type"":""파노라마뷰"",""size_sqm"":42,""breakfast"":true,""spa"":true,""pool"":false,""balcony"":true,""bathtub"":true,""pet_friendly"":false,""smoking"":false}","1","0","260000","프리미엄 스위트","전체 가상 시뮬레이션"
"R0366_1","H0366","2","2","{""bed_type"":""퀸베드 1개"",""view_type"":""시티뷰"",""size_sqm"":24,""breakfast"":false,""spa"":false,""pool"":false,""balcony"":false,""bathtub"":false,""pet_friendly"":false,""smoking"":true}","1","1","215000","스탠다드 더블","전체 가상 시뮬레이션"
"R0366_2","H0366","3","3","{""bed_type"":""싱글베드 2개"",""view_type"":""가든뷰"",""size_sqm"":33,""breakfast"":true,""spa"":true,""pool"":false,""balcony"":true,""bathtub"":true,""pet_friendly"":false,""smoking"":false}","1","0","240000","디럭스 트윈","전체 가상 시뮬레이션"
"R0366_3","H0366","4","4","{""bed_type"":""킹베드 1개"",""view_type"":""파노라마뷰"",""size_sqm"":42,""breakfast"":false,""spa"":false,""pool"":false,""balcony"":false,""bathtub"":false,""pet_friendly"":false,""smoking"":false}","1","1","265000","프리미엄 스위트","전체 가상 시뮬레이션"
"R0367_1","H0367","2","3","{""bed_type"":""퀸베드 1개"",""view_type"":""시티뷰"",""size_sqm"":24,""breakfast"":true,""spa"":true,""pool"":false,""balcony"":true,""bathtub"":true,""pet_friendly"":false,""smoking"":true}","1","0","220000","스탠다드 더블","전체 가상 시뮬레이션"
"R0367_2","H0367","3","4","{""bed_type"":""싱글베드 2개"",""view_type"":""가든뷰"",""size_sqm"":33,""breakfast"":false,""spa"":false,""pool"":false,""balcony"":false,""bathtub"":false,""pet_friendly"":false,""smoking"":false}","1","1","245000","디럭스 트윈","전체 가상 시뮬레이션"
"R0367_3","H0367","4","1","{""bed_type"":""킹베드 1개"",""view_type"":""파노라마뷰"",""size_sqm"":42,""breakfast"":true,""spa"":false,""pool"":true,""balcony"":false,""bathtub"":false,""pet_friendly"":false,""smoking"":false}","0","1","270000","프리미엄 스위트","전체 가상 시뮬레이션"
"R0368_1","H0368","2","4","{""bed_type"":""퀸베드 1개"",""view_type"":""시티뷰"",""size_sqm"":24,""breakfast"":false,""spa"":false,""pool"":false,""balcony"":false,""bathtub"":false,""pet_friendly"":false,""smoking"":true}","1","1","225000","스탠다드 더블","전체 가상 시뮬레이션"
"R0368_2","H0368","3","1","{""bed_type"":""싱글베드 2개"",""view_type"":""가든뷰"",""size_sqm"":33,""breakfast"":true,""spa"":false,""pool"":true,""balcony"":false,""bathtub"":false,""pet_friendly"":false,""smoking"":false}","0","1","250000","디럭스 트윈","전체 가상 시뮬레이션"
"R0368_3","H0368","4","2","{""bed_type"":""킹베드 1개"",""view_type"":""파노라마뷰"",""size_sqm"":42,""breakfast"":false,""spa"":true,""pool"":false,""balcony"":true,""bathtub"":true,""pet_friendly"":false,""smoking"":false}","1","0","275000","프리미엄 스위트","전체 가상 시뮬레이션"
"R0369_1","H0369","2","1","{""bed_type"":""퀸베드 1개"",""view_type"":""시티뷰"",""size_sqm"":24,""breakfast"":true,""spa"":false,""pool"":true,""balcony"":false,""bathtub"":false,""pet_friendly"":false,""smoking"":true}","0","1","230000","스탠다드 더블","전체 가상 시뮬레이션"
"R0369_2","H0369","3","2","{""bed_type"":""싱글베드 2개"",""view_type"":""가든뷰"",""size_sqm"":33,""breakfast"":false,""spa"":true,""pool"":false,""balcony"":true,""bathtub"":true,""pet_friendly"":false,""smoking"":false}","1","0","255000","디럭스 트윈","전체 가상 시뮬레이션"
"R0369_3","H0369","4","3","{""bed_type"":""킹베드 1개"",""view_type"":""파노라마뷰"",""size_sqm"":42,""breakfast"":true,""spa"":false,""pool"":false,""balcony"":false,""bathtub"":false,""pet_friendly"":false,""smoking"":false}","1","1","280000","프리미엄 스위트","전체 가상 시뮬레이션"
"R0370_1","H0370","2","2","{""bed_type"":""퀸베드 1개"",""view_type"":""시티뷰"",""size_sqm"":24,""breakfast"":false,""spa"":true,""pool"":false,""balcony"":true,""bathtub"":true,""pet_friendly"":false,""smoking"":true}","1","0","235000","스탠다드 더블","전체 가상 시뮬레이션"
"R0370_2","H0370","3","3","{""bed_type"":""싱글베드 2개"",""view_type"":""가든뷰"",""size_sqm"":33,""breakfast"":true,""spa"":false,""pool"":false,""balcony"":false,""bathtub"":false,""pet_friendly"":false,""smoking"":false}","1","1","260000","디럭스 트윈","전체 가상 시뮬레이션"
"R0370_3","H0370","4","4","{""bed_type"":""킹베드 1개"",""view_type"":""파노라마뷰"",""size_sqm"":42,""breakfast"":false,""spa"":false,""pool"":false,""balcony"":false,""bathtub"":false,""pet_friendly"":true,""smoking"":false}","1","1","285000","프리미엄 스위트","전체 가상 시뮬레이션"
"R0371_1","H0371","2","3","{""bed_type"":""퀸베드 1개"",""view_type"":""시티뷰"",""size_sqm"":24,""breakfast"":true,""spa"":false,""pool"":false,""balcony"":false,""bathtub"":false,""pet_friendly"":false,""smoking"":true}","1","1","240000","스탠다드 더블","전체 가상 시뮬레이션"
"R0371_2","H0371","3","4","{""bed_type"":""싱글베드 2개"",""view_type"":""가든뷰"",""size_sqm"":33,""breakfast"":false,""spa"":false,""pool"":false,""balcony"":false,""bathtub"":false,""pet_friendly"":true,""smoking"":false}","1","1","265000","디럭스 트윈","전체 가상 시뮬레이션"
"R0371_3","H0371","4","1","{""bed_type"":""킹베드 1개"",""view_type"":""파노라마뷰"",""size_sqm"":42,""breakfast"":true,""spa"":true,""pool"":true,""balcony"":true,""bathtub"":true,""pet_friendly"":false,""smoking"":false}","0","0","290000","프리미엄 스위트","전체 가상 시뮬레이션"
"R0372_1","H0372","2","4","{""bed_type"":""퀸베드 1개"",""view_type"":""시티뷰"",""size_sqm"":24,""breakfast"":false,""spa"":false,""pool"":false,""balcony"":false,""bathtub"":false,""pet_friendly"":true,""smoking"":true}","1","1","245000","스탠다드 더블","전체 가상 시뮬레이션"
"R0372_2","H0372","3","1","{""bed_type"":""싱글베드 2개"",""view_type"":""가든뷰"",""size_sqm"":33,""breakfast"":true,""spa"":true,""pool"":true,""balcony"":true,""bathtub"":true,""pet_friendly"":false,""smoking"":false}","0","0","270000","디럭스 트윈","전체 가상 시뮬레이션"
"R0372_3","H0372","4","2","{""bed_type"":""킹베드 1개"",""view_type"":""파노라마뷰"",""size_sqm"":42,""breakfast"":false,""spa"":false,""pool"":false,""balcony"":false,""bathtub"":false,""pet_friendly"":false,""smoking"":false}","1","1","295000","프리미엄 스위트","전체 가상 시뮬레이션"
"R0373_1","H0373","2","1","{""bed_type"":""퀸베드 1개"",""view_type"":""시티뷰"",""size_sqm"":24,""breakfast"":true,""spa"":true,""pool"":true,""balcony"":true,""bathtub"":true,""pet_friendly"":false,""smoking"":true}","0","0","250000","스탠다드 더블","전체 가상 시뮬레이션"
"R0373_2","H0373","3","2","{""bed_type"":""싱글베드 2개"",""view_type"":""가든뷰"",""size_sqm"":33,""breakfast"":false,""spa"":false,""pool"":false,""balcony"":false,""bathtub"":false,""pet_friendly"":false,""smoking"":false}","1","1","275000","디럭스 트윈","전체 가상 시뮬레이션"
"R0373_3","H0373","4","3","{""bed_type"":""킹베드 1개"",""view_type"":""파노라마뷰"",""size_sqm"":42,""breakfast"":true,""spa"":false,""pool"":false,""balcony"":false,""bathtub"":false,""pet_friendly"":false,""smoking"":false}","1","1","300000","프리미엄 스위트","전체 가상 시뮬레이션"
"R0374_1","H0374","2","2","{""bed_type"":""퀸베드 1개"",""view_type"":""시티뷰"",""size_sqm"":24,""breakfast"":false,""spa"":false,""pool"":false,""balcony"":false,""bathtub"":false,""pet_friendly"":false,""smoking"":true}","1","1","255000","스탠다드 더블","전체 가상 시뮬레이션"
"R0374_2","H0374","3","3","{""bed_type"":""싱글베드 2개"",""view_type"":""가든뷰"",""size_sqm"":33,""breakfast"":true,""spa"":false,""pool"":false,""balcony"":false,""bathtub"":false,""pet_friendly"":false,""smoking"":false}","1","1","280000","디럭스 트윈","전체 가상 시뮬레이션"
"R0374_3","H0374","4","4","{""bed_type"":""킹베드 1개"",""view_type"":""파노라마뷰"",""size_sqm"":42,""breakfast"":false,""spa"":true,""pool"":false,""balcony"":true,""bathtub"":true,""pet_friendly"":false,""smoking"":false}","1","0","305000","프리미엄 스위트","전체 가상 시뮬레이션"
"R0375_1","H0375","2","3","{""bed_type"":""퀸베드 1개"",""view_type"":""시티뷰"",""size_sqm"":24,""breakfast"":true,""spa"":false,""pool"":false,""balcony"":false,""bathtub"":false,""pet_friendly"":false,""smoking"":true}","1","1","260000","스탠다드 더블","전체 가상 시뮬레이션"
"R0375_2","H0375","3","4","{""bed_type"":""싱글베드 2개"",""view_type"":""가든뷰"",""size_sqm"":33,""breakfast"":false,""spa"":true,""pool"":false,""balcony"":true,""bathtub"":true,""pet_friendly"":false,""smoking"":false}","1","0","285000","디럭스 트윈","전체 가상 시뮬레이션"
"R0375_3","H0375","4","1","{""bed_type"":""킹베드 1개"",""view_type"":""파노라마뷰"",""size_sqm"":42,""breakfast"":true,""spa"":false,""pool"":true,""balcony"":false,""bathtub"":false,""pet_friendly"":false,""smoking"":false}","0","1","310000","프리미엄 스위트","전체 가상 시뮬레이션"
"R0376_1","H0376","2","4","{""bed_type"":""퀸베드 1개"",""view_type"":""시티뷰"",""size_sqm"":24,""breakfast"":false,""spa"":true,""pool"":false,""balcony"":true,""bathtub"":true,""pet_friendly"":false,""smoking"":true}","1","0","265000","스탠다드 더블","전체 가상 시뮬레이션"
"R0376_2","H0376","3","1","{""bed_type"":""싱글베드 2개"",""view_type"":""가든뷰"",""size_sqm"":33,""breakfast"":true,""spa"":false,""pool"":true,""balcony"":false,""bathtub"":false,""pet_friendly"":false,""smoking"":false}","0","1","290000","디럭스 트윈","전체 가상 시뮬레이션"
"R0376_3","H0376","4","2","{""bed_type"":""킹베드 1개"",""view_type"":""파노라마뷰"",""size_sqm"":42,""breakfast"":false,""spa"":false,""pool"":false,""balcony"":false,""bathtub"":false,""pet_friendly"":false,""smoking"":false}","1","1","315000","프리미엄 스위트","전체 가상 시뮬레이션"
"R0377_1","H0377","2","1","{""bed_type"":""퀸베드 1개"",""view_type"":""시티뷰"",""size_sqm"":24,""breakfast"":true,""spa"":false,""pool"":true,""balcony"":false,""bathtub"":false,""pet_friendly"":false,""smoking"":true}","0","1","270000","스탠다드 더블","전체 가상 시뮬레이션"
"R0377_2","H0377","3","2","{""bed_type"":""싱글베드 2개"",""view_type"":""가든뷰"",""size_sqm"":33,""breakfast"":false,""spa"":false,""pool"":false,""balcony"":false,""bathtub"":false,""pet_friendly"":false,""smoking"":false}","1","1","295000","디럭스 트윈","전체 가상 시뮬레이션"
"R0377_3","H0377","4","3","{""bed_type"":""킹베드 1개"",""view_type"":""파노라마뷰"",""size_sqm"":42,""breakfast"":true,""spa"":true,""pool"":false,""balcony"":true,""bathtub"":true,""pet_friendly"":true,""smoking"":false}","1","0","320000","프리미엄 스위트","전체 가상 시뮬레이션"
"R0378_1","H0378","2","2","{""bed_type"":""퀸베드 1개"",""view_type"":""시티뷰"",""size_sqm"":24,""breakfast"":false,""spa"":false,""pool"":false,""balcony"":false,""bathtub"":false,""pet_friendly"":false,""smoking"":true}","1","1","275000","스탠다드 더블","전체 가상 시뮬레이션"
"R0378_2","H0378","3","3","{""bed_type"":""싱글베드 2개"",""view_type"":""가든뷰"",""size_sqm"":33,""breakfast"":true,""spa"":true,""pool"":false,""balcony"":true,""bathtub"":true,""pet_friendly"":true,""smoking"":false}","1","0","300000","디럭스 트윈","전체 가상 시뮬레이션"
"R0378_3","H0378","4","4","{""bed_type"":""킹베드 1개"",""view_type"":""파노라마뷰"",""size_sqm"":42,""breakfast"":false,""spa"":false,""pool"":false,""balcony"":false,""bathtub"":false,""pet_friendly"":false,""smoking"":false}","1","1","325000","프리미엄 스위트","전체 가상 시뮬레이션"
"R0379_1","H0379","2","3","{""bed_type"":""퀸베드 1개"",""view_type"":""시티뷰"",""size_sqm"":24,""breakfast"":true,""spa"":true,""pool"":false,""balcony"":true,""bathtub"":true,""pet_friendly"":true,""smoking"":true}","1","0","280000","스탠다드 더블","전체 가상 시뮬레이션"
"R0379_2","H0379","3","4","{""bed_type"":""싱글베드 2개"",""view_type"":""가든뷰"",""size_sqm"":33,""breakfast"":false,""spa"":false,""pool"":false,""balcony"":false,""bathtub"":false,""pet_friendly"":false,""smoking"":false}","1","1","305000","디럭스 트윈","전체 가상 시뮬레이션"
"R0379_3","H0379","4","1","{""bed_type"":""킹베드 1개"",""view_type"":""파노라마뷰"",""size_sqm"":42,""breakfast"":true,""spa"":false,""pool"":true,""balcony"":false,""bathtub"":false,""pet_friendly"":false,""smoking"":false}","0","1","330000","프리미엄 스위트","전체 가상 시뮬레이션"
"R0380_1","H0380","2","4","{""bed_type"":""퀸베드 1개"",""view_type"":""시티뷰"",""size_sqm"":24,""breakfast"":false,""spa"":false,""pool"":false,""balcony"":false,""bathtub"":false,""pet_friendly"":false,""smoking"":true}","1","1","285000","스탠다드 더블","전체 가상 시뮬레이션"
"R0380_2","H0380","3","1","{""bed_type"":""싱글베드 2개"",""view_type"":""가든뷰"",""size_sqm"":33,""breakfast"":true,""spa"":false,""pool"":true,""balcony"":false,""bathtub"":false,""pet_friendly"":false,""smoking"":false}","0","1","310000","디럭스 트윈","전체 가상 시뮬레이션"
"R0380_3","H0380","4","2","{""bed_type"":""킹베드 1개"",""view_type"":""파노라마뷰"",""size_sqm"":42,""breakfast"":false,""spa"":true,""pool"":false,""balcony"":true,""bathtub"":true,""pet_friendly"":false,""smoking"":false}","1","0","335000","프리미엄 스위트","전체 가상 시뮬레이션"
"R0381_1","H0381","2","1","{""bed_type"":""퀸베드 1개"",""view_type"":""시티뷰"",""size_sqm"":24,""breakfast"":true,""spa"":false,""pool"":true,""balcony"":false,""bathtub"":false,""pet_friendly"":false,""smoking"":true}","0","1","290000","스탠다드 더블","전체 가상 시뮬레이션"
"R0381_2","H0381","3","2","{""bed_type"":""싱글베드 2개"",""view_type"":""가든뷰"",""size_sqm"":33,""breakfast"":false,""spa"":true,""pool"":false,""balcony"":true,""bathtub"":true,""pet_friendly"":false,""smoking"":false}","1","0","315000","디럭스 트윈","전체 가상 시뮬레이션"
"R0381_3","H0381","4","3","{""bed_type"":""킹베드 1개"",""view_type"":""파노라마뷰"",""size_sqm"":42,""breakfast"":true,""spa"":false,""pool"":false,""balcony"":false,""bathtub"":false,""pet_friendly"":false,""smoking"":false}","1","1","340000","프리미엄 스위트","전체 가상 시뮬레이션"
"R0382_1","H0382","2","2","{""bed_type"":""퀸베드 1개"",""view_type"":""시티뷰"",""size_sqm"":24,""breakfast"":false,""spa"":true,""pool"":false,""balcony"":true,""bathtub"":true,""pet_friendly"":false,""smoking"":true}","1","0","295000","스탠다드 더블","전체 가상 시뮬레이션"
"R0382_2","H0382","3","3","{""bed_type"":""싱글베드 2개"",""view_type"":""가든뷰"",""size_sqm"":33,""breakfast"":true,""spa"":false,""pool"":false,""balcony"":false,""bathtub"":false,""pet_friendly"":false,""smoking"":false}","1","1","320000","디럭스 트윈","전체 가상 시뮬레이션"
"R0382_3","H0382","4","4","{""bed_type"":""킹베드 1개"",""view_type"":""파노라마뷰"",""size_sqm"":42,""breakfast"":false,""spa"":false,""pool"":false,""balcony"":false,""bathtub"":false,""pet_friendly"":false,""smoking"":false}","1","1","345000","프리미엄 스위트","전체 가상 시뮬레이션"
"R0383_1","H0383","2","3","{""bed_type"":""퀸베드 1개"",""view_type"":""시티뷰"",""size_sqm"":24,""breakfast"":true,""spa"":false,""pool"":false,""balcony"":false,""bathtub"":false,""pet_friendly"":false,""smoking"":true}","1","1","300000","스탠다드 더블","전체 가상 시뮬레이션"
"R0383_2","H0383","3","4","{""bed_type"":""싱글베드 2개"",""view_type"":""가든뷰"",""size_sqm"":33,""breakfast"":false,""spa"":false,""pool"":false,""balcony"":false,""bathtub"":false,""pet_friendly"":false,""smoking"":false}","1","1","325000","디럭스 트윈","전체 가상 시뮬레이션"
"R0383_3","H0383","4","1","{""bed_type"":""킹베드 1개"",""view_type"":""파노라마뷰"",""size_sqm"":42,""breakfast"":true,""spa"":true,""pool"":true,""balcony"":true,""bathtub"":true,""pet_friendly"":false,""smoking"":false}","0","0","350000","프리미엄 스위트","전체 가상 시뮬레이션"
"R0384_1","H0384","2","4","{""bed_type"":""퀸베드 1개"",""view_type"":""시티뷰"",""size_sqm"":24,""breakfast"":false,""spa"":false,""pool"":false,""balcony"":false,""bathtub"":false,""pet_friendly"":false,""smoking"":true}","1","1","305000","스탠다드 더블","전체 가상 시뮬레이션"
"R0384_2","H0384","3","1","{""bed_type"":""싱글베드 2개"",""view_type"":""가든뷰"",""size_sqm"":33,""breakfast"":true,""spa"":true,""pool"":true,""balcony"":true,""bathtub"":true,""pet_friendly"":false,""smoking"":false}","0","0","330000","디럭스 트윈","전체 가상 시뮬레이션"
"R0384_3","H0384","4","2","{""bed_type"":""킹베드 1개"",""view_type"":""파노라마뷰"",""size_sqm"":42,""breakfast"":false,""spa"":false,""pool"":false,""balcony"":false,""bathtub"":false,""pet_friendly"":true,""smoking"":false}","1","1","355000","프리미엄 스위트","전체 가상 시뮬레이션"
"R0385_1","H0385","2","1","{""bed_type"":""퀸베드 1개"",""view_type"":""시티뷰"",""size_sqm"":24,""breakfast"":true,""spa"":true,""pool"":true,""balcony"":true,""bathtub"":true,""pet_friendly"":false,""smoking"":true}","0","0","70000","스탠다드 더블","전체 가상 시뮬레이션"
"R0385_2","H0385","3","2","{""bed_type"":""싱글베드 2개"",""view_type"":""가든뷰"",""size_sqm"":33,""breakfast"":false,""spa"":false,""pool"":false,""balcony"":false,""bathtub"":false,""pet_friendly"":true,""smoking"":false}","1","1","95000","디럭스 트윈","전체 가상 시뮬레이션"
"R0385_3","H0385","4","3","{""bed_type"":""킹베드 1개"",""view_type"":""파노라마뷰"",""size_sqm"":42,""breakfast"":true,""spa"":false,""pool"":false,""balcony"":false,""bathtub"":false,""pet_friendly"":false,""smoking"":false}","1","1","120000","프리미엄 스위트","전체 가상 시뮬레이션"
"R0386_1","H0386","2","2","{""bed_type"":""퀸베드 1개"",""view_type"":""시티뷰"",""size_sqm"":24,""breakfast"":false,""spa"":false,""pool"":false,""balcony"":false,""bathtub"":false,""pet_friendly"":true,""smoking"":true}","1","1","75000","스탠다드 더블","전체 가상 시뮬레이션"
"R0386_2","H0386","3","3","{""bed_type"":""싱글베드 2개"",""view_type"":""가든뷰"",""size_sqm"":33,""breakfast"":true,""spa"":false,""pool"":false,""balcony"":false,""bathtub"":false,""pet_friendly"":false,""smoking"":false}","1","1","100000","디럭스 트윈","전체 가상 시뮬레이션"
"R0386_3","H0386","4","4","{""bed_type"":""킹베드 1개"",""view_type"":""파노라마뷰"",""size_sqm"":42,""breakfast"":false,""spa"":true,""pool"":false,""balcony"":true,""bathtub"":true,""pet_friendly"":false,""smoking"":false}","1","0","125000","프리미엄 스위트","전체 가상 시뮬레이션"
"R0387_1","H0387","2","3","{""bed_type"":""퀸베드 1개"",""view_type"":""시티뷰"",""size_sqm"":24,""breakfast"":true,""spa"":false,""pool"":false,""balcony"":false,""bathtub"":false,""pet_friendly"":false,""smoking"":true}","1","1","80000","스탠다드 더블","전체 가상 시뮬레이션"
"R0387_2","H0387","3","4","{""bed_type"":""싱글베드 2개"",""view_type"":""가든뷰"",""size_sqm"":33,""breakfast"":false,""spa"":true,""pool"":false,""balcony"":true,""bathtub"":true,""pet_friendly"":false,""smoking"":false}","1","0","105000","디럭스 트윈","전체 가상 시뮬레이션"
"R0387_3","H0387","4","1","{""bed_type"":""킹베드 1개"",""view_type"":""파노라마뷰"",""size_sqm"":42,""breakfast"":true,""spa"":false,""pool"":true,""balcony"":false,""bathtub"":false,""pet_friendly"":false,""smoking"":false}","0","1","130000","프리미엄 스위트","전체 가상 시뮬레이션"
"R0388_1","H0388","2","4","{""bed_type"":""퀸베드 1개"",""view_type"":""시티뷰"",""size_sqm"":24,""breakfast"":false,""spa"":true,""pool"":false,""balcony"":true,""bathtub"":true,""pet_friendly"":false,""smoking"":true}","1","0","85000","스탠다드 더블","전체 가상 시뮬레이션"
"R0388_2","H0388","3","1","{""bed_type"":""싱글베드 2개"",""view_type"":""가든뷰"",""size_sqm"":33,""breakfast"":true,""spa"":false,""pool"":true,""balcony"":false,""bathtub"":false,""pet_friendly"":false,""smoking"":false}","0","1","110000","디럭스 트윈","전체 가상 시뮬레이션"
"R0388_3","H0388","4","2","{""bed_type"":""킹베드 1개"",""view_type"":""파노라마뷰"",""size_sqm"":42,""breakfast"":false,""spa"":false,""pool"":false,""balcony"":false,""bathtub"":false,""pet_friendly"":false,""smoking"":false}","1","1","135000","프리미엄 스위트","전체 가상 시뮬레이션"
"R0389_1","H0389","2","1","{""bed_type"":""퀸베드 1개"",""view_type"":""시티뷰"",""size_sqm"":24,""breakfast"":true,""spa"":false,""pool"":true,""balcony"":false,""bathtub"":false,""pet_friendly"":false,""smoking"":true}","0","1","90000","스탠다드 더블","전체 가상 시뮬레이션"
"R0389_2","H0389","3","2","{""bed_type"":""싱글베드 2개"",""view_type"":""가든뷰"",""size_sqm"":33,""breakfast"":false,""spa"":false,""pool"":false,""balcony"":false,""bathtub"":false,""pet_friendly"":false,""smoking"":false}","1","1","115000","디럭스 트윈","전체 가상 시뮬레이션"
"R0389_3","H0389","4","3","{""bed_type"":""킹베드 1개"",""view_type"":""파노라마뷰"",""size_sqm"":42,""breakfast"":true,""spa"":true,""pool"":false,""balcony"":true,""bathtub"":true,""pet_friendly"":false,""smoking"":false}","1","0","140000","프리미엄 스위트","전체 가상 시뮬레이션"
"R0390_1","H0390","2","2","{""bed_type"":""퀸베드 1개"",""view_type"":""시티뷰"",""size_sqm"":24,""breakfast"":false,""spa"":false,""pool"":false,""balcony"":false,""bathtub"":false,""pet_friendly"":false,""smoking"":true}","1","1","95000","스탠다드 더블","전체 가상 시뮬레이션"
"R0390_2","H0390","3","3","{""bed_type"":""싱글베드 2개"",""view_type"":""가든뷰"",""size_sqm"":33,""breakfast"":true,""spa"":true,""pool"":false,""balcony"":true,""bathtub"":true,""pet_friendly"":false,""smoking"":false}","1","0","120000","디럭스 트윈","전체 가상 시뮬레이션"
"R0390_3","H0390","4","4","{""bed_type"":""킹베드 1개"",""view_type"":""파노라마뷰"",""size_sqm"":42,""breakfast"":false,""spa"":false,""pool"":false,""balcony"":false,""bathtub"":false,""pet_friendly"":false,""smoking"":false}","1","1","145000","프리미엄 스위트","전체 가상 시뮬레이션"
"R0391_1","H0391","2","3","{""bed_type"":""퀸베드 1개"",""view_type"":""시티뷰"",""size_sqm"":24,""breakfast"":true,""spa"":true,""pool"":false,""balcony"":true,""bathtub"":true,""pet_friendly"":false,""smoking"":true}","1","0","100000","스탠다드 더블","전체 가상 시뮬레이션"
"R0391_2","H0391","3","4","{""bed_type"":""싱글베드 2개"",""view_type"":""가든뷰"",""size_sqm"":33,""breakfast"":false,""spa"":false,""pool"":false,""balcony"":false,""bathtub"":false,""pet_friendly"":false,""smoking"":false}","1","1","125000","디럭스 트윈","전체 가상 시뮬레이션"
"R0391_3","H0391","4","1","{""bed_type"":""킹베드 1개"",""view_type"":""파노라마뷰"",""size_sqm"":42,""breakfast"":true,""spa"":false,""pool"":true,""balcony"":false,""bathtub"":false,""pet_friendly"":true,""smoking"":false}","0","1","150000","프리미엄 스위트","전체 가상 시뮬레이션"
"R0392_1","H0392","2","4","{""bed_type"":""퀸베드 1개"",""view_type"":""시티뷰"",""size_sqm"":24,""breakfast"":false,""spa"":false,""pool"":false,""balcony"":false,""bathtub"":false,""pet_friendly"":false,""smoking"":true}","1","1","105000","스탠다드 더블","전체 가상 시뮬레이션"
"R0392_2","H0392","3","1","{""bed_type"":""싱글베드 2개"",""view_type"":""가든뷰"",""size_sqm"":33,""breakfast"":true,""spa"":false,""pool"":true,""balcony"":false,""bathtub"":false,""pet_friendly"":true,""smoking"":false}","0","1","130000","디럭스 트윈","전체 가상 시뮬레이션"
"R0392_3","H0392","4","2","{""bed_type"":""킹베드 1개"",""view_type"":""파노라마뷰"",""size_sqm"":42,""breakfast"":false,""spa"":true,""pool"":false,""balcony"":true,""bathtub"":true,""pet_friendly"":false,""smoking"":false}","1","0","155000","프리미엄 스위트","전체 가상 시뮬레이션"
"R0393_1","H0393","2","1","{""bed_type"":""퀸베드 1개"",""view_type"":""시티뷰"",""size_sqm"":24,""breakfast"":true,""spa"":false,""pool"":true,""balcony"":false,""bathtub"":false,""pet_friendly"":true,""smoking"":true}","0","1","110000","스탠다드 더블","전체 가상 시뮬레이션"
"R0393_2","H0393","3","2","{""bed_type"":""싱글베드 2개"",""view_type"":""가든뷰"",""size_sqm"":33,""breakfast"":false,""spa"":true,""pool"":false,""balcony"":true,""bathtub"":true,""pet_friendly"":false,""smoking"":false}","1","0","135000","디럭스 트윈","전체 가상 시뮬레이션"
"R0393_3","H0393","4","3","{""bed_type"":""킹베드 1개"",""view_type"":""파노라마뷰"",""size_sqm"":42,""breakfast"":true,""spa"":false,""pool"":false,""balcony"":false,""bathtub"":false,""pet_friendly"":false,""smoking"":false}","1","1","160000","프리미엄 스위트","전체 가상 시뮬레이션"
"R0394_1","H0394","2","2","{""bed_type"":""퀸베드 1개"",""view_type"":""시티뷰"",""size_sqm"":24,""breakfast"":false,""spa"":true,""pool"":false,""balcony"":true,""bathtub"":true,""pet_friendly"":false,""smoking"":true}","1","0","115000","스탠다드 더블","전체 가상 시뮬레이션"
"R0394_2","H0394","3","3","{""bed_type"":""싱글베드 2개"",""view_type"":""가든뷰"",""size_sqm"":33,""breakfast"":true,""spa"":false,""pool"":false,""balcony"":false,""bathtub"":false,""pet_friendly"":false,""smoking"":false}","1","1","140000","디럭스 트윈","전체 가상 시뮬레이션"
"R0394_3","H0394","4","4","{""bed_type"":""킹베드 1개"",""view_type"":""파노라마뷰"",""size_sqm"":42,""breakfast"":false,""spa"":false,""pool"":false,""balcony"":false,""bathtub"":false,""pet_friendly"":false,""smoking"":false}","1","1","165000","프리미엄 스위트","전체 가상 시뮬레이션"
"R0395_1","H0395","2","3","{""bed_type"":""퀸베드 1개"",""view_type"":""시티뷰"",""size_sqm"":24,""breakfast"":true,""spa"":false,""pool"":false,""balcony"":false,""bathtub"":false,""pet_friendly"":false,""smoking"":true}","1","1","120000","스탠다드 더블","전체 가상 시뮬레이션"
"R0395_2","H0395","3","4","{""bed_type"":""싱글베드 2개"",""view_type"":""가든뷰"",""size_sqm"":33,""breakfast"":false,""spa"":false,""pool"":false,""balcony"":false,""bathtub"":false,""pet_friendly"":false,""smoking"":false}","1","1","145000","디럭스 트윈","전체 가상 시뮬레이션"
"R0395_3","H0395","4","1","{""bed_type"":""킹베드 1개"",""view_type"":""파노라마뷰"",""size_sqm"":42,""breakfast"":true,""spa"":true,""pool"":true,""balcony"":true,""bathtub"":true,""pet_friendly"":false,""smoking"":false}","0","0","170000","프리미엄 스위트","전체 가상 시뮬레이션"
"R0396_1","H0396","2","4","{""bed_type"":""퀸베드 1개"",""view_type"":""시티뷰"",""size_sqm"":24,""breakfast"":false,""spa"":false,""pool"":false,""balcony"":false,""bathtub"":false,""pet_friendly"":false,""smoking"":true}","1","1","125000","스탠다드 더블","전체 가상 시뮬레이션"
"R0396_2","H0396","3","1","{""bed_type"":""싱글베드 2개"",""view_type"":""가든뷰"",""size_sqm"":33,""breakfast"":true,""spa"":true,""pool"":true,""balcony"":true,""bathtub"":true,""pet_friendly"":false,""smoking"":false}","0","0","150000","디럭스 트윈","전체 가상 시뮬레이션"
"R0396_3","H0396","4","2","{""bed_type"":""킹베드 1개"",""view_type"":""파노라마뷰"",""size_sqm"":42,""breakfast"":false,""spa"":false,""pool"":false,""balcony"":false,""bathtub"":false,""pet_friendly"":false,""smoking"":false}","1","1","175000","프리미엄 스위트","전체 가상 시뮬레이션"
"R0397_1","H0397","2","1","{""bed_type"":""퀸베드 1개"",""view_type"":""시티뷰"",""size_sqm"":24,""breakfast"":true,""spa"":true,""pool"":true,""balcony"":true,""bathtub"":true,""pet_friendly"":false,""smoking"":true}","0","0","130000","스탠다드 더블","전체 가상 시뮬레이션"
"R0397_2","H0397","3","2","{""bed_type"":""싱글베드 2개"",""view_type"":""가든뷰"",""size_sqm"":33,""breakfast"":false,""spa"":false,""pool"":false,""balcony"":false,""bathtub"":false,""pet_friendly"":false,""smoking"":false}","1","1","155000","디럭스 트윈","전체 가상 시뮬레이션"
"R0397_3","H0397","4","3","{""bed_type"":""킹베드 1개"",""view_type"":""파노라마뷰"",""size_sqm"":42,""breakfast"":true,""spa"":false,""pool"":false,""balcony"":false,""bathtub"":false,""pet_friendly"":false,""smoking"":false}","1","1","180000","프리미엄 스위트","전체 가상 시뮬레이션"
"R0398_1","H0398","2","2","{""bed_type"":""퀸베드 1개"",""view_type"":""시티뷰"",""size_sqm"":24,""breakfast"":false,""spa"":false,""pool"":false,""balcony"":false,""bathtub"":false,""pet_friendly"":false,""smoking"":true}","1","1","135000","스탠다드 더블","전체 가상 시뮬레이션"
"R0398_2","H0398","3","3","{""bed_type"":""싱글베드 2개"",""view_type"":""가든뷰"",""size_sqm"":33,""breakfast"":true,""spa"":false,""pool"":false,""balcony"":false,""bathtub"":false,""pet_friendly"":false,""smoking"":false}","1","1","160000","디럭스 트윈","전체 가상 시뮬레이션"
"R0398_3","H0398","4","4","{""bed_type"":""킹베드 1개"",""view_type"":""파노라마뷰"",""size_sqm"":42,""breakfast"":false,""spa"":true,""pool"":false,""balcony"":true,""bathtub"":true,""pet_friendly"":true,""smoking"":false}","1","0","185000","프리미엄 스위트","전체 가상 시뮬레이션"
"R0399_1","H0399","2","3","{""bed_type"":""퀸베드 1개"",""view_type"":""시티뷰"",""size_sqm"":24,""breakfast"":true,""spa"":false,""pool"":false,""balcony"":false,""bathtub"":false,""pet_friendly"":false,""smoking"":true}","1","1","140000","스탠다드 더블","전체 가상 시뮬레이션"
"R0399_2","H0399","3","4","{""bed_type"":""싱글베드 2개"",""view_type"":""가든뷰"",""size_sqm"":33,""breakfast"":false,""spa"":true,""pool"":false,""balcony"":true,""bathtub"":true,""pet_friendly"":true,""smoking"":false}","1","0","165000","디럭스 트윈","전체 가상 시뮬레이션"
"R0399_3","H0399","4","1","{""bed_type"":""킹베드 1개"",""view_type"":""파노라마뷰"",""size_sqm"":42,""breakfast"":true,""spa"":false,""pool"":true,""balcony"":false,""bathtub"":false,""pet_friendly"":false,""smoking"":false}","0","1","190000","프리미엄 스위트","전체 가상 시뮬레이션"
"R0400_1","H0400","2","4","{""bed_type"":""퀸베드 1개"",""view_type"":""시티뷰"",""size_sqm"":24,""breakfast"":false,""spa"":true,""pool"":false,""balcony"":true,""bathtub"":true,""pet_friendly"":true,""smoking"":true}","1","0","145000","스탠다드 더블","전체 가상 시뮬레이션"
"R0400_2","H0400","3","1","{""bed_type"":""싱글베드 2개"",""view_type"":""가든뷰"",""size_sqm"":33,""breakfast"":true,""spa"":false,""pool"":true,""balcony"":false,""bathtub"":false,""pet_friendly"":false,""smoking"":false}","0","1","170000","디럭스 트윈","전체 가상 시뮬레이션"
"R0400_3","H0400","4","2","{""bed_type"":""킹베드 1개"",""view_type"":""파노라마뷰"",""size_sqm"":42,""breakfast"":false,""spa"":false,""pool"":false,""balcony"":false,""bathtub"":false,""pet_friendly"":false,""smoking"":false}","1","1","195000","프리미엄 스위트","전체 가상 시뮬레이션"
"R0401_1","H0401","2","1","{""bed_type"":""퀸베드 1개"",""view_type"":""시티뷰"",""size_sqm"":24,""breakfast"":true,""spa"":false,""pool"":true,""balcony"":false,""bathtub"":false,""pet_friendly"":false,""smoking"":true}","0","1","150000","스탠다드 더블","전체 가상 시뮬레이션"
"R0401_2","H0401","3","2","{""bed_type"":""싱글베드 2개"",""view_type"":""가든뷰"",""size_sqm"":33,""breakfast"":false,""spa"":false,""pool"":false,""balcony"":false,""bathtub"":false,""pet_friendly"":false,""smoking"":false}","1","1","175000","디럭스 트윈","전체 가상 시뮬레이션"
"R0401_3","H0401","4","3","{""bed_type"":""킹베드 1개"",""view_type"":""파노라마뷰"",""size_sqm"":42,""breakfast"":true,""spa"":true,""pool"":false,""balcony"":true,""bathtub"":true,""pet_friendly"":false,""smoking"":false}","1","0","200000","프리미엄 스위트","전체 가상 시뮬레이션"
"R0402_1","H0402","2","2","{""bed_type"":""퀸베드 1개"",""view_type"":""시티뷰"",""size_sqm"":24,""breakfast"":false,""spa"":false,""pool"":false,""balcony"":false,""bathtub"":false,""pet_friendly"":false,""smoking"":true}","1","1","155000","스탠다드 더블","전체 가상 시뮬레이션"
"R0402_2","H0402","3","3","{""bed_type"":""싱글베드 2개"",""view_type"":""가든뷰"",""size_sqm"":33,""breakfast"":true,""spa"":true,""pool"":false,""balcony"":true,""bathtub"":true,""pet_friendly"":false,""smoking"":false}","1","0","180000","디럭스 트윈","전체 가상 시뮬레이션"
"R0402_3","H0402","4","4","{""bed_type"":""킹베드 1개"",""view_type"":""파노라마뷰"",""size_sqm"":42,""breakfast"":false,""spa"":false,""pool"":false,""balcony"":false,""bathtub"":false,""pet_friendly"":false,""smoking"":false}","1","1","205000","프리미엄 스위트","전체 가상 시뮬레이션"
"R0403_1","H0403","2","3","{""bed_type"":""퀸베드 1개"",""view_type"":""시티뷰"",""size_sqm"":24,""breakfast"":true,""spa"":true,""pool"":false,""balcony"":true,""bathtub"":true,""pet_friendly"":false,""smoking"":true}","1","0","160000","스탠다드 더블","전체 가상 시뮬레이션"
"R0403_2","H0403","3","4","{""bed_type"":""싱글베드 2개"",""view_type"":""가든뷰"",""size_sqm"":33,""breakfast"":false,""spa"":false,""pool"":false,""balcony"":false,""bathtub"":false,""pet_friendly"":false,""smoking"":false}","1","1","185000","디럭스 트윈","전체 가상 시뮬레이션"
"R0403_3","H0403","4","1","{""bed_type"":""킹베드 1개"",""view_type"":""파노라마뷰"",""size_sqm"":42,""breakfast"":true,""spa"":false,""pool"":true,""balcony"":false,""bathtub"":false,""pet_friendly"":false,""smoking"":false}","0","1","210000","프리미엄 스위트","전체 가상 시뮬레이션"
"R0404_1","H0404","2","4","{""bed_type"":""퀸베드 1개"",""view_type"":""시티뷰"",""size_sqm"":24,""breakfast"":false,""spa"":false,""pool"":false,""balcony"":false,""bathtub"":false,""pet_friendly"":false,""smoking"":true}","1","1","165000","스탠다드 더블","전체 가상 시뮬레이션"
"R0404_2","H0404","3","1","{""bed_type"":""싱글베드 2개"",""view_type"":""가든뷰"",""size_sqm"":33,""breakfast"":true,""spa"":false,""pool"":true,""balcony"":false,""bathtub"":false,""pet_friendly"":false,""smoking"":false}","0","1","190000","디럭스 트윈","전체 가상 시뮬레이션"
"R0404_3","H0404","4","2","{""bed_type"":""킹베드 1개"",""view_type"":""파노라마뷰"",""size_sqm"":42,""breakfast"":false,""spa"":true,""pool"":false,""balcony"":true,""bathtub"":true,""pet_friendly"":false,""smoking"":false}","1","0","215000","프리미엄 스위트","전체 가상 시뮬레이션"
"R0405_1","H0405","2","1","{""bed_type"":""퀸베드 1개"",""view_type"":""시티뷰"",""size_sqm"":24,""breakfast"":true,""spa"":false,""pool"":true,""balcony"":false,""bathtub"":false,""pet_friendly"":false,""smoking"":true}","0","1","170000","스탠다드 더블","전체 가상 시뮬레이션"
"R0405_2","H0405","3","2","{""bed_type"":""싱글베드 2개"",""view_type"":""가든뷰"",""size_sqm"":33,""breakfast"":false,""spa"":true,""pool"":false,""balcony"":true,""bathtub"":true,""pet_friendly"":false,""smoking"":false}","1","0","195000","디럭스 트윈","전체 가상 시뮬레이션"
"R0405_3","H0405","4","3","{""bed_type"":""킹베드 1개"",""view_type"":""파노라마뷰"",""size_sqm"":42,""breakfast"":true,""spa"":false,""pool"":false,""balcony"":false,""bathtub"":false,""pet_friendly"":true,""smoking"":false}","1","1","220000","프리미엄 스위트","전체 가상 시뮬레이션"
"R0406_1","H0406","2","2","{""bed_type"":""퀸베드 1개"",""view_type"":""시티뷰"",""size_sqm"":24,""breakfast"":false,""spa"":true,""pool"":false,""balcony"":true,""bathtub"":true,""pet_friendly"":false,""smoking"":true}","1","0","175000","스탠다드 더블","전체 가상 시뮬레이션"
"R0406_2","H0406","3","3","{""bed_type"":""싱글베드 2개"",""view_type"":""가든뷰"",""size_sqm"":33,""breakfast"":true,""spa"":false,""pool"":false,""balcony"":false,""bathtub"":false,""pet_friendly"":true,""smoking"":false}","1","1","200000","디럭스 트윈","전체 가상 시뮬레이션"
"R0406_3","H0406","4","4","{""bed_type"":""킹베드 1개"",""view_type"":""파노라마뷰"",""size_sqm"":42,""breakfast"":false,""spa"":false,""pool"":false,""balcony"":false,""bathtub"":false,""pet_friendly"":false,""smoking"":false}","1","1","225000","프리미엄 스위트","전체 가상 시뮬레이션"
"R0407_1","H0407","2","3","{""bed_type"":""퀸베드 1개"",""view_type"":""시티뷰"",""size_sqm"":24,""breakfast"":true,""spa"":false,""pool"":false,""balcony"":false,""bathtub"":false,""pet_friendly"":true,""smoking"":true}","1","1","180000","스탠다드 더블","전체 가상 시뮬레이션"
"R0407_2","H0407","3","4","{""bed_type"":""싱글베드 2개"",""view_type"":""가든뷰"",""size_sqm"":33,""breakfast"":false,""spa"":false,""pool"":false,""balcony"":false,""bathtub"":false,""pet_friendly"":false,""smoking"":false}","1","1","205000","디럭스 트윈","전체 가상 시뮬레이션"
"R0407_3","H0407","4","1","{""bed_type"":""킹베드 1개"",""view_type"":""파노라마뷰"",""size_sqm"":42,""breakfast"":true,""spa"":true,""pool"":true,""balcony"":true,""bathtub"":true,""pet_friendly"":false,""smoking"":false}","0","0","230000","프리미엄 스위트","전체 가상 시뮬레이션"
"R0408_1","H0408","2","4","{""bed_type"":""퀸베드 1개"",""view_type"":""시티뷰"",""size_sqm"":24,""breakfast"":false,""spa"":false,""pool"":false,""balcony"":false,""bathtub"":false,""pet_friendly"":false,""smoking"":true}","1","1","185000","스탠다드 더블","전체 가상 시뮬레이션"
"R0408_2","H0408","3","1","{""bed_type"":""싱글베드 2개"",""view_type"":""가든뷰"",""size_sqm"":33,""breakfast"":true,""spa"":true,""pool"":true,""balcony"":true,""bathtub"":true,""pet_friendly"":false,""smoking"":false}","0","0","210000","디럭스 트윈","전체 가상 시뮬레이션"
"R0408_3","H0408","4","2","{""bed_type"":""킹베드 1개"",""view_type"":""파노라마뷰"",""size_sqm"":42,""breakfast"":false,""spa"":false,""pool"":false,""balcony"":false,""bathtub"":false,""pet_friendly"":false,""smoking"":false}","1","1","235000","프리미엄 스위트","전체 가상 시뮬레이션"
"R0409_1","H0409","2","1","{""bed_type"":""퀸베드 1개"",""view_type"":""시티뷰"",""size_sqm"":24,""breakfast"":true,""spa"":true,""pool"":true,""balcony"":true,""bathtub"":true,""pet_friendly"":false,""smoking"":true}","0","0","190000","스탠다드 더블","전체 가상 시뮬레이션"
"R0409_2","H0409","3","2","{""bed_type"":""싱글베드 2개"",""view_type"":""가든뷰"",""size_sqm"":33,""breakfast"":false,""spa"":false,""pool"":false,""balcony"":false,""bathtub"":false,""pet_friendly"":false,""smoking"":false}","1","1","215000","디럭스 트윈","전체 가상 시뮬레이션"
"R0409_3","H0409","4","3","{""bed_type"":""킹베드 1개"",""view_type"":""파노라마뷰"",""size_sqm"":42,""breakfast"":true,""spa"":false,""pool"":false,""balcony"":false,""bathtub"":false,""pet_friendly"":false,""smoking"":false}","1","1","240000","프리미엄 스위트","전체 가상 시뮬레이션"
"R0410_1","H0410","2","2","{""bed_type"":""퀸베드 1개"",""view_type"":""시티뷰"",""size_sqm"":24,""breakfast"":false,""spa"":false,""pool"":false,""balcony"":false,""bathtub"":false,""pet_friendly"":false,""smoking"":true}","1","1","195000","스탠다드 더블","전체 가상 시뮬레이션"
"R0410_2","H0410","3","3","{""bed_type"":""싱글베드 2개"",""view_type"":""가든뷰"",""size_sqm"":33,""breakfast"":true,""spa"":false,""pool"":false,""balcony"":false,""bathtub"":false,""pet_friendly"":false,""smoking"":false}","1","1","220000","디럭스 트윈","전체 가상 시뮬레이션"
"R0410_3","H0410","4","4","{""bed_type"":""킹베드 1개"",""view_type"":""파노라마뷰"",""size_sqm"":42,""breakfast"":false,""spa"":true,""pool"":false,""balcony"":true,""bathtub"":true,""pet_friendly"":false,""smoking"":false}","1","0","245000","프리미엄 스위트","전체 가상 시뮬레이션"
"R0411_1","H0411","2","3","{""bed_type"":""퀸베드 1개"",""view_type"":""시티뷰"",""size_sqm"":24,""breakfast"":true,""spa"":false,""pool"":false,""balcony"":false,""bathtub"":false,""pet_friendly"":false,""smoking"":true}","1","1","200000","스탠다드 더블","전체 가상 시뮬레이션"
"R0411_2","H0411","3","4","{""bed_type"":""싱글베드 2개"",""view_type"":""가든뷰"",""size_sqm"":33,""breakfast"":false,""spa"":true,""pool"":false,""balcony"":true,""bathtub"":true,""pet_friendly"":false,""smoking"":false}","1","0","225000","디럭스 트윈","전체 가상 시뮬레이션"
"R0411_3","H0411","4","1","{""bed_type"":""킹베드 1개"",""view_type"":""파노라마뷰"",""size_sqm"":42,""breakfast"":true,""spa"":false,""pool"":true,""balcony"":false,""bathtub"":false,""pet_friendly"":false,""smoking"":false}","0","1","250000","프리미엄 스위트","전체 가상 시뮬레이션"
"R0412_1","H0412","2","4","{""bed_type"":""퀸베드 1개"",""view_type"":""시티뷰"",""size_sqm"":24,""breakfast"":false,""spa"":true,""pool"":false,""balcony"":true,""bathtub"":true,""pet_friendly"":false,""smoking"":true}","1","0","205000","스탠다드 더블","전체 가상 시뮬레이션"
"R0412_2","H0412","3","1","{""bed_type"":""싱글베드 2개"",""view_type"":""가든뷰"",""size_sqm"":33,""breakfast"":true,""spa"":false,""pool"":true,""balcony"":false,""bathtub"":false,""pet_friendly"":false,""smoking"":false}","0","1","230000","디럭스 트윈","전체 가상 시뮬레이션"
"R0412_3","H0412","4","2","{""bed_type"":""킹베드 1개"",""view_type"":""파노라마뷰"",""size_sqm"":42,""breakfast"":false,""spa"":false,""pool"":false,""balcony"":false,""bathtub"":false,""pet_friendly"":true,""smoking"":false}","1","1","255000","프리미엄 스위트","전체 가상 시뮬레이션"
"R0413_1","H0413","2","1","{""bed_type"":""퀸베드 1개"",""view_type"":""시티뷰"",""size_sqm"":24,""breakfast"":true,""spa"":false,""pool"":true,""balcony"":false,""bathtub"":false,""pet_friendly"":false,""smoking"":true}","0","1","210000","스탠다드 더블","전체 가상 시뮬레이션"
"R0413_2","H0413","3","2","{""bed_type"":""싱글베드 2개"",""view_type"":""가든뷰"",""size_sqm"":33,""breakfast"":false,""spa"":false,""pool"":false,""balcony"":false,""bathtub"":false,""pet_friendly"":true,""smoking"":false}","1","1","235000","디럭스 트윈","전체 가상 시뮬레이션"
"R0413_3","H0413","4","3","{""bed_type"":""킹베드 1개"",""view_type"":""파노라마뷰"",""size_sqm"":42,""breakfast"":true,""spa"":true,""pool"":false,""balcony"":true,""bathtub"":true,""pet_friendly"":false,""smoking"":false}","1","0","260000","프리미엄 스위트","전체 가상 시뮬레이션"
"R0414_1","H0414","2","2","{""bed_type"":""퀸베드 1개"",""view_type"":""시티뷰"",""size_sqm"":24,""breakfast"":false,""spa"":false,""pool"":false,""balcony"":false,""bathtub"":false,""pet_friendly"":true,""smoking"":true}","1","1","215000","스탠다드 더블","전체 가상 시뮬레이션"
"R0414_2","H0414","3","3","{""bed_type"":""싱글베드 2개"",""view_type"":""가든뷰"",""size_sqm"":33,""breakfast"":true,""spa"":true,""pool"":false,""balcony"":true,""bathtub"":true,""pet_friendly"":false,""smoking"":false}","1","0","240000","디럭스 트윈","전체 가상 시뮬레이션"
"R0414_3","H0414","4","4","{""bed_type"":""킹베드 1개"",""view_type"":""파노라마뷰"",""size_sqm"":42,""breakfast"":false,""spa"":false,""pool"":false,""balcony"":false,""bathtub"":false,""pet_friendly"":false,""smoking"":false}","1","1","265000","프리미엄 스위트","전체 가상 시뮬레이션"
"R0415_1","H0415","2","3","{""bed_type"":""퀸베드 1개"",""view_type"":""시티뷰"",""size_sqm"":24,""breakfast"":true,""spa"":true,""pool"":false,""balcony"":true,""bathtub"":true,""pet_friendly"":false,""smoking"":true}","1","0","220000","스탠다드 더블","전체 가상 시뮬레이션"
"R0415_2","H0415","3","4","{""bed_type"":""싱글베드 2개"",""view_type"":""가든뷰"",""size_sqm"":33,""breakfast"":false,""spa"":false,""pool"":false,""balcony"":false,""bathtub"":false,""pet_friendly"":false,""smoking"":false}","1","1","245000","디럭스 트윈","전체 가상 시뮬레이션"
"R0415_3","H0415","4","1","{""bed_type"":""킹베드 1개"",""view_type"":""파노라마뷰"",""size_sqm"":42,""breakfast"":true,""spa"":false,""pool"":true,""balcony"":false,""bathtub"":false,""pet_friendly"":false,""smoking"":false}","0","1","270000","프리미엄 스위트","전체 가상 시뮬레이션"
"R0416_1","H0416","2","4","{""bed_type"":""퀸베드 1개"",""view_type"":""시티뷰"",""size_sqm"":24,""breakfast"":false,""spa"":false,""pool"":false,""balcony"":false,""bathtub"":false,""pet_friendly"":false,""smoking"":true}","1","1","225000","스탠다드 더블","전체 가상 시뮬레이션"
"R0416_2","H0416","3","1","{""bed_type"":""싱글베드 2개"",""view_type"":""가든뷰"",""size_sqm"":33,""breakfast"":true,""spa"":false,""pool"":true,""balcony"":false,""bathtub"":false,""pet_friendly"":false,""smoking"":false}","0","1","250000","디럭스 트윈","전체 가상 시뮬레이션"
"R0416_3","H0416","4","2","{""bed_type"":""킹베드 1개"",""view_type"":""파노라마뷰"",""size_sqm"":42,""breakfast"":false,""spa"":true,""pool"":false,""balcony"":true,""bathtub"":true,""pet_friendly"":false,""smoking"":false}","1","0","275000","프리미엄 스위트","전체 가상 시뮬레이션"
"R0417_1","H0417","2","1","{""bed_type"":""퀸베드 1개"",""view_type"":""시티뷰"",""size_sqm"":24,""breakfast"":true,""spa"":false,""pool"":true,""balcony"":false,""bathtub"":false,""pet_friendly"":false,""smoking"":true}","0","1","230000","스탠다드 더블","전체 가상 시뮬레이션"
"R0417_2","H0417","3","2","{""bed_type"":""싱글베드 2개"",""view_type"":""가든뷰"",""size_sqm"":33,""breakfast"":false,""spa"":true,""pool"":false,""balcony"":true,""bathtub"":true,""pet_friendly"":false,""smoking"":false}","1","0","255000","디럭스 트윈","전체 가상 시뮬레이션"
"R0417_3","H0417","4","3","{""bed_type"":""킹베드 1개"",""view_type"":""파노라마뷰"",""size_sqm"":42,""breakfast"":true,""spa"":false,""pool"":false,""balcony"":false,""bathtub"":false,""pet_friendly"":false,""smoking"":false}","1","1","280000","프리미엄 스위트","전체 가상 시뮬레이션"
"R0418_1","H0418","2","2","{""bed_type"":""퀸베드 1개"",""view_type"":""시티뷰"",""size_sqm"":24,""breakfast"":false,""spa"":true,""pool"":false,""balcony"":true,""bathtub"":true,""pet_friendly"":false,""smoking"":true}","1","0","235000","스탠다드 더블","전체 가상 시뮬레이션"
"R0418_2","H0418","3","3","{""bed_type"":""싱글베드 2개"",""view_type"":""가든뷰"",""size_sqm"":33,""breakfast"":true,""spa"":false,""pool"":false,""balcony"":false,""bathtub"":false,""pet_friendly"":false,""smoking"":false}","1","1","260000","디럭스 트윈","전체 가상 시뮬레이션"
"R0418_3","H0418","4","4","{""bed_type"":""킹베드 1개"",""view_type"":""파노라마뷰"",""size_sqm"":42,""breakfast"":false,""spa"":false,""pool"":false,""balcony"":false,""bathtub"":false,""pet_friendly"":false,""smoking"":false}","1","1","285000","프리미엄 스위트","전체 가상 시뮬레이션"
"R0419_1","H0419","2","3","{""bed_type"":""퀸베드 1개"",""view_type"":""시티뷰"",""size_sqm"":24,""breakfast"":true,""spa"":false,""pool"":false,""balcony"":false,""bathtub"":false,""pet_friendly"":false,""smoking"":true}","1","1","240000","스탠다드 더블","전체 가상 시뮬레이션"
"R0419_2","H0419","3","4","{""bed_type"":""싱글베드 2개"",""view_type"":""가든뷰"",""size_sqm"":33,""breakfast"":false,""spa"":false,""pool"":false,""balcony"":false,""bathtub"":false,""pet_friendly"":false,""smoking"":false}","1","1","265000","디럭스 트윈","전체 가상 시뮬레이션"
"R0419_3","H0419","4","1","{""bed_type"":""킹베드 1개"",""view_type"":""파노라마뷰"",""size_sqm"":42,""breakfast"":true,""spa"":true,""pool"":true,""balcony"":true,""bathtub"":true,""pet_friendly"":true,""smoking"":false}","0","0","290000","프리미엄 스위트","전체 가상 시뮬레이션"
"R0420_1","H0420","2","4","{""bed_type"":""퀸베드 1개"",""view_type"":""시티뷰"",""size_sqm"":24,""breakfast"":false,""spa"":false,""pool"":false,""balcony"":false,""bathtub"":false,""pet_friendly"":false,""smoking"":true}","1","1","245000","스탠다드 더블","전체 가상 시뮬레이션"
"R0420_2","H0420","3","1","{""bed_type"":""싱글베드 2개"",""view_type"":""가든뷰"",""size_sqm"":33,""breakfast"":true,""spa"":true,""pool"":true,""balcony"":true,""bathtub"":true,""pet_friendly"":true,""smoking"":false}","0","0","270000","디럭스 트윈","전체 가상 시뮬레이션"
"R0420_3","H0420","4","2","{""bed_type"":""킹베드 1개"",""view_type"":""파노라마뷰"",""size_sqm"":42,""breakfast"":false,""spa"":false,""pool"":false,""balcony"":false,""bathtub"":false,""pet_friendly"":false,""smoking"":false}","1","1","295000","프리미엄 스위트","전체 가상 시뮬레이션"
"R0421_1","H0421","2","1","{""bed_type"":""퀸베드 1개"",""view_type"":""시티뷰"",""size_sqm"":24,""breakfast"":true,""spa"":true,""pool"":true,""balcony"":true,""bathtub"":true,""pet_friendly"":true,""smoking"":true}","0","0","250000","스탠다드 더블","전체 가상 시뮬레이션"
"R0421_2","H0421","3","2","{""bed_type"":""싱글베드 2개"",""view_type"":""가든뷰"",""size_sqm"":33,""breakfast"":false,""spa"":false,""pool"":false,""balcony"":false,""bathtub"":false,""pet_friendly"":false,""smoking"":false}","1","1","275000","디럭스 트윈","전체 가상 시뮬레이션"
"R0421_3","H0421","4","3","{""bed_type"":""킹베드 1개"",""view_type"":""파노라마뷰"",""size_sqm"":42,""breakfast"":true,""spa"":false,""pool"":false,""balcony"":false,""bathtub"":false,""pet_friendly"":false,""smoking"":false}","1","1","300000","프리미엄 스위트","전체 가상 시뮬레이션"
"R0422_1","H0422","2","2","{""bed_type"":""퀸베드 1개"",""view_type"":""시티뷰"",""size_sqm"":24,""breakfast"":false,""spa"":false,""pool"":false,""balcony"":false,""bathtub"":false,""pet_friendly"":false,""smoking"":true}","1","1","255000","스탠다드 더블","전체 가상 시뮬레이션"
"R0422_2","H0422","3","3","{""bed_type"":""싱글베드 2개"",""view_type"":""가든뷰"",""size_sqm"":33,""breakfast"":true,""spa"":false,""pool"":false,""balcony"":false,""bathtub"":false,""pet_friendly"":false,""smoking"":false}","1","1","280000","디럭스 트윈","전체 가상 시뮬레이션"
"R0422_3","H0422","4","4","{""bed_type"":""킹베드 1개"",""view_type"":""파노라마뷰"",""size_sqm"":42,""breakfast"":false,""spa"":true,""pool"":false,""balcony"":true,""bathtub"":true,""pet_friendly"":false,""smoking"":false}","1","0","305000","프리미엄 스위트","전체 가상 시뮬레이션"
"R0423_1","H0423","2","3","{""bed_type"":""퀸베드 1개"",""view_type"":""시티뷰"",""size_sqm"":24,""breakfast"":true,""spa"":false,""pool"":false,""balcony"":false,""bathtub"":false,""pet_friendly"":false,""smoking"":true}","1","1","260000","스탠다드 더블","전체 가상 시뮬레이션"
"R0423_2","H0423","3","4","{""bed_type"":""싱글베드 2개"",""view_type"":""가든뷰"",""size_sqm"":33,""breakfast"":false,""spa"":true,""pool"":false,""balcony"":true,""bathtub"":true,""pet_friendly"":false,""smoking"":false}","1","0","285000","디럭스 트윈","전체 가상 시뮬레이션"
"R0423_3","H0423","4","1","{""bed_type"":""킹베드 1개"",""view_type"":""파노라마뷰"",""size_sqm"":42,""breakfast"":true,""spa"":false,""pool"":true,""balcony"":false,""bathtub"":false,""pet_friendly"":false,""smoking"":false}","0","1","310000","프리미엄 스위트","전체 가상 시뮬레이션"
"R0424_1","H0424","2","4","{""bed_type"":""퀸베드 1개"",""view_type"":""시티뷰"",""size_sqm"":24,""breakfast"":false,""spa"":true,""pool"":false,""balcony"":true,""bathtub"":true,""pet_friendly"":false,""smoking"":true}","1","0","265000","스탠다드 더블","전체 가상 시뮬레이션"
"R0424_2","H0424","3","1","{""bed_type"":""싱글베드 2개"",""view_type"":""가든뷰"",""size_sqm"":33,""breakfast"":true,""spa"":false,""pool"":true,""balcony"":false,""bathtub"":false,""pet_friendly"":false,""smoking"":false}","0","1","290000","디럭스 트윈","전체 가상 시뮬레이션"
"R0424_3","H0424","4","2","{""bed_type"":""킹베드 1개"",""view_type"":""파노라마뷰"",""size_sqm"":42,""breakfast"":false,""spa"":false,""pool"":false,""balcony"":false,""bathtub"":false,""pet_friendly"":false,""smoking"":false}","1","1","315000","프리미엄 스위트","전체 가상 시뮬레이션"
"R0425_1","H0425","2","1","{""bed_type"":""퀸베드 1개"",""view_type"":""시티뷰"",""size_sqm"":24,""breakfast"":true,""spa"":false,""pool"":true,""balcony"":false,""bathtub"":false,""pet_friendly"":false,""smoking"":true}","0","1","270000","스탠다드 더블","전체 가상 시뮬레이션"
"R0425_2","H0425","3","2","{""bed_type"":""싱글베드 2개"",""view_type"":""가든뷰"",""size_sqm"":33,""breakfast"":false,""spa"":false,""pool"":false,""balcony"":false,""bathtub"":false,""pet_friendly"":false,""smoking"":false}","1","1","295000","디럭스 트윈","전체 가상 시뮬레이션"
"R0425_3","H0425","4","3","{""bed_type"":""킹베드 1개"",""view_type"":""파노라마뷰"",""size_sqm"":42,""breakfast"":true,""spa"":true,""pool"":false,""balcony"":true,""bathtub"":true,""pet_friendly"":false,""smoking"":false}","1","0","320000","프리미엄 스위트","전체 가상 시뮬레이션"
"R0426_1","H0426","2","2","{""bed_type"":""퀸베드 1개"",""view_type"":""시티뷰"",""size_sqm"":24,""breakfast"":false,""spa"":false,""pool"":false,""balcony"":false,""bathtub"":false,""pet_friendly"":false,""smoking"":true}","1","1","275000","스탠다드 더블","전체 가상 시뮬레이션"
"R0426_2","H0426","3","3","{""bed_type"":""싱글베드 2개"",""view_type"":""가든뷰"",""size_sqm"":33,""breakfast"":true,""spa"":true,""pool"":false,""balcony"":true,""bathtub"":true,""pet_friendly"":false,""smoking"":false}","1","0","300000","디럭스 트윈","전체 가상 시뮬레이션"
"R0426_3","H0426","4","4","{""bed_type"":""킹베드 1개"",""view_type"":""파노라마뷰"",""size_sqm"":42,""breakfast"":false,""spa"":false,""pool"":false,""balcony"":false,""bathtub"":false,""pet_friendly"":true,""smoking"":false}","1","1","325000","프리미엄 스위트","전체 가상 시뮬레이션"
"R0427_1","H0427","2","3","{""bed_type"":""퀸베드 1개"",""view_type"":""시티뷰"",""size_sqm"":24,""breakfast"":true,""spa"":true,""pool"":false,""balcony"":true,""bathtub"":true,""pet_friendly"":false,""smoking"":true}","1","0","280000","스탠다드 더블","전체 가상 시뮬레이션"
"R0427_2","H0427","3","4","{""bed_type"":""싱글베드 2개"",""view_type"":""가든뷰"",""size_sqm"":33,""breakfast"":false,""spa"":false,""pool"":false,""balcony"":false,""bathtub"":false,""pet_friendly"":true,""smoking"":false}","1","1","305000","디럭스 트윈","전체 가상 시뮬레이션"
"R0427_3","H0427","4","1","{""bed_type"":""킹베드 1개"",""view_type"":""파노라마뷰"",""size_sqm"":42,""breakfast"":true,""spa"":false,""pool"":true,""balcony"":false,""bathtub"":false,""pet_friendly"":false,""smoking"":false}","0","1","330000","프리미엄 스위트","전체 가상 시뮬레이션"
"R0428_1","H0428","2","4","{""bed_type"":""퀸베드 1개"",""view_type"":""시티뷰"",""size_sqm"":24,""breakfast"":false,""spa"":false,""pool"":false,""balcony"":false,""bathtub"":false,""pet_friendly"":true,""smoking"":true}","1","1","285000","스탠다드 더블","전체 가상 시뮬레이션"
"R0428_2","H0428","3","1","{""bed_type"":""싱글베드 2개"",""view_type"":""가든뷰"",""size_sqm"":33,""breakfast"":true,""spa"":false,""pool"":true,""balcony"":false,""bathtub"":false,""pet_friendly"":false,""smoking"":false}","0","1","310000","디럭스 트윈","전체 가상 시뮬레이션"
"R0428_3","H0428","4","2","{""bed_type"":""킹베드 1개"",""view_type"":""파노라마뷰"",""size_sqm"":42,""breakfast"":false,""spa"":true,""pool"":false,""balcony"":true,""bathtub"":true,""pet_friendly"":false,""smoking"":false}","1","0","335000","프리미엄 스위트","전체 가상 시뮬레이션"
"R0429_1","H0429","2","1","{""bed_type"":""퀸베드 1개"",""view_type"":""시티뷰"",""size_sqm"":24,""breakfast"":true,""spa"":false,""pool"":true,""balcony"":false,""bathtub"":false,""pet_friendly"":false,""smoking"":true}","0","1","290000","스탠다드 더블","전체 가상 시뮬레이션"
"R0429_2","H0429","3","2","{""bed_type"":""싱글베드 2개"",""view_type"":""가든뷰"",""size_sqm"":33,""breakfast"":false,""spa"":true,""pool"":false,""balcony"":true,""bathtub"":true,""pet_friendly"":false,""smoking"":false}","1","0","315000","디럭스 트윈","전체 가상 시뮬레이션"
"R0429_3","H0429","4","3","{""bed_type"":""킹베드 1개"",""view_type"":""파노라마뷰"",""size_sqm"":42,""breakfast"":true,""spa"":false,""pool"":false,""balcony"":false,""bathtub"":false,""pet_friendly"":false,""smoking"":false}","1","1","340000","프리미엄 스위트","전체 가상 시뮬레이션"
"R0430_1","H0430","2","2","{""bed_type"":""퀸베드 1개"",""view_type"":""시티뷰"",""size_sqm"":24,""breakfast"":false,""spa"":true,""pool"":false,""balcony"":true,""bathtub"":true,""pet_friendly"":false,""smoking"":true}","1","0","295000","스탠다드 더블","전체 가상 시뮬레이션"
"R0430_2","H0430","3","3","{""bed_type"":""싱글베드 2개"",""view_type"":""가든뷰"",""size_sqm"":33,""breakfast"":true,""spa"":false,""pool"":false,""balcony"":false,""bathtub"":false,""pet_friendly"":false,""smoking"":false}","1","1","320000","디럭스 트윈","전체 가상 시뮬레이션"
"R0430_3","H0430","4","4","{""bed_type"":""킹베드 1개"",""view_type"":""파노라마뷰"",""size_sqm"":42,""breakfast"":false,""spa"":false,""pool"":false,""balcony"":false,""bathtub"":false,""pet_friendly"":false,""smoking"":false}","1","1","345000","프리미엄 스위트","전체 가상 시뮬레이션"
"R0431_1","H0431","2","3","{""bed_type"":""퀸베드 1개"",""view_type"":""시티뷰"",""size_sqm"":24,""breakfast"":true,""spa"":false,""pool"":false,""balcony"":false,""bathtub"":false,""pet_friendly"":false,""smoking"":true}","1","1","300000","스탠다드 더블","전체 가상 시뮬레이션"
"R0431_2","H0431","3","4","{""bed_type"":""싱글베드 2개"",""view_type"":""가든뷰"",""size_sqm"":33,""breakfast"":false,""spa"":false,""pool"":false,""balcony"":false,""bathtub"":false,""pet_friendly"":false,""smoking"":false}","1","1","325000","디럭스 트윈","전체 가상 시뮬레이션"
"R0431_3","H0431","4","1","{""bed_type"":""킹베드 1개"",""view_type"":""파노라마뷰"",""size_sqm"":42,""breakfast"":true,""spa"":true,""pool"":true,""balcony"":true,""bathtub"":true,""pet_friendly"":false,""smoking"":false}","0","0","350000","프리미엄 스위트","전체 가상 시뮬레이션"
"R0432_1","H0432","2","4","{""bed_type"":""퀸베드 1개"",""view_type"":""시티뷰"",""size_sqm"":24,""breakfast"":false,""spa"":false,""pool"":false,""balcony"":false,""bathtub"":false,""pet_friendly"":false,""smoking"":true}","1","1","305000","스탠다드 더블","전체 가상 시뮬레이션"
"R0432_2","H0432","3","1","{""bed_type"":""싱글베드 2개"",""view_type"":""가든뷰"",""size_sqm"":33,""breakfast"":true,""spa"":true,""pool"":true,""balcony"":true,""bathtub"":true,""pet_friendly"":false,""smoking"":false}","0","0","330000","디럭스 트윈","전체 가상 시뮬레이션"
"R0432_3","H0432","4","2","{""bed_type"":""킹베드 1개"",""view_type"":""파노라마뷰"",""size_sqm"":42,""breakfast"":false,""spa"":false,""pool"":false,""balcony"":false,""bathtub"":false,""pet_friendly"":false,""smoking"":false}","1","1","355000","프리미엄 스위트","전체 가상 시뮬레이션"
"R0433_1","H0433","2","1","{""bed_type"":""퀸베드 1개"",""view_type"":""시티뷰"",""size_sqm"":24,""breakfast"":true,""spa"":true,""pool"":true,""balcony"":true,""bathtub"":true,""pet_friendly"":false,""smoking"":true}","0","0","70000","스탠다드 더블","전체 가상 시뮬레이션"
"R0433_2","H0433","3","2","{""bed_type"":""싱글베드 2개"",""view_type"":""가든뷰"",""size_sqm"":33,""breakfast"":false,""spa"":false,""pool"":false,""balcony"":false,""bathtub"":false,""pet_friendly"":false,""smoking"":false}","1","1","95000","디럭스 트윈","전체 가상 시뮬레이션"
"R0433_3","H0433","4","3","{""bed_type"":""킹베드 1개"",""view_type"":""파노라마뷰"",""size_sqm"":42,""breakfast"":true,""spa"":false,""pool"":false,""balcony"":false,""bathtub"":false,""pet_friendly"":true,""smoking"":false}","1","1","120000","프리미엄 스위트","전체 가상 시뮬레이션"
"R0434_1","H0434","2","2","{""bed_type"":""퀸베드 1개"",""view_type"":""시티뷰"",""size_sqm"":24,""breakfast"":false,""spa"":false,""pool"":false,""balcony"":false,""bathtub"":false,""pet_friendly"":false,""smoking"":true}","1","1","75000","스탠다드 더블","전체 가상 시뮬레이션"
"R0434_2","H0434","3","3","{""bed_type"":""싱글베드 2개"",""view_type"":""가든뷰"",""size_sqm"":33,""breakfast"":true,""spa"":false,""pool"":false,""balcony"":false,""bathtub"":false,""pet_friendly"":true,""smoking"":false}","1","1","100000","디럭스 트윈","전체 가상 시뮬레이션"
"R0434_3","H0434","4","4","{""bed_type"":""킹베드 1개"",""view_type"":""파노라마뷰"",""size_sqm"":42,""breakfast"":false,""spa"":true,""pool"":false,""balcony"":true,""bathtub"":true,""pet_friendly"":false,""smoking"":false}","1","0","125000","프리미엄 스위트","전체 가상 시뮬레이션"
"R0435_1","H0435","2","3","{""bed_type"":""퀸베드 1개"",""view_type"":""시티뷰"",""size_sqm"":24,""breakfast"":true,""spa"":false,""pool"":false,""balcony"":false,""bathtub"":false,""pet_friendly"":true,""smoking"":true}","1","1","80000","스탠다드 더블","전체 가상 시뮬레이션"
"R0435_2","H0435","3","4","{""bed_type"":""싱글베드 2개"",""view_type"":""가든뷰"",""size_sqm"":33,""breakfast"":false,""spa"":true,""pool"":false,""balcony"":true,""bathtub"":true,""pet_friendly"":false,""smoking"":false}","1","0","105000","디럭스 트윈","전체 가상 시뮬레이션"
"R0435_3","H0435","4","1","{""bed_type"":""킹베드 1개"",""view_type"":""파노라마뷰"",""size_sqm"":42,""breakfast"":true,""spa"":false,""pool"":true,""balcony"":false,""bathtub"":false,""pet_friendly"":false,""smoking"":false}","0","1","130000","프리미엄 스위트","전체 가상 시뮬레이션"
"R0436_1","H0436","2","4","{""bed_type"":""퀸베드 1개"",""view_type"":""시티뷰"",""size_sqm"":24,""breakfast"":false,""spa"":true,""pool"":false,""balcony"":true,""bathtub"":true,""pet_friendly"":false,""smoking"":true}","1","0","85000","스탠다드 더블","전체 가상 시뮬레이션"
"R0436_2","H0436","3","1","{""bed_type"":""싱글베드 2개"",""view_type"":""가든뷰"",""size_sqm"":33,""breakfast"":true,""spa"":false,""pool"":true,""balcony"":false,""bathtub"":false,""pet_friendly"":false,""smoking"":false}","0","1","110000","디럭스 트윈","전체 가상 시뮬레이션"
"R0436_3","H0436","4","2","{""bed_type"":""킹베드 1개"",""view_type"":""파노라마뷰"",""size_sqm"":42,""breakfast"":false,""spa"":false,""pool"":false,""balcony"":false,""bathtub"":false,""pet_friendly"":false,""smoking"":false}","1","1","135000","프리미엄 스위트","전체 가상 시뮬레이션"
"R0437_1","H0437","2","1","{""bed_type"":""퀸베드 1개"",""view_type"":""시티뷰"",""size_sqm"":24,""breakfast"":true,""spa"":false,""pool"":true,""balcony"":false,""bathtub"":false,""pet_friendly"":false,""smoking"":true}","0","1","90000","스탠다드 더블","전체 가상 시뮬레이션"
"R0437_2","H0437","3","2","{""bed_type"":""싱글베드 2개"",""view_type"":""가든뷰"",""size_sqm"":33,""breakfast"":false,""spa"":false,""pool"":false,""balcony"":false,""bathtub"":false,""pet_friendly"":false,""smoking"":false}","1","1","115000","디럭스 트윈","전체 가상 시뮬레이션"
"R0437_3","H0437","4","3","{""bed_type"":""킹베드 1개"",""view_type"":""파노라마뷰"",""size_sqm"":42,""breakfast"":true,""spa"":true,""pool"":false,""balcony"":true,""bathtub"":true,""pet_friendly"":false,""smoking"":false}","1","0","140000","프리미엄 스위트","전체 가상 시뮬레이션"
"R0438_1","H0438","2","2","{""bed_type"":""퀸베드 1개"",""view_type"":""시티뷰"",""size_sqm"":24,""breakfast"":false,""spa"":false,""pool"":false,""balcony"":false,""bathtub"":false,""pet_friendly"":false,""smoking"":true}","1","1","95000","스탠다드 더블","전체 가상 시뮬레이션"
"R0438_2","H0438","3","3","{""bed_type"":""싱글베드 2개"",""view_type"":""가든뷰"",""size_sqm"":33,""breakfast"":true,""spa"":true,""pool"":false,""balcony"":true,""bathtub"":true,""pet_friendly"":false,""smoking"":false}","1","0","120000","디럭스 트윈","전체 가상 시뮬레이션"
"R0438_3","H0438","4","4","{""bed_type"":""킹베드 1개"",""view_type"":""파노라마뷰"",""size_sqm"":42,""breakfast"":false,""spa"":false,""pool"":false,""balcony"":false,""bathtub"":false,""pet_friendly"":false,""smoking"":false}","1","1","145000","프리미엄 스위트","전체 가상 시뮬레이션"
"R0439_1","H0439","2","3","{""bed_type"":""퀸베드 1개"",""view_type"":""시티뷰"",""size_sqm"":24,""breakfast"":true,""spa"":true,""pool"":false,""balcony"":true,""bathtub"":true,""pet_friendly"":false,""smoking"":true}","1","0","100000","스탠다드 더블","전체 가상 시뮬레이션"
"R0439_2","H0439","3","4","{""bed_type"":""싱글베드 2개"",""view_type"":""가든뷰"",""size_sqm"":33,""breakfast"":false,""spa"":false,""pool"":false,""balcony"":false,""bathtub"":false,""pet_friendly"":false,""smoking"":false}","1","1","125000","디럭스 트윈","전체 가상 시뮬레이션"
"R0439_3","H0439","4","1","{""bed_type"":""킹베드 1개"",""view_type"":""파노라마뷰"",""size_sqm"":42,""breakfast"":true,""spa"":false,""pool"":true,""balcony"":false,""bathtub"":false,""pet_friendly"":false,""smoking"":false}","0","1","150000","프리미엄 스위트","전체 가상 시뮬레이션"
"R0440_1","H0440","2","4","{""bed_type"":""퀸베드 1개"",""view_type"":""시티뷰"",""size_sqm"":24,""breakfast"":false,""spa"":false,""pool"":false,""balcony"":false,""bathtub"":false,""pet_friendly"":false,""smoking"":true}","1","1","105000","스탠다드 더블","전체 가상 시뮬레이션"
"R0440_2","H0440","3","1","{""bed_type"":""싱글베드 2개"",""view_type"":""가든뷰"",""size_sqm"":33,""breakfast"":true,""spa"":false,""pool"":true,""balcony"":false,""bathtub"":false,""pet_friendly"":false,""smoking"":false}","0","1","130000","디럭스 트윈","전체 가상 시뮬레이션"
"R0440_3","H0440","4","2","{""bed_type"":""킹베드 1개"",""view_type"":""파노라마뷰"",""size_sqm"":42,""breakfast"":false,""spa"":true,""pool"":false,""balcony"":true,""bathtub"":true,""pet_friendly"":true,""smoking"":false}","1","0","155000","프리미엄 스위트","전체 가상 시뮬레이션"
"R0441_1","H0441","2","1","{""bed_type"":""퀸베드 1개"",""view_type"":""시티뷰"",""size_sqm"":24,""breakfast"":true,""spa"":false,""pool"":true,""balcony"":false,""bathtub"":false,""pet_friendly"":false,""smoking"":true}","0","1","110000","스탠다드 더블","전체 가상 시뮬레이션"
"R0441_2","H0441","3","2","{""bed_type"":""싱글베드 2개"",""view_type"":""가든뷰"",""size_sqm"":33,""breakfast"":false,""spa"":true,""pool"":false,""balcony"":true,""bathtub"":true,""pet_friendly"":true,""smoking"":false}","1","0","135000","디럭스 트윈","전체 가상 시뮬레이션"
"R0441_3","H0441","4","3","{""bed_type"":""킹베드 1개"",""view_type"":""파노라마뷰"",""size_sqm"":42,""breakfast"":true,""spa"":false,""pool"":false,""balcony"":false,""bathtub"":false,""pet_friendly"":false,""smoking"":false}","1","1","160000","프리미엄 스위트","전체 가상 시뮬레이션"
"R0442_1","H0442","2","2","{""bed_type"":""퀸베드 1개"",""view_type"":""시티뷰"",""size_sqm"":24,""breakfast"":false,""spa"":true,""pool"":false,""balcony"":true,""bathtub"":true,""pet_friendly"":true,""smoking"":true}","1","0","115000","스탠다드 더블","전체 가상 시뮬레이션"
"R0442_2","H0442","3","3","{""bed_type"":""싱글베드 2개"",""view_type"":""가든뷰"",""size_sqm"":33,""breakfast"":true,""spa"":false,""pool"":false,""balcony"":false,""bathtub"":false,""pet_friendly"":false,""smoking"":false}","1","1","140000","디럭스 트윈","전체 가상 시뮬레이션"
"R0442_3","H0442","4","4","{""bed_type"":""킹베드 1개"",""view_type"":""파노라마뷰"",""size_sqm"":42,""breakfast"":false,""spa"":false,""pool"":false,""balcony"":false,""bathtub"":false,""pet_friendly"":false,""smoking"":false}","1","1","165000","프리미엄 스위트","전체 가상 시뮬레이션"
"R0443_1","H0443","2","3","{""bed_type"":""퀸베드 1개"",""view_type"":""시티뷰"",""size_sqm"":24,""breakfast"":true,""spa"":false,""pool"":false,""balcony"":false,""bathtub"":false,""pet_friendly"":false,""smoking"":true}","1","1","120000","스탠다드 더블","전체 가상 시뮬레이션"
"R0443_2","H0443","3","4","{""bed_type"":""싱글베드 2개"",""view_type"":""가든뷰"",""size_sqm"":33,""breakfast"":false,""spa"":false,""pool"":false,""balcony"":false,""bathtub"":false,""pet_friendly"":false,""smoking"":false}","1","1","145000","디럭스 트윈","전체 가상 시뮬레이션"
"R0443_3","H0443","4","1","{""bed_type"":""킹베드 1개"",""view_type"":""파노라마뷰"",""size_sqm"":42,""breakfast"":true,""spa"":true,""pool"":true,""balcony"":true,""bathtub"":true,""pet_friendly"":false,""smoking"":false}","0","0","170000","프리미엄 스위트","전체 가상 시뮬레이션"
"R0444_1","H0444","2","4","{""bed_type"":""퀸베드 1개"",""view_type"":""시티뷰"",""size_sqm"":24,""breakfast"":false,""spa"":false,""pool"":false,""balcony"":false,""bathtub"":false,""pet_friendly"":false,""smoking"":true}","1","1","125000","스탠다드 더블","전체 가상 시뮬레이션"
"R0444_2","H0444","3","1","{""bed_type"":""싱글베드 2개"",""view_type"":""가든뷰"",""size_sqm"":33,""breakfast"":true,""spa"":true,""pool"":true,""balcony"":true,""bathtub"":true,""pet_friendly"":false,""smoking"":false}","0","0","150000","디럭스 트윈","전체 가상 시뮬레이션"
"R0444_3","H0444","4","2","{""bed_type"":""킹베드 1개"",""view_type"":""파노라마뷰"",""size_sqm"":42,""breakfast"":false,""spa"":false,""pool"":false,""balcony"":false,""bathtub"":false,""pet_friendly"":false,""smoking"":false}","1","1","175000","프리미엄 스위트","전체 가상 시뮬레이션"
"R0445_1","H0445","2","1","{""bed_type"":""퀸베드 1개"",""view_type"":""시티뷰"",""size_sqm"":24,""breakfast"":true,""spa"":true,""pool"":true,""balcony"":true,""bathtub"":true,""pet_friendly"":false,""smoking"":true}","0","0","130000","스탠다드 더블","전체 가상 시뮬레이션"
"R0445_2","H0445","3","2","{""bed_type"":""싱글베드 2개"",""view_type"":""가든뷰"",""size_sqm"":33,""breakfast"":false,""spa"":false,""pool"":false,""balcony"":false,""bathtub"":false,""pet_friendly"":false,""smoking"":false}","1","1","155000","디럭스 트윈","전체 가상 시뮬레이션"
"R0445_3","H0445","4","3","{""bed_type"":""킹베드 1개"",""view_type"":""파노라마뷰"",""size_sqm"":42,""breakfast"":true,""spa"":false,""pool"":false,""balcony"":false,""bathtub"":false,""pet_friendly"":false,""smoking"":false}","1","1","180000","프리미엄 스위트","전체 가상 시뮬레이션"
"R0446_1","H0446","2","2","{""bed_type"":""퀸베드 1개"",""view_type"":""시티뷰"",""size_sqm"":24,""breakfast"":false,""spa"":false,""pool"":false,""balcony"":false,""bathtub"":false,""pet_friendly"":false,""smoking"":true}","1","1","135000","스탠다드 더블","전체 가상 시뮬레이션"
"R0446_2","H0446","3","3","{""bed_type"":""싱글베드 2개"",""view_type"":""가든뷰"",""size_sqm"":33,""breakfast"":true,""spa"":false,""pool"":false,""balcony"":false,""bathtub"":false,""pet_friendly"":false,""smoking"":false}","1","1","160000","디럭스 트윈","전체 가상 시뮬레이션"
"R0446_3","H0446","4","4","{""bed_type"":""킹베드 1개"",""view_type"":""파노라마뷰"",""size_sqm"":42,""breakfast"":false,""spa"":true,""pool"":false,""balcony"":true,""bathtub"":true,""pet_friendly"":false,""smoking"":false}","1","0","185000","프리미엄 스위트","전체 가상 시뮬레이션"
"R0447_1","H0447","2","3","{""bed_type"":""퀸베드 1개"",""view_type"":""시티뷰"",""size_sqm"":24,""breakfast"":true,""spa"":false,""pool"":false,""balcony"":false,""bathtub"":false,""pet_friendly"":false,""smoking"":true}","1","1","140000","스탠다드 더블","전체 가상 시뮬레이션"
"R0447_2","H0447","3","4","{""bed_type"":""싱글베드 2개"",""view_type"":""가든뷰"",""size_sqm"":33,""breakfast"":false,""spa"":true,""pool"":false,""balcony"":true,""bathtub"":true,""pet_friendly"":false,""smoking"":false}","1","0","165000","디럭스 트윈","전체 가상 시뮬레이션"
"R0447_3","H0447","4","1","{""bed_type"":""킹베드 1개"",""view_type"":""파노라마뷰"",""size_sqm"":42,""breakfast"":true,""spa"":false,""pool"":true,""balcony"":false,""bathtub"":false,""pet_friendly"":true,""smoking"":false}","0","1","190000","프리미엄 스위트","전체 가상 시뮬레이션"
"R0448_1","H0448","2","4","{""bed_type"":""퀸베드 1개"",""view_type"":""시티뷰"",""size_sqm"":24,""breakfast"":false,""spa"":true,""pool"":false,""balcony"":true,""bathtub"":true,""pet_friendly"":false,""smoking"":true}","1","0","145000","스탠다드 더블","전체 가상 시뮬레이션"
"R0448_2","H0448","3","1","{""bed_type"":""싱글베드 2개"",""view_type"":""가든뷰"",""size_sqm"":33,""breakfast"":true,""spa"":false,""pool"":true,""balcony"":false,""bathtub"":false,""pet_friendly"":true,""smoking"":false}","0","1","170000","디럭스 트윈","전체 가상 시뮬레이션"
"R0448_3","H0448","4","2","{""bed_type"":""킹베드 1개"",""view_type"":""파노라마뷰"",""size_sqm"":42,""breakfast"":false,""spa"":false,""pool"":false,""balcony"":false,""bathtub"":false,""pet_friendly"":false,""smoking"":false}","1","1","195000","프리미엄 스위트","전체 가상 시뮬레이션"
"R0449_1","H0449","2","1","{""bed_type"":""퀸베드 1개"",""view_type"":""시티뷰"",""size_sqm"":24,""breakfast"":true,""spa"":false,""pool"":true,""balcony"":false,""bathtub"":false,""pet_friendly"":true,""smoking"":true}","0","1","150000","스탠다드 더블","전체 가상 시뮬레이션"
"R0449_2","H0449","3","2","{""bed_type"":""싱글베드 2개"",""view_type"":""가든뷰"",""size_sqm"":33,""breakfast"":false,""spa"":false,""pool"":false,""balcony"":false,""bathtub"":false,""pet_friendly"":false,""smoking"":false}","1","1","175000","디럭스 트윈","전체 가상 시뮬레이션"
"R0449_3","H0449","4","3","{""bed_type"":""킹베드 1개"",""view_type"":""파노라마뷰"",""size_sqm"":42,""breakfast"":true,""spa"":true,""pool"":false,""balcony"":true,""bathtub"":true,""pet_friendly"":false,""smoking"":false}","1","0","200000","프리미엄 스위트","전체 가상 시뮬레이션"
"R0450_1","H0450","2","2","{""bed_type"":""퀸베드 1개"",""view_type"":""시티뷰"",""size_sqm"":24,""breakfast"":false,""spa"":false,""pool"":false,""balcony"":false,""bathtub"":false,""pet_friendly"":false,""smoking"":true}","1","1","155000","스탠다드 더블","전체 가상 시뮬레이션"
"R0450_2","H0450","3","3","{""bed_type"":""싱글베드 2개"",""view_type"":""가든뷰"",""size_sqm"":33,""breakfast"":true,""spa"":true,""pool"":false,""balcony"":true,""bathtub"":true,""pet_friendly"":false,""smoking"":false}","1","0","180000","디럭스 트윈","전체 가상 시뮬레이션"
"R0450_3","H0450","4","4","{""bed_type"":""킹베드 1개"",""view_type"":""파노라마뷰"",""size_sqm"":42,""breakfast"":false,""spa"":false,""pool"":false,""balcony"":false,""bathtub"":false,""pet_friendly"":false,""smoking"":false}","1","1","205000","프리미엄 스위트","전체 가상 시뮬레이션"
"R0451_1","H0451","2","3","{""bed_type"":""퀸베드 1개"",""view_type"":""시티뷰"",""size_sqm"":24,""breakfast"":true,""spa"":true,""pool"":false,""balcony"":true,""bathtub"":true,""pet_friendly"":false,""smoking"":true}","1","0","160000","스탠다드 더블","전체 가상 시뮬레이션"
"R0451_2","H0451","3","4","{""bed_type"":""싱글베드 2개"",""view_type"":""가든뷰"",""size_sqm"":33,""breakfast"":false,""spa"":false,""pool"":false,""balcony"":false,""bathtub"":false,""pet_friendly"":false,""smoking"":false}","1","1","185000","디럭스 트윈","전체 가상 시뮬레이션"
"R0451_3","H0451","4","1","{""bed_type"":""킹베드 1개"",""view_type"":""파노라마뷰"",""size_sqm"":42,""breakfast"":true,""spa"":false,""pool"":true,""balcony"":false,""bathtub"":false,""pet_friendly"":false,""smoking"":false}","0","1","210000","프리미엄 스위트","전체 가상 시뮬레이션"
"R0452_1","H0452","2","4","{""bed_type"":""퀸베드 1개"",""view_type"":""시티뷰"",""size_sqm"":24,""breakfast"":false,""spa"":false,""pool"":false,""balcony"":false,""bathtub"":false,""pet_friendly"":false,""smoking"":true}","1","1","165000","스탠다드 더블","전체 가상 시뮬레이션"
"R0452_2","H0452","3","1","{""bed_type"":""싱글베드 2개"",""view_type"":""가든뷰"",""size_sqm"":33,""breakfast"":true,""spa"":false,""pool"":true,""balcony"":false,""bathtub"":false,""pet_friendly"":false,""smoking"":false}","0","1","190000","디럭스 트윈","전체 가상 시뮬레이션"
"R0452_3","H0452","4","2","{""bed_type"":""킹베드 1개"",""view_type"":""파노라마뷰"",""size_sqm"":42,""breakfast"":false,""spa"":true,""pool"":false,""balcony"":true,""bathtub"":true,""pet_friendly"":false,""smoking"":false}","1","0","215000","프리미엄 스위트","전체 가상 시뮬레이션"
"R0453_1","H0453","2","1","{""bed_type"":""퀸베드 1개"",""view_type"":""시티뷰"",""size_sqm"":24,""breakfast"":true,""spa"":false,""pool"":true,""balcony"":false,""bathtub"":false,""pet_friendly"":false,""smoking"":true}","0","1","170000","스탠다드 더블","전체 가상 시뮬레이션"
"R0453_2","H0453","3","2","{""bed_type"":""싱글베드 2개"",""view_type"":""가든뷰"",""size_sqm"":33,""breakfast"":false,""spa"":true,""pool"":false,""balcony"":true,""bathtub"":true,""pet_friendly"":false,""smoking"":false}","1","0","195000","디럭스 트윈","전체 가상 시뮬레이션"
"R0453_3","H0453","4","3","{""bed_type"":""킹베드 1개"",""view_type"":""파노라마뷰"",""size_sqm"":42,""breakfast"":true,""spa"":false,""pool"":false,""balcony"":false,""bathtub"":false,""pet_friendly"":false,""smoking"":false}","1","1","220000","프리미엄 스위트","전체 가상 시뮬레이션"
"R0454_1","H0454","2","2","{""bed_type"":""퀸베드 1개"",""view_type"":""시티뷰"",""size_sqm"":24,""breakfast"":false,""spa"":true,""pool"":false,""balcony"":true,""bathtub"":true,""pet_friendly"":false,""smoking"":true}","1","0","175000","스탠다드 더블","전체 가상 시뮬레이션"
"R0454_2","H0454","3","3","{""bed_type"":""싱글베드 2개"",""view_type"":""가든뷰"",""size_sqm"":33,""breakfast"":true,""spa"":false,""pool"":false,""balcony"":false,""bathtub"":false,""pet_friendly"":false,""smoking"":false}","1","1","200000","디럭스 트윈","전체 가상 시뮬레이션"
"R0454_3","H0454","4","4","{""bed_type"":""킹베드 1개"",""view_type"":""파노라마뷰"",""size_sqm"":42,""breakfast"":false,""spa"":false,""pool"":false,""balcony"":false,""bathtub"":false,""pet_friendly"":true,""smoking"":false}","1","1","225000","프리미엄 스위트","전체 가상 시뮬레이션"
"R0455_1","H0455","2","3","{""bed_type"":""퀸베드 1개"",""view_type"":""시티뷰"",""size_sqm"":24,""breakfast"":true,""spa"":false,""pool"":false,""balcony"":false,""bathtub"":false,""pet_friendly"":false,""smoking"":true}","1","1","180000","스탠다드 더블","전체 가상 시뮬레이션"
"R0455_2","H0455","3","4","{""bed_type"":""싱글베드 2개"",""view_type"":""가든뷰"",""size_sqm"":33,""breakfast"":false,""spa"":false,""pool"":false,""balcony"":false,""bathtub"":false,""pet_friendly"":true,""smoking"":false}","1","1","205000","디럭스 트윈","전체 가상 시뮬레이션"
"R0455_3","H0455","4","1","{""bed_type"":""킹베드 1개"",""view_type"":""파노라마뷰"",""size_sqm"":42,""breakfast"":true,""spa"":true,""pool"":true,""balcony"":true,""bathtub"":true,""pet_friendly"":false,""smoking"":false}","0","0","230000","프리미엄 스위트","전체 가상 시뮬레이션"
"R0456_1","H0456","2","4","{""bed_type"":""퀸베드 1개"",""view_type"":""시티뷰"",""size_sqm"":24,""breakfast"":false,""spa"":false,""pool"":false,""balcony"":false,""bathtub"":false,""pet_friendly"":true,""smoking"":true}","1","1","185000","스탠다드 더블","전체 가상 시뮬레이션"
"R0456_2","H0456","3","1","{""bed_type"":""싱글베드 2개"",""view_type"":""가든뷰"",""size_sqm"":33,""breakfast"":true,""spa"":true,""pool"":true,""balcony"":true,""bathtub"":true,""pet_friendly"":false,""smoking"":false}","0","0","210000","디럭스 트윈","전체 가상 시뮬레이션"
"R0456_3","H0456","4","2","{""bed_type"":""킹베드 1개"",""view_type"":""파노라마뷰"",""size_sqm"":42,""breakfast"":false,""spa"":false,""pool"":false,""balcony"":false,""bathtub"":false,""pet_friendly"":false,""smoking"":false}","1","1","235000","프리미엄 스위트","전체 가상 시뮬레이션"
"R0457_1","H0457","2","1","{""bed_type"":""퀸베드 1개"",""view_type"":""시티뷰"",""size_sqm"":24,""breakfast"":true,""spa"":true,""pool"":true,""balcony"":true,""bathtub"":true,""pet_friendly"":false,""smoking"":true}","0","0","190000","스탠다드 더블","전체 가상 시뮬레이션"
"R0457_2","H0457","3","2","{""bed_type"":""싱글베드 2개"",""view_type"":""가든뷰"",""size_sqm"":33,""breakfast"":false,""spa"":false,""pool"":false,""balcony"":false,""bathtub"":false,""pet_friendly"":false,""smoking"":false}","1","1","215000","디럭스 트윈","전체 가상 시뮬레이션"
"R0457_3","H0457","4","3","{""bed_type"":""킹베드 1개"",""view_type"":""파노라마뷰"",""size_sqm"":42,""breakfast"":true,""spa"":false,""pool"":false,""balcony"":false,""bathtub"":false,""pet_friendly"":false,""smoking"":false}","1","1","240000","프리미엄 스위트","전체 가상 시뮬레이션"
"R0458_1","H0458","2","2","{""bed_type"":""퀸베드 1개"",""view_type"":""시티뷰"",""size_sqm"":24,""breakfast"":false,""spa"":false,""pool"":false,""balcony"":false,""bathtub"":false,""pet_friendly"":false,""smoking"":true}","1","1","195000","스탠다드 더블","전체 가상 시뮬레이션"
"R0458_2","H0458","3","3","{""bed_type"":""싱글베드 2개"",""view_type"":""가든뷰"",""size_sqm"":33,""breakfast"":true,""spa"":false,""pool"":false,""balcony"":false,""bathtub"":false,""pet_friendly"":false,""smoking"":false}","1","1","220000","디럭스 트윈","전체 가상 시뮬레이션"
"R0458_3","H0458","4","4","{""bed_type"":""킹베드 1개"",""view_type"":""파노라마뷰"",""size_sqm"":42,""breakfast"":false,""spa"":true,""pool"":false,""balcony"":true,""bathtub"":true,""pet_friendly"":false,""smoking"":false}","1","0","245000","프리미엄 스위트","전체 가상 시뮬레이션"
"R0459_1","H0459","2","3","{""bed_type"":""퀸베드 1개"",""view_type"":""시티뷰"",""size_sqm"":24,""breakfast"":true,""spa"":false,""pool"":false,""balcony"":false,""bathtub"":false,""pet_friendly"":false,""smoking"":true}","1","1","200000","스탠다드 더블","전체 가상 시뮬레이션"
"R0459_2","H0459","3","4","{""bed_type"":""싱글베드 2개"",""view_type"":""가든뷰"",""size_sqm"":33,""breakfast"":false,""spa"":true,""pool"":false,""balcony"":true,""bathtub"":true,""pet_friendly"":false,""smoking"":false}","1","0","225000","디럭스 트윈","전체 가상 시뮬레이션"
"R0459_3","H0459","4","1","{""bed_type"":""킹베드 1개"",""view_type"":""파노라마뷰"",""size_sqm"":42,""breakfast"":true,""spa"":false,""pool"":true,""balcony"":false,""bathtub"":false,""pet_friendly"":false,""smoking"":false}","0","1","250000","프리미엄 스위트","전체 가상 시뮬레이션"
"R0460_1","H0460","2","4","{""bed_type"":""퀸베드 1개"",""view_type"":""시티뷰"",""size_sqm"":24,""breakfast"":false,""spa"":true,""pool"":false,""balcony"":true,""bathtub"":true,""pet_friendly"":false,""smoking"":true}","1","0","205000","스탠다드 더블","전체 가상 시뮬레이션"
"R0460_2","H0460","3","1","{""bed_type"":""싱글베드 2개"",""view_type"":""가든뷰"",""size_sqm"":33,""breakfast"":true,""spa"":false,""pool"":true,""balcony"":false,""bathtub"":false,""pet_friendly"":false,""smoking"":false}","0","1","230000","디럭스 트윈","전체 가상 시뮬레이션"
"R0460_3","H0460","4","2","{""bed_type"":""킹베드 1개"",""view_type"":""파노라마뷰"",""size_sqm"":42,""breakfast"":false,""spa"":false,""pool"":false,""balcony"":false,""bathtub"":false,""pet_friendly"":false,""smoking"":false}","1","1","255000","프리미엄 스위트","전체 가상 시뮬레이션"
"R0461_1","H0461","2","1","{""bed_type"":""퀸베드 1개"",""view_type"":""시티뷰"",""size_sqm"":24,""breakfast"":true,""spa"":false,""pool"":true,""balcony"":false,""bathtub"":false,""pet_friendly"":false,""smoking"":true}","0","1","210000","스탠다드 더블","전체 가상 시뮬레이션"
"R0461_2","H0461","3","2","{""bed_type"":""싱글베드 2개"",""view_type"":""가든뷰"",""size_sqm"":33,""breakfast"":false,""spa"":false,""pool"":false,""balcony"":false,""bathtub"":false,""pet_friendly"":false,""smoking"":false}","1","1","235000","디럭스 트윈","전체 가상 시뮬레이션"
"R0461_3","H0461","4","3","{""bed_type"":""킹베드 1개"",""view_type"":""파노라마뷰"",""size_sqm"":42,""breakfast"":true,""spa"":true,""pool"":false,""balcony"":true,""bathtub"":true,""pet_friendly"":true,""smoking"":false}","1","0","260000","프리미엄 스위트","전체 가상 시뮬레이션"
"R0462_1","H0462","2","2","{""bed_type"":""퀸베드 1개"",""view_type"":""시티뷰"",""size_sqm"":24,""breakfast"":false,""spa"":false,""pool"":false,""balcony"":false,""bathtub"":false,""pet_friendly"":false,""smoking"":true}","1","1","215000","스탠다드 더블","전체 가상 시뮬레이션"
"R0462_2","H0462","3","3","{""bed_type"":""싱글베드 2개"",""view_type"":""가든뷰"",""size_sqm"":33,""breakfast"":true,""spa"":true,""pool"":false,""balcony"":true,""bathtub"":true,""pet_friendly"":true,""smoking"":false}","1","0","240000","디럭스 트윈","전체 가상 시뮬레이션"
"R0462_3","H0462","4","4","{""bed_type"":""킹베드 1개"",""view_type"":""파노라마뷰"",""size_sqm"":42,""breakfast"":false,""spa"":false,""pool"":false,""balcony"":false,""bathtub"":false,""pet_friendly"":false,""smoking"":false}","1","1","265000","프리미엄 스위트","전체 가상 시뮬레이션"
"R0463_1","H0463","2","3","{""bed_type"":""퀸베드 1개"",""view_type"":""시티뷰"",""size_sqm"":24,""breakfast"":true,""spa"":true,""pool"":false,""balcony"":true,""bathtub"":true,""pet_friendly"":true,""smoking"":true}","1","0","220000","스탠다드 더블","전체 가상 시뮬레이션"
"R0463_2","H0463","3","4","{""bed_type"":""싱글베드 2개"",""view_type"":""가든뷰"",""size_sqm"":33,""breakfast"":false,""spa"":false,""pool"":false,""balcony"":false,""bathtub"":false,""pet_friendly"":false,""smoking"":false}","1","1","245000","디럭스 트윈","전체 가상 시뮬레이션"
"R0463_3","H0463","4","1","{""bed_type"":""킹베드 1개"",""view_type"":""파노라마뷰"",""size_sqm"":42,""breakfast"":true,""spa"":false,""pool"":true,""balcony"":false,""bathtub"":false,""pet_friendly"":false,""smoking"":false}","0","1","270000","프리미엄 스위트","전체 가상 시뮬레이션"
"R0464_1","H0464","2","4","{""bed_type"":""퀸베드 1개"",""view_type"":""시티뷰"",""size_sqm"":24,""breakfast"":false,""spa"":false,""pool"":false,""balcony"":false,""bathtub"":false,""pet_friendly"":false,""smoking"":true}","1","1","225000","스탠다드 더블","전체 가상 시뮬레이션"
"R0464_2","H0464","3","1","{""bed_type"":""싱글베드 2개"",""view_type"":""가든뷰"",""size_sqm"":33,""breakfast"":true,""spa"":false,""pool"":true,""balcony"":false,""bathtub"":false,""pet_friendly"":false,""smoking"":false}","0","1","250000","디럭스 트윈","전체 가상 시뮬레이션"
"R0464_3","H0464","4","2","{""bed_type"":""킹베드 1개"",""view_type"":""파노라마뷰"",""size_sqm"":42,""breakfast"":false,""spa"":true,""pool"":false,""balcony"":true,""bathtub"":true,""pet_friendly"":false,""smoking"":false}","1","0","275000","프리미엄 스위트","전체 가상 시뮬레이션"
"R0465_1","H0465","2","1","{""bed_type"":""퀸베드 1개"",""view_type"":""시티뷰"",""size_sqm"":24,""breakfast"":true,""spa"":false,""pool"":true,""balcony"":false,""bathtub"":false,""pet_friendly"":false,""smoking"":true}","0","1","230000","스탠다드 더블","전체 가상 시뮬레이션"
"R0465_2","H0465","3","2","{""bed_type"":""싱글베드 2개"",""view_type"":""가든뷰"",""size_sqm"":33,""breakfast"":false,""spa"":true,""pool"":false,""balcony"":true,""bathtub"":true,""pet_friendly"":false,""smoking"":false}","1","0","255000","디럭스 트윈","전체 가상 시뮬레이션"
"R0465_3","H0465","4","3","{""bed_type"":""킹베드 1개"",""view_type"":""파노라마뷰"",""size_sqm"":42,""breakfast"":true,""spa"":false,""pool"":false,""balcony"":false,""bathtub"":false,""pet_friendly"":false,""smoking"":false}","1","1","280000","프리미엄 스위트","전체 가상 시뮬레이션"
"R0466_1","H0466","2","2","{""bed_type"":""퀸베드 1개"",""view_type"":""시티뷰"",""size_sqm"":24,""breakfast"":false,""spa"":true,""pool"":false,""balcony"":true,""bathtub"":true,""pet_friendly"":false,""smoking"":true}","1","0","235000","스탠다드 더블","전체 가상 시뮬레이션"
"R0466_2","H0466","3","3","{""bed_type"":""싱글베드 2개"",""view_type"":""가든뷰"",""size_sqm"":33,""breakfast"":true,""spa"":false,""pool"":false,""balcony"":false,""bathtub"":false,""pet_friendly"":false,""smoking"":false}","1","1","260000","디럭스 트윈","전체 가상 시뮬레이션"
"R0466_3","H0466","4","4","{""bed_type"":""킹베드 1개"",""view_type"":""파노라마뷰"",""size_sqm"":42,""breakfast"":false,""spa"":false,""pool"":false,""balcony"":false,""bathtub"":false,""pet_friendly"":false,""smoking"":false}","1","1","285000","프리미엄 스위트","전체 가상 시뮬레이션"
"R0467_1","H0467","2","3","{""bed_type"":""퀸베드 1개"",""view_type"":""시티뷰"",""size_sqm"":24,""breakfast"":true,""spa"":false,""pool"":false,""balcony"":false,""bathtub"":false,""pet_friendly"":false,""smoking"":true}","1","1","240000","스탠다드 더블","전체 가상 시뮬레이션"
"R0467_2","H0467","3","4","{""bed_type"":""싱글베드 2개"",""view_type"":""가든뷰"",""size_sqm"":33,""breakfast"":false,""spa"":false,""pool"":false,""balcony"":false,""bathtub"":false,""pet_friendly"":false,""smoking"":false}","1","1","265000","디럭스 트윈","전체 가상 시뮬레이션"
"R0467_3","H0467","4","1","{""bed_type"":""킹베드 1개"",""view_type"":""파노라마뷰"",""size_sqm"":42,""breakfast"":true,""spa"":true,""pool"":true,""balcony"":true,""bathtub"":true,""pet_friendly"":false,""smoking"":false}","0","0","290000","프리미엄 스위트","전체 가상 시뮬레이션"
"R0468_1","H0468","2","4","{""bed_type"":""퀸베드 1개"",""view_type"":""시티뷰"",""size_sqm"":24,""breakfast"":false,""spa"":false,""pool"":false,""balcony"":false,""bathtub"":false,""pet_friendly"":false,""smoking"":true}","1","1","245000","스탠다드 더블","전체 가상 시뮬레이션"
"R0468_2","H0468","3","1","{""bed_type"":""싱글베드 2개"",""view_type"":""가든뷰"",""size_sqm"":33,""breakfast"":true,""spa"":true,""pool"":true,""balcony"":true,""bathtub"":true,""pet_friendly"":false,""smoking"":false}","0","0","270000","디럭스 트윈","전체 가상 시뮬레이션"
"R0468_3","H0468","4","2","{""bed_type"":""킹베드 1개"",""view_type"":""파노라마뷰"",""size_sqm"":42,""breakfast"":false,""spa"":false,""pool"":false,""balcony"":false,""bathtub"":false,""pet_friendly"":true,""smoking"":false}","1","1","295000","프리미엄 스위트","전체 가상 시뮬레이션"
"R0469_1","H0469","2","1","{""bed_type"":""퀸베드 1개"",""view_type"":""시티뷰"",""size_sqm"":24,""breakfast"":true,""spa"":true,""pool"":true,""balcony"":true,""bathtub"":true,""pet_friendly"":false,""smoking"":true}","0","0","250000","스탠다드 더블","전체 가상 시뮬레이션"
"R0469_2","H0469","3","2","{""bed_type"":""싱글베드 2개"",""view_type"":""가든뷰"",""size_sqm"":33,""breakfast"":false,""spa"":false,""pool"":false,""balcony"":false,""bathtub"":false,""pet_friendly"":true,""smoking"":false}","1","1","275000","디럭스 트윈","전체 가상 시뮬레이션"
"R0469_3","H0469","4","3","{""bed_type"":""킹베드 1개"",""view_type"":""파노라마뷰"",""size_sqm"":42,""breakfast"":true,""spa"":false,""pool"":false,""balcony"":false,""bathtub"":false,""pet_friendly"":false,""smoking"":false}","1","1","300000","프리미엄 스위트","전체 가상 시뮬레이션"
"R0470_1","H0470","2","2","{""bed_type"":""퀸베드 1개"",""view_type"":""시티뷰"",""size_sqm"":24,""breakfast"":false,""spa"":false,""pool"":false,""balcony"":false,""bathtub"":false,""pet_friendly"":true,""smoking"":true}","1","1","255000","스탠다드 더블","전체 가상 시뮬레이션"
"R0470_2","H0470","3","3","{""bed_type"":""싱글베드 2개"",""view_type"":""가든뷰"",""size_sqm"":33,""breakfast"":true,""spa"":false,""pool"":false,""balcony"":false,""bathtub"":false,""pet_friendly"":false,""smoking"":false}","1","1","280000","디럭스 트윈","전체 가상 시뮬레이션"
"R0470_3","H0470","4","4","{""bed_type"":""킹베드 1개"",""view_type"":""파노라마뷰"",""size_sqm"":42,""breakfast"":false,""spa"":true,""pool"":false,""balcony"":true,""bathtub"":true,""pet_friendly"":false,""smoking"":false}","1","0","305000","프리미엄 스위트","전체 가상 시뮬레이션"
"R0471_1","H0471","2","3","{""bed_type"":""퀸베드 1개"",""view_type"":""시티뷰"",""size_sqm"":24,""breakfast"":true,""spa"":false,""pool"":false,""balcony"":false,""bathtub"":false,""pet_friendly"":false,""smoking"":true}","1","1","260000","스탠다드 더블","전체 가상 시뮬레이션"
"R0471_2","H0471","3","4","{""bed_type"":""싱글베드 2개"",""view_type"":""가든뷰"",""size_sqm"":33,""breakfast"":false,""spa"":true,""pool"":false,""balcony"":true,""bathtub"":true,""pet_friendly"":false,""smoking"":false}","1","0","285000","디럭스 트윈","전체 가상 시뮬레이션"
"R0471_3","H0471","4","1","{""bed_type"":""킹베드 1개"",""view_type"":""파노라마뷰"",""size_sqm"":42,""breakfast"":true,""spa"":false,""pool"":true,""balcony"":false,""bathtub"":false,""pet_friendly"":false,""smoking"":false}","0","1","310000","프리미엄 스위트","전체 가상 시뮬레이션"
"R0472_1","H0472","2","4","{""bed_type"":""퀸베드 1개"",""view_type"":""시티뷰"",""size_sqm"":24,""breakfast"":false,""spa"":true,""pool"":false,""balcony"":true,""bathtub"":true,""pet_friendly"":false,""smoking"":true}","1","0","265000","스탠다드 더블","전체 가상 시뮬레이션"
"R0472_2","H0472","3","1","{""bed_type"":""싱글베드 2개"",""view_type"":""가든뷰"",""size_sqm"":33,""breakfast"":true,""spa"":false,""pool"":true,""balcony"":false,""bathtub"":false,""pet_friendly"":false,""smoking"":false}","0","1","290000","디럭스 트윈","전체 가상 시뮬레이션"
"R0472_3","H0472","4","2","{""bed_type"":""킹베드 1개"",""view_type"":""파노라마뷰"",""size_sqm"":42,""breakfast"":false,""spa"":false,""pool"":false,""balcony"":false,""bathtub"":false,""pet_friendly"":false,""smoking"":false}","1","1","315000","프리미엄 스위트","전체 가상 시뮬레이션"
"R0473_1","H0473","2","1","{""bed_type"":""퀸베드 1개"",""view_type"":""시티뷰"",""size_sqm"":24,""breakfast"":true,""spa"":false,""pool"":true,""balcony"":false,""bathtub"":false,""pet_friendly"":false,""smoking"":true}","0","1","270000","스탠다드 더블","전체 가상 시뮬레이션"
"R0473_2","H0473","3","2","{""bed_type"":""싱글베드 2개"",""view_type"":""가든뷰"",""size_sqm"":33,""breakfast"":false,""spa"":false,""pool"":false,""balcony"":false,""bathtub"":false,""pet_friendly"":false,""smoking"":false}","1","1","295000","디럭스 트윈","전체 가상 시뮬레이션"
"R0473_3","H0473","4","3","{""bed_type"":""킹베드 1개"",""view_type"":""파노라마뷰"",""size_sqm"":42,""breakfast"":true,""spa"":true,""pool"":false,""balcony"":true,""bathtub"":true,""pet_friendly"":false,""smoking"":false}","1","0","320000","프리미엄 스위트","전체 가상 시뮬레이션"
"R0474_1","H0474","2","2","{""bed_type"":""퀸베드 1개"",""view_type"":""시티뷰"",""size_sqm"":24,""breakfast"":false,""spa"":false,""pool"":false,""balcony"":false,""bathtub"":false,""pet_friendly"":false,""smoking"":true}","1","1","275000","스탠다드 더블","전체 가상 시뮬레이션"
"R0474_2","H0474","3","3","{""bed_type"":""싱글베드 2개"",""view_type"":""가든뷰"",""size_sqm"":33,""breakfast"":true,""spa"":true,""pool"":false,""balcony"":true,""bathtub"":true,""pet_friendly"":false,""smoking"":false}","1","0","300000","디럭스 트윈","전체 가상 시뮬레이션"
"R0474_3","H0474","4","4","{""bed_type"":""킹베드 1개"",""view_type"":""파노라마뷰"",""size_sqm"":42,""breakfast"":false,""spa"":false,""pool"":false,""balcony"":false,""bathtub"":false,""pet_friendly"":false,""smoking"":false}","1","1","325000","프리미엄 스위트","전체 가상 시뮬레이션"
"R0475_1","H0475","2","3","{""bed_type"":""퀸베드 1개"",""view_type"":""시티뷰"",""size_sqm"":24,""breakfast"":true,""spa"":true,""pool"":false,""balcony"":true,""bathtub"":true,""pet_friendly"":false,""smoking"":true}","1","0","280000","스탠다드 더블","전체 가상 시뮬레이션"
"R0475_2","H0475","3","4","{""bed_type"":""싱글베드 2개"",""view_type"":""가든뷰"",""size_sqm"":33,""breakfast"":false,""spa"":false,""pool"":false,""balcony"":false,""bathtub"":false,""pet_friendly"":false,""smoking"":false}","1","1","305000","디럭스 트윈","전체 가상 시뮬레이션"
"R0475_3","H0475","4","1","{""bed_type"":""킹베드 1개"",""view_type"":""파노라마뷰"",""size_sqm"":42,""breakfast"":true,""spa"":false,""pool"":true,""balcony"":false,""bathtub"":false,""pet_friendly"":true,""smoking"":false}","0","1","330000","프리미엄 스위트","전체 가상 시뮬레이션"
"R0476_1","H0476","2","4","{""bed_type"":""퀸베드 1개"",""view_type"":""시티뷰"",""size_sqm"":24,""breakfast"":false,""spa"":false,""pool"":false,""balcony"":false,""bathtub"":false,""pet_friendly"":false,""smoking"":true}","1","1","285000","스탠다드 더블","전체 가상 시뮬레이션"
"R0476_2","H0476","3","1","{""bed_type"":""싱글베드 2개"",""view_type"":""가든뷰"",""size_sqm"":33,""breakfast"":true,""spa"":false,""pool"":true,""balcony"":false,""bathtub"":false,""pet_friendly"":true,""smoking"":false}","0","1","310000","디럭스 트윈","전체 가상 시뮬레이션"
"R0476_3","H0476","4","2","{""bed_type"":""킹베드 1개"",""view_type"":""파노라마뷰"",""size_sqm"":42,""breakfast"":false,""spa"":true,""pool"":false,""balcony"":true,""bathtub"":true,""pet_friendly"":false,""smoking"":false}","1","0","335000","프리미엄 스위트","전체 가상 시뮬레이션"
"R0477_1","H0477","2","1","{""bed_type"":""퀸베드 1개"",""view_type"":""시티뷰"",""size_sqm"":24,""breakfast"":true,""spa"":false,""pool"":true,""balcony"":false,""bathtub"":false,""pet_friendly"":true,""smoking"":true}","0","1","290000","스탠다드 더블","전체 가상 시뮬레이션"
"R0477_2","H0477","3","2","{""bed_type"":""싱글베드 2개"",""view_type"":""가든뷰"",""size_sqm"":33,""breakfast"":false,""spa"":true,""pool"":false,""balcony"":true,""bathtub"":true,""pet_friendly"":false,""smoking"":false}","1","0","315000","디럭스 트윈","전체 가상 시뮬레이션"
"R0477_3","H0477","4","3","{""bed_type"":""킹베드 1개"",""view_type"":""파노라마뷰"",""size_sqm"":42,""breakfast"":true,""spa"":false,""pool"":false,""balcony"":false,""bathtub"":false,""pet_friendly"":false,""smoking"":false}","1","1","340000","프리미엄 스위트","전체 가상 시뮬레이션"
"R0478_1","H0478","2","2","{""bed_type"":""퀸베드 1개"",""view_type"":""시티뷰"",""size_sqm"":24,""breakfast"":false,""spa"":true,""pool"":false,""balcony"":true,""bathtub"":true,""pet_friendly"":false,""smoking"":true}","1","0","295000","스탠다드 더블","전체 가상 시뮬레이션"
"R0478_2","H0478","3","3","{""bed_type"":""싱글베드 2개"",""view_type"":""가든뷰"",""size_sqm"":33,""breakfast"":true,""spa"":false,""pool"":false,""balcony"":false,""bathtub"":false,""pet_friendly"":false,""smoking"":false}","1","1","320000","디럭스 트윈","전체 가상 시뮬레이션"
"R0478_3","H0478","4","4","{""bed_type"":""킹베드 1개"",""view_type"":""파노라마뷰"",""size_sqm"":42,""breakfast"":false,""spa"":false,""pool"":false,""balcony"":false,""bathtub"":false,""pet_friendly"":false,""smoking"":false}","1","1","345000","프리미엄 스위트","전체 가상 시뮬레이션"
"R0479_1","H0479","2","3","{""bed_type"":""퀸베드 1개"",""view_type"":""시티뷰"",""size_sqm"":24,""breakfast"":true,""spa"":false,""pool"":false,""balcony"":false,""bathtub"":false,""pet_friendly"":false,""smoking"":true}","1","1","300000","스탠다드 더블","전체 가상 시뮬레이션"
"R0479_2","H0479","3","4","{""bed_type"":""싱글베드 2개"",""view_type"":""가든뷰"",""size_sqm"":33,""breakfast"":false,""spa"":false,""pool"":false,""balcony"":false,""bathtub"":false,""pet_friendly"":false,""smoking"":false}","1","1","325000","디럭스 트윈","전체 가상 시뮬레이션"
"R0479_3","H0479","4","1","{""bed_type"":""킹베드 1개"",""view_type"":""파노라마뷰"",""size_sqm"":42,""breakfast"":true,""spa"":true,""pool"":true,""balcony"":true,""bathtub"":true,""pet_friendly"":false,""smoking"":false}","0","0","350000","프리미엄 스위트","전체 가상 시뮬레이션"
"R0480_1","H0480","2","4","{""bed_type"":""퀸베드 1개"",""view_type"":""시티뷰"",""size_sqm"":24,""breakfast"":false,""spa"":false,""pool"":false,""balcony"":false,""bathtub"":false,""pet_friendly"":false,""smoking"":true}","1","1","305000","스탠다드 더블","전체 가상 시뮬레이션"
"R0480_2","H0480","3","1","{""bed_type"":""싱글베드 2개"",""view_type"":""가든뷰"",""size_sqm"":33,""breakfast"":true,""spa"":true,""pool"":true,""balcony"":true,""bathtub"":true,""pet_friendly"":false,""smoking"":false}","0","0","330000","디럭스 트윈","전체 가상 시뮬레이션"
"R0480_3","H0480","4","2","{""bed_type"":""킹베드 1개"",""view_type"":""파노라마뷰"",""size_sqm"":42,""breakfast"":false,""spa"":false,""pool"":false,""balcony"":false,""bathtub"":false,""pet_friendly"":false,""smoking"":false}","1","1","355000","프리미엄 스위트","전체 가상 시뮬레이션"
"R0481_1","H0481","2","1","{""bed_type"":""퀸베드 1개"",""view_type"":""시티뷰"",""size_sqm"":24,""breakfast"":true,""spa"":true,""pool"":true,""balcony"":true,""bathtub"":true,""pet_friendly"":false,""smoking"":true}","0","0","70000","스탠다드 더블","전체 가상 시뮬레이션"
"R0481_2","H0481","3","2","{""bed_type"":""싱글베드 2개"",""view_type"":""가든뷰"",""size_sqm"":33,""breakfast"":false,""spa"":false,""pool"":false,""balcony"":false,""bathtub"":false,""pet_friendly"":false,""smoking"":false}","1","1","95000","디럭스 트윈","전체 가상 시뮬레이션"
"R0481_3","H0481","4","3","{""bed_type"":""킹베드 1개"",""view_type"":""파노라마뷰"",""size_sqm"":42,""breakfast"":true,""spa"":false,""pool"":false,""balcony"":false,""bathtub"":false,""pet_friendly"":false,""smoking"":false}","1","1","120000","프리미엄 스위트","전체 가상 시뮬레이션"
"R0482_1","H0482","2","2","{""bed_type"":""퀸베드 1개"",""view_type"":""시티뷰"",""size_sqm"":24,""breakfast"":false,""spa"":false,""pool"":false,""balcony"":false,""bathtub"":false,""pet_friendly"":false,""smoking"":true}","1","1","75000","스탠다드 더블","전체 가상 시뮬레이션"
"R0482_2","H0482","3","3","{""bed_type"":""싱글베드 2개"",""view_type"":""가든뷰"",""size_sqm"":33,""breakfast"":true,""spa"":false,""pool"":false,""balcony"":false,""bathtub"":false,""pet_friendly"":false,""smoking"":false}","1","1","100000","디럭스 트윈","전체 가상 시뮬레이션"
"R0482_3","H0482","4","4","{""bed_type"":""킹베드 1개"",""view_type"":""파노라마뷰"",""size_sqm"":42,""breakfast"":false,""spa"":true,""pool"":false,""balcony"":true,""bathtub"":true,""pet_friendly"":true,""smoking"":false}","1","0","125000","프리미엄 스위트","전체 가상 시뮬레이션"
"R0483_1","H0483","2","3","{""bed_type"":""퀸베드 1개"",""view_type"":""시티뷰"",""size_sqm"":24,""breakfast"":true,""spa"":false,""pool"":false,""balcony"":false,""bathtub"":false,""pet_friendly"":false,""smoking"":true}","1","1","80000","스탠다드 더블","전체 가상 시뮬레이션"
"R0483_2","H0483","3","4","{""bed_type"":""싱글베드 2개"",""view_type"":""가든뷰"",""size_sqm"":33,""breakfast"":false,""spa"":true,""pool"":false,""balcony"":true,""bathtub"":true,""pet_friendly"":true,""smoking"":false}","1","0","105000","디럭스 트윈","전체 가상 시뮬레이션"
"R0483_3","H0483","4","1","{""bed_type"":""킹베드 1개"",""view_type"":""파노라마뷰"",""size_sqm"":42,""breakfast"":true,""spa"":false,""pool"":true,""balcony"":false,""bathtub"":false,""pet_friendly"":false,""smoking"":false}","0","1","130000","프리미엄 스위트","전체 가상 시뮬레이션"
"R0484_1","H0484","2","4","{""bed_type"":""퀸베드 1개"",""view_type"":""시티뷰"",""size_sqm"":24,""breakfast"":false,""spa"":true,""pool"":false,""balcony"":true,""bathtub"":true,""pet_friendly"":true,""smoking"":true}","1","0","85000","스탠다드 더블","전체 가상 시뮬레이션"
"R0484_2","H0484","3","1","{""bed_type"":""싱글베드 2개"",""view_type"":""가든뷰"",""size_sqm"":33,""breakfast"":true,""spa"":false,""pool"":true,""balcony"":false,""bathtub"":false,""pet_friendly"":false,""smoking"":false}","0","1","110000","디럭스 트윈","전체 가상 시뮬레이션"
"R0484_3","H0484","4","2","{""bed_type"":""킹베드 1개"",""view_type"":""파노라마뷰"",""size_sqm"":42,""breakfast"":false,""spa"":false,""pool"":false,""balcony"":false,""bathtub"":false,""pet_friendly"":false,""smoking"":false}","1","1","135000","프리미엄 스위트","전체 가상 시뮬레이션"
"R0485_1","H0485","2","1","{""bed_type"":""퀸베드 1개"",""view_type"":""시티뷰"",""size_sqm"":24,""breakfast"":true,""spa"":false,""pool"":true,""balcony"":false,""bathtub"":false,""pet_friendly"":false,""smoking"":true}","0","1","90000","스탠다드 더블","전체 가상 시뮬레이션"
"R0485_2","H0485","3","2","{""bed_type"":""싱글베드 2개"",""view_type"":""가든뷰"",""size_sqm"":33,""breakfast"":false,""spa"":false,""pool"":false,""balcony"":false,""bathtub"":false,""pet_friendly"":false,""smoking"":false}","1","1","115000","디럭스 트윈","전체 가상 시뮬레이션"
"R0485_3","H0485","4","3","{""bed_type"":""킹베드 1개"",""view_type"":""파노라마뷰"",""size_sqm"":42,""breakfast"":true,""spa"":true,""pool"":false,""balcony"":true,""bathtub"":true,""pet_friendly"":false,""smoking"":false}","1","0","140000","프리미엄 스위트","전체 가상 시뮬레이션"
"R0486_1","H0486","2","2","{""bed_type"":""퀸베드 1개"",""view_type"":""시티뷰"",""size_sqm"":24,""breakfast"":false,""spa"":false,""pool"":false,""balcony"":false,""bathtub"":false,""pet_friendly"":false,""smoking"":true}","1","1","95000","스탠다드 더블","전체 가상 시뮬레이션"
"R0486_2","H0486","3","3","{""bed_type"":""싱글베드 2개"",""view_type"":""가든뷰"",""size_sqm"":33,""breakfast"":true,""spa"":true,""pool"":false,""balcony"":true,""bathtub"":true,""pet_friendly"":false,""smoking"":false}","1","0","120000","디럭스 트윈","전체 가상 시뮬레이션"
"R0486_3","H0486","4","4","{""bed_type"":""킹베드 1개"",""view_type"":""파노라마뷰"",""size_sqm"":42,""breakfast"":false,""spa"":false,""pool"":false,""balcony"":false,""bathtub"":false,""pet_friendly"":false,""smoking"":false}","1","1","145000","프리미엄 스위트","전체 가상 시뮬레이션"
"R0487_1","H0487","2","3","{""bed_type"":""퀸베드 1개"",""view_type"":""시티뷰"",""size_sqm"":24,""breakfast"":true,""spa"":true,""pool"":false,""balcony"":true,""bathtub"":true,""pet_friendly"":false,""smoking"":true}","1","0","100000","스탠다드 더블","전체 가상 시뮬레이션"
"R0487_2","H0487","3","4","{""bed_type"":""싱글베드 2개"",""view_type"":""가든뷰"",""size_sqm"":33,""breakfast"":false,""spa"":false,""pool"":false,""balcony"":false,""bathtub"":false,""pet_friendly"":false,""smoking"":false}","1","1","125000","디럭스 트윈","전체 가상 시뮬레이션"
"R0487_3","H0487","4","1","{""bed_type"":""킹베드 1개"",""view_type"":""파노라마뷰"",""size_sqm"":42,""breakfast"":true,""spa"":false,""pool"":true,""balcony"":false,""bathtub"":false,""pet_friendly"":false,""smoking"":false}","0","1","150000","프리미엄 스위트","전체 가상 시뮬레이션"
"R0488_1","H0488","2","4","{""bed_type"":""퀸베드 1개"",""view_type"":""시티뷰"",""size_sqm"":24,""breakfast"":false,""spa"":false,""pool"":false,""balcony"":false,""bathtub"":false,""pet_friendly"":false,""smoking"":true}","1","1","105000","스탠다드 더블","전체 가상 시뮬레이션"
"R0488_2","H0488","3","1","{""bed_type"":""싱글베드 2개"",""view_type"":""가든뷰"",""size_sqm"":33,""breakfast"":true,""spa"":false,""pool"":true,""balcony"":false,""bathtub"":false,""pet_friendly"":false,""smoking"":false}","0","1","130000","디럭스 트윈","전체 가상 시뮬레이션"
"R0488_3","H0488","4","2","{""bed_type"":""킹베드 1개"",""view_type"":""파노라마뷰"",""size_sqm"":42,""breakfast"":false,""spa"":true,""pool"":false,""balcony"":true,""bathtub"":true,""pet_friendly"":false,""smoking"":false}","1","0","155000","프리미엄 스위트","전체 가상 시뮬레이션"
"R0489_1","H0489","2","1","{""bed_type"":""퀸베드 1개"",""view_type"":""시티뷰"",""size_sqm"":24,""breakfast"":true,""spa"":false,""pool"":true,""balcony"":false,""bathtub"":false,""pet_friendly"":false,""smoking"":true}","0","1","110000","스탠다드 더블","전체 가상 시뮬레이션"
"R0489_2","H0489","3","2","{""bed_type"":""싱글베드 2개"",""view_type"":""가든뷰"",""size_sqm"":33,""breakfast"":false,""spa"":true,""pool"":false,""balcony"":true,""bathtub"":true,""pet_friendly"":false,""smoking"":false}","1","0","135000","디럭스 트윈","전체 가상 시뮬레이션"
"R0489_3","H0489","4","3","{""bed_type"":""킹베드 1개"",""view_type"":""파노라마뷰"",""size_sqm"":42,""breakfast"":true,""spa"":false,""pool"":false,""balcony"":false,""bathtub"":false,""pet_friendly"":true,""smoking"":false}","1","1","160000","프리미엄 스위트","전체 가상 시뮬레이션"
"R0490_1","H0490","2","2","{""bed_type"":""퀸베드 1개"",""view_type"":""시티뷰"",""size_sqm"":24,""breakfast"":false,""spa"":true,""pool"":false,""balcony"":true,""bathtub"":true,""pet_friendly"":false,""smoking"":true}","1","0","115000","스탠다드 더블","전체 가상 시뮬레이션"
"R0490_2","H0490","3","3","{""bed_type"":""싱글베드 2개"",""view_type"":""가든뷰"",""size_sqm"":33,""breakfast"":true,""spa"":false,""pool"":false,""balcony"":false,""bathtub"":false,""pet_friendly"":true,""smoking"":false}","1","1","140000","디럭스 트윈","전체 가상 시뮬레이션"
"R0490_3","H0490","4","4","{""bed_type"":""킹베드 1개"",""view_type"":""파노라마뷰"",""size_sqm"":42,""breakfast"":false,""spa"":false,""pool"":false,""balcony"":false,""bathtub"":false,""pet_friendly"":false,""smoking"":false}","1","1","165000","프리미엄 스위트","전체 가상 시뮬레이션"
"R0491_1","H0491","2","3","{""bed_type"":""퀸베드 1개"",""view_type"":""시티뷰"",""size_sqm"":24,""breakfast"":true,""spa"":false,""pool"":false,""balcony"":false,""bathtub"":false,""pet_friendly"":true,""smoking"":true}","1","1","120000","스탠다드 더블","전체 가상 시뮬레이션"
"R0491_2","H0491","3","4","{""bed_type"":""싱글베드 2개"",""view_type"":""가든뷰"",""size_sqm"":33,""breakfast"":false,""spa"":false,""pool"":false,""balcony"":false,""bathtub"":false,""pet_friendly"":false,""smoking"":false}","1","1","145000","디럭스 트윈","전체 가상 시뮬레이션"
"R0491_3","H0491","4","1","{""bed_type"":""킹베드 1개"",""view_type"":""파노라마뷰"",""size_sqm"":42,""breakfast"":true,""spa"":true,""pool"":true,""balcony"":true,""bathtub"":true,""pet_friendly"":false,""smoking"":false}","0","0","170000","프리미엄 스위트","전체 가상 시뮬레이션"
"R0492_1","H0492","2","4","{""bed_type"":""퀸베드 1개"",""view_type"":""시티뷰"",""size_sqm"":24,""breakfast"":false,""spa"":false,""pool"":false,""balcony"":false,""bathtub"":false,""pet_friendly"":false,""smoking"":true}","1","1","125000","스탠다드 더블","전체 가상 시뮬레이션"
"R0492_2","H0492","3","1","{""bed_type"":""싱글베드 2개"",""view_type"":""가든뷰"",""size_sqm"":33,""breakfast"":true,""spa"":true,""pool"":true,""balcony"":true,""bathtub"":true,""pet_friendly"":false,""smoking"":false}","0","0","150000","디럭스 트윈","전체 가상 시뮬레이션"
"R0492_3","H0492","4","2","{""bed_type"":""킹베드 1개"",""view_type"":""파노라마뷰"",""size_sqm"":42,""breakfast"":false,""spa"":false,""pool"":false,""balcony"":false,""bathtub"":false,""pet_friendly"":false,""smoking"":false}","1","1","175000","프리미엄 스위트","전체 가상 시뮬레이션"
"R0493_1","H0493","2","1","{""bed_type"":""퀸베드 1개"",""view_type"":""시티뷰"",""size_sqm"":24,""breakfast"":true,""spa"":true,""pool"":true,""balcony"":true,""bathtub"":true,""pet_friendly"":false,""smoking"":true}","0","0","130000","스탠다드 더블","전체 가상 시뮬레이션"
"R0493_2","H0493","3","2","{""bed_type"":""싱글베드 2개"",""view_type"":""가든뷰"",""size_sqm"":33,""breakfast"":false,""spa"":false,""pool"":false,""balcony"":false,""bathtub"":false,""pet_friendly"":false,""smoking"":false}","1","1","155000","디럭스 트윈","전체 가상 시뮬레이션"
"R0493_3","H0493","4","3","{""bed_type"":""킹베드 1개"",""view_type"":""파노라마뷰"",""size_sqm"":42,""breakfast"":true,""spa"":false,""pool"":false,""balcony"":false,""bathtub"":false,""pet_friendly"":false,""smoking"":false}","1","1","180000","프리미엄 스위트","전체 가상 시뮬레이션"
"R0494_1","H0494","2","2","{""bed_type"":""퀸베드 1개"",""view_type"":""시티뷰"",""size_sqm"":24,""breakfast"":false,""spa"":false,""pool"":false,""balcony"":false,""bathtub"":false,""pet_friendly"":false,""smoking"":true}","1","1","135000","스탠다드 더블","전체 가상 시뮬레이션"
"R0494_2","H0494","3","3","{""bed_type"":""싱글베드 2개"",""view_type"":""가든뷰"",""size_sqm"":33,""breakfast"":true,""spa"":false,""pool"":false,""balcony"":false,""bathtub"":false,""pet_friendly"":false,""smoking"":false}","1","1","160000","디럭스 트윈","전체 가상 시뮬레이션"
"R0494_3","H0494","4","4","{""bed_type"":""킹베드 1개"",""view_type"":""파노라마뷰"",""size_sqm"":42,""breakfast"":false,""spa"":true,""pool"":false,""balcony"":true,""bathtub"":true,""pet_friendly"":false,""smoking"":false}","1","0","185000","프리미엄 스위트","전체 가상 시뮬레이션"
"R0495_1","H0495","2","3","{""bed_type"":""퀸베드 1개"",""view_type"":""시티뷰"",""size_sqm"":24,""breakfast"":true,""spa"":false,""pool"":false,""balcony"":false,""bathtub"":false,""pet_friendly"":false,""smoking"":true}","1","1","140000","스탠다드 더블","전체 가상 시뮬레이션"
"R0495_2","H0495","3","4","{""bed_type"":""싱글베드 2개"",""view_type"":""가든뷰"",""size_sqm"":33,""breakfast"":false,""spa"":true,""pool"":false,""balcony"":true,""bathtub"":true,""pet_friendly"":false,""smoking"":false}","1","0","165000","디럭스 트윈","전체 가상 시뮬레이션"
"R0495_3","H0495","4","1","{""bed_type"":""킹베드 1개"",""view_type"":""파노라마뷰"",""size_sqm"":42,""breakfast"":true,""spa"":false,""pool"":true,""balcony"":false,""bathtub"":false,""pet_friendly"":false,""smoking"":false}","0","1","190000","프리미엄 스위트","전체 가상 시뮬레이션"
"R0496_1","H0496","2","4","{""bed_type"":""퀸베드 1개"",""view_type"":""시티뷰"",""size_sqm"":24,""breakfast"":false,""spa"":true,""pool"":false,""balcony"":true,""bathtub"":true,""pet_friendly"":false,""smoking"":true}","1","0","145000","스탠다드 더블","전체 가상 시뮬레이션"
"R0496_2","H0496","3","1","{""bed_type"":""싱글베드 2개"",""view_type"":""가든뷰"",""size_sqm"":33,""breakfast"":true,""spa"":false,""pool"":true,""balcony"":false,""bathtub"":false,""pet_friendly"":false,""smoking"":false}","0","1","170000","디럭스 트윈","전체 가상 시뮬레이션"
"R0496_3","H0496","4","2","{""bed_type"":""킹베드 1개"",""view_type"":""파노라마뷰"",""size_sqm"":42,""breakfast"":false,""spa"":false,""pool"":false,""balcony"":false,""bathtub"":false,""pet_friendly"":true,""smoking"":false}","1","1","195000","프리미엄 스위트","전체 가상 시뮬레이션"
"R0497_1","H0497","2","1","{""bed_type"":""퀸베드 1개"",""view_type"":""시티뷰"",""size_sqm"":24,""breakfast"":true,""spa"":false,""pool"":true,""balcony"":false,""bathtub"":false,""pet_friendly"":false,""smoking"":true}","0","1","150000","스탠다드 더블","전체 가상 시뮬레이션"
"R0497_2","H0497","3","2","{""bed_type"":""싱글베드 2개"",""view_type"":""가든뷰"",""size_sqm"":33,""breakfast"":false,""spa"":false,""pool"":false,""balcony"":false,""bathtub"":false,""pet_friendly"":true,""smoking"":false}","1","1","175000","디럭스 트윈","전체 가상 시뮬레이션"
"R0497_3","H0497","4","3","{""bed_type"":""킹베드 1개"",""view_type"":""파노라마뷰"",""size_sqm"":42,""breakfast"":true,""spa"":true,""pool"":false,""balcony"":true,""bathtub"":true,""pet_friendly"":false,""smoking"":false}","1","0","200000","프리미엄 스위트","전체 가상 시뮬레이션"
"R0498_1","H0498","2","2","{""bed_type"":""퀸베드 1개"",""view_type"":""시티뷰"",""size_sqm"":24,""breakfast"":false,""spa"":false,""pool"":false,""balcony"":false,""bathtub"":false,""pet_friendly"":true,""smoking"":true}","1","1","155000","스탠다드 더블","전체 가상 시뮬레이션"
"R0498_2","H0498","3","3","{""bed_type"":""싱글베드 2개"",""view_type"":""가든뷰"",""size_sqm"":33,""breakfast"":true,""spa"":true,""pool"":false,""balcony"":true,""bathtub"":true,""pet_friendly"":false,""smoking"":false}","1","0","180000","디럭스 트윈","전체 가상 시뮬레이션"
"R0498_3","H0498","4","4","{""bed_type"":""킹베드 1개"",""view_type"":""파노라마뷰"",""size_sqm"":42,""breakfast"":false,""spa"":false,""pool"":false,""balcony"":false,""bathtub"":false,""pet_friendly"":false,""smoking"":false}","1","1","205000","프리미엄 스위트","전체 가상 시뮬레이션"
"R0499_1","H0499","2","3","{""bed_type"":""퀸베드 1개"",""view_type"":""시티뷰"",""size_sqm"":24,""breakfast"":true,""spa"":true,""pool"":false,""balcony"":true,""bathtub"":true,""pet_friendly"":false,""smoking"":true}","1","0","160000","스탠다드 더블","전체 가상 시뮬레이션"
"R0499_2","H0499","3","4","{""bed_type"":""싱글베드 2개"",""view_type"":""가든뷰"",""size_sqm"":33,""breakfast"":false,""spa"":false,""pool"":false,""balcony"":false,""bathtub"":false,""pet_friendly"":false,""smoking"":false}","1","1","185000","디럭스 트윈","전체 가상 시뮬레이션"
"R0499_3","H0499","4","1","{""bed_type"":""킹베드 1개"",""view_type"":""파노라마뷰"",""size_sqm"":42,""breakfast"":true,""spa"":false,""pool"":true,""balcony"":false,""bathtub"":false,""pet_friendly"":false,""smoking"":false}","0","1","210000","프리미엄 스위트","전체 가상 시뮬레이션"
"R0500_1","H0500","2","4","{""bed_type"":""퀸베드 1개"",""view_type"":""시티뷰"",""size_sqm"":24,""breakfast"":false,""spa"":false,""pool"":false,""balcony"":false,""bathtub"":false,""pet_friendly"":false,""smoking"":true}","1","1","165000","스탠다드 더블","전체 가상 시뮬레이션"
"R0500_2","H0500","3","1","{""bed_type"":""싱글베드 2개"",""view_type"":""가든뷰"",""size_sqm"":33,""breakfast"":true,""spa"":false,""pool"":true,""balcony"":false,""bathtub"":false,""pet_friendly"":false,""smoking"":false}","0","1","190000","디럭스 트윈","전체 가상 시뮬레이션"
"R0500_3","H0500","4","2","{""bed_type"":""킹베드 1개"",""view_type"":""파노라마뷰"",""size_sqm"":42,""breakfast"":false,""spa"":true,""pool"":false,""balcony"":true,""bathtub"":true,""pet_friendly"":false,""smoking"":false}","1","0","215000","프리미엄 스위트","전체 가상 시뮬레이션"
"R0501_1","H0501","2","1","{""bed_type"":""퀸베드 1개"",""view_type"":""시티뷰"",""size_sqm"":24,""breakfast"":true,""spa"":false,""pool"":true,""balcony"":false,""bathtub"":false,""pet_friendly"":false,""smoking"":true}","0","1","170000","스탠다드 더블","전체 가상 시뮬레이션"
"R0501_2","H0501","3","2","{""bed_type"":""싱글베드 2개"",""view_type"":""가든뷰"",""size_sqm"":33,""breakfast"":false,""spa"":true,""pool"":false,""balcony"":true,""bathtub"":true,""pet_friendly"":false,""smoking"":false}","1","0","195000","디럭스 트윈","전체 가상 시뮬레이션"
"R0501_3","H0501","4","3","{""bed_type"":""킹베드 1개"",""view_type"":""파노라마뷰"",""size_sqm"":42,""breakfast"":true,""spa"":false,""pool"":false,""balcony"":false,""bathtub"":false,""pet_friendly"":false,""smoking"":false}","1","1","220000","프리미엄 스위트","전체 가상 시뮬레이션"
"R0502_1","H0502","2","2","{""bed_type"":""퀸베드 1개"",""view_type"":""시티뷰"",""size_sqm"":24,""breakfast"":false,""spa"":true,""pool"":false,""balcony"":true,""bathtub"":true,""pet_friendly"":false,""smoking"":true}","1","0","175000","스탠다드 더블","전체 가상 시뮬레이션"
"R0502_2","H0502","3","3","{""bed_type"":""싱글베드 2개"",""view_type"":""가든뷰"",""size_sqm"":33,""breakfast"":true,""spa"":false,""pool"":false,""balcony"":false,""bathtub"":false,""pet_friendly"":false,""smoking"":false}","1","1","200000","디럭스 트윈","전체 가상 시뮬레이션"
"R0502_3","H0502","4","4","{""bed_type"":""킹베드 1개"",""view_type"":""파노라마뷰"",""size_sqm"":42,""breakfast"":false,""spa"":false,""pool"":false,""balcony"":false,""bathtub"":false,""pet_friendly"":false,""smoking"":false}","1","1","225000","프리미엄 스위트","전체 가상 시뮬레이션"
"R0503_1","H0503","2","3","{""bed_type"":""퀸베드 1개"",""view_type"":""시티뷰"",""size_sqm"":24,""breakfast"":true,""spa"":false,""pool"":false,""balcony"":false,""bathtub"":false,""pet_friendly"":false,""smoking"":true}","1","1","180000","스탠다드 더블","전체 가상 시뮬레이션"
"R0503_2","H0503","3","4","{""bed_type"":""싱글베드 2개"",""view_type"":""가든뷰"",""size_sqm"":33,""breakfast"":false,""spa"":false,""pool"":false,""balcony"":false,""bathtub"":false,""pet_friendly"":false,""smoking"":false}","1","1","205000","디럭스 트윈","전체 가상 시뮬레이션"
"R0503_3","H0503","4","1","{""bed_type"":""킹베드 1개"",""view_type"":""파노라마뷰"",""size_sqm"":42,""breakfast"":true,""spa"":true,""pool"":true,""balcony"":true,""bathtub"":true,""pet_friendly"":true,""smoking"":false}","0","0","230000","프리미엄 스위트","전체 가상 시뮬레이션"
"R0504_1","H0504","2","4","{""bed_type"":""퀸베드 1개"",""view_type"":""시티뷰"",""size_sqm"":24,""breakfast"":false,""spa"":false,""pool"":false,""balcony"":false,""bathtub"":false,""pet_friendly"":false,""smoking"":true}","1","1","185000","스탠다드 더블","전체 가상 시뮬레이션"
"R0504_2","H0504","3","1","{""bed_type"":""싱글베드 2개"",""view_type"":""가든뷰"",""size_sqm"":33,""breakfast"":true,""spa"":true,""pool"":true,""balcony"":true,""bathtub"":true,""pet_friendly"":true,""smoking"":false}","0","0","210000","디럭스 트윈","전체 가상 시뮬레이션"
"R0504_3","H0504","4","2","{""bed_type"":""킹베드 1개"",""view_type"":""파노라마뷰"",""size_sqm"":42,""breakfast"":false,""spa"":false,""pool"":false,""balcony"":false,""bathtub"":false,""pet_friendly"":false,""smoking"":false}","1","1","235000","프리미엄 스위트","전체 가상 시뮬레이션"
"R0505_1","H0505","2","1","{""bed_type"":""퀸베드 1개"",""view_type"":""시티뷰"",""size_sqm"":24,""breakfast"":true,""spa"":true,""pool"":true,""balcony"":true,""bathtub"":true,""pet_friendly"":true,""smoking"":true}","0","0","190000","스탠다드 더블","전체 가상 시뮬레이션"
"R0505_2","H0505","3","2","{""bed_type"":""싱글베드 2개"",""view_type"":""가든뷰"",""size_sqm"":33,""breakfast"":false,""spa"":false,""pool"":false,""balcony"":false,""bathtub"":false,""pet_friendly"":false,""smoking"":false}","1","1","215000","디럭스 트윈","전체 가상 시뮬레이션"
"R0505_3","H0505","4","3","{""bed_type"":""킹베드 1개"",""view_type"":""파노라마뷰"",""size_sqm"":42,""breakfast"":true,""spa"":false,""pool"":false,""balcony"":false,""bathtub"":false,""pet_friendly"":false,""smoking"":false}","1","1","240000","프리미엄 스위트","전체 가상 시뮬레이션"
"R0506_1","H0506","2","2","{""bed_type"":""퀸베드 1개"",""view_type"":""시티뷰"",""size_sqm"":24,""breakfast"":false,""spa"":false,""pool"":false,""balcony"":false,""bathtub"":false,""pet_friendly"":false,""smoking"":true}","1","1","195000","스탠다드 더블","전체 가상 시뮬레이션"
"R0506_2","H0506","3","3","{""bed_type"":""싱글베드 2개"",""view_type"":""가든뷰"",""size_sqm"":33,""breakfast"":true,""spa"":false,""pool"":false,""balcony"":false,""bathtub"":false,""pet_friendly"":false,""smoking"":false}","1","1","220000","디럭스 트윈","전체 가상 시뮬레이션"
"R0506_3","H0506","4","4","{""bed_type"":""킹베드 1개"",""view_type"":""파노라마뷰"",""size_sqm"":42,""breakfast"":false,""spa"":true,""pool"":false,""balcony"":true,""bathtub"":true,""pet_friendly"":false,""smoking"":false}","1","0","245000","프리미엄 스위트","전체 가상 시뮬레이션"
"R0507_1","H0507","2","3","{""bed_type"":""퀸베드 1개"",""view_type"":""시티뷰"",""size_sqm"":24,""breakfast"":true,""spa"":false,""pool"":false,""balcony"":false,""bathtub"":false,""pet_friendly"":false,""smoking"":true}","1","1","200000","스탠다드 더블","전체 가상 시뮬레이션"
"R0507_2","H0507","3","4","{""bed_type"":""싱글베드 2개"",""view_type"":""가든뷰"",""size_sqm"":33,""breakfast"":false,""spa"":true,""pool"":false,""balcony"":true,""bathtub"":true,""pet_friendly"":false,""smoking"":false}","1","0","225000","디럭스 트윈","전체 가상 시뮬레이션"
"R0507_3","H0507","4","1","{""bed_type"":""킹베드 1개"",""view_type"":""파노라마뷰"",""size_sqm"":42,""breakfast"":true,""spa"":false,""pool"":true,""balcony"":false,""bathtub"":false,""pet_friendly"":false,""smoking"":false}","0","1","250000","프리미엄 스위트","전체 가상 시뮬레이션"
"R0508_1","H0508","2","4","{""bed_type"":""퀸베드 1개"",""view_type"":""시티뷰"",""size_sqm"":24,""breakfast"":false,""spa"":true,""pool"":false,""balcony"":true,""bathtub"":true,""pet_friendly"":false,""smoking"":true}","1","0","205000","스탠다드 더블","전체 가상 시뮬레이션"
"R0508_2","H0508","3","1","{""bed_type"":""싱글베드 2개"",""view_type"":""가든뷰"",""size_sqm"":33,""breakfast"":true,""spa"":false,""pool"":true,""balcony"":false,""bathtub"":false,""pet_friendly"":false,""smoking"":false}","0","1","230000","디럭스 트윈","전체 가상 시뮬레이션"
"R0508_3","H0508","4","2","{""bed_type"":""킹베드 1개"",""view_type"":""파노라마뷰"",""size_sqm"":42,""breakfast"":false,""spa"":false,""pool"":false,""balcony"":false,""bathtub"":false,""pet_friendly"":false,""smoking"":false}","1","1","255000","프리미엄 스위트","전체 가상 시뮬레이션"
"R0509_1","H0509","2","1","{""bed_type"":""퀸베드 1개"",""view_type"":""시티뷰"",""size_sqm"":24,""breakfast"":true,""spa"":false,""pool"":true,""balcony"":false,""bathtub"":false,""pet_friendly"":false,""smoking"":true}","0","1","210000","스탠다드 더블","전체 가상 시뮬레이션"
"R0509_2","H0509","3","2","{""bed_type"":""싱글베드 2개"",""view_type"":""가든뷰"",""size_sqm"":33,""breakfast"":false,""spa"":false,""pool"":false,""balcony"":false,""bathtub"":false,""pet_friendly"":false,""smoking"":false}","1","1","235000","디럭스 트윈","전체 가상 시뮬레이션"
"R0509_3","H0509","4","3","{""bed_type"":""킹베드 1개"",""view_type"":""파노라마뷰"",""size_sqm"":42,""breakfast"":true,""spa"":true,""pool"":false,""balcony"":true,""bathtub"":true,""pet_friendly"":false,""smoking"":false}","1","0","260000","프리미엄 스위트","전체 가상 시뮬레이션"
"R0510_1","H0510","2","2","{""bed_type"":""퀸베드 1개"",""view_type"":""시티뷰"",""size_sqm"":24,""breakfast"":false,""spa"":false,""pool"":false,""balcony"":false,""bathtub"":false,""pet_friendly"":false,""smoking"":true}","1","1","215000","스탠다드 더블","전체 가상 시뮬레이션"
"R0510_2","H0510","3","3","{""bed_type"":""싱글베드 2개"",""view_type"":""가든뷰"",""size_sqm"":33,""breakfast"":true,""spa"":true,""pool"":false,""balcony"":true,""bathtub"":true,""pet_friendly"":false,""smoking"":false}","1","0","240000","디럭스 트윈","전체 가상 시뮬레이션"
"R0510_3","H0510","4","4","{""bed_type"":""킹베드 1개"",""view_type"":""파노라마뷰"",""size_sqm"":42,""breakfast"":false,""spa"":false,""pool"":false,""balcony"":false,""bathtub"":false,""pet_friendly"":true,""smoking"":false}","1","1","265000","프리미엄 스위트","전체 가상 시뮬레이션"
"R0511_1","H0511","2","3","{""bed_type"":""퀸베드 1개"",""view_type"":""시티뷰"",""size_sqm"":24,""breakfast"":true,""spa"":true,""pool"":false,""balcony"":true,""bathtub"":true,""pet_friendly"":false,""smoking"":true}","1","0","220000","스탠다드 더블","전체 가상 시뮬레이션"
"R0511_2","H0511","3","4","{""bed_type"":""싱글베드 2개"",""view_type"":""가든뷰"",""size_sqm"":33,""breakfast"":false,""spa"":false,""pool"":false,""balcony"":false,""bathtub"":false,""pet_friendly"":true,""smoking"":false}","1","1","245000","디럭스 트윈","전체 가상 시뮬레이션"
"R0511_3","H0511","4","1","{""bed_type"":""킹베드 1개"",""view_type"":""파노라마뷰"",""size_sqm"":42,""breakfast"":true,""spa"":false,""pool"":true,""balcony"":false,""bathtub"":false,""pet_friendly"":false,""smoking"":false}","0","1","270000","프리미엄 스위트","전체 가상 시뮬레이션"
"R0512_1","H0512","2","4","{""bed_type"":""퀸베드 1개"",""view_type"":""시티뷰"",""size_sqm"":24,""breakfast"":false,""spa"":false,""pool"":false,""balcony"":false,""bathtub"":false,""pet_friendly"":true,""smoking"":true}","1","1","225000","스탠다드 더블","전체 가상 시뮬레이션"
"R0512_2","H0512","3","1","{""bed_type"":""싱글베드 2개"",""view_type"":""가든뷰"",""size_sqm"":33,""breakfast"":true,""spa"":false,""pool"":true,""balcony"":false,""bathtub"":false,""pet_friendly"":false,""smoking"":false}","0","1","250000","디럭스 트윈","전체 가상 시뮬레이션"
"R0512_3","H0512","4","2","{""bed_type"":""킹베드 1개"",""view_type"":""파노라마뷰"",""size_sqm"":42,""breakfast"":false,""spa"":true,""pool"":false,""balcony"":true,""bathtub"":true,""pet_friendly"":false,""smoking"":false}","1","0","275000","프리미엄 스위트","전체 가상 시뮬레이션"
"R0513_1","H0513","2","1","{""bed_type"":""퀸베드 1개"",""view_type"":""시티뷰"",""size_sqm"":24,""breakfast"":true,""spa"":false,""pool"":true,""balcony"":false,""bathtub"":false,""pet_friendly"":false,""smoking"":true}","0","1","230000","스탠다드 더블","전체 가상 시뮬레이션"
"R0513_2","H0513","3","2","{""bed_type"":""싱글베드 2개"",""view_type"":""가든뷰"",""size_sqm"":33,""breakfast"":false,""spa"":true,""pool"":false,""balcony"":true,""bathtub"":true,""pet_friendly"":false,""smoking"":false}","1","0","255000","디럭스 트윈","전체 가상 시뮬레이션"
"R0513_3","H0513","4","3","{""bed_type"":""킹베드 1개"",""view_type"":""파노라마뷰"",""size_sqm"":42,""breakfast"":true,""spa"":false,""pool"":false,""balcony"":false,""bathtub"":false,""pet_friendly"":false,""smoking"":false}","1","1","280000","프리미엄 스위트","전체 가상 시뮬레이션"
"R0514_1","H0514","2","2","{""bed_type"":""퀸베드 1개"",""view_type"":""시티뷰"",""size_sqm"":24,""breakfast"":false,""spa"":true,""pool"":false,""balcony"":true,""bathtub"":true,""pet_friendly"":false,""smoking"":true}","1","0","235000","스탠다드 더블","전체 가상 시뮬레이션"
"R0514_2","H0514","3","3","{""bed_type"":""싱글베드 2개"",""view_type"":""가든뷰"",""size_sqm"":33,""breakfast"":true,""spa"":false,""pool"":false,""balcony"":false,""bathtub"":false,""pet_friendly"":false,""smoking"":false}","1","1","260000","디럭스 트윈","전체 가상 시뮬레이션"
"R0514_3","H0514","4","4","{""bed_type"":""킹베드 1개"",""view_type"":""파노라마뷰"",""size_sqm"":42,""breakfast"":false,""spa"":false,""pool"":false,""balcony"":false,""bathtub"":false,""pet_friendly"":false,""smoking"":false}","1","1","285000","프리미엄 스위트","전체 가상 시뮬레이션"
"R0515_1","H0515","2","3","{""bed_type"":""퀸베드 1개"",""view_type"":""시티뷰"",""size_sqm"":24,""breakfast"":true,""spa"":false,""pool"":false,""balcony"":false,""bathtub"":false,""pet_friendly"":false,""smoking"":true}","1","1","240000","스탠다드 더블","전체 가상 시뮬레이션"
"R0515_2","H0515","3","4","{""bed_type"":""싱글베드 2개"",""view_type"":""가든뷰"",""size_sqm"":33,""breakfast"":false,""spa"":false,""pool"":false,""balcony"":false,""bathtub"":false,""pet_friendly"":false,""smoking"":false}","1","1","265000","디럭스 트윈","전체 가상 시뮬레이션"
"R0515_3","H0515","4","1","{""bed_type"":""킹베드 1개"",""view_type"":""파노라마뷰"",""size_sqm"":42,""breakfast"":true,""spa"":true,""pool"":true,""balcony"":true,""bathtub"":true,""pet_friendly"":false,""smoking"":false}","0","0","290000","프리미엄 스위트","전체 가상 시뮬레이션"
"R0516_1","H0516","2","4","{""bed_type"":""퀸베드 1개"",""view_type"":""시티뷰"",""size_sqm"":24,""breakfast"":false,""spa"":false,""pool"":false,""balcony"":false,""bathtub"":false,""pet_friendly"":false,""smoking"":true}","1","1","245000","스탠다드 더블","전체 가상 시뮬레이션"
"R0516_2","H0516","3","1","{""bed_type"":""싱글베드 2개"",""view_type"":""가든뷰"",""size_sqm"":33,""breakfast"":true,""spa"":true,""pool"":true,""balcony"":true,""bathtub"":true,""pet_friendly"":false,""smoking"":false}","0","0","270000","디럭스 트윈","전체 가상 시뮬레이션"
"R0516_3","H0516","4","2","{""bed_type"":""킹베드 1개"",""view_type"":""파노라마뷰"",""size_sqm"":42,""breakfast"":false,""spa"":false,""pool"":false,""balcony"":false,""bathtub"":false,""pet_friendly"":false,""smoking"":false}","1","1","295000","프리미엄 스위트","전체 가상 시뮬레이션"
"R0517_1","H0517","2","1","{""bed_type"":""퀸베드 1개"",""view_type"":""시티뷰"",""size_sqm"":24,""breakfast"":true,""spa"":true,""pool"":true,""balcony"":true,""bathtub"":true,""pet_friendly"":false,""smoking"":true}","0","0","250000","스탠다드 더블","전체 가상 시뮬레이션"
"R0517_2","H0517","3","2","{""bed_type"":""싱글베드 2개"",""view_type"":""가든뷰"",""size_sqm"":33,""breakfast"":false,""spa"":false,""pool"":false,""balcony"":false,""bathtub"":false,""pet_friendly"":false,""smoking"":false}","1","1","275000","디럭스 트윈","전체 가상 시뮬레이션"
"R0517_3","H0517","4","3","{""bed_type"":""킹베드 1개"",""view_type"":""파노라마뷰"",""size_sqm"":42,""breakfast"":true,""spa"":false,""pool"":false,""balcony"":false,""bathtub"":false,""pet_friendly"":true,""smoking"":false}","1","1","300000","프리미엄 스위트","전체 가상 시뮬레이션"
"R0518_1","H0518","2","2","{""bed_type"":""퀸베드 1개"",""view_type"":""시티뷰"",""size_sqm"":24,""breakfast"":false,""spa"":false,""pool"":false,""balcony"":false,""bathtub"":false,""pet_friendly"":false,""smoking"":true}","1","1","255000","스탠다드 더블","전체 가상 시뮬레이션"
"R0518_2","H0518","3","3","{""bed_type"":""싱글베드 2개"",""view_type"":""가든뷰"",""size_sqm"":33,""breakfast"":true,""spa"":false,""pool"":false,""balcony"":false,""bathtub"":false,""pet_friendly"":true,""smoking"":false}","1","1","280000","디럭스 트윈","전체 가상 시뮬레이션"
"R0518_3","H0518","4","4","{""bed_type"":""킹베드 1개"",""view_type"":""파노라마뷰"",""size_sqm"":42,""breakfast"":false,""spa"":true,""pool"":false,""balcony"":true,""bathtub"":true,""pet_friendly"":false,""smoking"":false}","1","0","305000","프리미엄 스위트","전체 가상 시뮬레이션"
"R0519_1","H0519","2","3","{""bed_type"":""퀸베드 1개"",""view_type"":""시티뷰"",""size_sqm"":24,""breakfast"":true,""spa"":false,""pool"":false,""balcony"":false,""bathtub"":false,""pet_friendly"":true,""smoking"":true}","1","1","260000","스탠다드 더블","전체 가상 시뮬레이션"
"R0519_2","H0519","3","4","{""bed_type"":""싱글베드 2개"",""view_type"":""가든뷰"",""size_sqm"":33,""breakfast"":false,""spa"":true,""pool"":false,""balcony"":true,""bathtub"":true,""pet_friendly"":false,""smoking"":false}","1","0","285000","디럭스 트윈","전체 가상 시뮬레이션"
"R0519_3","H0519","4","1","{""bed_type"":""킹베드 1개"",""view_type"":""파노라마뷰"",""size_sqm"":42,""breakfast"":true,""spa"":false,""pool"":true,""balcony"":false,""bathtub"":false,""pet_friendly"":false,""smoking"":false}","0","1","310000","프리미엄 스위트","전체 가상 시뮬레이션"
"R0520_1","H0520","2","4","{""bed_type"":""퀸베드 1개"",""view_type"":""시티뷰"",""size_sqm"":24,""breakfast"":false,""spa"":true,""pool"":false,""balcony"":true,""bathtub"":true,""pet_friendly"":false,""smoking"":true}","1","0","265000","스탠다드 더블","전체 가상 시뮬레이션"
"R0520_2","H0520","3","1","{""bed_type"":""싱글베드 2개"",""view_type"":""가든뷰"",""size_sqm"":33,""breakfast"":true,""spa"":false,""pool"":true,""balcony"":false,""bathtub"":false,""pet_friendly"":false,""smoking"":false}","0","1","290000","디럭스 트윈","전체 가상 시뮬레이션"
"R0520_3","H0520","4","2","{""bed_type"":""킹베드 1개"",""view_type"":""파노라마뷰"",""size_sqm"":42,""breakfast"":false,""spa"":false,""pool"":false,""balcony"":false,""bathtub"":false,""pet_friendly"":false,""smoking"":false}","1","1","315000","프리미엄 스위트","전체 가상 시뮬레이션"
"R0521_1","H0521","2","1","{""bed_type"":""퀸베드 1개"",""view_type"":""시티뷰"",""size_sqm"":24,""breakfast"":true,""spa"":false,""pool"":true,""balcony"":false,""bathtub"":false,""pet_friendly"":false,""smoking"":true}","0","1","270000","스탠다드 더블","전체 가상 시뮬레이션"
"R0521_2","H0521","3","2","{""bed_type"":""싱글베드 2개"",""view_type"":""가든뷰"",""size_sqm"":33,""breakfast"":false,""spa"":false,""pool"":false,""balcony"":false,""bathtub"":false,""pet_friendly"":false,""smoking"":false}","1","1","295000","디럭스 트윈","전체 가상 시뮬레이션"
"R0521_3","H0521","4","3","{""bed_type"":""킹베드 1개"",""view_type"":""파노라마뷰"",""size_sqm"":42,""breakfast"":true,""spa"":true,""pool"":false,""balcony"":true,""bathtub"":true,""pet_friendly"":false,""smoking"":false}","1","0","320000","프리미엄 스위트","전체 가상 시뮬레이션"
"R0522_1","H0522","2","2","{""bed_type"":""퀸베드 1개"",""view_type"":""시티뷰"",""size_sqm"":24,""breakfast"":false,""spa"":false,""pool"":false,""balcony"":false,""bathtub"":false,""pet_friendly"":false,""smoking"":true}","1","1","275000","스탠다드 더블","전체 가상 시뮬레이션"
"R0522_2","H0522","3","3","{""bed_type"":""싱글베드 2개"",""view_type"":""가든뷰"",""size_sqm"":33,""breakfast"":true,""spa"":true,""pool"":false,""balcony"":true,""bathtub"":true,""pet_friendly"":false,""smoking"":false}","1","0","300000","디럭스 트윈","전체 가상 시뮬레이션"
"R0522_3","H0522","4","4","{""bed_type"":""킹베드 1개"",""view_type"":""파노라마뷰"",""size_sqm"":42,""breakfast"":false,""spa"":false,""pool"":false,""balcony"":false,""bathtub"":false,""pet_friendly"":false,""smoking"":false}","1","1","325000","프리미엄 스위트","전체 가상 시뮬레이션"
"R0523_1","H0523","2","3","{""bed_type"":""퀸베드 1개"",""view_type"":""시티뷰"",""size_sqm"":24,""breakfast"":true,""spa"":true,""pool"":false,""balcony"":true,""bathtub"":true,""pet_friendly"":false,""smoking"":true}","1","0","280000","스탠다드 더블","전체 가상 시뮬레이션"
"R0523_2","H0523","3","4","{""bed_type"":""싱글베드 2개"",""view_type"":""가든뷰"",""size_sqm"":33,""breakfast"":false,""spa"":false,""pool"":false,""balcony"":false,""bathtub"":false,""pet_friendly"":false,""smoking"":false}","1","1","305000","디럭스 트윈","전체 가상 시뮬레이션"
"R0523_3","H0523","4","1","{""bed_type"":""킹베드 1개"",""view_type"":""파노라마뷰"",""size_sqm"":42,""breakfast"":true,""spa"":false,""pool"":true,""balcony"":false,""bathtub"":false,""pet_friendly"":false,""smoking"":false}","0","1","330000","프리미엄 스위트","전체 가상 시뮬레이션"
"R0524_1","H0524","2","4","{""bed_type"":""퀸베드 1개"",""view_type"":""시티뷰"",""size_sqm"":24,""breakfast"":false,""spa"":false,""pool"":false,""balcony"":false,""bathtub"":false,""pet_friendly"":false,""smoking"":true}","1","1","285000","스탠다드 더블","전체 가상 시뮬레이션"
"R0524_2","H0524","3","1","{""bed_type"":""싱글베드 2개"",""view_type"":""가든뷰"",""size_sqm"":33,""breakfast"":true,""spa"":false,""pool"":true,""balcony"":false,""bathtub"":false,""pet_friendly"":false,""smoking"":false}","0","1","310000","디럭스 트윈","전체 가상 시뮬레이션"
"R0524_3","H0524","4","2","{""bed_type"":""킹베드 1개"",""view_type"":""파노라마뷰"",""size_sqm"":42,""breakfast"":false,""spa"":true,""pool"":false,""balcony"":true,""bathtub"":true,""pet_friendly"":true,""smoking"":false}","1","0","335000","프리미엄 스위트","전체 가상 시뮬레이션"
"R0525_1","H0525","2","1","{""bed_type"":""퀸베드 1개"",""view_type"":""시티뷰"",""size_sqm"":24,""breakfast"":true,""spa"":false,""pool"":true,""balcony"":false,""bathtub"":false,""pet_friendly"":false,""smoking"":true}","0","1","290000","스탠다드 더블","전체 가상 시뮬레이션"
"R0525_2","H0525","3","2","{""bed_type"":""싱글베드 2개"",""view_type"":""가든뷰"",""size_sqm"":33,""breakfast"":false,""spa"":true,""pool"":false,""balcony"":true,""bathtub"":true,""pet_friendly"":true,""smoking"":false}","1","0","315000","디럭스 트윈","전체 가상 시뮬레이션"
"R0525_3","H0525","4","3","{""bed_type"":""킹베드 1개"",""view_type"":""파노라마뷰"",""size_sqm"":42,""breakfast"":true,""spa"":false,""pool"":false,""balcony"":false,""bathtub"":false,""pet_friendly"":false,""smoking"":false}","1","1","340000","프리미엄 스위트","전체 가상 시뮬레이션"
"R0526_1","H0526","2","2","{""bed_type"":""퀸베드 1개"",""view_type"":""시티뷰"",""size_sqm"":24,""breakfast"":false,""spa"":true,""pool"":false,""balcony"":true,""bathtub"":true,""pet_friendly"":true,""smoking"":true}","1","0","295000","스탠다드 더블","전체 가상 시뮬레이션"
"R0526_2","H0526","3","3","{""bed_type"":""싱글베드 2개"",""view_type"":""가든뷰"",""size_sqm"":33,""breakfast"":true,""spa"":false,""pool"":false,""balcony"":false,""bathtub"":false,""pet_friendly"":false,""smoking"":false}","1","1","320000","디럭스 트윈","전체 가상 시뮬레이션"
"R0526_3","H0526","4","4","{""bed_type"":""킹베드 1개"",""view_type"":""파노라마뷰"",""size_sqm"":42,""breakfast"":false,""spa"":false,""pool"":false,""balcony"":false,""bathtub"":false,""pet_friendly"":false,""smoking"":false}","1","1","345000","프리미엄 스위트","전체 가상 시뮬레이션"
"R0527_1","H0527","2","3","{""bed_type"":""퀸베드 1개"",""view_type"":""시티뷰"",""size_sqm"":24,""breakfast"":true,""spa"":false,""pool"":false,""balcony"":false,""bathtub"":false,""pet_friendly"":false,""smoking"":true}","1","1","300000","스탠다드 더블","전체 가상 시뮬레이션"
"R0527_2","H0527","3","4","{""bed_type"":""싱글베드 2개"",""view_type"":""가든뷰"",""size_sqm"":33,""breakfast"":false,""spa"":false,""pool"":false,""balcony"":false,""bathtub"":false,""pet_friendly"":false,""smoking"":false}","1","1","325000","디럭스 트윈","전체 가상 시뮬레이션"
"R0527_3","H0527","4","1","{""bed_type"":""킹베드 1개"",""view_type"":""파노라마뷰"",""size_sqm"":42,""breakfast"":true,""spa"":true,""pool"":true,""balcony"":true,""bathtub"":true,""pet_friendly"":false,""smoking"":false}","0","0","350000","프리미엄 스위트","전체 가상 시뮬레이션"
"R0528_1","H0528","2","4","{""bed_type"":""퀸베드 1개"",""view_type"":""시티뷰"",""size_sqm"":24,""breakfast"":false,""spa"":false,""pool"":false,""balcony"":false,""bathtub"":false,""pet_friendly"":false,""smoking"":true}","1","1","305000","스탠다드 더블","전체 가상 시뮬레이션"
"R0528_2","H0528","3","1","{""bed_type"":""싱글베드 2개"",""view_type"":""가든뷰"",""size_sqm"":33,""breakfast"":true,""spa"":true,""pool"":true,""balcony"":true,""bathtub"":true,""pet_friendly"":false,""smoking"":false}","0","0","330000","디럭스 트윈","전체 가상 시뮬레이션"
"R0528_3","H0528","4","2","{""bed_type"":""킹베드 1개"",""view_type"":""파노라마뷰"",""size_sqm"":42,""breakfast"":false,""spa"":false,""pool"":false,""balcony"":false,""bathtub"":false,""pet_friendly"":false,""smoking"":false}","1","1","355000","프리미엄 스위트","전체 가상 시뮬레이션"
"R0529_1","H0529","2","1","{""bed_type"":""퀸베드 1개"",""view_type"":""시티뷰"",""size_sqm"":24,""breakfast"":true,""spa"":true,""pool"":true,""balcony"":true,""bathtub"":true,""pet_friendly"":false,""smoking"":true}","0","0","70000","스탠다드 더블","전체 가상 시뮬레이션"
"R0529_2","H0529","3","2","{""bed_type"":""싱글베드 2개"",""view_type"":""가든뷰"",""size_sqm"":33,""breakfast"":false,""spa"":false,""pool"":false,""balcony"":false,""bathtub"":false,""pet_friendly"":false,""smoking"":false}","1","1","95000","디럭스 트윈","전체 가상 시뮬레이션"
"R0529_3","H0529","4","3","{""bed_type"":""킹베드 1개"",""view_type"":""파노라마뷰"",""size_sqm"":42,""breakfast"":true,""spa"":false,""pool"":false,""balcony"":false,""bathtub"":false,""pet_friendly"":false,""smoking"":false}","1","1","120000","프리미엄 스위트","전체 가상 시뮬레이션"
"R0530_1","H0530","2","2","{""bed_type"":""퀸베드 1개"",""view_type"":""시티뷰"",""size_sqm"":24,""breakfast"":false,""spa"":false,""pool"":false,""balcony"":false,""bathtub"":false,""pet_friendly"":false,""smoking"":true}","1","1","75000","스탠다드 더블","전체 가상 시뮬레이션"
"R0530_2","H0530","3","3","{""bed_type"":""싱글베드 2개"",""view_type"":""가든뷰"",""size_sqm"":33,""breakfast"":true,""spa"":false,""pool"":false,""balcony"":false,""bathtub"":false,""pet_friendly"":false,""smoking"":false}","1","1","100000","디럭스 트윈","전체 가상 시뮬레이션"
"R0530_3","H0530","4","4","{""bed_type"":""킹베드 1개"",""view_type"":""파노라마뷰"",""size_sqm"":42,""breakfast"":false,""spa"":true,""pool"":false,""balcony"":true,""bathtub"":true,""pet_friendly"":false,""smoking"":false}","1","0","125000","프리미엄 스위트","전체 가상 시뮬레이션"
"R0531_1","H0531","2","3","{""bed_type"":""퀸베드 1개"",""view_type"":""시티뷰"",""size_sqm"":24,""breakfast"":true,""spa"":false,""pool"":false,""balcony"":false,""bathtub"":false,""pet_friendly"":false,""smoking"":true}","1","1","80000","스탠다드 더블","전체 가상 시뮬레이션"
"R0531_2","H0531","3","4","{""bed_type"":""싱글베드 2개"",""view_type"":""가든뷰"",""size_sqm"":33,""breakfast"":false,""spa"":true,""pool"":false,""balcony"":true,""bathtub"":true,""pet_friendly"":false,""smoking"":false}","1","0","105000","디럭스 트윈","전체 가상 시뮬레이션"
"R0531_3","H0531","4","1","{""bed_type"":""킹베드 1개"",""view_type"":""파노라마뷰"",""size_sqm"":42,""breakfast"":true,""spa"":false,""pool"":true,""balcony"":false,""bathtub"":false,""pet_friendly"":true,""smoking"":false}","0","1","130000","프리미엄 스위트","전체 가상 시뮬레이션"
"R0532_1","H0532","2","4","{""bed_type"":""퀸베드 1개"",""view_type"":""시티뷰"",""size_sqm"":24,""breakfast"":false,""spa"":true,""pool"":false,""balcony"":true,""bathtub"":true,""pet_friendly"":false,""smoking"":true}","1","0","85000","스탠다드 더블","전체 가상 시뮬레이션"
"R0532_2","H0532","3","1","{""bed_type"":""싱글베드 2개"",""view_type"":""가든뷰"",""size_sqm"":33,""breakfast"":true,""spa"":false,""pool"":true,""balcony"":false,""bathtub"":false,""pet_friendly"":true,""smoking"":false}","0","1","110000","디럭스 트윈","전체 가상 시뮬레이션"
"R0532_3","H0532","4","2","{""bed_type"":""킹베드 1개"",""view_type"":""파노라마뷰"",""size_sqm"":42,""breakfast"":false,""spa"":false,""pool"":false,""balcony"":false,""bathtub"":false,""pet_friendly"":false,""smoking"":false}","1","1","135000","프리미엄 스위트","전체 가상 시뮬레이션"
"R0533_1","H0533","2","1","{""bed_type"":""퀸베드 1개"",""view_type"":""시티뷰"",""size_sqm"":24,""breakfast"":true,""spa"":false,""pool"":true,""balcony"":false,""bathtub"":false,""pet_friendly"":true,""smoking"":true}","0","1","90000","스탠다드 더블","전체 가상 시뮬레이션"
"R0533_2","H0533","3","2","{""bed_type"":""싱글베드 2개"",""view_type"":""가든뷰"",""size_sqm"":33,""breakfast"":false,""spa"":false,""pool"":false,""balcony"":false,""bathtub"":false,""pet_friendly"":false,""smoking"":false}","1","1","115000","디럭스 트윈","전체 가상 시뮬레이션"
"R0533_3","H0533","4","3","{""bed_type"":""킹베드 1개"",""view_type"":""파노라마뷰"",""size_sqm"":42,""breakfast"":true,""spa"":true,""pool"":false,""balcony"":true,""bathtub"":true,""pet_friendly"":false,""smoking"":false}","1","0","140000","프리미엄 스위트","전체 가상 시뮬레이션"
"R0534_1","H0534","2","2","{""bed_type"":""퀸베드 1개"",""view_type"":""시티뷰"",""size_sqm"":24,""breakfast"":false,""spa"":false,""pool"":false,""balcony"":false,""bathtub"":false,""pet_friendly"":false,""smoking"":true}","1","1","95000","스탠다드 더블","전체 가상 시뮬레이션"
"R0534_2","H0534","3","3","{""bed_type"":""싱글베드 2개"",""view_type"":""가든뷰"",""size_sqm"":33,""breakfast"":true,""spa"":true,""pool"":false,""balcony"":true,""bathtub"":true,""pet_friendly"":false,""smoking"":false}","1","0","120000","디럭스 트윈","전체 가상 시뮬레이션"
"R0534_3","H0534","4","4","{""bed_type"":""킹베드 1개"",""view_type"":""파노라마뷰"",""size_sqm"":42,""breakfast"":false,""spa"":false,""pool"":false,""balcony"":false,""bathtub"":false,""pet_friendly"":false,""smoking"":false}","1","1","145000","프리미엄 스위트","전체 가상 시뮬레이션"
"R0535_1","H0535","2","3","{""bed_type"":""퀸베드 1개"",""view_type"":""시티뷰"",""size_sqm"":24,""breakfast"":true,""spa"":true,""pool"":false,""balcony"":true,""bathtub"":true,""pet_friendly"":false,""smoking"":true}","1","0","100000","스탠다드 더블","전체 가상 시뮬레이션"
"R0535_2","H0535","3","4","{""bed_type"":""싱글베드 2개"",""view_type"":""가든뷰"",""size_sqm"":33,""breakfast"":false,""spa"":false,""pool"":false,""balcony"":false,""bathtub"":false,""pet_friendly"":false,""smoking"":false}","1","1","125000","디럭스 트윈","전체 가상 시뮬레이션"
"R0535_3","H0535","4","1","{""bed_type"":""킹베드 1개"",""view_type"":""파노라마뷰"",""size_sqm"":42,""breakfast"":true,""spa"":false,""pool"":true,""balcony"":false,""bathtub"":false,""pet_friendly"":false,""smoking"":false}","0","1","150000","프리미엄 스위트","전체 가상 시뮬레이션"
"R0536_1","H0536","2","4","{""bed_type"":""퀸베드 1개"",""view_type"":""시티뷰"",""size_sqm"":24,""breakfast"":false,""spa"":false,""pool"":false,""balcony"":false,""bathtub"":false,""pet_friendly"":false,""smoking"":true}","1","1","105000","스탠다드 더블","전체 가상 시뮬레이션"
"R0536_2","H0536","3","1","{""bed_type"":""싱글베드 2개"",""view_type"":""가든뷰"",""size_sqm"":33,""breakfast"":true,""spa"":false,""pool"":true,""balcony"":false,""bathtub"":false,""pet_friendly"":false,""smoking"":false}","0","1","130000","디럭스 트윈","전체 가상 시뮬레이션"
"R0536_3","H0536","4","2","{""bed_type"":""킹베드 1개"",""view_type"":""파노라마뷰"",""size_sqm"":42,""breakfast"":false,""spa"":true,""pool"":false,""balcony"":true,""bathtub"":true,""pet_friendly"":false,""smoking"":false}","1","0","155000","프리미엄 스위트","전체 가상 시뮬레이션"
"R0537_1","H0537","2","1","{""bed_type"":""퀸베드 1개"",""view_type"":""시티뷰"",""size_sqm"":24,""breakfast"":true,""spa"":false,""pool"":true,""balcony"":false,""bathtub"":false,""pet_friendly"":false,""smoking"":true}","0","1","110000","스탠다드 더블","전체 가상 시뮬레이션"
"R0537_2","H0537","3","2","{""bed_type"":""싱글베드 2개"",""view_type"":""가든뷰"",""size_sqm"":33,""breakfast"":false,""spa"":true,""pool"":false,""balcony"":true,""bathtub"":true,""pet_friendly"":false,""smoking"":false}","1","0","135000","디럭스 트윈","전체 가상 시뮬레이션"
"R0537_3","H0537","4","3","{""bed_type"":""킹베드 1개"",""view_type"":""파노라마뷰"",""size_sqm"":42,""breakfast"":true,""spa"":false,""pool"":false,""balcony"":false,""bathtub"":false,""pet_friendly"":false,""smoking"":false}","1","1","160000","프리미엄 스위트","전체 가상 시뮬레이션"
"R0538_1","H0538","2","2","{""bed_type"":""퀸베드 1개"",""view_type"":""시티뷰"",""size_sqm"":24,""breakfast"":false,""spa"":true,""pool"":false,""balcony"":true,""bathtub"":true,""pet_friendly"":false,""smoking"":true}","1","0","115000","스탠다드 더블","전체 가상 시뮬레이션"
"R0538_2","H0538","3","3","{""bed_type"":""싱글베드 2개"",""view_type"":""가든뷰"",""size_sqm"":33,""breakfast"":true,""spa"":false,""pool"":false,""balcony"":false,""bathtub"":false,""pet_friendly"":false,""smoking"":false}","1","1","140000","디럭스 트윈","전체 가상 시뮬레이션"
"R0538_3","H0538","4","4","{""bed_type"":""킹베드 1개"",""view_type"":""파노라마뷰"",""size_sqm"":42,""breakfast"":false,""spa"":false,""pool"":false,""balcony"":false,""bathtub"":false,""pet_friendly"":true,""smoking"":false}","1","1","165000","프리미엄 스위트","전체 가상 시뮬레이션"
"R0539_1","H0539","2","3","{""bed_type"":""퀸베드 1개"",""view_type"":""시티뷰"",""size_sqm"":24,""breakfast"":true,""spa"":false,""pool"":false,""balcony"":false,""bathtub"":false,""pet_friendly"":false,""smoking"":true}","1","1","120000","스탠다드 더블","전체 가상 시뮬레이션"
"R0539_2","H0539","3","4","{""bed_type"":""싱글베드 2개"",""view_type"":""가든뷰"",""size_sqm"":33,""breakfast"":false,""spa"":false,""pool"":false,""balcony"":false,""bathtub"":false,""pet_friendly"":true,""smoking"":false}","1","1","145000","디럭스 트윈","전체 가상 시뮬레이션"
"R0539_3","H0539","4","1","{""bed_type"":""킹베드 1개"",""view_type"":""파노라마뷰"",""size_sqm"":42,""breakfast"":true,""spa"":true,""pool"":true,""balcony"":true,""bathtub"":true,""pet_friendly"":false,""smoking"":false}","0","0","170000","프리미엄 스위트","전체 가상 시뮬레이션"
"R0540_1","H0540","2","4","{""bed_type"":""퀸베드 1개"",""view_type"":""시티뷰"",""size_sqm"":24,""breakfast"":false,""spa"":false,""pool"":false,""balcony"":false,""bathtub"":false,""pet_friendly"":true,""smoking"":true}","1","1","125000","스탠다드 더블","전체 가상 시뮬레이션"
"R0540_2","H0540","3","1","{""bed_type"":""싱글베드 2개"",""view_type"":""가든뷰"",""size_sqm"":33,""breakfast"":true,""spa"":true,""pool"":true,""balcony"":true,""bathtub"":true,""pet_friendly"":false,""smoking"":false}","0","0","150000","디럭스 트윈","전체 가상 시뮬레이션"
"R0540_3","H0540","4","2","{""bed_type"":""킹베드 1개"",""view_type"":""파노라마뷰"",""size_sqm"":42,""breakfast"":false,""spa"":false,""pool"":false,""balcony"":false,""bathtub"":false,""pet_friendly"":false,""smoking"":false}","1","1","175000","프리미엄 스위트","전체 가상 시뮬레이션"
"R0541_1","H0541","2","1","{""bed_type"":""퀸베드 1개"",""view_type"":""시티뷰"",""size_sqm"":24,""breakfast"":true,""spa"":true,""pool"":true,""balcony"":true,""bathtub"":true,""pet_friendly"":false,""smoking"":true}","0","0","130000","스탠다드 더블","전체 가상 시뮬레이션"
"R0541_2","H0541","3","2","{""bed_type"":""싱글베드 2개"",""view_type"":""가든뷰"",""size_sqm"":33,""breakfast"":false,""spa"":false,""pool"":false,""balcony"":false,""bathtub"":false,""pet_friendly"":false,""smoking"":false}","1","1","155000","디럭스 트윈","전체 가상 시뮬레이션"
"R0541_3","H0541","4","3","{""bed_type"":""킹베드 1개"",""view_type"":""파노라마뷰"",""size_sqm"":42,""breakfast"":true,""spa"":false,""pool"":false,""balcony"":false,""bathtub"":false,""pet_friendly"":false,""smoking"":false}","1","1","180000","프리미엄 스위트","전체 가상 시뮬레이션"
"R0542_1","H0542","2","2","{""bed_type"":""퀸베드 1개"",""view_type"":""시티뷰"",""size_sqm"":24,""breakfast"":false,""spa"":false,""pool"":false,""balcony"":false,""bathtub"":false,""pet_friendly"":false,""smoking"":true}","1","1","135000","스탠다드 더블","전체 가상 시뮬레이션"
"R0542_2","H0542","3","3","{""bed_type"":""싱글베드 2개"",""view_type"":""가든뷰"",""size_sqm"":33,""breakfast"":true,""spa"":false,""pool"":false,""balcony"":false,""bathtub"":false,""pet_friendly"":false,""smoking"":false}","1","1","160000","디럭스 트윈","전체 가상 시뮬레이션"
"R0542_3","H0542","4","4","{""bed_type"":""킹베드 1개"",""view_type"":""파노라마뷰"",""size_sqm"":42,""breakfast"":false,""spa"":true,""pool"":false,""balcony"":true,""bathtub"":true,""pet_friendly"":false,""smoking"":false}","1","0","185000","프리미엄 스위트","전체 가상 시뮬레이션"
"R0543_1","H0543","2","3","{""bed_type"":""퀸베드 1개"",""view_type"":""시티뷰"",""size_sqm"":24,""breakfast"":true,""spa"":false,""pool"":false,""balcony"":false,""bathtub"":false,""pet_friendly"":false,""smoking"":true}","1","1","140000","스탠다드 더블","전체 가상 시뮬레이션"
"R0543_2","H0543","3","4","{""bed_type"":""싱글베드 2개"",""view_type"":""가든뷰"",""size_sqm"":33,""breakfast"":false,""spa"":true,""pool"":false,""balcony"":true,""bathtub"":true,""pet_friendly"":false,""smoking"":false}","1","0","165000","디럭스 트윈","전체 가상 시뮬레이션"
"R0543_3","H0543","4","1","{""bed_type"":""킹베드 1개"",""view_type"":""파노라마뷰"",""size_sqm"":42,""breakfast"":true,""spa"":false,""pool"":true,""balcony"":false,""bathtub"":false,""pet_friendly"":false,""smoking"":false}","0","1","190000","프리미엄 스위트","전체 가상 시뮬레이션"
"R0544_1","H0544","2","4","{""bed_type"":""퀸베드 1개"",""view_type"":""시티뷰"",""size_sqm"":24,""breakfast"":false,""spa"":true,""pool"":false,""balcony"":true,""bathtub"":true,""pet_friendly"":false,""smoking"":true}","1","0","145000","스탠다드 더블","전체 가상 시뮬레이션"
"R0544_2","H0544","3","1","{""bed_type"":""싱글베드 2개"",""view_type"":""가든뷰"",""size_sqm"":33,""breakfast"":true,""spa"":false,""pool"":true,""balcony"":false,""bathtub"":false,""pet_friendly"":false,""smoking"":false}","0","1","170000","디럭스 트윈","전체 가상 시뮬레이션"
"R0544_3","H0544","4","2","{""bed_type"":""킹베드 1개"",""view_type"":""파노라마뷰"",""size_sqm"":42,""breakfast"":false,""spa"":false,""pool"":false,""balcony"":false,""bathtub"":false,""pet_friendly"":false,""smoking"":false}","1","1","195000","프리미엄 스위트","전체 가상 시뮬레이션"
"R0545_1","H0545","2","1","{""bed_type"":""퀸베드 1개"",""view_type"":""시티뷰"",""size_sqm"":24,""breakfast"":true,""spa"":false,""pool"":true,""balcony"":false,""bathtub"":false,""pet_friendly"":false,""smoking"":true}","0","1","150000","스탠다드 더블","전체 가상 시뮬레이션"
"R0545_2","H0545","3","2","{""bed_type"":""싱글베드 2개"",""view_type"":""가든뷰"",""size_sqm"":33,""breakfast"":false,""spa"":false,""pool"":false,""balcony"":false,""bathtub"":false,""pet_friendly"":false,""smoking"":false}","1","1","175000","디럭스 트윈","전체 가상 시뮬레이션"
"R0545_3","H0545","4","3","{""bed_type"":""킹베드 1개"",""view_type"":""파노라마뷰"",""size_sqm"":42,""breakfast"":true,""spa"":true,""pool"":false,""balcony"":true,""bathtub"":true,""pet_friendly"":true,""smoking"":false}","1","0","200000","프리미엄 스위트","전체 가상 시뮬레이션"
"R0546_1","H0546","2","2","{""bed_type"":""퀸베드 1개"",""view_type"":""시티뷰"",""size_sqm"":24,""breakfast"":false,""spa"":false,""pool"":false,""balcony"":false,""bathtub"":false,""pet_friendly"":false,""smoking"":true}","1","1","155000","스탠다드 더블","전체 가상 시뮬레이션"
"R0546_2","H0546","3","3","{""bed_type"":""싱글베드 2개"",""view_type"":""가든뷰"",""size_sqm"":33,""breakfast"":true,""spa"":true,""pool"":false,""balcony"":true,""bathtub"":true,""pet_friendly"":true,""smoking"":false}","1","0","180000","디럭스 트윈","전체 가상 시뮬레이션"
"R0546_3","H0546","4","4","{""bed_type"":""킹베드 1개"",""view_type"":""파노라마뷰"",""size_sqm"":42,""breakfast"":false,""spa"":false,""pool"":false,""balcony"":false,""bathtub"":false,""pet_friendly"":false,""smoking"":false}","1","1","205000","프리미엄 스위트","전체 가상 시뮬레이션"
"R0547_1","H0547","2","3","{""bed_type"":""퀸베드 1개"",""view_type"":""시티뷰"",""size_sqm"":24,""breakfast"":true,""spa"":true,""pool"":false,""balcony"":true,""bathtub"":true,""pet_friendly"":true,""smoking"":true}","1","0","160000","스탠다드 더블","전체 가상 시뮬레이션"
"R0547_2","H0547","3","4","{""bed_type"":""싱글베드 2개"",""view_type"":""가든뷰"",""size_sqm"":33,""breakfast"":false,""spa"":false,""pool"":false,""balcony"":false,""bathtub"":false,""pet_friendly"":false,""smoking"":false}","1","1","185000","디럭스 트윈","전체 가상 시뮬레이션"
"R0547_3","H0547","4","1","{""bed_type"":""킹베드 1개"",""view_type"":""파노라마뷰"",""size_sqm"":42,""breakfast"":true,""spa"":false,""pool"":true,""balcony"":false,""bathtub"":false,""pet_friendly"":false,""smoking"":false}","0","1","210000","프리미엄 스위트","전체 가상 시뮬레이션"
"R0548_1","H0548","2","4","{""bed_type"":""퀸베드 1개"",""view_type"":""시티뷰"",""size_sqm"":24,""breakfast"":false,""spa"":false,""pool"":false,""balcony"":false,""bathtub"":false,""pet_friendly"":false,""smoking"":true}","1","1","165000","스탠다드 더블","전체 가상 시뮬레이션"
"R0548_2","H0548","3","1","{""bed_type"":""싱글베드 2개"",""view_type"":""가든뷰"",""size_sqm"":33,""breakfast"":true,""spa"":false,""pool"":true,""balcony"":false,""bathtub"":false,""pet_friendly"":false,""smoking"":false}","0","1","190000","디럭스 트윈","전체 가상 시뮬레이션"
"R0548_3","H0548","4","2","{""bed_type"":""킹베드 1개"",""view_type"":""파노라마뷰"",""size_sqm"":42,""breakfast"":false,""spa"":true,""pool"":false,""balcony"":true,""bathtub"":true,""pet_friendly"":false,""smoking"":false}","1","0","215000","프리미엄 스위트","전체 가상 시뮬레이션"
"R0549_1","H0549","2","1","{""bed_type"":""퀸베드 1개"",""view_type"":""시티뷰"",""size_sqm"":24,""breakfast"":true,""spa"":false,""pool"":true,""balcony"":false,""bathtub"":false,""pet_friendly"":false,""smoking"":true}","0","1","170000","스탠다드 더블","전체 가상 시뮬레이션"
"R0549_2","H0549","3","2","{""bed_type"":""싱글베드 2개"",""view_type"":""가든뷰"",""size_sqm"":33,""breakfast"":false,""spa"":true,""pool"":false,""balcony"":true,""bathtub"":true,""pet_friendly"":false,""smoking"":false}","1","0","195000","디럭스 트윈","전체 가상 시뮬레이션"
"R0549_3","H0549","4","3","{""bed_type"":""킹베드 1개"",""view_type"":""파노라마뷰"",""size_sqm"":42,""breakfast"":true,""spa"":false,""pool"":false,""balcony"":false,""bathtub"":false,""pet_friendly"":false,""smoking"":false}","1","1","220000","프리미엄 스위트","전체 가상 시뮬레이션"
"R0550_1","H0550","2","2","{""bed_type"":""퀸베드 1개"",""view_type"":""시티뷰"",""size_sqm"":24,""breakfast"":false,""spa"":true,""pool"":false,""balcony"":true,""bathtub"":true,""pet_friendly"":false,""smoking"":true}","1","0","175000","스탠다드 더블","전체 가상 시뮬레이션"
"R0550_2","H0550","3","3","{""bed_type"":""싱글베드 2개"",""view_type"":""가든뷰"",""size_sqm"":33,""breakfast"":true,""spa"":false,""pool"":false,""balcony"":false,""bathtub"":false,""pet_friendly"":false,""smoking"":false}","1","1","200000","디럭스 트윈","전체 가상 시뮬레이션"
"R0550_3","H0550","4","4","{""bed_type"":""킹베드 1개"",""view_type"":""파노라마뷰"",""size_sqm"":42,""breakfast"":false,""spa"":false,""pool"":false,""balcony"":false,""bathtub"":false,""pet_friendly"":false,""smoking"":false}","1","1","225000","프리미엄 스위트","전체 가상 시뮬레이션"
"R0551_1","H0551","2","3","{""bed_type"":""퀸베드 1개"",""view_type"":""시티뷰"",""size_sqm"":24,""breakfast"":true,""spa"":false,""pool"":false,""balcony"":false,""bathtub"":false,""pet_friendly"":false,""smoking"":true}","1","1","180000","스탠다드 더블","전체 가상 시뮬레이션"
"R0551_2","H0551","3","4","{""bed_type"":""싱글베드 2개"",""view_type"":""가든뷰"",""size_sqm"":33,""breakfast"":false,""spa"":false,""pool"":false,""balcony"":false,""bathtub"":false,""pet_friendly"":false,""smoking"":false}","1","1","205000","디럭스 트윈","전체 가상 시뮬레이션"
"R0551_3","H0551","4","1","{""bed_type"":""킹베드 1개"",""view_type"":""파노라마뷰"",""size_sqm"":42,""breakfast"":true,""spa"":true,""pool"":true,""balcony"":true,""bathtub"":true,""pet_friendly"":false,""smoking"":false}","0","0","230000","프리미엄 스위트","전체 가상 시뮬레이션"
"R0552_1","H0552","2","4","{""bed_type"":""퀸베드 1개"",""view_type"":""시티뷰"",""size_sqm"":24,""breakfast"":false,""spa"":false,""pool"":false,""balcony"":false,""bathtub"":false,""pet_friendly"":false,""smoking"":true}","1","1","185000","스탠다드 더블","전체 가상 시뮬레이션"
"R0552_2","H0552","3","1","{""bed_type"":""싱글베드 2개"",""view_type"":""가든뷰"",""size_sqm"":33,""breakfast"":true,""spa"":true,""pool"":true,""balcony"":true,""bathtub"":true,""pet_friendly"":false,""smoking"":false}","0","0","210000","디럭스 트윈","전체 가상 시뮬레이션"
"R0552_3","H0552","4","2","{""bed_type"":""킹베드 1개"",""view_type"":""파노라마뷰"",""size_sqm"":42,""breakfast"":false,""spa"":false,""pool"":false,""balcony"":false,""bathtub"":false,""pet_friendly"":true,""smoking"":false}","1","1","235000","프리미엄 스위트","전체 가상 시뮬레이션"
"R0553_1","H0553","2","1","{""bed_type"":""퀸베드 1개"",""view_type"":""시티뷰"",""size_sqm"":24,""breakfast"":true,""spa"":true,""pool"":true,""balcony"":true,""bathtub"":true,""pet_friendly"":false,""smoking"":true}","0","0","190000","스탠다드 더블","전체 가상 시뮬레이션"
"R0553_2","H0553","3","2","{""bed_type"":""싱글베드 2개"",""view_type"":""가든뷰"",""size_sqm"":33,""breakfast"":false,""spa"":false,""pool"":false,""balcony"":false,""bathtub"":false,""pet_friendly"":true,""smoking"":false}","1","1","215000","디럭스 트윈","전체 가상 시뮬레이션"
"R0553_3","H0553","4","3","{""bed_type"":""킹베드 1개"",""view_type"":""파노라마뷰"",""size_sqm"":42,""breakfast"":true,""spa"":false,""pool"":false,""balcony"":false,""bathtub"":false,""pet_friendly"":false,""smoking"":false}","1","1","240000","프리미엄 스위트","전체 가상 시뮬레이션"
"R0554_1","H0554","2","2","{""bed_type"":""퀸베드 1개"",""view_type"":""시티뷰"",""size_sqm"":24,""breakfast"":false,""spa"":false,""pool"":false,""balcony"":false,""bathtub"":false,""pet_friendly"":true,""smoking"":true}","1","1","195000","스탠다드 더블","전체 가상 시뮬레이션"
"R0554_2","H0554","3","3","{""bed_type"":""싱글베드 2개"",""view_type"":""가든뷰"",""size_sqm"":33,""breakfast"":true,""spa"":false,""pool"":false,""balcony"":false,""bathtub"":false,""pet_friendly"":false,""smoking"":false}","1","1","220000","디럭스 트윈","전체 가상 시뮬레이션"
"R0554_3","H0554","4","4","{""bed_type"":""킹베드 1개"",""view_type"":""파노라마뷰"",""size_sqm"":42,""breakfast"":false,""spa"":true,""pool"":false,""balcony"":true,""bathtub"":true,""pet_friendly"":false,""smoking"":false}","1","0","245000","프리미엄 스위트","전체 가상 시뮬레이션"
"R0555_1","H0555","2","3","{""bed_type"":""퀸베드 1개"",""view_type"":""시티뷰"",""size_sqm"":24,""breakfast"":true,""spa"":false,""pool"":false,""balcony"":false,""bathtub"":false,""pet_friendly"":false,""smoking"":true}","1","1","200000","스탠다드 더블","전체 가상 시뮬레이션"
"R0555_2","H0555","3","4","{""bed_type"":""싱글베드 2개"",""view_type"":""가든뷰"",""size_sqm"":33,""breakfast"":false,""spa"":true,""pool"":false,""balcony"":true,""bathtub"":true,""pet_friendly"":false,""smoking"":false}","1","0","225000","디럭스 트윈","전체 가상 시뮬레이션"
"R0555_3","H0555","4","1","{""bed_type"":""킹베드 1개"",""view_type"":""파노라마뷰"",""size_sqm"":42,""breakfast"":true,""spa"":false,""pool"":true,""balcony"":false,""bathtub"":false,""pet_friendly"":false,""smoking"":false}","0","1","250000","프리미엄 스위트","전체 가상 시뮬레이션"
"R0556_1","H0556","2","4","{""bed_type"":""퀸베드 1개"",""view_type"":""시티뷰"",""size_sqm"":24,""breakfast"":false,""spa"":true,""pool"":false,""balcony"":true,""bathtub"":true,""pet_friendly"":false,""smoking"":true}","1","0","205000","스탠다드 더블","전체 가상 시뮬레이션"
"R0556_2","H0556","3","1","{""bed_type"":""싱글베드 2개"",""view_type"":""가든뷰"",""size_sqm"":33,""breakfast"":true,""spa"":false,""pool"":true,""balcony"":false,""bathtub"":false,""pet_friendly"":false,""smoking"":false}","0","1","230000","디럭스 트윈","전체 가상 시뮬레이션"
"R0556_3","H0556","4","2","{""bed_type"":""킹베드 1개"",""view_type"":""파노라마뷰"",""size_sqm"":42,""breakfast"":false,""spa"":false,""pool"":false,""balcony"":false,""bathtub"":false,""pet_friendly"":false,""smoking"":false}","1","1","255000","프리미엄 스위트","전체 가상 시뮬레이션"
"R0557_1","H0557","2","1","{""bed_type"":""퀸베드 1개"",""view_type"":""시티뷰"",""size_sqm"":24,""breakfast"":true,""spa"":false,""pool"":true,""balcony"":false,""bathtub"":false,""pet_friendly"":false,""smoking"":true}","0","1","210000","스탠다드 더블","전체 가상 시뮬레이션"
"R0557_2","H0557","3","2","{""bed_type"":""싱글베드 2개"",""view_type"":""가든뷰"",""size_sqm"":33,""breakfast"":false,""spa"":false,""pool"":false,""balcony"":false,""bathtub"":false,""pet_friendly"":false,""smoking"":false}","1","1","235000","디럭스 트윈","전체 가상 시뮬레이션"
"R0557_3","H0557","4","3","{""bed_type"":""킹베드 1개"",""view_type"":""파노라마뷰"",""size_sqm"":42,""breakfast"":true,""spa"":true,""pool"":false,""balcony"":true,""bathtub"":true,""pet_friendly"":false,""smoking"":false}","1","0","260000","프리미엄 스위트","전체 가상 시뮬레이션"
"R0558_1","H0558","2","2","{""bed_type"":""퀸베드 1개"",""view_type"":""시티뷰"",""size_sqm"":24,""breakfast"":false,""spa"":false,""pool"":false,""balcony"":false,""bathtub"":false,""pet_friendly"":false,""smoking"":true}","1","1","215000","스탠다드 더블","전체 가상 시뮬레이션"
"R0558_2","H0558","3","3","{""bed_type"":""싱글베드 2개"",""view_type"":""가든뷰"",""size_sqm"":33,""breakfast"":true,""spa"":true,""pool"":false,""balcony"":true,""bathtub"":true,""pet_friendly"":false,""smoking"":false}","1","0","240000","디럭스 트윈","전체 가상 시뮬레이션"
"R0558_3","H0558","4","4","{""bed_type"":""킹베드 1개"",""view_type"":""파노라마뷰"",""size_sqm"":42,""breakfast"":false,""spa"":false,""pool"":false,""balcony"":false,""bathtub"":false,""pet_friendly"":false,""smoking"":false}","1","1","265000","프리미엄 스위트","전체 가상 시뮬레이션"
"R0559_1","H0559","2","3","{""bed_type"":""퀸베드 1개"",""view_type"":""시티뷰"",""size_sqm"":24,""breakfast"":true,""spa"":true,""pool"":false,""balcony"":true,""bathtub"":true,""pet_friendly"":false,""smoking"":true}","1","0","220000","스탠다드 더블","전체 가상 시뮬레이션"
"R0559_2","H0559","3","4","{""bed_type"":""싱글베드 2개"",""view_type"":""가든뷰"",""size_sqm"":33,""breakfast"":false,""spa"":false,""pool"":false,""balcony"":false,""bathtub"":false,""pet_friendly"":false,""smoking"":false}","1","1","245000","디럭스 트윈","전체 가상 시뮬레이션"
"R0559_3","H0559","4","1","{""bed_type"":""킹베드 1개"",""view_type"":""파노라마뷰"",""size_sqm"":42,""breakfast"":true,""spa"":false,""pool"":true,""balcony"":false,""bathtub"":false,""pet_friendly"":true,""smoking"":false}","0","1","270000","프리미엄 스위트","전체 가상 시뮬레이션"
"R0560_1","H0560","2","4","{""bed_type"":""퀸베드 1개"",""view_type"":""시티뷰"",""size_sqm"":24,""breakfast"":false,""spa"":false,""pool"":false,""balcony"":false,""bathtub"":false,""pet_friendly"":false,""smoking"":true}","1","1","225000","스탠다드 더블","전체 가상 시뮬레이션"
"R0560_2","H0560","3","1","{""bed_type"":""싱글베드 2개"",""view_type"":""가든뷰"",""size_sqm"":33,""breakfast"":true,""spa"":false,""pool"":true,""balcony"":false,""bathtub"":false,""pet_friendly"":true,""smoking"":false}","0","1","250000","디럭스 트윈","전체 가상 시뮬레이션"
"R0560_3","H0560","4","2","{""bed_type"":""킹베드 1개"",""view_type"":""파노라마뷰"",""size_sqm"":42,""breakfast"":false,""spa"":true,""pool"":false,""balcony"":true,""bathtub"":true,""pet_friendly"":false,""smoking"":false}","1","0","275000","프리미엄 스위트","전체 가상 시뮬레이션"
"R0561_1","H0561","2","1","{""bed_type"":""퀸베드 1개"",""view_type"":""시티뷰"",""size_sqm"":24,""breakfast"":true,""spa"":false,""pool"":true,""balcony"":false,""bathtub"":false,""pet_friendly"":true,""smoking"":true}","0","1","230000","스탠다드 더블","전체 가상 시뮬레이션"
"R0561_2","H0561","3","2","{""bed_type"":""싱글베드 2개"",""view_type"":""가든뷰"",""size_sqm"":33,""breakfast"":false,""spa"":true,""pool"":false,""balcony"":true,""bathtub"":true,""pet_friendly"":false,""smoking"":false}","1","0","255000","디럭스 트윈","전체 가상 시뮬레이션"
"R0561_3","H0561","4","3","{""bed_type"":""킹베드 1개"",""view_type"":""파노라마뷰"",""size_sqm"":42,""breakfast"":true,""spa"":false,""pool"":false,""balcony"":false,""bathtub"":false,""pet_friendly"":false,""smoking"":false}","1","1","280000","프리미엄 스위트","전체 가상 시뮬레이션"
"R0562_1","H0562","2","2","{""bed_type"":""퀸베드 1개"",""view_type"":""시티뷰"",""size_sqm"":24,""breakfast"":false,""spa"":true,""pool"":false,""balcony"":true,""bathtub"":true,""pet_friendly"":false,""smoking"":true}","1","0","235000","스탠다드 더블","전체 가상 시뮬레이션"
"R0562_2","H0562","3","3","{""bed_type"":""싱글베드 2개"",""view_type"":""가든뷰"",""size_sqm"":33,""breakfast"":true,""spa"":false,""pool"":false,""balcony"":false,""bathtub"":false,""pet_friendly"":false,""smoking"":false}","1","1","260000","디럭스 트윈","전체 가상 시뮬레이션"
"R0562_3","H0562","4","4","{""bed_type"":""킹베드 1개"",""view_type"":""파노라마뷰"",""size_sqm"":42,""breakfast"":false,""spa"":false,""pool"":false,""balcony"":false,""bathtub"":false,""pet_friendly"":false,""smoking"":false}","1","1","285000","프리미엄 스위트","전체 가상 시뮬레이션"
"R0563_1","H0563","2","3","{""bed_type"":""퀸베드 1개"",""view_type"":""시티뷰"",""size_sqm"":24,""breakfast"":true,""spa"":false,""pool"":false,""balcony"":false,""bathtub"":false,""pet_friendly"":false,""smoking"":true}","1","1","240000","스탠다드 더블","전체 가상 시뮬레이션"
"R0563_2","H0563","3","4","{""bed_type"":""싱글베드 2개"",""view_type"":""가든뷰"",""size_sqm"":33,""breakfast"":false,""spa"":false,""pool"":false,""balcony"":false,""bathtub"":false,""pet_friendly"":false,""smoking"":false}","1","1","265000","디럭스 트윈","전체 가상 시뮬레이션"
"R0563_3","H0563","4","1","{""bed_type"":""킹베드 1개"",""view_type"":""파노라마뷰"",""size_sqm"":42,""breakfast"":true,""spa"":true,""pool"":true,""balcony"":true,""bathtub"":true,""pet_friendly"":false,""smoking"":false}","0","0","290000","프리미엄 스위트","전체 가상 시뮬레이션"
"R0564_1","H0564","2","4","{""bed_type"":""퀸베드 1개"",""view_type"":""시티뷰"",""size_sqm"":24,""breakfast"":false,""spa"":false,""pool"":false,""balcony"":false,""bathtub"":false,""pet_friendly"":false,""smoking"":true}","1","1","245000","스탠다드 더블","전체 가상 시뮬레이션"
"R0564_2","H0564","3","1","{""bed_type"":""싱글베드 2개"",""view_type"":""가든뷰"",""size_sqm"":33,""breakfast"":true,""spa"":true,""pool"":true,""balcony"":true,""bathtub"":true,""pet_friendly"":false,""smoking"":false}","0","0","270000","디럭스 트윈","전체 가상 시뮬레이션"
"R0564_3","H0564","4","2","{""bed_type"":""킹베드 1개"",""view_type"":""파노라마뷰"",""size_sqm"":42,""breakfast"":false,""spa"":false,""pool"":false,""balcony"":false,""bathtub"":false,""pet_friendly"":false,""smoking"":false}","1","1","295000","프리미엄 스위트","전체 가상 시뮬레이션"
"R0565_1","H0565","2","1","{""bed_type"":""퀸베드 1개"",""view_type"":""시티뷰"",""size_sqm"":24,""breakfast"":true,""spa"":true,""pool"":true,""balcony"":true,""bathtub"":true,""pet_friendly"":false,""smoking"":true}","0","0","250000","스탠다드 더블","전체 가상 시뮬레이션"
"R0565_2","H0565","3","2","{""bed_type"":""싱글베드 2개"",""view_type"":""가든뷰"",""size_sqm"":33,""breakfast"":false,""spa"":false,""pool"":false,""balcony"":false,""bathtub"":false,""pet_friendly"":false,""smoking"":false}","1","1","275000","디럭스 트윈","전체 가상 시뮬레이션"
"R0565_3","H0565","4","3","{""bed_type"":""킹베드 1개"",""view_type"":""파노라마뷰"",""size_sqm"":42,""breakfast"":true,""spa"":false,""pool"":false,""balcony"":false,""bathtub"":false,""pet_friendly"":false,""smoking"":false}","1","1","300000","프리미엄 스위트","전체 가상 시뮬레이션"
"R0566_1","H0566","2","2","{""bed_type"":""퀸베드 1개"",""view_type"":""시티뷰"",""size_sqm"":24,""breakfast"":false,""spa"":false,""pool"":false,""balcony"":false,""bathtub"":false,""pet_friendly"":false,""smoking"":true}","1","1","255000","스탠다드 더블","전체 가상 시뮬레이션"
"R0566_2","H0566","3","3","{""bed_type"":""싱글베드 2개"",""view_type"":""가든뷰"",""size_sqm"":33,""breakfast"":true,""spa"":false,""pool"":false,""balcony"":false,""bathtub"":false,""pet_friendly"":false,""smoking"":false}","1","1","280000","디럭스 트윈","전체 가상 시뮬레이션"
"R0566_3","H0566","4","4","{""bed_type"":""킹베드 1개"",""view_type"":""파노라마뷰"",""size_sqm"":42,""breakfast"":false,""spa"":true,""pool"":false,""balcony"":true,""bathtub"":true,""pet_friendly"":true,""smoking"":false}","1","0","305000","프리미엄 스위트","전체 가상 시뮬레이션"
"R0567_1","H0567","2","3","{""bed_type"":""퀸베드 1개"",""view_type"":""시티뷰"",""size_sqm"":24,""breakfast"":true,""spa"":false,""pool"":false,""balcony"":false,""bathtub"":false,""pet_friendly"":false,""smoking"":true}","1","1","260000","스탠다드 더블","전체 가상 시뮬레이션"
"R0567_2","H0567","3","4","{""bed_type"":""싱글베드 2개"",""view_type"":""가든뷰"",""size_sqm"":33,""breakfast"":false,""spa"":true,""pool"":false,""balcony"":true,""bathtub"":true,""pet_friendly"":true,""smoking"":false}","1","0","285000","디럭스 트윈","전체 가상 시뮬레이션"
"R0567_3","H0567","4","1","{""bed_type"":""킹베드 1개"",""view_type"":""파노라마뷰"",""size_sqm"":42,""breakfast"":true,""spa"":false,""pool"":true,""balcony"":false,""bathtub"":false,""pet_friendly"":false,""smoking"":false}","0","1","310000","프리미엄 스위트","전체 가상 시뮬레이션"
"R0568_1","H0568","2","4","{""bed_type"":""퀸베드 1개"",""view_type"":""시티뷰"",""size_sqm"":24,""breakfast"":false,""spa"":true,""pool"":false,""balcony"":true,""bathtub"":true,""pet_friendly"":true,""smoking"":true}","1","0","265000","스탠다드 더블","전체 가상 시뮬레이션"
"R0568_2","H0568","3","1","{""bed_type"":""싱글베드 2개"",""view_type"":""가든뷰"",""size_sqm"":33,""breakfast"":true,""spa"":false,""pool"":true,""balcony"":false,""bathtub"":false,""pet_friendly"":false,""smoking"":false}","0","1","290000","디럭스 트윈","전체 가상 시뮬레이션"
"R0568_3","H0568","4","2","{""bed_type"":""킹베드 1개"",""view_type"":""파노라마뷰"",""size_sqm"":42,""breakfast"":false,""spa"":false,""pool"":false,""balcony"":false,""bathtub"":false,""pet_friendly"":false,""smoking"":false}","1","1","315000","프리미엄 스위트","전체 가상 시뮬레이션"
"R0569_1","H0569","2","1","{""bed_type"":""퀸베드 1개"",""view_type"":""시티뷰"",""size_sqm"":24,""breakfast"":true,""spa"":false,""pool"":true,""balcony"":false,""bathtub"":false,""pet_friendly"":false,""smoking"":true}","0","1","270000","스탠다드 더블","전체 가상 시뮬레이션"
"R0569_2","H0569","3","2","{""bed_type"":""싱글베드 2개"",""view_type"":""가든뷰"",""size_sqm"":33,""breakfast"":false,""spa"":false,""pool"":false,""balcony"":false,""bathtub"":false,""pet_friendly"":false,""smoking"":false}","1","1","295000","디럭스 트윈","전체 가상 시뮬레이션"
"R0569_3","H0569","4","3","{""bed_type"":""킹베드 1개"",""view_type"":""파노라마뷰"",""size_sqm"":42,""breakfast"":true,""spa"":true,""pool"":false,""balcony"":true,""bathtub"":true,""pet_friendly"":false,""smoking"":false}","1","0","320000","프리미엄 스위트","전체 가상 시뮬레이션"
"R0570_1","H0570","2","2","{""bed_type"":""퀸베드 1개"",""view_type"":""시티뷰"",""size_sqm"":24,""breakfast"":false,""spa"":false,""pool"":false,""balcony"":false,""bathtub"":false,""pet_friendly"":false,""smoking"":true}","1","1","275000","스탠다드 더블","전체 가상 시뮬레이션"
"R0570_2","H0570","3","3","{""bed_type"":""싱글베드 2개"",""view_type"":""가든뷰"",""size_sqm"":33,""breakfast"":true,""spa"":true,""pool"":false,""balcony"":true,""bathtub"":true,""pet_friendly"":false,""smoking"":false}","1","0","300000","디럭스 트윈","전체 가상 시뮬레이션"
"R0570_3","H0570","4","4","{""bed_type"":""킹베드 1개"",""view_type"":""파노라마뷰"",""size_sqm"":42,""breakfast"":false,""spa"":false,""pool"":false,""balcony"":false,""bathtub"":false,""pet_friendly"":false,""smoking"":false}","1","1","325000","프리미엄 스위트","전체 가상 시뮬레이션"
"R0571_1","H0571","2","3","{""bed_type"":""퀸베드 1개"",""view_type"":""시티뷰"",""size_sqm"":24,""breakfast"":true,""spa"":true,""pool"":false,""balcony"":true,""bathtub"":true,""pet_friendly"":false,""smoking"":true}","1","0","280000","스탠다드 더블","전체 가상 시뮬레이션"
"R0571_2","H0571","3","4","{""bed_type"":""싱글베드 2개"",""view_type"":""가든뷰"",""size_sqm"":33,""breakfast"":false,""spa"":false,""pool"":false,""balcony"":false,""bathtub"":false,""pet_friendly"":false,""smoking"":false}","1","1","305000","디럭스 트윈","전체 가상 시뮬레이션"
"R0571_3","H0571","4","1","{""bed_type"":""킹베드 1개"",""view_type"":""파노라마뷰"",""size_sqm"":42,""breakfast"":true,""spa"":false,""pool"":true,""balcony"":false,""bathtub"":false,""pet_friendly"":false,""smoking"":false}","0","1","330000","프리미엄 스위트","전체 가상 시뮬레이션"
"R0572_1","H0572","2","4","{""bed_type"":""퀸베드 1개"",""view_type"":""시티뷰"",""size_sqm"":24,""breakfast"":false,""spa"":false,""pool"":false,""balcony"":false,""bathtub"":false,""pet_friendly"":false,""smoking"":true}","1","1","285000","스탠다드 더블","전체 가상 시뮬레이션"
"R0572_2","H0572","3","1","{""bed_type"":""싱글베드 2개"",""view_type"":""가든뷰"",""size_sqm"":33,""breakfast"":true,""spa"":false,""pool"":true,""balcony"":false,""bathtub"":false,""pet_friendly"":false,""smoking"":false}","0","1","310000","디럭스 트윈","전체 가상 시뮬레이션"
"R0572_3","H0572","4","2","{""bed_type"":""킹베드 1개"",""view_type"":""파노라마뷰"",""size_sqm"":42,""breakfast"":false,""spa"":true,""pool"":false,""balcony"":true,""bathtub"":true,""pet_friendly"":false,""smoking"":false}","1","0","335000","프리미엄 스위트","전체 가상 시뮬레이션"
"R0573_1","H0573","2","1","{""bed_type"":""퀸베드 1개"",""view_type"":""시티뷰"",""size_sqm"":24,""breakfast"":true,""spa"":false,""pool"":true,""balcony"":false,""bathtub"":false,""pet_friendly"":false,""smoking"":true}","0","1","290000","스탠다드 더블","전체 가상 시뮬레이션"
"R0573_2","H0573","3","2","{""bed_type"":""싱글베드 2개"",""view_type"":""가든뷰"",""size_sqm"":33,""breakfast"":false,""spa"":true,""pool"":false,""balcony"":true,""bathtub"":true,""pet_friendly"":false,""smoking"":false}","1","0","315000","디럭스 트윈","전체 가상 시뮬레이션"
"R0573_3","H0573","4","3","{""bed_type"":""킹베드 1개"",""view_type"":""파노라마뷰"",""size_sqm"":42,""breakfast"":true,""spa"":false,""pool"":false,""balcony"":false,""bathtub"":false,""pet_friendly"":true,""smoking"":false}","1","1","340000","프리미엄 스위트","전체 가상 시뮬레이션"
"R0574_1","H0574","2","2","{""bed_type"":""퀸베드 1개"",""view_type"":""시티뷰"",""size_sqm"":24,""breakfast"":false,""spa"":true,""pool"":false,""balcony"":true,""bathtub"":true,""pet_friendly"":false,""smoking"":true}","1","0","295000","스탠다드 더블","전체 가상 시뮬레이션"
"R0574_2","H0574","3","3","{""bed_type"":""싱글베드 2개"",""view_type"":""가든뷰"",""size_sqm"":33,""breakfast"":true,""spa"":false,""pool"":false,""balcony"":false,""bathtub"":false,""pet_friendly"":true,""smoking"":false}","1","1","320000","디럭스 트윈","전체 가상 시뮬레이션"
"R0574_3","H0574","4","4","{""bed_type"":""킹베드 1개"",""view_type"":""파노라마뷰"",""size_sqm"":42,""breakfast"":false,""spa"":false,""pool"":false,""balcony"":false,""bathtub"":false,""pet_friendly"":false,""smoking"":false}","1","1","345000","프리미엄 스위트","전체 가상 시뮬레이션"
"R0575_1","H0575","2","3","{""bed_type"":""퀸베드 1개"",""view_type"":""시티뷰"",""size_sqm"":24,""breakfast"":true,""spa"":false,""pool"":false,""balcony"":false,""bathtub"":false,""pet_friendly"":true,""smoking"":true}","1","1","300000","스탠다드 더블","전체 가상 시뮬레이션"
"R0575_2","H0575","3","4","{""bed_type"":""싱글베드 2개"",""view_type"":""가든뷰"",""size_sqm"":33,""breakfast"":false,""spa"":false,""pool"":false,""balcony"":false,""bathtub"":false,""pet_friendly"":false,""smoking"":false}","1","1","325000","디럭스 트윈","전체 가상 시뮬레이션"
"R0575_3","H0575","4","1","{""bed_type"":""킹베드 1개"",""view_type"":""파노라마뷰"",""size_sqm"":42,""breakfast"":true,""spa"":true,""pool"":true,""balcony"":true,""bathtub"":true,""pet_friendly"":false,""smoking"":false}","0","0","350000","프리미엄 스위트","전체 가상 시뮬레이션"
"R0576_1","H0576","2","4","{""bed_type"":""퀸베드 1개"",""view_type"":""시티뷰"",""size_sqm"":24,""breakfast"":false,""spa"":false,""pool"":false,""balcony"":false,""bathtub"":false,""pet_friendly"":false,""smoking"":true}","1","1","305000","스탠다드 더블","전체 가상 시뮬레이션"
"R0576_2","H0576","3","1","{""bed_type"":""싱글베드 2개"",""view_type"":""가든뷰"",""size_sqm"":33,""breakfast"":true,""spa"":true,""pool"":true,""balcony"":true,""bathtub"":true,""pet_friendly"":false,""smoking"":false}","0","0","330000","디럭스 트윈","전체 가상 시뮬레이션"
"R0576_3","H0576","4","2","{""bed_type"":""킹베드 1개"",""view_type"":""파노라마뷰"",""size_sqm"":42,""breakfast"":false,""spa"":false,""pool"":false,""balcony"":false,""bathtub"":false,""pet_friendly"":false,""smoking"":false}","1","1","355000","프리미엄 스위트","전체 가상 시뮬레이션"
"R0577_1","H0577","2","1","{""bed_type"":""퀸베드 1개"",""view_type"":""시티뷰"",""size_sqm"":24,""breakfast"":true,""spa"":true,""pool"":true,""balcony"":true,""bathtub"":true,""pet_friendly"":false,""smoking"":true}","0","0","70000","스탠다드 더블","전체 가상 시뮬레이션"
"R0577_2","H0577","3","2","{""bed_type"":""싱글베드 2개"",""view_type"":""가든뷰"",""size_sqm"":33,""breakfast"":false,""spa"":false,""pool"":false,""balcony"":false,""bathtub"":false,""pet_friendly"":false,""smoking"":false}","1","1","95000","디럭스 트윈","전체 가상 시뮬레이션"
"R0577_3","H0577","4","3","{""bed_type"":""킹베드 1개"",""view_type"":""파노라마뷰"",""size_sqm"":42,""breakfast"":true,""spa"":false,""pool"":false,""balcony"":false,""bathtub"":false,""pet_friendly"":false,""smoking"":false}","1","1","120000","프리미엄 스위트","전체 가상 시뮬레이션"
"R0578_1","H0578","2","2","{""bed_type"":""퀸베드 1개"",""view_type"":""시티뷰"",""size_sqm"":24,""breakfast"":false,""spa"":false,""pool"":false,""balcony"":false,""bathtub"":false,""pet_friendly"":false,""smoking"":true}","1","1","75000","스탠다드 더블","전체 가상 시뮬레이션"
"R0578_2","H0578","3","3","{""bed_type"":""싱글베드 2개"",""view_type"":""가든뷰"",""size_sqm"":33,""breakfast"":true,""spa"":false,""pool"":false,""balcony"":false,""bathtub"":false,""pet_friendly"":false,""smoking"":false}","1","1","100000","디럭스 트윈","전체 가상 시뮬레이션"
"R0578_3","H0578","4","4","{""bed_type"":""킹베드 1개"",""view_type"":""파노라마뷰"",""size_sqm"":42,""breakfast"":false,""spa"":true,""pool"":false,""balcony"":true,""bathtub"":true,""pet_friendly"":false,""smoking"":false}","1","0","125000","프리미엄 스위트","전체 가상 시뮬레이션"
"R0579_1","H0579","2","3","{""bed_type"":""퀸베드 1개"",""view_type"":""시티뷰"",""size_sqm"":24,""breakfast"":true,""spa"":false,""pool"":false,""balcony"":false,""bathtub"":false,""pet_friendly"":false,""smoking"":true}","1","1","80000","스탠다드 더블","전체 가상 시뮬레이션"
"R0579_2","H0579","3","4","{""bed_type"":""싱글베드 2개"",""view_type"":""가든뷰"",""size_sqm"":33,""breakfast"":false,""spa"":true,""pool"":false,""balcony"":true,""bathtub"":true,""pet_friendly"":false,""smoking"":false}","1","0","105000","디럭스 트윈","전체 가상 시뮬레이션"
"R0579_3","H0579","4","1","{""bed_type"":""킹베드 1개"",""view_type"":""파노라마뷰"",""size_sqm"":42,""breakfast"":true,""spa"":false,""pool"":true,""balcony"":false,""bathtub"":false,""pet_friendly"":false,""smoking"":false}","0","1","130000","프리미엄 스위트","전체 가상 시뮬레이션"
"R0580_1","H0580","2","4","{""bed_type"":""퀸베드 1개"",""view_type"":""시티뷰"",""size_sqm"":24,""breakfast"":false,""spa"":true,""pool"":false,""balcony"":true,""bathtub"":true,""pet_friendly"":false,""smoking"":true}","1","0","85000","스탠다드 더블","전체 가상 시뮬레이션"
"R0580_2","H0580","3","1","{""bed_type"":""싱글베드 2개"",""view_type"":""가든뷰"",""size_sqm"":33,""breakfast"":true,""spa"":false,""pool"":true,""balcony"":false,""bathtub"":false,""pet_friendly"":false,""smoking"":false}","0","1","110000","디럭스 트윈","전체 가상 시뮬레이션"
"R0580_3","H0580","4","2","{""bed_type"":""킹베드 1개"",""view_type"":""파노라마뷰"",""size_sqm"":42,""breakfast"":false,""spa"":false,""pool"":false,""balcony"":false,""bathtub"":false,""pet_friendly"":true,""smoking"":false}","1","1","135000","프리미엄 스위트","전체 가상 시뮬레이션"
"R0581_1","H0581","2","1","{""bed_type"":""퀸베드 1개"",""view_type"":""시티뷰"",""size_sqm"":24,""breakfast"":true,""spa"":false,""pool"":true,""balcony"":false,""bathtub"":false,""pet_friendly"":false,""smoking"":true}","0","1","90000","스탠다드 더블","전체 가상 시뮬레이션"
"R0581_2","H0581","3","2","{""bed_type"":""싱글베드 2개"",""view_type"":""가든뷰"",""size_sqm"":33,""breakfast"":false,""spa"":false,""pool"":false,""balcony"":false,""bathtub"":false,""pet_friendly"":true,""smoking"":false}","1","1","115000","디럭스 트윈","전체 가상 시뮬레이션"
"R0581_3","H0581","4","3","{""bed_type"":""킹베드 1개"",""view_type"":""파노라마뷰"",""size_sqm"":42,""breakfast"":true,""spa"":true,""pool"":false,""balcony"":true,""bathtub"":true,""pet_friendly"":false,""smoking"":false}","1","0","140000","프리미엄 스위트","전체 가상 시뮬레이션"
"R0582_1","H0582","2","2","{""bed_type"":""퀸베드 1개"",""view_type"":""시티뷰"",""size_sqm"":24,""breakfast"":false,""spa"":false,""pool"":false,""balcony"":false,""bathtub"":false,""pet_friendly"":true,""smoking"":true}","1","1","95000","스탠다드 더블","전체 가상 시뮬레이션"
"R0582_2","H0582","3","3","{""bed_type"":""싱글베드 2개"",""view_type"":""가든뷰"",""size_sqm"":33,""breakfast"":true,""spa"":true,""pool"":false,""balcony"":true,""bathtub"":true,""pet_friendly"":false,""smoking"":false}","1","0","120000","디럭스 트윈","전체 가상 시뮬레이션"
"R0582_3","H0582","4","4","{""bed_type"":""킹베드 1개"",""view_type"":""파노라마뷰"",""size_sqm"":42,""breakfast"":false,""spa"":false,""pool"":false,""balcony"":false,""bathtub"":false,""pet_friendly"":false,""smoking"":false}","1","1","145000","프리미엄 스위트","전체 가상 시뮬레이션"
"R0583_1","H0583","2","3","{""bed_type"":""퀸베드 1개"",""view_type"":""시티뷰"",""size_sqm"":24,""breakfast"":true,""spa"":true,""pool"":false,""balcony"":true,""bathtub"":true,""pet_friendly"":false,""smoking"":true}","1","0","100000","스탠다드 더블","전체 가상 시뮬레이션"
"R0583_2","H0583","3","4","{""bed_type"":""싱글베드 2개"",""view_type"":""가든뷰"",""size_sqm"":33,""breakfast"":false,""spa"":false,""pool"":false,""balcony"":false,""bathtub"":false,""pet_friendly"":false,""smoking"":false}","1","1","125000","디럭스 트윈","전체 가상 시뮬레이션"
"R0583_3","H0583","4","1","{""bed_type"":""킹베드 1개"",""view_type"":""파노라마뷰"",""size_sqm"":42,""breakfast"":true,""spa"":false,""pool"":true,""balcony"":false,""bathtub"":false,""pet_friendly"":false,""smoking"":false}","0","1","150000","프리미엄 스위트","전체 가상 시뮬레이션"
"R0584_1","H0584","2","4","{""bed_type"":""퀸베드 1개"",""view_type"":""시티뷰"",""size_sqm"":24,""breakfast"":false,""spa"":false,""pool"":false,""balcony"":false,""bathtub"":false,""pet_friendly"":false,""smoking"":true}","1","1","105000","스탠다드 더블","전체 가상 시뮬레이션"
"R0584_2","H0584","3","1","{""bed_type"":""싱글베드 2개"",""view_type"":""가든뷰"",""size_sqm"":33,""breakfast"":true,""spa"":false,""pool"":true,""balcony"":false,""bathtub"":false,""pet_friendly"":false,""smoking"":false}","0","1","130000","디럭스 트윈","전체 가상 시뮬레이션"
"R0584_3","H0584","4","2","{""bed_type"":""킹베드 1개"",""view_type"":""파노라마뷰"",""size_sqm"":42,""breakfast"":false,""spa"":true,""pool"":false,""balcony"":true,""bathtub"":true,""pet_friendly"":false,""smoking"":false}","1","0","155000","프리미엄 스위트","전체 가상 시뮬레이션"
"R0585_1","H0585","2","1","{""bed_type"":""퀸베드 1개"",""view_type"":""시티뷰"",""size_sqm"":24,""breakfast"":true,""spa"":false,""pool"":true,""balcony"":false,""bathtub"":false,""pet_friendly"":false,""smoking"":true}","0","1","110000","스탠다드 더블","전체 가상 시뮬레이션"
"R0585_2","H0585","3","2","{""bed_type"":""싱글베드 2개"",""view_type"":""가든뷰"",""size_sqm"":33,""breakfast"":false,""spa"":true,""pool"":false,""balcony"":true,""bathtub"":true,""pet_friendly"":false,""smoking"":false}","1","0","135000","디럭스 트윈","전체 가상 시뮬레이션"
"R0585_3","H0585","4","3","{""bed_type"":""킹베드 1개"",""view_type"":""파노라마뷰"",""size_sqm"":42,""breakfast"":true,""spa"":false,""pool"":false,""balcony"":false,""bathtub"":false,""pet_friendly"":false,""smoking"":false}","1","1","160000","프리미엄 스위트","전체 가상 시뮬레이션"
"R0586_1","H0586","2","2","{""bed_type"":""퀸베드 1개"",""view_type"":""시티뷰"",""size_sqm"":24,""breakfast"":false,""spa"":true,""pool"":false,""balcony"":true,""bathtub"":true,""pet_friendly"":false,""smoking"":true}","1","0","115000","스탠다드 더블","전체 가상 시뮬레이션"
"R0586_2","H0586","3","3","{""bed_type"":""싱글베드 2개"",""view_type"":""가든뷰"",""size_sqm"":33,""breakfast"":true,""spa"":false,""pool"":false,""balcony"":false,""bathtub"":false,""pet_friendly"":false,""smoking"":false}","1","1","140000","디럭스 트윈","전체 가상 시뮬레이션"
"R0586_3","H0586","4","4","{""bed_type"":""킹베드 1개"",""view_type"":""파노라마뷰"",""size_sqm"":42,""breakfast"":false,""spa"":false,""pool"":false,""balcony"":false,""bathtub"":false,""pet_friendly"":false,""smoking"":false}","1","1","165000","프리미엄 스위트","전체 가상 시뮬레이션"
"R0587_1","H0587","2","3","{""bed_type"":""퀸베드 1개"",""view_type"":""시티뷰"",""size_sqm"":24,""breakfast"":true,""spa"":false,""pool"":false,""balcony"":false,""bathtub"":false,""pet_friendly"":false,""smoking"":true}","1","1","120000","스탠다드 더블","전체 가상 시뮬레이션"
"R0587_2","H0587","3","4","{""bed_type"":""싱글베드 2개"",""view_type"":""가든뷰"",""size_sqm"":33,""breakfast"":false,""spa"":false,""pool"":false,""balcony"":false,""bathtub"":false,""pet_friendly"":false,""smoking"":false}","1","1","145000","디럭스 트윈","전체 가상 시뮬레이션"
"R0587_3","H0587","4","1","{""bed_type"":""킹베드 1개"",""view_type"":""파노라마뷰"",""size_sqm"":42,""breakfast"":true,""spa"":true,""pool"":true,""balcony"":true,""bathtub"":true,""pet_friendly"":true,""smoking"":false}","0","0","170000","프리미엄 스위트","전체 가상 시뮬레이션"
"R0588_1","H0588","2","4","{""bed_type"":""퀸베드 1개"",""view_type"":""시티뷰"",""size_sqm"":24,""breakfast"":false,""spa"":false,""pool"":false,""balcony"":false,""bathtub"":false,""pet_friendly"":false,""smoking"":true}","1","1","125000","스탠다드 더블","전체 가상 시뮬레이션"
"R0588_2","H0588","3","1","{""bed_type"":""싱글베드 2개"",""view_type"":""가든뷰"",""size_sqm"":33,""breakfast"":true,""spa"":true,""pool"":true,""balcony"":true,""bathtub"":true,""pet_friendly"":true,""smoking"":false}","0","0","150000","디럭스 트윈","전체 가상 시뮬레이션"
"R0588_3","H0588","4","2","{""bed_type"":""킹베드 1개"",""view_type"":""파노라마뷰"",""size_sqm"":42,""breakfast"":false,""spa"":false,""pool"":false,""balcony"":false,""bathtub"":false,""pet_friendly"":false,""smoking"":false}","1","1","175000","프리미엄 스위트","전체 가상 시뮬레이션"
"R0589_1","H0589","2","1","{""bed_type"":""퀸베드 1개"",""view_type"":""시티뷰"",""size_sqm"":24,""breakfast"":true,""spa"":true,""pool"":true,""balcony"":true,""bathtub"":true,""pet_friendly"":true,""smoking"":true}","0","0","130000","스탠다드 더블","전체 가상 시뮬레이션"
"R0589_2","H0589","3","2","{""bed_type"":""싱글베드 2개"",""view_type"":""가든뷰"",""size_sqm"":33,""breakfast"":false,""spa"":false,""pool"":false,""balcony"":false,""bathtub"":false,""pet_friendly"":false,""smoking"":false}","1","1","155000","디럭스 트윈","전체 가상 시뮬레이션"
"R0589_3","H0589","4","3","{""bed_type"":""킹베드 1개"",""view_type"":""파노라마뷰"",""size_sqm"":42,""breakfast"":true,""spa"":false,""pool"":false,""balcony"":false,""bathtub"":false,""pet_friendly"":false,""smoking"":false}","1","1","180000","프리미엄 스위트","전체 가상 시뮬레이션"
"R0590_1","H0590","2","2","{""bed_type"":""퀸베드 1개"",""view_type"":""시티뷰"",""size_sqm"":24,""breakfast"":false,""spa"":false,""pool"":false,""balcony"":false,""bathtub"":false,""pet_friendly"":false,""smoking"":true}","1","1","135000","스탠다드 더블","전체 가상 시뮬레이션"
"R0590_2","H0590","3","3","{""bed_type"":""싱글베드 2개"",""view_type"":""가든뷰"",""size_sqm"":33,""breakfast"":true,""spa"":false,""pool"":false,""balcony"":false,""bathtub"":false,""pet_friendly"":false,""smoking"":false}","1","1","160000","디럭스 트윈","전체 가상 시뮬레이션"
"R0590_3","H0590","4","4","{""bed_type"":""킹베드 1개"",""view_type"":""파노라마뷰"",""size_sqm"":42,""breakfast"":false,""spa"":true,""pool"":false,""balcony"":true,""bathtub"":true,""pet_friendly"":false,""smoking"":false}","1","0","185000","프리미엄 스위트","전체 가상 시뮬레이션"
"R0591_1","H0591","2","3","{""bed_type"":""퀸베드 1개"",""view_type"":""시티뷰"",""size_sqm"":24,""breakfast"":true,""spa"":false,""pool"":false,""balcony"":false,""bathtub"":false,""pet_friendly"":false,""smoking"":true}","1","1","140000","스탠다드 더블","전체 가상 시뮬레이션"
"R0591_2","H0591","3","4","{""bed_type"":""싱글베드 2개"",""view_type"":""가든뷰"",""size_sqm"":33,""breakfast"":false,""spa"":true,""pool"":false,""balcony"":true,""bathtub"":true,""pet_friendly"":false,""smoking"":false}","1","0","165000","디럭스 트윈","전체 가상 시뮬레이션"
"R0591_3","H0591","4","1","{""bed_type"":""킹베드 1개"",""view_type"":""파노라마뷰"",""size_sqm"":42,""breakfast"":true,""spa"":false,""pool"":true,""balcony"":false,""bathtub"":false,""pet_friendly"":false,""smoking"":false}","0","1","190000","프리미엄 스위트","전체 가상 시뮬레이션"
"R0592_1","H0592","2","4","{""bed_type"":""퀸베드 1개"",""view_type"":""시티뷰"",""size_sqm"":24,""breakfast"":false,""spa"":true,""pool"":false,""balcony"":true,""bathtub"":true,""pet_friendly"":false,""smoking"":true}","1","0","145000","스탠다드 더블","전체 가상 시뮬레이션"
"R0592_2","H0592","3","1","{""bed_type"":""싱글베드 2개"",""view_type"":""가든뷰"",""size_sqm"":33,""breakfast"":true,""spa"":false,""pool"":true,""balcony"":false,""bathtub"":false,""pet_friendly"":false,""smoking"":false}","0","1","170000","디럭스 트윈","전체 가상 시뮬레이션"
"R0592_3","H0592","4","2","{""bed_type"":""킹베드 1개"",""view_type"":""파노라마뷰"",""size_sqm"":42,""breakfast"":false,""spa"":false,""pool"":false,""balcony"":false,""bathtub"":false,""pet_friendly"":false,""smoking"":false}","1","1","195000","프리미엄 스위트","전체 가상 시뮬레이션"
"R0593_1","H0593","2","1","{""bed_type"":""퀸베드 1개"",""view_type"":""시티뷰"",""size_sqm"":24,""breakfast"":true,""spa"":false,""pool"":true,""balcony"":false,""bathtub"":false,""pet_friendly"":false,""smoking"":true}","0","1","150000","스탠다드 더블","전체 가상 시뮬레이션"
"R0593_2","H0593","3","2","{""bed_type"":""싱글베드 2개"",""view_type"":""가든뷰"",""size_sqm"":33,""breakfast"":false,""spa"":false,""pool"":false,""balcony"":false,""bathtub"":false,""pet_friendly"":false,""smoking"":false}","1","1","175000","디럭스 트윈","전체 가상 시뮬레이션"
"R0593_3","H0593","4","3","{""bed_type"":""킹베드 1개"",""view_type"":""파노라마뷰"",""size_sqm"":42,""breakfast"":true,""spa"":true,""pool"":false,""balcony"":true,""bathtub"":true,""pet_friendly"":false,""smoking"":false}","1","0","200000","프리미엄 스위트","전체 가상 시뮬레이션"
"R0594_1","H0594","2","2","{""bed_type"":""퀸베드 1개"",""view_type"":""시티뷰"",""size_sqm"":24,""breakfast"":false,""spa"":false,""pool"":false,""balcony"":false,""bathtub"":false,""pet_friendly"":false,""smoking"":true}","1","1","155000","스탠다드 더블","전체 가상 시뮬레이션"
"R0594_2","H0594","3","3","{""bed_type"":""싱글베드 2개"",""view_type"":""가든뷰"",""size_sqm"":33,""breakfast"":true,""spa"":true,""pool"":false,""balcony"":true,""bathtub"":true,""pet_friendly"":false,""smoking"":false}","1","0","180000","디럭스 트윈","전체 가상 시뮬레이션"
"R0594_3","H0594","4","4","{""bed_type"":""킹베드 1개"",""view_type"":""파노라마뷰"",""size_sqm"":42,""breakfast"":false,""spa"":false,""pool"":false,""balcony"":false,""bathtub"":false,""pet_friendly"":true,""smoking"":false}","1","1","205000","프리미엄 스위트","전체 가상 시뮬레이션"
"R0595_1","H0595","2","3","{""bed_type"":""퀸베드 1개"",""view_type"":""시티뷰"",""size_sqm"":24,""breakfast"":true,""spa"":true,""pool"":false,""balcony"":true,""bathtub"":true,""pet_friendly"":false,""smoking"":true}","1","0","160000","스탠다드 더블","전체 가상 시뮬레이션"
"R0595_2","H0595","3","4","{""bed_type"":""싱글베드 2개"",""view_type"":""가든뷰"",""size_sqm"":33,""breakfast"":false,""spa"":false,""pool"":false,""balcony"":false,""bathtub"":false,""pet_friendly"":true,""smoking"":false}","1","1","185000","디럭스 트윈","전체 가상 시뮬레이션"
"R0595_3","H0595","4","1","{""bed_type"":""킹베드 1개"",""view_type"":""파노라마뷰"",""size_sqm"":42,""breakfast"":true,""spa"":false,""pool"":true,""balcony"":false,""bathtub"":false,""pet_friendly"":false,""smoking"":false}","0","1","210000","프리미엄 스위트","전체 가상 시뮬레이션"
"R0596_1","H0596","2","4","{""bed_type"":""퀸베드 1개"",""view_type"":""시티뷰"",""size_sqm"":24,""breakfast"":false,""spa"":false,""pool"":false,""balcony"":false,""bathtub"":false,""pet_friendly"":true,""smoking"":true}","1","1","165000","스탠다드 더블","전체 가상 시뮬레이션"
"R0596_2","H0596","3","1","{""bed_type"":""싱글베드 2개"",""view_type"":""가든뷰"",""size_sqm"":33,""breakfast"":true,""spa"":false,""pool"":true,""balcony"":false,""bathtub"":false,""pet_friendly"":false,""smoking"":false}","0","1","190000","디럭스 트윈","전체 가상 시뮬레이션"
"R0596_3","H0596","4","2","{""bed_type"":""킹베드 1개"",""view_type"":""파노라마뷰"",""size_sqm"":42,""breakfast"":false,""spa"":true,""pool"":false,""balcony"":true,""bathtub"":true,""pet_friendly"":false,""smoking"":false}","1","0","215000","프리미엄 스위트","전체 가상 시뮬레이션"
"R0597_1","H0597","2","1","{""bed_type"":""퀸베드 1개"",""view_type"":""시티뷰"",""size_sqm"":24,""breakfast"":true,""spa"":false,""pool"":true,""balcony"":false,""bathtub"":false,""pet_friendly"":false,""smoking"":true}","0","1","170000","스탠다드 더블","전체 가상 시뮬레이션"
"R0597_2","H0597","3","2","{""bed_type"":""싱글베드 2개"",""view_type"":""가든뷰"",""size_sqm"":33,""breakfast"":false,""spa"":true,""pool"":false,""balcony"":true,""bathtub"":true,""pet_friendly"":false,""smoking"":false}","1","0","195000","디럭스 트윈","전체 가상 시뮬레이션"
"R0597_3","H0597","4","3","{""bed_type"":""킹베드 1개"",""view_type"":""파노라마뷰"",""size_sqm"":42,""breakfast"":true,""spa"":false,""pool"":false,""balcony"":false,""bathtub"":false,""pet_friendly"":false,""smoking"":false}","1","1","220000","프리미엄 스위트","전체 가상 시뮬레이션"
"R0598_1","H0598","2","2","{""bed_type"":""퀸베드 1개"",""view_type"":""시티뷰"",""size_sqm"":24,""breakfast"":false,""spa"":true,""pool"":false,""balcony"":true,""bathtub"":true,""pet_friendly"":false,""smoking"":true}","1","0","175000","스탠다드 더블","전체 가상 시뮬레이션"
"R0598_2","H0598","3","3","{""bed_type"":""싱글베드 2개"",""view_type"":""가든뷰"",""size_sqm"":33,""breakfast"":true,""spa"":false,""pool"":false,""balcony"":false,""bathtub"":false,""pet_friendly"":false,""smoking"":false}","1","1","200000","디럭스 트윈","전체 가상 시뮬레이션"
"R0598_3","H0598","4","4","{""bed_type"":""킹베드 1개"",""view_type"":""파노라마뷰"",""size_sqm"":42,""breakfast"":false,""spa"":false,""pool"":false,""balcony"":false,""bathtub"":false,""pet_friendly"":false,""smoking"":false}","1","1","225000","프리미엄 스위트","전체 가상 시뮬레이션"
"R0599_1","H0599","2","3","{""bed_type"":""퀸베드 1개"",""view_type"":""시티뷰"",""size_sqm"":24,""breakfast"":true,""spa"":false,""pool"":false,""balcony"":false,""bathtub"":false,""pet_friendly"":false,""smoking"":true}","1","1","180000","스탠다드 더블","전체 가상 시뮬레이션"
"R0599_2","H0599","3","4","{""bed_type"":""싱글베드 2개"",""view_type"":""가든뷰"",""size_sqm"":33,""breakfast"":false,""spa"":false,""pool"":false,""balcony"":false,""bathtub"":false,""pet_friendly"":false,""smoking"":false}","1","1","205000","디럭스 트윈","전체 가상 시뮬레이션"
"R0599_3","H0599","4","1","{""bed_type"":""킹베드 1개"",""view_type"":""파노라마뷰"",""size_sqm"":42,""breakfast"":true,""spa"":true,""pool"":true,""balcony"":true,""bathtub"":true,""pet_friendly"":false,""smoking"":false}","0","0","230000","프리미엄 스위트","전체 가상 시뮬레이션"
"R0600_1","H0600","2","4","{""bed_type"":""퀸베드 1개"",""view_type"":""시티뷰"",""size_sqm"":24,""breakfast"":false,""spa"":false,""pool"":false,""balcony"":false,""bathtub"":false,""pet_friendly"":false,""smoking"":true}","1","1","185000","스탠다드 더블","전체 가상 시뮬레이션"
"R0600_2","H0600","3","1","{""bed_type"":""싱글베드 2개"",""view_type"":""가든뷰"",""size_sqm"":33,""breakfast"":true,""spa"":true,""pool"":true,""balcony"":true,""bathtub"":true,""pet_friendly"":false,""smoking"":false}","0","0","210000","디럭스 트윈","전체 가상 시뮬레이션"
"R0600_3","H0600","4","2","{""bed_type"":""킹베드 1개"",""view_type"":""파노라마뷰"",""size_sqm"":42,""breakfast"":false,""spa"":false,""pool"":false,""balcony"":false,""bathtub"":false,""pet_friendly"":false,""smoking"":false}","1","1","235000","프리미엄 스위트","전체 가상 시뮬레이션"
"R0601_1","H0601","2","1","{""bed_type"":""퀸베드 1개"",""view_type"":""시티뷰"",""size_sqm"":24,""breakfast"":true,""spa"":true,""pool"":true,""balcony"":true,""bathtub"":true,""pet_friendly"":false,""smoking"":true}","0","0","190000","스탠다드 더블","전체 가상 시뮬레이션"
"R0601_2","H0601","3","2","{""bed_type"":""싱글베드 2개"",""view_type"":""가든뷰"",""size_sqm"":33,""breakfast"":false,""spa"":false,""pool"":false,""balcony"":false,""bathtub"":false,""pet_friendly"":false,""smoking"":false}","1","1","215000","디럭스 트윈","전체 가상 시뮬레이션"
"R0601_3","H0601","4","3","{""bed_type"":""킹베드 1개"",""view_type"":""파노라마뷰"",""size_sqm"":42,""breakfast"":true,""spa"":false,""pool"":false,""balcony"":false,""bathtub"":false,""pet_friendly"":true,""smoking"":false}","1","1","240000","프리미엄 스위트","전체 가상 시뮬레이션"
"R0602_1","H0602","2","2","{""bed_type"":""퀸베드 1개"",""view_type"":""시티뷰"",""size_sqm"":24,""breakfast"":false,""spa"":false,""pool"":false,""balcony"":false,""bathtub"":false,""pet_friendly"":false,""smoking"":true}","1","1","195000","스탠다드 더블","전체 가상 시뮬레이션"
"R0602_2","H0602","3","3","{""bed_type"":""싱글베드 2개"",""view_type"":""가든뷰"",""size_sqm"":33,""breakfast"":true,""spa"":false,""pool"":false,""balcony"":false,""bathtub"":false,""pet_friendly"":true,""smoking"":false}","1","1","220000","디럭스 트윈","전체 가상 시뮬레이션"
"R0602_3","H0602","4","4","{""bed_type"":""킹베드 1개"",""view_type"":""파노라마뷰"",""size_sqm"":42,""breakfast"":false,""spa"":true,""pool"":false,""balcony"":true,""bathtub"":true,""pet_friendly"":false,""smoking"":false}","1","0","245000","프리미엄 스위트","전체 가상 시뮬레이션"
"R0603_1","H0603","2","3","{""bed_type"":""퀸베드 1개"",""view_type"":""시티뷰"",""size_sqm"":24,""breakfast"":true,""spa"":false,""pool"":false,""balcony"":false,""bathtub"":false,""pet_friendly"":true,""smoking"":true}","1","1","200000","스탠다드 더블","전체 가상 시뮬레이션"
"R0603_2","H0603","3","4","{""bed_type"":""싱글베드 2개"",""view_type"":""가든뷰"",""size_sqm"":33,""breakfast"":false,""spa"":true,""pool"":false,""balcony"":true,""bathtub"":true,""pet_friendly"":false,""smoking"":false}","1","0","225000","디럭스 트윈","전체 가상 시뮬레이션"
"R0603_3","H0603","4","1","{""bed_type"":""킹베드 1개"",""view_type"":""파노라마뷰"",""size_sqm"":42,""breakfast"":true,""spa"":false,""pool"":true,""balcony"":false,""bathtub"":false,""pet_friendly"":false,""smoking"":false}","0","1","250000","프리미엄 스위트","전체 가상 시뮬레이션"
"R0604_1","H0604","2","4","{""bed_type"":""퀸베드 1개"",""view_type"":""시티뷰"",""size_sqm"":24,""breakfast"":false,""spa"":true,""pool"":false,""balcony"":true,""bathtub"":true,""pet_friendly"":false,""smoking"":true}","1","0","205000","스탠다드 더블","전체 가상 시뮬레이션"
"R0604_2","H0604","3","1","{""bed_type"":""싱글베드 2개"",""view_type"":""가든뷰"",""size_sqm"":33,""breakfast"":true,""spa"":false,""pool"":true,""balcony"":false,""bathtub"":false,""pet_friendly"":false,""smoking"":false}","0","1","230000","디럭스 트윈","전체 가상 시뮬레이션"
"R0604_3","H0604","4","2","{""bed_type"":""킹베드 1개"",""view_type"":""파노라마뷰"",""size_sqm"":42,""breakfast"":false,""spa"":false,""pool"":false,""balcony"":false,""bathtub"":false,""pet_friendly"":false,""smoking"":false}","1","1","255000","프리미엄 스위트","전체 가상 시뮬레이션"
"R0605_1","H0605","2","1","{""bed_type"":""퀸베드 1개"",""view_type"":""시티뷰"",""size_sqm"":24,""breakfast"":true,""spa"":false,""pool"":true,""balcony"":false,""bathtub"":false,""pet_friendly"":false,""smoking"":true}","0","1","210000","스탠다드 더블","전체 가상 시뮬레이션"
"R0605_2","H0605","3","2","{""bed_type"":""싱글베드 2개"",""view_type"":""가든뷰"",""size_sqm"":33,""breakfast"":false,""spa"":false,""pool"":false,""balcony"":false,""bathtub"":false,""pet_friendly"":false,""smoking"":false}","1","1","235000","디럭스 트윈","전체 가상 시뮬레이션"
"R0605_3","H0605","4","3","{""bed_type"":""킹베드 1개"",""view_type"":""파노라마뷰"",""size_sqm"":42,""breakfast"":true,""spa"":true,""pool"":false,""balcony"":true,""bathtub"":true,""pet_friendly"":false,""smoking"":false}","1","0","260000","프리미엄 스위트","전체 가상 시뮬레이션"
"R0606_1","H0606","2","2","{""bed_type"":""퀸베드 1개"",""view_type"":""시티뷰"",""size_sqm"":24,""breakfast"":false,""spa"":false,""pool"":false,""balcony"":false,""bathtub"":false,""pet_friendly"":false,""smoking"":true}","1","1","215000","스탠다드 더블","전체 가상 시뮬레이션"
"R0606_2","H0606","3","3","{""bed_type"":""싱글베드 2개"",""view_type"":""가든뷰"",""size_sqm"":33,""breakfast"":true,""spa"":true,""pool"":false,""balcony"":true,""bathtub"":true,""pet_friendly"":false,""smoking"":false}","1","0","240000","디럭스 트윈","전체 가상 시뮬레이션"
"R0606_3","H0606","4","4","{""bed_type"":""킹베드 1개"",""view_type"":""파노라마뷰"",""size_sqm"":42,""breakfast"":false,""spa"":false,""pool"":false,""balcony"":false,""bathtub"":false,""pet_friendly"":false,""smoking"":false}","1","1","265000","프리미엄 스위트","전체 가상 시뮬레이션"
"R0607_1","H0607","2","3","{""bed_type"":""퀸베드 1개"",""view_type"":""시티뷰"",""size_sqm"":24,""breakfast"":true,""spa"":true,""pool"":false,""balcony"":true,""bathtub"":true,""pet_friendly"":false,""smoking"":true}","1","0","220000","스탠다드 더블","전체 가상 시뮬레이션"
"R0607_2","H0607","3","4","{""bed_type"":""싱글베드 2개"",""view_type"":""가든뷰"",""size_sqm"":33,""breakfast"":false,""spa"":false,""pool"":false,""balcony"":false,""bathtub"":false,""pet_friendly"":false,""smoking"":false}","1","1","245000","디럭스 트윈","전체 가상 시뮬레이션"
"R0607_3","H0607","4","1","{""bed_type"":""킹베드 1개"",""view_type"":""파노라마뷰"",""size_sqm"":42,""breakfast"":true,""spa"":false,""pool"":true,""balcony"":false,""bathtub"":false,""pet_friendly"":false,""smoking"":false}","0","1","270000","프리미엄 스위트","전체 가상 시뮬레이션"
"R0608_1","H0608","2","4","{""bed_type"":""퀸베드 1개"",""view_type"":""시티뷰"",""size_sqm"":24,""breakfast"":false,""spa"":false,""pool"":false,""balcony"":false,""bathtub"":false,""pet_friendly"":false,""smoking"":true}","1","1","225000","스탠다드 더블","전체 가상 시뮬레이션"
"R0608_2","H0608","3","1","{""bed_type"":""싱글베드 2개"",""view_type"":""가든뷰"",""size_sqm"":33,""breakfast"":true,""spa"":false,""pool"":true,""balcony"":false,""bathtub"":false,""pet_friendly"":false,""smoking"":false}","0","1","250000","디럭스 트윈","전체 가상 시뮬레이션"
"R0608_3","H0608","4","2","{""bed_type"":""킹베드 1개"",""view_type"":""파노라마뷰"",""size_sqm"":42,""breakfast"":false,""spa"":true,""pool"":false,""balcony"":true,""bathtub"":true,""pet_friendly"":true,""smoking"":false}","1","0","275000","프리미엄 스위트","전체 가상 시뮬레이션"
"R0609_1","H0609","2","1","{""bed_type"":""퀸베드 1개"",""view_type"":""시티뷰"",""size_sqm"":24,""breakfast"":true,""spa"":false,""pool"":true,""balcony"":false,""bathtub"":false,""pet_friendly"":false,""smoking"":true}","0","1","230000","스탠다드 더블","전체 가상 시뮬레이션"
"R0609_2","H0609","3","2","{""bed_type"":""싱글베드 2개"",""view_type"":""가든뷰"",""size_sqm"":33,""breakfast"":false,""spa"":true,""pool"":false,""balcony"":true,""bathtub"":true,""pet_friendly"":true,""smoking"":false}","1","0","255000","디럭스 트윈","전체 가상 시뮬레이션"
"R0609_3","H0609","4","3","{""bed_type"":""킹베드 1개"",""view_type"":""파노라마뷰"",""size_sqm"":42,""breakfast"":true,""spa"":false,""pool"":false,""balcony"":false,""bathtub"":false,""pet_friendly"":false,""smoking"":false}","1","1","280000","프리미엄 스위트","전체 가상 시뮬레이션"
"R0610_1","H0610","2","2","{""bed_type"":""퀸베드 1개"",""view_type"":""시티뷰"",""size_sqm"":24,""breakfast"":false,""spa"":true,""pool"":false,""balcony"":true,""bathtub"":true,""pet_friendly"":true,""smoking"":true}","1","0","235000","스탠다드 더블","전체 가상 시뮬레이션"
"R0610_2","H0610","3","3","{""bed_type"":""싱글베드 2개"",""view_type"":""가든뷰"",""size_sqm"":33,""breakfast"":true,""spa"":false,""pool"":false,""balcony"":false,""bathtub"":false,""pet_friendly"":false,""smoking"":false}","1","1","260000","디럭스 트윈","전체 가상 시뮬레이션"
"R0610_3","H0610","4","4","{""bed_type"":""킹베드 1개"",""view_type"":""파노라마뷰"",""size_sqm"":42,""breakfast"":false,""spa"":false,""pool"":false,""balcony"":false,""bathtub"":false,""pet_friendly"":false,""smoking"":false}","1","1","285000","프리미엄 스위트","전체 가상 시뮬레이션"
"R0611_1","H0611","2","3","{""bed_type"":""퀸베드 1개"",""view_type"":""시티뷰"",""size_sqm"":24,""breakfast"":true,""spa"":false,""pool"":false,""balcony"":false,""bathtub"":false,""pet_friendly"":false,""smoking"":true}","1","1","240000","스탠다드 더블","전체 가상 시뮬레이션"
"R0611_2","H0611","3","4","{""bed_type"":""싱글베드 2개"",""view_type"":""가든뷰"",""size_sqm"":33,""breakfast"":false,""spa"":false,""pool"":false,""balcony"":false,""bathtub"":false,""pet_friendly"":false,""smoking"":false}","1","1","265000","디럭스 트윈","전체 가상 시뮬레이션"
"R0611_3","H0611","4","1","{""bed_type"":""킹베드 1개"",""view_type"":""파노라마뷰"",""size_sqm"":42,""breakfast"":true,""spa"":true,""pool"":true,""balcony"":true,""bathtub"":true,""pet_friendly"":false,""smoking"":false}","0","0","290000","프리미엄 스위트","전체 가상 시뮬레이션"
"R0612_1","H0612","2","4","{""bed_type"":""퀸베드 1개"",""view_type"":""시티뷰"",""size_sqm"":24,""breakfast"":false,""spa"":false,""pool"":false,""balcony"":false,""bathtub"":false,""pet_friendly"":false,""smoking"":true}","1","1","245000","스탠다드 더블","전체 가상 시뮬레이션"
"R0612_2","H0612","3","1","{""bed_type"":""싱글베드 2개"",""view_type"":""가든뷰"",""size_sqm"":33,""breakfast"":true,""spa"":true,""pool"":true,""balcony"":true,""bathtub"":true,""pet_friendly"":false,""smoking"":false}","0","0","270000","디럭스 트윈","전체 가상 시뮬레이션"
"R0612_3","H0612","4","2","{""bed_type"":""킹베드 1개"",""view_type"":""파노라마뷰"",""size_sqm"":42,""breakfast"":false,""spa"":false,""pool"":false,""balcony"":false,""bathtub"":false,""pet_friendly"":false,""smoking"":false}","1","1","295000","프리미엄 스위트","전체 가상 시뮬레이션"
"R0613_1","H0613","2","1","{""bed_type"":""퀸베드 1개"",""view_type"":""시티뷰"",""size_sqm"":24,""breakfast"":true,""spa"":true,""pool"":true,""balcony"":true,""bathtub"":true,""pet_friendly"":false,""smoking"":true}","0","0","250000","스탠다드 더블","전체 가상 시뮬레이션"
"R0613_2","H0613","3","2","{""bed_type"":""싱글베드 2개"",""view_type"":""가든뷰"",""size_sqm"":33,""breakfast"":false,""spa"":false,""pool"":false,""balcony"":false,""bathtub"":false,""pet_friendly"":false,""smoking"":false}","1","1","275000","디럭스 트윈","전체 가상 시뮬레이션"
"R0613_3","H0613","4","3","{""bed_type"":""킹베드 1개"",""view_type"":""파노라마뷰"",""size_sqm"":42,""breakfast"":true,""spa"":false,""pool"":false,""balcony"":false,""bathtub"":false,""pet_friendly"":false,""smoking"":false}","1","1","300000","프리미엄 스위트","전체 가상 시뮬레이션"
"R0614_1","H0614","2","2","{""bed_type"":""퀸베드 1개"",""view_type"":""시티뷰"",""size_sqm"":24,""breakfast"":false,""spa"":false,""pool"":false,""balcony"":false,""bathtub"":false,""pet_friendly"":false,""smoking"":true}","1","1","255000","스탠다드 더블","전체 가상 시뮬레이션"
"R0614_2","H0614","3","3","{""bed_type"":""싱글베드 2개"",""view_type"":""가든뷰"",""size_sqm"":33,""breakfast"":true,""spa"":false,""pool"":false,""balcony"":false,""bathtub"":false,""pet_friendly"":false,""smoking"":false}","1","1","280000","디럭스 트윈","전체 가상 시뮬레이션"
"R0614_3","H0614","4","4","{""bed_type"":""킹베드 1개"",""view_type"":""파노라마뷰"",""size_sqm"":42,""breakfast"":false,""spa"":true,""pool"":false,""balcony"":true,""bathtub"":true,""pet_friendly"":false,""smoking"":false}","1","0","305000","프리미엄 스위트","전체 가상 시뮬레이션"
"R0615_1","H0615","2","3","{""bed_type"":""퀸베드 1개"",""view_type"":""시티뷰"",""size_sqm"":24,""breakfast"":true,""spa"":false,""pool"":false,""balcony"":false,""bathtub"":false,""pet_friendly"":false,""smoking"":true}","1","1","260000","스탠다드 더블","전체 가상 시뮬레이션"
"R0615_2","H0615","3","4","{""bed_type"":""싱글베드 2개"",""view_type"":""가든뷰"",""size_sqm"":33,""breakfast"":false,""spa"":true,""pool"":false,""balcony"":true,""bathtub"":true,""pet_friendly"":false,""smoking"":false}","1","0","285000","디럭스 트윈","전체 가상 시뮬레이션"
"R0615_3","H0615","4","1","{""bed_type"":""킹베드 1개"",""view_type"":""파노라마뷰"",""size_sqm"":42,""breakfast"":true,""spa"":false,""pool"":true,""balcony"":false,""bathtub"":false,""pet_friendly"":true,""smoking"":false}","0","1","310000","프리미엄 스위트","전체 가상 시뮬레이션"
"R0616_1","H0616","2","4","{""bed_type"":""퀸베드 1개"",""view_type"":""시티뷰"",""size_sqm"":24,""breakfast"":false,""spa"":true,""pool"":false,""balcony"":true,""bathtub"":true,""pet_friendly"":false,""smoking"":true}","1","0","265000","스탠다드 더블","전체 가상 시뮬레이션"
"R0616_2","H0616","3","1","{""bed_type"":""싱글베드 2개"",""view_type"":""가든뷰"",""size_sqm"":33,""breakfast"":true,""spa"":false,""pool"":true,""balcony"":false,""bathtub"":false,""pet_friendly"":true,""smoking"":false}","0","1","290000","디럭스 트윈","전체 가상 시뮬레이션"
"R0616_3","H0616","4","2","{""bed_type"":""킹베드 1개"",""view_type"":""파노라마뷰"",""size_sqm"":42,""breakfast"":false,""spa"":false,""pool"":false,""balcony"":false,""bathtub"":false,""pet_friendly"":false,""smoking"":false}","1","1","315000","프리미엄 스위트","전체 가상 시뮬레이션"
"R0617_1","H0617","2","1","{""bed_type"":""퀸베드 1개"",""view_type"":""시티뷰"",""size_sqm"":24,""breakfast"":true,""spa"":false,""pool"":true,""balcony"":false,""bathtub"":false,""pet_friendly"":true,""smoking"":true}","0","1","270000","스탠다드 더블","전체 가상 시뮬레이션"
"R0617_2","H0617","3","2","{""bed_type"":""싱글베드 2개"",""view_type"":""가든뷰"",""size_sqm"":33,""breakfast"":false,""spa"":false,""pool"":false,""balcony"":false,""bathtub"":false,""pet_friendly"":false,""smoking"":false}","1","1","295000","디럭스 트윈","전체 가상 시뮬레이션"
"R0617_3","H0617","4","3","{""bed_type"":""킹베드 1개"",""view_type"":""파노라마뷰"",""size_sqm"":42,""breakfast"":true,""spa"":true,""pool"":false,""balcony"":true,""bathtub"":true,""pet_friendly"":false,""smoking"":false}","1","0","320000","프리미엄 스위트","전체 가상 시뮬레이션"
"R0618_1","H0618","2","2","{""bed_type"":""퀸베드 1개"",""view_type"":""시티뷰"",""size_sqm"":24,""breakfast"":false,""spa"":false,""pool"":false,""balcony"":false,""bathtub"":false,""pet_friendly"":false,""smoking"":true}","1","1","275000","스탠다드 더블","전체 가상 시뮬레이션"
"R0618_2","H0618","3","3","{""bed_type"":""싱글베드 2개"",""view_type"":""가든뷰"",""size_sqm"":33,""breakfast"":true,""spa"":true,""pool"":false,""balcony"":true,""bathtub"":true,""pet_friendly"":false,""smoking"":false}","1","0","300000","디럭스 트윈","전체 가상 시뮬레이션"
"R0618_3","H0618","4","4","{""bed_type"":""킹베드 1개"",""view_type"":""파노라마뷰"",""size_sqm"":42,""breakfast"":false,""spa"":false,""pool"":false,""balcony"":false,""bathtub"":false,""pet_friendly"":false,""smoking"":false}","1","1","325000","프리미엄 스위트","전체 가상 시뮬레이션"
"R0619_1","H0619","2","3","{""bed_type"":""퀸베드 1개"",""view_type"":""시티뷰"",""size_sqm"":24,""breakfast"":true,""spa"":true,""pool"":false,""balcony"":true,""bathtub"":true,""pet_friendly"":false,""smoking"":true}","1","0","280000","스탠다드 더블","전체 가상 시뮬레이션"
"R0619_2","H0619","3","4","{""bed_type"":""싱글베드 2개"",""view_type"":""가든뷰"",""size_sqm"":33,""breakfast"":false,""spa"":false,""pool"":false,""balcony"":false,""bathtub"":false,""pet_friendly"":false,""smoking"":false}","1","1","305000","디럭스 트윈","전체 가상 시뮬레이션"
"R0619_3","H0619","4","1","{""bed_type"":""킹베드 1개"",""view_type"":""파노라마뷰"",""size_sqm"":42,""breakfast"":true,""spa"":false,""pool"":true,""balcony"":false,""bathtub"":false,""pet_friendly"":false,""smoking"":false}","0","1","330000","프리미엄 스위트","전체 가상 시뮬레이션"
"R0620_1","H0620","2","4","{""bed_type"":""퀸베드 1개"",""view_type"":""시티뷰"",""size_sqm"":24,""breakfast"":false,""spa"":false,""pool"":false,""balcony"":false,""bathtub"":false,""pet_friendly"":false,""smoking"":true}","1","1","285000","스탠다드 더블","전체 가상 시뮬레이션"
"R0620_2","H0620","3","1","{""bed_type"":""싱글베드 2개"",""view_type"":""가든뷰"",""size_sqm"":33,""breakfast"":true,""spa"":false,""pool"":true,""balcony"":false,""bathtub"":false,""pet_friendly"":false,""smoking"":false}","0","1","310000","디럭스 트윈","전체 가상 시뮬레이션"
"R0620_3","H0620","4","2","{""bed_type"":""킹베드 1개"",""view_type"":""파노라마뷰"",""size_sqm"":42,""breakfast"":false,""spa"":true,""pool"":false,""balcony"":true,""bathtub"":true,""pet_friendly"":false,""smoking"":false}","1","0","335000","프리미엄 스위트","전체 가상 시뮬레이션"
"R0621_1","H0621","2","1","{""bed_type"":""퀸베드 1개"",""view_type"":""시티뷰"",""size_sqm"":24,""breakfast"":true,""spa"":false,""pool"":true,""balcony"":false,""bathtub"":false,""pet_friendly"":false,""smoking"":true}","0","1","290000","스탠다드 더블","전체 가상 시뮬레이션"
"R0621_2","H0621","3","2","{""bed_type"":""싱글베드 2개"",""view_type"":""가든뷰"",""size_sqm"":33,""breakfast"":false,""spa"":true,""pool"":false,""balcony"":true,""bathtub"":true,""pet_friendly"":false,""smoking"":false}","1","0","315000","디럭스 트윈","전체 가상 시뮬레이션"
"R0621_3","H0621","4","3","{""bed_type"":""킹베드 1개"",""view_type"":""파노라마뷰"",""size_sqm"":42,""breakfast"":true,""spa"":false,""pool"":false,""balcony"":false,""bathtub"":false,""pet_friendly"":false,""smoking"":false}","1","1","340000","프리미엄 스위트","전체 가상 시뮬레이션"
"R0622_1","H0622","2","2","{""bed_type"":""퀸베드 1개"",""view_type"":""시티뷰"",""size_sqm"":24,""breakfast"":false,""spa"":true,""pool"":false,""balcony"":true,""bathtub"":true,""pet_friendly"":false,""smoking"":true}","1","0","295000","스탠다드 더블","전체 가상 시뮬레이션"
"R0622_2","H0622","3","3","{""bed_type"":""싱글베드 2개"",""view_type"":""가든뷰"",""size_sqm"":33,""breakfast"":true,""spa"":false,""pool"":false,""balcony"":false,""bathtub"":false,""pet_friendly"":false,""smoking"":false}","1","1","320000","디럭스 트윈","전체 가상 시뮬레이션"
"R0622_3","H0622","4","4","{""bed_type"":""킹베드 1개"",""view_type"":""파노라마뷰"",""size_sqm"":42,""breakfast"":false,""spa"":false,""pool"":false,""balcony"":false,""bathtub"":false,""pet_friendly"":true,""smoking"":false}","1","1","345000","프리미엄 스위트","전체 가상 시뮬레이션"
"R0623_1","H0623","2","3","{""bed_type"":""퀸베드 1개"",""view_type"":""시티뷰"",""size_sqm"":24,""breakfast"":true,""spa"":false,""pool"":false,""balcony"":false,""bathtub"":false,""pet_friendly"":false,""smoking"":true}","1","1","300000","스탠다드 더블","전체 가상 시뮬레이션"
"R0623_2","H0623","3","4","{""bed_type"":""싱글베드 2개"",""view_type"":""가든뷰"",""size_sqm"":33,""breakfast"":false,""spa"":false,""pool"":false,""balcony"":false,""bathtub"":false,""pet_friendly"":true,""smoking"":false}","1","1","325000","디럭스 트윈","전체 가상 시뮬레이션"
"R0623_3","H0623","4","1","{""bed_type"":""킹베드 1개"",""view_type"":""파노라마뷰"",""size_sqm"":42,""breakfast"":true,""spa"":true,""pool"":true,""balcony"":true,""bathtub"":true,""pet_friendly"":false,""smoking"":false}","0","0","350000","프리미엄 스위트","전체 가상 시뮬레이션"
"R0624_1","H0624","2","4","{""bed_type"":""퀸베드 1개"",""view_type"":""시티뷰"",""size_sqm"":24,""breakfast"":false,""spa"":false,""pool"":false,""balcony"":false,""bathtub"":false,""pet_friendly"":true,""smoking"":true}","1","1","305000","스탠다드 더블","전체 가상 시뮬레이션"
"R0624_2","H0624","3","1","{""bed_type"":""싱글베드 2개"",""view_type"":""가든뷰"",""size_sqm"":33,""breakfast"":true,""spa"":true,""pool"":true,""balcony"":true,""bathtub"":true,""pet_friendly"":false,""smoking"":false}","0","0","330000","디럭스 트윈","전체 가상 시뮬레이션"
"R0624_3","H0624","4","2","{""bed_type"":""킹베드 1개"",""view_type"":""파노라마뷰"",""size_sqm"":42,""breakfast"":false,""spa"":false,""pool"":false,""balcony"":false,""bathtub"":false,""pet_friendly"":false,""smoking"":false}","1","1","355000","프리미엄 스위트","전체 가상 시뮬레이션"
"R0625_1","H0625","2","1","{""bed_type"":""퀸베드 1개"",""view_type"":""시티뷰"",""size_sqm"":24,""breakfast"":true,""spa"":true,""pool"":true,""balcony"":true,""bathtub"":true,""pet_friendly"":false,""smoking"":true}","0","0","70000","스탠다드 더블","전체 가상 시뮬레이션"
"R0625_2","H0625","3","2","{""bed_type"":""싱글베드 2개"",""view_type"":""가든뷰"",""size_sqm"":33,""breakfast"":false,""spa"":false,""pool"":false,""balcony"":false,""bathtub"":false,""pet_friendly"":false,""smoking"":false}","1","1","95000","디럭스 트윈","전체 가상 시뮬레이션"
"R0625_3","H0625","4","3","{""bed_type"":""킹베드 1개"",""view_type"":""파노라마뷰"",""size_sqm"":42,""breakfast"":true,""spa"":false,""pool"":false,""balcony"":false,""bathtub"":false,""pet_friendly"":false,""smoking"":false}","1","1","120000","프리미엄 스위트","전체 가상 시뮬레이션"
"R0626_1","H0626","2","2","{""bed_type"":""퀸베드 1개"",""view_type"":""시티뷰"",""size_sqm"":24,""breakfast"":false,""spa"":false,""pool"":false,""balcony"":false,""bathtub"":false,""pet_friendly"":false,""smoking"":true}","1","1","75000","스탠다드 더블","전체 가상 시뮬레이션"
"R0626_2","H0626","3","3","{""bed_type"":""싱글베드 2개"",""view_type"":""가든뷰"",""size_sqm"":33,""breakfast"":true,""spa"":false,""pool"":false,""balcony"":false,""bathtub"":false,""pet_friendly"":false,""smoking"":false}","1","1","100000","디럭스 트윈","전체 가상 시뮬레이션"
"R0626_3","H0626","4","4","{""bed_type"":""킹베드 1개"",""view_type"":""파노라마뷰"",""size_sqm"":42,""breakfast"":false,""spa"":true,""pool"":false,""balcony"":true,""bathtub"":true,""pet_friendly"":false,""smoking"":false}","1","0","125000","프리미엄 스위트","전체 가상 시뮬레이션"
"R0627_1","H0627","2","3","{""bed_type"":""퀸베드 1개"",""view_type"":""시티뷰"",""size_sqm"":24,""breakfast"":true,""spa"":false,""pool"":false,""balcony"":false,""bathtub"":false,""pet_friendly"":false,""smoking"":true}","1","1","80000","스탠다드 더블","전체 가상 시뮬레이션"
"R0627_2","H0627","3","4","{""bed_type"":""싱글베드 2개"",""view_type"":""가든뷰"",""size_sqm"":33,""breakfast"":false,""spa"":true,""pool"":false,""balcony"":true,""bathtub"":true,""pet_friendly"":false,""smoking"":false}","1","0","105000","디럭스 트윈","전체 가상 시뮬레이션"
"R0627_3","H0627","4","1","{""bed_type"":""킹베드 1개"",""view_type"":""파노라마뷰"",""size_sqm"":42,""breakfast"":true,""spa"":false,""pool"":true,""balcony"":false,""bathtub"":false,""pet_friendly"":false,""smoking"":false}","0","1","130000","프리미엄 스위트","전체 가상 시뮬레이션"
"R0628_1","H0628","2","4","{""bed_type"":""퀸베드 1개"",""view_type"":""시티뷰"",""size_sqm"":24,""breakfast"":false,""spa"":true,""pool"":false,""balcony"":true,""bathtub"":true,""pet_friendly"":false,""smoking"":true}","1","0","85000","스탠다드 더블","전체 가상 시뮬레이션"
"R0628_2","H0628","3","1","{""bed_type"":""싱글베드 2개"",""view_type"":""가든뷰"",""size_sqm"":33,""breakfast"":true,""spa"":false,""pool"":true,""balcony"":false,""bathtub"":false,""pet_friendly"":false,""smoking"":false}","0","1","110000","디럭스 트윈","전체 가상 시뮬레이션"
"R0628_3","H0628","4","2","{""bed_type"":""킹베드 1개"",""view_type"":""파노라마뷰"",""size_sqm"":42,""breakfast"":false,""spa"":false,""pool"":false,""balcony"":false,""bathtub"":false,""pet_friendly"":false,""smoking"":false}","1","1","135000","프리미엄 스위트","전체 가상 시뮬레이션"
"R0629_1","H0629","2","1","{""bed_type"":""퀸베드 1개"",""view_type"":""시티뷰"",""size_sqm"":24,""breakfast"":true,""spa"":false,""pool"":true,""balcony"":false,""bathtub"":false,""pet_friendly"":false,""smoking"":true}","0","1","90000","스탠다드 더블","전체 가상 시뮬레이션"
"R0629_2","H0629","3","2","{""bed_type"":""싱글베드 2개"",""view_type"":""가든뷰"",""size_sqm"":33,""breakfast"":false,""spa"":false,""pool"":false,""balcony"":false,""bathtub"":false,""pet_friendly"":false,""smoking"":false}","1","1","115000","디럭스 트윈","전체 가상 시뮬레이션"
"R0629_3","H0629","4","3","{""bed_type"":""킹베드 1개"",""view_type"":""파노라마뷰"",""size_sqm"":42,""breakfast"":true,""spa"":true,""pool"":false,""balcony"":true,""bathtub"":true,""pet_friendly"":true,""smoking"":false}","1","0","140000","프리미엄 스위트","전체 가상 시뮬레이션"
"R0630_1","H0630","2","2","{""bed_type"":""퀸베드 1개"",""view_type"":""시티뷰"",""size_sqm"":24,""breakfast"":false,""spa"":false,""pool"":false,""balcony"":false,""bathtub"":false,""pet_friendly"":false,""smoking"":true}","1","1","95000","스탠다드 더블","전체 가상 시뮬레이션"
"R0630_2","H0630","3","3","{""bed_type"":""싱글베드 2개"",""view_type"":""가든뷰"",""size_sqm"":33,""breakfast"":true,""spa"":true,""pool"":false,""balcony"":true,""bathtub"":true,""pet_friendly"":true,""smoking"":false}","1","0","120000","디럭스 트윈","전체 가상 시뮬레이션"
"R0630_3","H0630","4","4","{""bed_type"":""킹베드 1개"",""view_type"":""파노라마뷰"",""size_sqm"":42,""breakfast"":false,""spa"":false,""pool"":false,""balcony"":false,""bathtub"":false,""pet_friendly"":false,""smoking"":false}","1","1","145000","프리미엄 스위트","전체 가상 시뮬레이션"
"R0631_1","H0631","2","3","{""bed_type"":""퀸베드 1개"",""view_type"":""시티뷰"",""size_sqm"":24,""breakfast"":true,""spa"":true,""pool"":false,""balcony"":true,""bathtub"":true,""pet_friendly"":true,""smoking"":true}","1","0","100000","스탠다드 더블","전체 가상 시뮬레이션"
"R0631_2","H0631","3","4","{""bed_type"":""싱글베드 2개"",""view_type"":""가든뷰"",""size_sqm"":33,""breakfast"":false,""spa"":false,""pool"":false,""balcony"":false,""bathtub"":false,""pet_friendly"":false,""smoking"":false}","1","1","125000","디럭스 트윈","전체 가상 시뮬레이션"
"R0631_3","H0631","4","1","{""bed_type"":""킹베드 1개"",""view_type"":""파노라마뷰"",""size_sqm"":42,""breakfast"":true,""spa"":false,""pool"":true,""balcony"":false,""bathtub"":false,""pet_friendly"":false,""smoking"":false}","0","1","150000","프리미엄 스위트","전체 가상 시뮬레이션"
"R0632_1","H0632","2","4","{""bed_type"":""퀸베드 1개"",""view_type"":""시티뷰"",""size_sqm"":24,""breakfast"":false,""spa"":false,""pool"":false,""balcony"":false,""bathtub"":false,""pet_friendly"":false,""smoking"":true}","1","1","105000","스탠다드 더블","전체 가상 시뮬레이션"
"R0632_2","H0632","3","1","{""bed_type"":""싱글베드 2개"",""view_type"":""가든뷰"",""size_sqm"":33,""breakfast"":true,""spa"":false,""pool"":true,""balcony"":false,""bathtub"":false,""pet_friendly"":false,""smoking"":false}","0","1","130000","디럭스 트윈","전체 가상 시뮬레이션"
"R0632_3","H0632","4","2","{""bed_type"":""킹베드 1개"",""view_type"":""파노라마뷰"",""size_sqm"":42,""breakfast"":false,""spa"":true,""pool"":false,""balcony"":true,""bathtub"":true,""pet_friendly"":false,""smoking"":false}","1","0","155000","프리미엄 스위트","전체 가상 시뮬레이션"
"R0633_1","H0633","2","1","{""bed_type"":""퀸베드 1개"",""view_type"":""시티뷰"",""size_sqm"":24,""breakfast"":true,""spa"":false,""pool"":true,""balcony"":false,""bathtub"":false,""pet_friendly"":false,""smoking"":true}","0","1","110000","스탠다드 더블","전체 가상 시뮬레이션"
"R0633_2","H0633","3","2","{""bed_type"":""싱글베드 2개"",""view_type"":""가든뷰"",""size_sqm"":33,""breakfast"":false,""spa"":true,""pool"":false,""balcony"":true,""bathtub"":true,""pet_friendly"":false,""smoking"":false}","1","0","135000","디럭스 트윈","전체 가상 시뮬레이션"
"R0633_3","H0633","4","3","{""bed_type"":""킹베드 1개"",""view_type"":""파노라마뷰"",""size_sqm"":42,""breakfast"":true,""spa"":false,""pool"":false,""balcony"":false,""bathtub"":false,""pet_friendly"":false,""smoking"":false}","1","1","160000","프리미엄 스위트","전체 가상 시뮬레이션"
"R0634_1","H0634","2","2","{""bed_type"":""퀸베드 1개"",""view_type"":""시티뷰"",""size_sqm"":24,""breakfast"":false,""spa"":true,""pool"":false,""balcony"":true,""bathtub"":true,""pet_friendly"":false,""smoking"":true}","1","0","115000","스탠다드 더블","전체 가상 시뮬레이션"
"R0634_2","H0634","3","3","{""bed_type"":""싱글베드 2개"",""view_type"":""가든뷰"",""size_sqm"":33,""breakfast"":true,""spa"":false,""pool"":false,""balcony"":false,""bathtub"":false,""pet_friendly"":false,""smoking"":false}","1","1","140000","디럭스 트윈","전체 가상 시뮬레이션"
"R0634_3","H0634","4","4","{""bed_type"":""킹베드 1개"",""view_type"":""파노라마뷰"",""size_sqm"":42,""breakfast"":false,""spa"":false,""pool"":false,""balcony"":false,""bathtub"":false,""pet_friendly"":false,""smoking"":false}","1","1","165000","프리미엄 스위트","전체 가상 시뮬레이션"
"R0635_1","H0635","2","3","{""bed_type"":""퀸베드 1개"",""view_type"":""시티뷰"",""size_sqm"":24,""breakfast"":true,""spa"":false,""pool"":false,""balcony"":false,""bathtub"":false,""pet_friendly"":false,""smoking"":true}","1","1","120000","스탠다드 더블","전체 가상 시뮬레이션"
"R0635_2","H0635","3","4","{""bed_type"":""싱글베드 2개"",""view_type"":""가든뷰"",""size_sqm"":33,""breakfast"":false,""spa"":false,""pool"":false,""balcony"":false,""bathtub"":false,""pet_friendly"":false,""smoking"":false}","1","1","145000","디럭스 트윈","전체 가상 시뮬레이션"
"R0635_3","H0635","4","1","{""bed_type"":""킹베드 1개"",""view_type"":""파노라마뷰"",""size_sqm"":42,""breakfast"":true,""spa"":true,""pool"":true,""balcony"":true,""bathtub"":true,""pet_friendly"":false,""smoking"":false}","0","0","170000","프리미엄 스위트","전체 가상 시뮬레이션"
"R0636_1","H0636","2","4","{""bed_type"":""퀸베드 1개"",""view_type"":""시티뷰"",""size_sqm"":24,""breakfast"":false,""spa"":false,""pool"":false,""balcony"":false,""bathtub"":false,""pet_friendly"":false,""smoking"":true}","1","1","125000","스탠다드 더블","전체 가상 시뮬레이션"
"R0636_2","H0636","3","1","{""bed_type"":""싱글베드 2개"",""view_type"":""가든뷰"",""size_sqm"":33,""breakfast"":true,""spa"":true,""pool"":true,""balcony"":true,""bathtub"":true,""pet_friendly"":false,""smoking"":false}","0","0","150000","디럭스 트윈","전체 가상 시뮬레이션"
"R0636_3","H0636","4","2","{""bed_type"":""킹베드 1개"",""view_type"":""파노라마뷰"",""size_sqm"":42,""breakfast"":false,""spa"":false,""pool"":false,""balcony"":false,""bathtub"":false,""pet_friendly"":true,""smoking"":false}","1","1","175000","프리미엄 스위트","전체 가상 시뮬레이션"
"R0637_1","H0637","2","1","{""bed_type"":""퀸베드 1개"",""view_type"":""시티뷰"",""size_sqm"":24,""breakfast"":true,""spa"":true,""pool"":true,""balcony"":true,""bathtub"":true,""pet_friendly"":false,""smoking"":true}","0","0","130000","스탠다드 더블","전체 가상 시뮬레이션"
"R0637_2","H0637","3","2","{""bed_type"":""싱글베드 2개"",""view_type"":""가든뷰"",""size_sqm"":33,""breakfast"":false,""spa"":false,""pool"":false,""balcony"":false,""bathtub"":false,""pet_friendly"":true,""smoking"":false}","1","1","155000","디럭스 트윈","전체 가상 시뮬레이션"
"R0637_3","H0637","4","3","{""bed_type"":""킹베드 1개"",""view_type"":""파노라마뷰"",""size_sqm"":42,""breakfast"":true,""spa"":false,""pool"":false,""balcony"":false,""bathtub"":false,""pet_friendly"":false,""smoking"":false}","1","1","180000","프리미엄 스위트","전체 가상 시뮬레이션"
"R0638_1","H0638","2","2","{""bed_type"":""퀸베드 1개"",""view_type"":""시티뷰"",""size_sqm"":24,""breakfast"":false,""spa"":false,""pool"":false,""balcony"":false,""bathtub"":false,""pet_friendly"":true,""smoking"":true}","1","1","135000","스탠다드 더블","전체 가상 시뮬레이션"
"R0638_2","H0638","3","3","{""bed_type"":""싱글베드 2개"",""view_type"":""가든뷰"",""size_sqm"":33,""breakfast"":true,""spa"":false,""pool"":false,""balcony"":false,""bathtub"":false,""pet_friendly"":false,""smoking"":false}","1","1","160000","디럭스 트윈","전체 가상 시뮬레이션"
"R0638_3","H0638","4","4","{""bed_type"":""킹베드 1개"",""view_type"":""파노라마뷰"",""size_sqm"":42,""breakfast"":false,""spa"":true,""pool"":false,""balcony"":true,""bathtub"":true,""pet_friendly"":false,""smoking"":false}","1","0","185000","프리미엄 스위트","전체 가상 시뮬레이션"
"R0639_1","H0639","2","3","{""bed_type"":""퀸베드 1개"",""view_type"":""시티뷰"",""size_sqm"":24,""breakfast"":true,""spa"":false,""pool"":false,""balcony"":false,""bathtub"":false,""pet_friendly"":false,""smoking"":true}","1","1","140000","스탠다드 더블","전체 가상 시뮬레이션"
"R0639_2","H0639","3","4","{""bed_type"":""싱글베드 2개"",""view_type"":""가든뷰"",""size_sqm"":33,""breakfast"":false,""spa"":true,""pool"":false,""balcony"":true,""bathtub"":true,""pet_friendly"":false,""smoking"":false}","1","0","165000","디럭스 트윈","전체 가상 시뮬레이션"
"R0639_3","H0639","4","1","{""bed_type"":""킹베드 1개"",""view_type"":""파노라마뷰"",""size_sqm"":42,""breakfast"":true,""spa"":false,""pool"":true,""balcony"":false,""bathtub"":false,""pet_friendly"":false,""smoking"":false}","0","1","190000","프리미엄 스위트","전체 가상 시뮬레이션"
"R0640_1","H0640","2","4","{""bed_type"":""퀸베드 1개"",""view_type"":""시티뷰"",""size_sqm"":24,""breakfast"":false,""spa"":true,""pool"":false,""balcony"":true,""bathtub"":true,""pet_friendly"":false,""smoking"":true}","1","0","145000","스탠다드 더블","전체 가상 시뮬레이션"
"R0640_2","H0640","3","1","{""bed_type"":""싱글베드 2개"",""view_type"":""가든뷰"",""size_sqm"":33,""breakfast"":true,""spa"":false,""pool"":true,""balcony"":false,""bathtub"":false,""pet_friendly"":false,""smoking"":false}","0","1","170000","디럭스 트윈","전체 가상 시뮬레이션"
"R0640_3","H0640","4","2","{""bed_type"":""킹베드 1개"",""view_type"":""파노라마뷰"",""size_sqm"":42,""breakfast"":false,""spa"":false,""pool"":false,""balcony"":false,""bathtub"":false,""pet_friendly"":false,""smoking"":false}","1","1","195000","프리미엄 스위트","전체 가상 시뮬레이션"
"R0641_1","H0641","2","1","{""bed_type"":""퀸베드 1개"",""view_type"":""시티뷰"",""size_sqm"":24,""breakfast"":true,""spa"":false,""pool"":true,""balcony"":false,""bathtub"":false,""pet_friendly"":false,""smoking"":true}","0","1","150000","스탠다드 더블","전체 가상 시뮬레이션"
"R0641_2","H0641","3","2","{""bed_type"":""싱글베드 2개"",""view_type"":""가든뷰"",""size_sqm"":33,""breakfast"":false,""spa"":false,""pool"":false,""balcony"":false,""bathtub"":false,""pet_friendly"":false,""smoking"":false}","1","1","175000","디럭스 트윈","전체 가상 시뮬레이션"
"R0641_3","H0641","4","3","{""bed_type"":""킹베드 1개"",""view_type"":""파노라마뷰"",""size_sqm"":42,""breakfast"":true,""spa"":true,""pool"":false,""balcony"":true,""bathtub"":true,""pet_friendly"":false,""smoking"":false}","1","0","200000","프리미엄 스위트","전체 가상 시뮬레이션"
"R0642_1","H0642","2","2","{""bed_type"":""퀸베드 1개"",""view_type"":""시티뷰"",""size_sqm"":24,""breakfast"":false,""spa"":false,""pool"":false,""balcony"":false,""bathtub"":false,""pet_friendly"":false,""smoking"":true}","1","1","155000","스탠다드 더블","전체 가상 시뮬레이션"
"R0642_2","H0642","3","3","{""bed_type"":""싱글베드 2개"",""view_type"":""가든뷰"",""size_sqm"":33,""breakfast"":true,""spa"":true,""pool"":false,""balcony"":true,""bathtub"":true,""pet_friendly"":false,""smoking"":false}","1","0","180000","디럭스 트윈","전체 가상 시뮬레이션"
"R0642_3","H0642","4","4","{""bed_type"":""킹베드 1개"",""view_type"":""파노라마뷰"",""size_sqm"":42,""breakfast"":false,""spa"":false,""pool"":false,""balcony"":false,""bathtub"":false,""pet_friendly"":false,""smoking"":false}","1","1","205000","프리미엄 스위트","전체 가상 시뮬레이션"
"R0643_1","H0643","2","3","{""bed_type"":""퀸베드 1개"",""view_type"":""시티뷰"",""size_sqm"":24,""breakfast"":true,""spa"":true,""pool"":false,""balcony"":true,""bathtub"":true,""pet_friendly"":false,""smoking"":true}","1","0","160000","스탠다드 더블","전체 가상 시뮬레이션"
"R0643_2","H0643","3","4","{""bed_type"":""싱글베드 2개"",""view_type"":""가든뷰"",""size_sqm"":33,""breakfast"":false,""spa"":false,""pool"":false,""balcony"":false,""bathtub"":false,""pet_friendly"":false,""smoking"":false}","1","1","185000","디럭스 트윈","전체 가상 시뮬레이션"
"R0643_3","H0643","4","1","{""bed_type"":""킹베드 1개"",""view_type"":""파노라마뷰"",""size_sqm"":42,""breakfast"":true,""spa"":false,""pool"":true,""balcony"":false,""bathtub"":false,""pet_friendly"":true,""smoking"":false}","0","1","210000","프리미엄 스위트","전체 가상 시뮬레이션"
"R0644_1","H0644","2","4","{""bed_type"":""퀸베드 1개"",""view_type"":""시티뷰"",""size_sqm"":24,""breakfast"":false,""spa"":false,""pool"":false,""balcony"":false,""bathtub"":false,""pet_friendly"":false,""smoking"":true}","1","1","165000","스탠다드 더블","전체 가상 시뮬레이션"
"R0644_2","H0644","3","1","{""bed_type"":""싱글베드 2개"",""view_type"":""가든뷰"",""size_sqm"":33,""breakfast"":true,""spa"":false,""pool"":true,""balcony"":false,""bathtub"":false,""pet_friendly"":true,""smoking"":false}","0","1","190000","디럭스 트윈","전체 가상 시뮬레이션"
"R0644_3","H0644","4","2","{""bed_type"":""킹베드 1개"",""view_type"":""파노라마뷰"",""size_sqm"":42,""breakfast"":false,""spa"":true,""pool"":false,""balcony"":true,""bathtub"":true,""pet_friendly"":false,""smoking"":false}","1","0","215000","프리미엄 스위트","전체 가상 시뮬레이션"
"R0645_1","H0645","2","1","{""bed_type"":""퀸베드 1개"",""view_type"":""시티뷰"",""size_sqm"":24,""breakfast"":true,""spa"":false,""pool"":true,""balcony"":false,""bathtub"":false,""pet_friendly"":true,""smoking"":true}","0","1","170000","스탠다드 더블","전체 가상 시뮬레이션"
"R0645_2","H0645","3","2","{""bed_type"":""싱글베드 2개"",""view_type"":""가든뷰"",""size_sqm"":33,""breakfast"":false,""spa"":true,""pool"":false,""balcony"":true,""bathtub"":true,""pet_friendly"":false,""smoking"":false}","1","0","195000","디럭스 트윈","전체 가상 시뮬레이션"
"R0645_3","H0645","4","3","{""bed_type"":""킹베드 1개"",""view_type"":""파노라마뷰"",""size_sqm"":42,""breakfast"":true,""spa"":false,""pool"":false,""balcony"":false,""bathtub"":false,""pet_friendly"":false,""smoking"":false}","1","1","220000","프리미엄 스위트","전체 가상 시뮬레이션"
"R0646_1","H0646","2","2","{""bed_type"":""퀸베드 1개"",""view_type"":""시티뷰"",""size_sqm"":24,""breakfast"":false,""spa"":true,""pool"":false,""balcony"":true,""bathtub"":true,""pet_friendly"":false,""smoking"":true}","1","0","175000","스탠다드 더블","전체 가상 시뮬레이션"
"R0646_2","H0646","3","3","{""bed_type"":""싱글베드 2개"",""view_type"":""가든뷰"",""size_sqm"":33,""breakfast"":true,""spa"":false,""pool"":false,""balcony"":false,""bathtub"":false,""pet_friendly"":false,""smoking"":false}","1","1","200000","디럭스 트윈","전체 가상 시뮬레이션"
"R0646_3","H0646","4","4","{""bed_type"":""킹베드 1개"",""view_type"":""파노라마뷰"",""size_sqm"":42,""breakfast"":false,""spa"":false,""pool"":false,""balcony"":false,""bathtub"":false,""pet_friendly"":false,""smoking"":false}","1","1","225000","프리미엄 스위트","전체 가상 시뮬레이션"
"R0647_1","H0647","2","3","{""bed_type"":""퀸베드 1개"",""view_type"":""시티뷰"",""size_sqm"":24,""breakfast"":true,""spa"":false,""pool"":false,""balcony"":false,""bathtub"":false,""pet_friendly"":false,""smoking"":true}","1","1","180000","스탠다드 더블","전체 가상 시뮬레이션"
"R0647_2","H0647","3","4","{""bed_type"":""싱글베드 2개"",""view_type"":""가든뷰"",""size_sqm"":33,""breakfast"":false,""spa"":false,""pool"":false,""balcony"":false,""bathtub"":false,""pet_friendly"":false,""smoking"":false}","1","1","205000","디럭스 트윈","전체 가상 시뮬레이션"
"R0647_3","H0647","4","1","{""bed_type"":""킹베드 1개"",""view_type"":""파노라마뷰"",""size_sqm"":42,""breakfast"":true,""spa"":true,""pool"":true,""balcony"":true,""bathtub"":true,""pet_friendly"":false,""smoking"":false}","0","0","230000","프리미엄 스위트","전체 가상 시뮬레이션"
"R0648_1","H0648","2","4","{""bed_type"":""퀸베드 1개"",""view_type"":""시티뷰"",""size_sqm"":24,""breakfast"":false,""spa"":false,""pool"":false,""balcony"":false,""bathtub"":false,""pet_friendly"":false,""smoking"":true}","1","1","185000","스탠다드 더블","전체 가상 시뮬레이션"
"R0648_2","H0648","3","1","{""bed_type"":""싱글베드 2개"",""view_type"":""가든뷰"",""size_sqm"":33,""breakfast"":true,""spa"":true,""pool"":true,""balcony"":true,""bathtub"":true,""pet_friendly"":false,""smoking"":false}","0","0","210000","디럭스 트윈","전체 가상 시뮬레이션"
"R0648_3","H0648","4","2","{""bed_type"":""킹베드 1개"",""view_type"":""파노라마뷰"",""size_sqm"":42,""breakfast"":false,""spa"":false,""pool"":false,""balcony"":false,""bathtub"":false,""pet_friendly"":false,""smoking"":false}","1","1","235000","프리미엄 스위트","전체 가상 시뮬레이션"
"R0649_1","H0649","2","1","{""bed_type"":""퀸베드 1개"",""view_type"":""시티뷰"",""size_sqm"":24,""breakfast"":true,""spa"":true,""pool"":true,""balcony"":true,""bathtub"":true,""pet_friendly"":false,""smoking"":true}","0","0","190000","스탠다드 더블","전체 가상 시뮬레이션"
"R0649_2","H0649","3","2","{""bed_type"":""싱글베드 2개"",""view_type"":""가든뷰"",""size_sqm"":33,""breakfast"":false,""spa"":false,""pool"":false,""balcony"":false,""bathtub"":false,""pet_friendly"":false,""smoking"":false}","1","1","215000","디럭스 트윈","전체 가상 시뮬레이션"
"R0649_3","H0649","4","3","{""bed_type"":""킹베드 1개"",""view_type"":""파노라마뷰"",""size_sqm"":42,""breakfast"":true,""spa"":false,""pool"":false,""balcony"":false,""bathtub"":false,""pet_friendly"":false,""smoking"":false}","1","1","240000","프리미엄 스위트","전체 가상 시뮬레이션"
"R0650_1","H0650","2","2","{""bed_type"":""퀸베드 1개"",""view_type"":""시티뷰"",""size_sqm"":24,""breakfast"":false,""spa"":false,""pool"":false,""balcony"":false,""bathtub"":false,""pet_friendly"":false,""smoking"":true}","1","1","195000","스탠다드 더블","전체 가상 시뮬레이션"
"R0650_2","H0650","3","3","{""bed_type"":""싱글베드 2개"",""view_type"":""가든뷰"",""size_sqm"":33,""breakfast"":true,""spa"":false,""pool"":false,""balcony"":false,""bathtub"":false,""pet_friendly"":false,""smoking"":false}","1","1","220000","디럭스 트윈","전체 가상 시뮬레이션"
"R0650_3","H0650","4","4","{""bed_type"":""킹베드 1개"",""view_type"":""파노라마뷰"",""size_sqm"":42,""breakfast"":false,""spa"":true,""pool"":false,""balcony"":true,""bathtub"":true,""pet_friendly"":true,""smoking"":false}","1","0","245000","프리미엄 스위트","전체 가상 시뮬레이션"
"R0651_1","H0651","2","3","{""bed_type"":""퀸베드 1개"",""view_type"":""시티뷰"",""size_sqm"":24,""breakfast"":true,""spa"":false,""pool"":false,""balcony"":false,""bathtub"":false,""pet_friendly"":false,""smoking"":true}","1","1","200000","스탠다드 더블","전체 가상 시뮬레이션"
"R0651_2","H0651","3","4","{""bed_type"":""싱글베드 2개"",""view_type"":""가든뷰"",""size_sqm"":33,""breakfast"":false,""spa"":true,""pool"":false,""balcony"":true,""bathtub"":true,""pet_friendly"":true,""smoking"":false}","1","0","225000","디럭스 트윈","전체 가상 시뮬레이션"
"R0651_3","H0651","4","1","{""bed_type"":""킹베드 1개"",""view_type"":""파노라마뷰"",""size_sqm"":42,""breakfast"":true,""spa"":false,""pool"":true,""balcony"":false,""bathtub"":false,""pet_friendly"":false,""smoking"":false}","0","1","250000","프리미엄 스위트","전체 가상 시뮬레이션"
"R0652_1","H0652","2","4","{""bed_type"":""퀸베드 1개"",""view_type"":""시티뷰"",""size_sqm"":24,""breakfast"":false,""spa"":true,""pool"":false,""balcony"":true,""bathtub"":true,""pet_friendly"":true,""smoking"":true}","1","0","205000","스탠다드 더블","전체 가상 시뮬레이션"
"R0652_2","H0652","3","1","{""bed_type"":""싱글베드 2개"",""view_type"":""가든뷰"",""size_sqm"":33,""breakfast"":true,""spa"":false,""pool"":true,""balcony"":false,""bathtub"":false,""pet_friendly"":false,""smoking"":false}","0","1","230000","디럭스 트윈","전체 가상 시뮬레이션"
"R0652_3","H0652","4","2","{""bed_type"":""킹베드 1개"",""view_type"":""파노라마뷰"",""size_sqm"":42,""breakfast"":false,""spa"":false,""pool"":false,""balcony"":false,""bathtub"":false,""pet_friendly"":false,""smoking"":false}","1","1","255000","프리미엄 스위트","전체 가상 시뮬레이션"
"R0653_1","H0653","2","1","{""bed_type"":""퀸베드 1개"",""view_type"":""시티뷰"",""size_sqm"":24,""breakfast"":true,""spa"":false,""pool"":true,""balcony"":false,""bathtub"":false,""pet_friendly"":false,""smoking"":true}","0","1","210000","스탠다드 더블","전체 가상 시뮬레이션"
"R0653_2","H0653","3","2","{""bed_type"":""싱글베드 2개"",""view_type"":""가든뷰"",""size_sqm"":33,""breakfast"":false,""spa"":false,""pool"":false,""balcony"":false,""bathtub"":false,""pet_friendly"":false,""smoking"":false}","1","1","235000","디럭스 트윈","전체 가상 시뮬레이션"
"R0653_3","H0653","4","3","{""bed_type"":""킹베드 1개"",""view_type"":""파노라마뷰"",""size_sqm"":42,""breakfast"":true,""spa"":true,""pool"":false,""balcony"":true,""bathtub"":true,""pet_friendly"":false,""smoking"":false}","1","0","260000","프리미엄 스위트","전체 가상 시뮬레이션"
"R0654_1","H0654","2","2","{""bed_type"":""퀸베드 1개"",""view_type"":""시티뷰"",""size_sqm"":24,""breakfast"":false,""spa"":false,""pool"":false,""balcony"":false,""bathtub"":false,""pet_friendly"":false,""smoking"":true}","1","1","215000","스탠다드 더블","전체 가상 시뮬레이션"
"R0654_2","H0654","3","3","{""bed_type"":""싱글베드 2개"",""view_type"":""가든뷰"",""size_sqm"":33,""breakfast"":true,""spa"":true,""pool"":false,""balcony"":true,""bathtub"":true,""pet_friendly"":false,""smoking"":false}","1","0","240000","디럭스 트윈","전체 가상 시뮬레이션"
"R0654_3","H0654","4","4","{""bed_type"":""킹베드 1개"",""view_type"":""파노라마뷰"",""size_sqm"":42,""breakfast"":false,""spa"":false,""pool"":false,""balcony"":false,""bathtub"":false,""pet_friendly"":false,""smoking"":false}","1","1","265000","프리미엄 스위트","전체 가상 시뮬레이션"
"R0655_1","H0655","2","3","{""bed_type"":""퀸베드 1개"",""view_type"":""시티뷰"",""size_sqm"":24,""breakfast"":true,""spa"":true,""pool"":false,""balcony"":true,""bathtub"":true,""pet_friendly"":false,""smoking"":true}","1","0","220000","스탠다드 더블","전체 가상 시뮬레이션"
"R0655_2","H0655","3","4","{""bed_type"":""싱글베드 2개"",""view_type"":""가든뷰"",""size_sqm"":33,""breakfast"":false,""spa"":false,""pool"":false,""balcony"":false,""bathtub"":false,""pet_friendly"":false,""smoking"":false}","1","1","245000","디럭스 트윈","전체 가상 시뮬레이션"
"R0655_3","H0655","4","1","{""bed_type"":""킹베드 1개"",""view_type"":""파노라마뷰"",""size_sqm"":42,""breakfast"":true,""spa"":false,""pool"":true,""balcony"":false,""bathtub"":false,""pet_friendly"":false,""smoking"":false}","0","1","270000","프리미엄 스위트","전체 가상 시뮬레이션"
"R0656_1","H0656","2","4","{""bed_type"":""퀸베드 1개"",""view_type"":""시티뷰"",""size_sqm"":24,""breakfast"":false,""spa"":false,""pool"":false,""balcony"":false,""bathtub"":false,""pet_friendly"":false,""smoking"":true}","1","1","225000","스탠다드 더블","전체 가상 시뮬레이션"
"R0656_2","H0656","3","1","{""bed_type"":""싱글베드 2개"",""view_type"":""가든뷰"",""size_sqm"":33,""breakfast"":true,""spa"":false,""pool"":true,""balcony"":false,""bathtub"":false,""pet_friendly"":false,""smoking"":false}","0","1","250000","디럭스 트윈","전체 가상 시뮬레이션"
"R0656_3","H0656","4","2","{""bed_type"":""킹베드 1개"",""view_type"":""파노라마뷰"",""size_sqm"":42,""breakfast"":false,""spa"":true,""pool"":false,""balcony"":true,""bathtub"":true,""pet_friendly"":false,""smoking"":false}","1","0","275000","프리미엄 스위트","전체 가상 시뮬레이션"
"R0657_1","H0657","2","1","{""bed_type"":""퀸베드 1개"",""view_type"":""시티뷰"",""size_sqm"":24,""breakfast"":true,""spa"":false,""pool"":true,""balcony"":false,""bathtub"":false,""pet_friendly"":false,""smoking"":true}","0","1","230000","스탠다드 더블","전체 가상 시뮬레이션"
"R0657_2","H0657","3","2","{""bed_type"":""싱글베드 2개"",""view_type"":""가든뷰"",""size_sqm"":33,""breakfast"":false,""spa"":true,""pool"":false,""balcony"":true,""bathtub"":true,""pet_friendly"":false,""smoking"":false}","1","0","255000","디럭스 트윈","전체 가상 시뮬레이션"
"R0657_3","H0657","4","3","{""bed_type"":""킹베드 1개"",""view_type"":""파노라마뷰"",""size_sqm"":42,""breakfast"":true,""spa"":false,""pool"":false,""balcony"":false,""bathtub"":false,""pet_friendly"":true,""smoking"":false}","1","1","280000","프리미엄 스위트","전체 가상 시뮬레이션"
"R0658_1","H0658","2","2","{""bed_type"":""퀸베드 1개"",""view_type"":""시티뷰"",""size_sqm"":24,""breakfast"":false,""spa"":true,""pool"":false,""balcony"":true,""bathtub"":true,""pet_friendly"":false,""smoking"":true}","1","0","235000","스탠다드 더블","전체 가상 시뮬레이션"
"R0658_2","H0658","3","3","{""bed_type"":""싱글베드 2개"",""view_type"":""가든뷰"",""size_sqm"":33,""breakfast"":true,""spa"":false,""pool"":false,""balcony"":false,""bathtub"":false,""pet_friendly"":true,""smoking"":false}","1","1","260000","디럭스 트윈","전체 가상 시뮬레이션"
"R0658_3","H0658","4","4","{""bed_type"":""킹베드 1개"",""view_type"":""파노라마뷰"",""size_sqm"":42,""breakfast"":false,""spa"":false,""pool"":false,""balcony"":false,""bathtub"":false,""pet_friendly"":false,""smoking"":false}","1","1","285000","프리미엄 스위트","전체 가상 시뮬레이션"
"R0659_1","H0659","2","3","{""bed_type"":""퀸베드 1개"",""view_type"":""시티뷰"",""size_sqm"":24,""breakfast"":true,""spa"":false,""pool"":false,""balcony"":false,""bathtub"":false,""pet_friendly"":true,""smoking"":true}","1","1","240000","스탠다드 더블","전체 가상 시뮬레이션"
"R0659_2","H0659","3","4","{""bed_type"":""싱글베드 2개"",""view_type"":""가든뷰"",""size_sqm"":33,""breakfast"":false,""spa"":false,""pool"":false,""balcony"":false,""bathtub"":false,""pet_friendly"":false,""smoking"":false}","1","1","265000","디럭스 트윈","전체 가상 시뮬레이션"
"R0659_3","H0659","4","1","{""bed_type"":""킹베드 1개"",""view_type"":""파노라마뷰"",""size_sqm"":42,""breakfast"":true,""spa"":true,""pool"":true,""balcony"":true,""bathtub"":true,""pet_friendly"":false,""smoking"":false}","0","0","290000","프리미엄 스위트","전체 가상 시뮬레이션"
"R0660_1","H0660","2","4","{""bed_type"":""퀸베드 1개"",""view_type"":""시티뷰"",""size_sqm"":24,""breakfast"":false,""spa"":false,""pool"":false,""balcony"":false,""bathtub"":false,""pet_friendly"":false,""smoking"":true}","1","1","245000","스탠다드 더블","전체 가상 시뮬레이션"
"R0660_2","H0660","3","1","{""bed_type"":""싱글베드 2개"",""view_type"":""가든뷰"",""size_sqm"":33,""breakfast"":true,""spa"":true,""pool"":true,""balcony"":true,""bathtub"":true,""pet_friendly"":false,""smoking"":false}","0","0","270000","디럭스 트윈","전체 가상 시뮬레이션"
"R0660_3","H0660","4","2","{""bed_type"":""킹베드 1개"",""view_type"":""파노라마뷰"",""size_sqm"":42,""breakfast"":false,""spa"":false,""pool"":false,""balcony"":false,""bathtub"":false,""pet_friendly"":false,""smoking"":false}","1","1","295000","프리미엄 스위트","전체 가상 시뮬레이션"
"R0661_1","H0661","2","1","{""bed_type"":""퀸베드 1개"",""view_type"":""시티뷰"",""size_sqm"":24,""breakfast"":true,""spa"":true,""pool"":true,""balcony"":true,""bathtub"":true,""pet_friendly"":false,""smoking"":true}","0","0","250000","스탠다드 더블","전체 가상 시뮬레이션"
"R0661_2","H0661","3","2","{""bed_type"":""싱글베드 2개"",""view_type"":""가든뷰"",""size_sqm"":33,""breakfast"":false,""spa"":false,""pool"":false,""balcony"":false,""bathtub"":false,""pet_friendly"":false,""smoking"":false}","1","1","275000","디럭스 트윈","전체 가상 시뮬레이션"
"R0661_3","H0661","4","3","{""bed_type"":""킹베드 1개"",""view_type"":""파노라마뷰"",""size_sqm"":42,""breakfast"":true,""spa"":false,""pool"":false,""balcony"":false,""bathtub"":false,""pet_friendly"":false,""smoking"":false}","1","1","300000","프리미엄 스위트","전체 가상 시뮬레이션"
"R0662_1","H0662","2","2","{""bed_type"":""퀸베드 1개"",""view_type"":""시티뷰"",""size_sqm"":24,""breakfast"":false,""spa"":false,""pool"":false,""balcony"":false,""bathtub"":false,""pet_friendly"":false,""smoking"":true}","1","1","255000","스탠다드 더블","전체 가상 시뮬레이션"
"R0662_2","H0662","3","3","{""bed_type"":""싱글베드 2개"",""view_type"":""가든뷰"",""size_sqm"":33,""breakfast"":true,""spa"":false,""pool"":false,""balcony"":false,""bathtub"":false,""pet_friendly"":false,""smoking"":false}","1","1","280000","디럭스 트윈","전체 가상 시뮬레이션"
"R0662_3","H0662","4","4","{""bed_type"":""킹베드 1개"",""view_type"":""파노라마뷰"",""size_sqm"":42,""breakfast"":false,""spa"":true,""pool"":false,""balcony"":true,""bathtub"":true,""pet_friendly"":false,""smoking"":false}","1","0","305000","프리미엄 스위트","전체 가상 시뮬레이션"
"R0663_1","H0663","2","3","{""bed_type"":""퀸베드 1개"",""view_type"":""시티뷰"",""size_sqm"":24,""breakfast"":true,""spa"":false,""pool"":false,""balcony"":false,""bathtub"":false,""pet_friendly"":false,""smoking"":true}","1","1","260000","스탠다드 더블","전체 가상 시뮬레이션"
"R0663_2","H0663","3","4","{""bed_type"":""싱글베드 2개"",""view_type"":""가든뷰"",""size_sqm"":33,""breakfast"":false,""spa"":true,""pool"":false,""balcony"":true,""bathtub"":true,""pet_friendly"":false,""smoking"":false}","1","0","285000","디럭스 트윈","전체 가상 시뮬레이션"
"R0663_3","H0663","4","1","{""bed_type"":""킹베드 1개"",""view_type"":""파노라마뷰"",""size_sqm"":42,""breakfast"":true,""spa"":false,""pool"":true,""balcony"":false,""bathtub"":false,""pet_friendly"":false,""smoking"":false}","0","1","310000","프리미엄 스위트","전체 가상 시뮬레이션"
"R0664_1","H0664","2","4","{""bed_type"":""퀸베드 1개"",""view_type"":""시티뷰"",""size_sqm"":24,""breakfast"":false,""spa"":true,""pool"":false,""balcony"":true,""bathtub"":true,""pet_friendly"":false,""smoking"":true}","1","0","265000","스탠다드 더블","전체 가상 시뮬레이션"
"R0664_2","H0664","3","1","{""bed_type"":""싱글베드 2개"",""view_type"":""가든뷰"",""size_sqm"":33,""breakfast"":true,""spa"":false,""pool"":true,""balcony"":false,""bathtub"":false,""pet_friendly"":false,""smoking"":false}","0","1","290000","디럭스 트윈","전체 가상 시뮬레이션"
"R0664_3","H0664","4","2","{""bed_type"":""킹베드 1개"",""view_type"":""파노라마뷰"",""size_sqm"":42,""breakfast"":false,""spa"":false,""pool"":false,""balcony"":false,""bathtub"":false,""pet_friendly"":true,""smoking"":false}","1","1","315000","프리미엄 스위트","전체 가상 시뮬레이션"
"R0665_1","H0665","2","1","{""bed_type"":""퀸베드 1개"",""view_type"":""시티뷰"",""size_sqm"":24,""breakfast"":true,""spa"":false,""pool"":true,""balcony"":false,""bathtub"":false,""pet_friendly"":false,""smoking"":true}","0","1","270000","스탠다드 더블","전체 가상 시뮬레이션"
"R0665_2","H0665","3","2","{""bed_type"":""싱글베드 2개"",""view_type"":""가든뷰"",""size_sqm"":33,""breakfast"":false,""spa"":false,""pool"":false,""balcony"":false,""bathtub"":false,""pet_friendly"":true,""smoking"":false}","1","1","295000","디럭스 트윈","전체 가상 시뮬레이션"
"R0665_3","H0665","4","3","{""bed_type"":""킹베드 1개"",""view_type"":""파노라마뷰"",""size_sqm"":42,""breakfast"":true,""spa"":true,""pool"":false,""balcony"":true,""bathtub"":true,""pet_friendly"":false,""smoking"":false}","1","0","320000","프리미엄 스위트","전체 가상 시뮬레이션"
"R0666_1","H0666","2","2","{""bed_type"":""퀸베드 1개"",""view_type"":""시티뷰"",""size_sqm"":24,""breakfast"":false,""spa"":false,""pool"":false,""balcony"":false,""bathtub"":false,""pet_friendly"":true,""smoking"":true}","1","1","275000","스탠다드 더블","전체 가상 시뮬레이션"
"R0666_2","H0666","3","3","{""bed_type"":""싱글베드 2개"",""view_type"":""가든뷰"",""size_sqm"":33,""breakfast"":true,""spa"":true,""pool"":false,""balcony"":true,""bathtub"":true,""pet_friendly"":false,""smoking"":false}","1","0","300000","디럭스 트윈","전체 가상 시뮬레이션"
"R0666_3","H0666","4","4","{""bed_type"":""킹베드 1개"",""view_type"":""파노라마뷰"",""size_sqm"":42,""breakfast"":false,""spa"":false,""pool"":false,""balcony"":false,""bathtub"":false,""pet_friendly"":false,""smoking"":false}","1","1","325000","프리미엄 스위트","전체 가상 시뮬레이션"
"R0667_1","H0667","2","3","{""bed_type"":""퀸베드 1개"",""view_type"":""시티뷰"",""size_sqm"":24,""breakfast"":true,""spa"":true,""pool"":false,""balcony"":true,""bathtub"":true,""pet_friendly"":false,""smoking"":true}","1","0","280000","스탠다드 더블","전체 가상 시뮬레이션"
"R0667_2","H0667","3","4","{""bed_type"":""싱글베드 2개"",""view_type"":""가든뷰"",""size_sqm"":33,""breakfast"":false,""spa"":false,""pool"":false,""balcony"":false,""bathtub"":false,""pet_friendly"":false,""smoking"":false}","1","1","305000","디럭스 트윈","전체 가상 시뮬레이션"
"R0667_3","H0667","4","1","{""bed_type"":""킹베드 1개"",""view_type"":""파노라마뷰"",""size_sqm"":42,""breakfast"":true,""spa"":false,""pool"":true,""balcony"":false,""bathtub"":false,""pet_friendly"":false,""smoking"":false}","0","1","330000","프리미엄 스위트","전체 가상 시뮬레이션"
"R0668_1","H0668","2","4","{""bed_type"":""퀸베드 1개"",""view_type"":""시티뷰"",""size_sqm"":24,""breakfast"":false,""spa"":false,""pool"":false,""balcony"":false,""bathtub"":false,""pet_friendly"":false,""smoking"":true}","1","1","285000","스탠다드 더블","전체 가상 시뮬레이션"
"R0668_2","H0668","3","1","{""bed_type"":""싱글베드 2개"",""view_type"":""가든뷰"",""size_sqm"":33,""breakfast"":true,""spa"":false,""pool"":true,""balcony"":false,""bathtub"":false,""pet_friendly"":false,""smoking"":false}","0","1","310000","디럭스 트윈","전체 가상 시뮬레이션"
"R0668_3","H0668","4","2","{""bed_type"":""킹베드 1개"",""view_type"":""파노라마뷰"",""size_sqm"":42,""breakfast"":false,""spa"":true,""pool"":false,""balcony"":true,""bathtub"":true,""pet_friendly"":false,""smoking"":false}","1","0","335000","프리미엄 스위트","전체 가상 시뮬레이션"
"R0669_1","H0669","2","1","{""bed_type"":""퀸베드 1개"",""view_type"":""시티뷰"",""size_sqm"":24,""breakfast"":true,""spa"":false,""pool"":true,""balcony"":false,""bathtub"":false,""pet_friendly"":false,""smoking"":true}","0","1","290000","스탠다드 더블","전체 가상 시뮬레이션"
"R0669_2","H0669","3","2","{""bed_type"":""싱글베드 2개"",""view_type"":""가든뷰"",""size_sqm"":33,""breakfast"":false,""spa"":true,""pool"":false,""balcony"":true,""bathtub"":true,""pet_friendly"":false,""smoking"":false}","1","0","315000","디럭스 트윈","전체 가상 시뮬레이션"
"R0669_3","H0669","4","3","{""bed_type"":""킹베드 1개"",""view_type"":""파노라마뷰"",""size_sqm"":42,""breakfast"":true,""spa"":false,""pool"":false,""balcony"":false,""bathtub"":false,""pet_friendly"":false,""smoking"":false}","1","1","340000","프리미엄 스위트","전체 가상 시뮬레이션"
"R0670_1","H0670","2","2","{""bed_type"":""퀸베드 1개"",""view_type"":""시티뷰"",""size_sqm"":24,""breakfast"":false,""spa"":true,""pool"":false,""balcony"":true,""bathtub"":true,""pet_friendly"":false,""smoking"":true}","1","0","295000","스탠다드 더블","전체 가상 시뮬레이션"
"R0670_2","H0670","3","3","{""bed_type"":""싱글베드 2개"",""view_type"":""가든뷰"",""size_sqm"":33,""breakfast"":true,""spa"":false,""pool"":false,""balcony"":false,""bathtub"":false,""pet_friendly"":false,""smoking"":false}","1","1","320000","디럭스 트윈","전체 가상 시뮬레이션"
"R0670_3","H0670","4","4","{""bed_type"":""킹베드 1개"",""view_type"":""파노라마뷰"",""size_sqm"":42,""breakfast"":false,""spa"":false,""pool"":false,""balcony"":false,""bathtub"":false,""pet_friendly"":false,""smoking"":false}","1","1","345000","프리미엄 스위트","전체 가상 시뮬레이션"
"R0671_1","H0671","2","3","{""bed_type"":""퀸베드 1개"",""view_type"":""시티뷰"",""size_sqm"":24,""breakfast"":true,""spa"":false,""pool"":false,""balcony"":false,""bathtub"":false,""pet_friendly"":false,""smoking"":true}","1","1","300000","스탠다드 더블","전체 가상 시뮬레이션"
"R0671_2","H0671","3","4","{""bed_type"":""싱글베드 2개"",""view_type"":""가든뷰"",""size_sqm"":33,""breakfast"":false,""spa"":false,""pool"":false,""balcony"":false,""bathtub"":false,""pet_friendly"":false,""smoking"":false}","1","1","325000","디럭스 트윈","전체 가상 시뮬레이션"
"R0671_3","H0671","4","1","{""bed_type"":""킹베드 1개"",""view_type"":""파노라마뷰"",""size_sqm"":42,""breakfast"":true,""spa"":true,""pool"":true,""balcony"":true,""bathtub"":true,""pet_friendly"":true,""smoking"":false}","0","0","350000","프리미엄 스위트","전체 가상 시뮬레이션"
"R0672_1","H0672","2","4","{""bed_type"":""퀸베드 1개"",""view_type"":""시티뷰"",""size_sqm"":24,""breakfast"":false,""spa"":false,""pool"":false,""balcony"":false,""bathtub"":false,""pet_friendly"":false,""smoking"":true}","1","1","305000","스탠다드 더블","전체 가상 시뮬레이션"
"R0672_2","H0672","3","1","{""bed_type"":""싱글베드 2개"",""view_type"":""가든뷰"",""size_sqm"":33,""breakfast"":true,""spa"":true,""pool"":true,""balcony"":true,""bathtub"":true,""pet_friendly"":true,""smoking"":false}","0","0","330000","디럭스 트윈","전체 가상 시뮬레이션"
"R0672_3","H0672","4","2","{""bed_type"":""킹베드 1개"",""view_type"":""파노라마뷰"",""size_sqm"":42,""breakfast"":false,""spa"":false,""pool"":false,""balcony"":false,""bathtub"":false,""pet_friendly"":false,""smoking"":false}","1","1","355000","프리미엄 스위트","전체 가상 시뮬레이션"
"R0673_1","H0673","2","1","{""bed_type"":""퀸베드 1개"",""view_type"":""시티뷰"",""size_sqm"":24,""breakfast"":true,""spa"":true,""pool"":true,""balcony"":true,""bathtub"":true,""pet_friendly"":true,""smoking"":true}","0","0","70000","스탠다드 더블","전체 가상 시뮬레이션"
"R0673_2","H0673","3","2","{""bed_type"":""싱글베드 2개"",""view_type"":""가든뷰"",""size_sqm"":33,""breakfast"":false,""spa"":false,""pool"":false,""balcony"":false,""bathtub"":false,""pet_friendly"":false,""smoking"":false}","1","1","95000","디럭스 트윈","전체 가상 시뮬레이션"
"R0673_3","H0673","4","3","{""bed_type"":""킹베드 1개"",""view_type"":""파노라마뷰"",""size_sqm"":42,""breakfast"":true,""spa"":false,""pool"":false,""balcony"":false,""bathtub"":false,""pet_friendly"":false,""smoking"":false}","1","1","120000","프리미엄 스위트","전체 가상 시뮬레이션"
"R0674_1","H0674","2","2","{""bed_type"":""퀸베드 1개"",""view_type"":""시티뷰"",""size_sqm"":24,""breakfast"":false,""spa"":false,""pool"":false,""balcony"":false,""bathtub"":false,""pet_friendly"":false,""smoking"":true}","1","1","75000","스탠다드 더블","전체 가상 시뮬레이션"
"R0674_2","H0674","3","3","{""bed_type"":""싱글베드 2개"",""view_type"":""가든뷰"",""size_sqm"":33,""breakfast"":true,""spa"":false,""pool"":false,""balcony"":false,""bathtub"":false,""pet_friendly"":false,""smoking"":false}","1","1","100000","디럭스 트윈","전체 가상 시뮬레이션"
"R0674_3","H0674","4","4","{""bed_type"":""킹베드 1개"",""view_type"":""파노라마뷰"",""size_sqm"":42,""breakfast"":false,""spa"":true,""pool"":false,""balcony"":true,""bathtub"":true,""pet_friendly"":false,""smoking"":false}","1","0","125000","프리미엄 스위트","전체 가상 시뮬레이션"
"R0675_1","H0675","2","3","{""bed_type"":""퀸베드 1개"",""view_type"":""시티뷰"",""size_sqm"":24,""breakfast"":true,""spa"":false,""pool"":false,""balcony"":false,""bathtub"":false,""pet_friendly"":false,""smoking"":true}","1","1","80000","스탠다드 더블","전체 가상 시뮬레이션"
"R0675_2","H0675","3","4","{""bed_type"":""싱글베드 2개"",""view_type"":""가든뷰"",""size_sqm"":33,""breakfast"":false,""spa"":true,""pool"":false,""balcony"":true,""bathtub"":true,""pet_friendly"":false,""smoking"":false}","1","0","105000","디럭스 트윈","전체 가상 시뮬레이션"
"R0675_3","H0675","4","1","{""bed_type"":""킹베드 1개"",""view_type"":""파노라마뷰"",""size_sqm"":42,""breakfast"":true,""spa"":false,""pool"":true,""balcony"":false,""bathtub"":false,""pet_friendly"":false,""smoking"":false}","0","1","130000","프리미엄 스위트","전체 가상 시뮬레이션"
"R0676_1","H0676","2","4","{""bed_type"":""퀸베드 1개"",""view_type"":""시티뷰"",""size_sqm"":24,""breakfast"":false,""spa"":true,""pool"":false,""balcony"":true,""bathtub"":true,""pet_friendly"":false,""smoking"":true}","1","0","85000","스탠다드 더블","전체 가상 시뮬레이션"
"R0676_2","H0676","3","1","{""bed_type"":""싱글베드 2개"",""view_type"":""가든뷰"",""size_sqm"":33,""breakfast"":true,""spa"":false,""pool"":true,""balcony"":false,""bathtub"":false,""pet_friendly"":false,""smoking"":false}","0","1","110000","디럭스 트윈","전체 가상 시뮬레이션"
"R0676_3","H0676","4","2","{""bed_type"":""킹베드 1개"",""view_type"":""파노라마뷰"",""size_sqm"":42,""breakfast"":false,""spa"":false,""pool"":false,""balcony"":false,""bathtub"":false,""pet_friendly"":false,""smoking"":false}","1","1","135000","프리미엄 스위트","전체 가상 시뮬레이션"
"R0677_1","H0677","2","1","{""bed_type"":""퀸베드 1개"",""view_type"":""시티뷰"",""size_sqm"":24,""breakfast"":true,""spa"":false,""pool"":true,""balcony"":false,""bathtub"":false,""pet_friendly"":false,""smoking"":true}","0","1","90000","스탠다드 더블","전체 가상 시뮬레이션"
"R0677_2","H0677","3","2","{""bed_type"":""싱글베드 2개"",""view_type"":""가든뷰"",""size_sqm"":33,""breakfast"":false,""spa"":false,""pool"":false,""balcony"":false,""bathtub"":false,""pet_friendly"":false,""smoking"":false}","1","1","115000","디럭스 트윈","전체 가상 시뮬레이션"
"R0677_3","H0677","4","3","{""bed_type"":""킹베드 1개"",""view_type"":""파노라마뷰"",""size_sqm"":42,""breakfast"":true,""spa"":true,""pool"":false,""balcony"":true,""bathtub"":true,""pet_friendly"":false,""smoking"":false}","1","0","140000","프리미엄 스위트","전체 가상 시뮬레이션"
"R0678_1","H0678","2","2","{""bed_type"":""퀸베드 1개"",""view_type"":""시티뷰"",""size_sqm"":24,""breakfast"":false,""spa"":false,""pool"":false,""balcony"":false,""bathtub"":false,""pet_friendly"":false,""smoking"":true}","1","1","95000","스탠다드 더블","전체 가상 시뮬레이션"
"R0678_2","H0678","3","3","{""bed_type"":""싱글베드 2개"",""view_type"":""가든뷰"",""size_sqm"":33,""breakfast"":true,""spa"":true,""pool"":false,""balcony"":true,""bathtub"":true,""pet_friendly"":false,""smoking"":false}","1","0","120000","디럭스 트윈","전체 가상 시뮬레이션"
"R0678_3","H0678","4","4","{""bed_type"":""킹베드 1개"",""view_type"":""파노라마뷰"",""size_sqm"":42,""breakfast"":false,""spa"":false,""pool"":false,""balcony"":false,""bathtub"":false,""pet_friendly"":true,""smoking"":false}","1","1","145000","프리미엄 스위트","전체 가상 시뮬레이션"
"R0679_1","H0679","2","3","{""bed_type"":""퀸베드 1개"",""view_type"":""시티뷰"",""size_sqm"":24,""breakfast"":true,""spa"":true,""pool"":false,""balcony"":true,""bathtub"":true,""pet_friendly"":false,""smoking"":true}","1","0","100000","스탠다드 더블","전체 가상 시뮬레이션"
"R0679_2","H0679","3","4","{""bed_type"":""싱글베드 2개"",""view_type"":""가든뷰"",""size_sqm"":33,""breakfast"":false,""spa"":false,""pool"":false,""balcony"":false,""bathtub"":false,""pet_friendly"":true,""smoking"":false}","1","1","125000","디럭스 트윈","전체 가상 시뮬레이션"
"R0679_3","H0679","4","1","{""bed_type"":""킹베드 1개"",""view_type"":""파노라마뷰"",""size_sqm"":42,""breakfast"":true,""spa"":false,""pool"":true,""balcony"":false,""bathtub"":false,""pet_friendly"":false,""smoking"":false}","0","1","150000","프리미엄 스위트","전체 가상 시뮬레이션"
"R0680_1","H0680","2","4","{""bed_type"":""퀸베드 1개"",""view_type"":""시티뷰"",""size_sqm"":24,""breakfast"":false,""spa"":false,""pool"":false,""balcony"":false,""bathtub"":false,""pet_friendly"":true,""smoking"":true}","1","1","105000","스탠다드 더블","전체 가상 시뮬레이션"
"R0680_2","H0680","3","1","{""bed_type"":""싱글베드 2개"",""view_type"":""가든뷰"",""size_sqm"":33,""breakfast"":true,""spa"":false,""pool"":true,""balcony"":false,""bathtub"":false,""pet_friendly"":false,""smoking"":false}","0","1","130000","디럭스 트윈","전체 가상 시뮬레이션"
"R0680_3","H0680","4","2","{""bed_type"":""킹베드 1개"",""view_type"":""파노라마뷰"",""size_sqm"":42,""breakfast"":false,""spa"":true,""pool"":false,""balcony"":true,""bathtub"":true,""pet_friendly"":false,""smoking"":false}","1","0","155000","프리미엄 스위트","전체 가상 시뮬레이션"
"R0681_1","H0681","2","1","{""bed_type"":""퀸베드 1개"",""view_type"":""시티뷰"",""size_sqm"":24,""breakfast"":true,""spa"":false,""pool"":true,""balcony"":false,""bathtub"":false,""pet_friendly"":false,""smoking"":true}","0","1","110000","스탠다드 더블","전체 가상 시뮬레이션"
"R0681_2","H0681","3","2","{""bed_type"":""싱글베드 2개"",""view_type"":""가든뷰"",""size_sqm"":33,""breakfast"":false,""spa"":true,""pool"":false,""balcony"":true,""bathtub"":true,""pet_friendly"":false,""smoking"":false}","1","0","135000","디럭스 트윈","전체 가상 시뮬레이션"
"R0681_3","H0681","4","3","{""bed_type"":""킹베드 1개"",""view_type"":""파노라마뷰"",""size_sqm"":42,""breakfast"":true,""spa"":false,""pool"":false,""balcony"":false,""bathtub"":false,""pet_friendly"":false,""smoking"":false}","1","1","160000","프리미엄 스위트","전체 가상 시뮬레이션"
"R0682_1","H0682","2","2","{""bed_type"":""퀸베드 1개"",""view_type"":""시티뷰"",""size_sqm"":24,""breakfast"":false,""spa"":true,""pool"":false,""balcony"":true,""bathtub"":true,""pet_friendly"":false,""smoking"":true}","1","0","115000","스탠다드 더블","전체 가상 시뮬레이션"
"R0682_2","H0682","3","3","{""bed_type"":""싱글베드 2개"",""view_type"":""가든뷰"",""size_sqm"":33,""breakfast"":true,""spa"":false,""pool"":false,""balcony"":false,""bathtub"":false,""pet_friendly"":false,""smoking"":false}","1","1","140000","디럭스 트윈","전체 가상 시뮬레이션"
"R0682_3","H0682","4","4","{""bed_type"":""킹베드 1개"",""view_type"":""파노라마뷰"",""size_sqm"":42,""breakfast"":false,""spa"":false,""pool"":false,""balcony"":false,""bathtub"":false,""pet_friendly"":false,""smoking"":false}","1","1","165000","프리미엄 스위트","전체 가상 시뮬레이션"
"R0683_1","H0683","2","3","{""bed_type"":""퀸베드 1개"",""view_type"":""시티뷰"",""size_sqm"":24,""breakfast"":true,""spa"":false,""pool"":false,""balcony"":false,""bathtub"":false,""pet_friendly"":false,""smoking"":true}","1","1","120000","스탠다드 더블","전체 가상 시뮬레이션"
"R0683_2","H0683","3","4","{""bed_type"":""싱글베드 2개"",""view_type"":""가든뷰"",""size_sqm"":33,""breakfast"":false,""spa"":false,""pool"":false,""balcony"":false,""bathtub"":false,""pet_friendly"":false,""smoking"":false}","1","1","145000","디럭스 트윈","전체 가상 시뮬레이션"
"R0683_3","H0683","4","1","{""bed_type"":""킹베드 1개"",""view_type"":""파노라마뷰"",""size_sqm"":42,""breakfast"":true,""spa"":true,""pool"":true,""balcony"":true,""bathtub"":true,""pet_friendly"":false,""smoking"":false}","0","0","170000","프리미엄 스위트","전체 가상 시뮬레이션"
"R0684_1","H0684","2","4","{""bed_type"":""퀸베드 1개"",""view_type"":""시티뷰"",""size_sqm"":24,""breakfast"":false,""spa"":false,""pool"":false,""balcony"":false,""bathtub"":false,""pet_friendly"":false,""smoking"":true}","1","1","125000","스탠다드 더블","전체 가상 시뮬레이션"
"R0684_2","H0684","3","1","{""bed_type"":""싱글베드 2개"",""view_type"":""가든뷰"",""size_sqm"":33,""breakfast"":true,""spa"":true,""pool"":true,""balcony"":true,""bathtub"":true,""pet_friendly"":false,""smoking"":false}","0","0","150000","디럭스 트윈","전체 가상 시뮬레이션"
"R0684_3","H0684","4","2","{""bed_type"":""킹베드 1개"",""view_type"":""파노라마뷰"",""size_sqm"":42,""breakfast"":false,""spa"":false,""pool"":false,""balcony"":false,""bathtub"":false,""pet_friendly"":false,""smoking"":false}","1","1","175000","프리미엄 스위트","전체 가상 시뮬레이션"
"R0685_1","H0685","2","1","{""bed_type"":""퀸베드 1개"",""view_type"":""시티뷰"",""size_sqm"":24,""breakfast"":true,""spa"":true,""pool"":true,""balcony"":true,""bathtub"":true,""pet_friendly"":false,""smoking"":true}","0","0","130000","스탠다드 더블","전체 가상 시뮬레이션"
"R0685_2","H0685","3","2","{""bed_type"":""싱글베드 2개"",""view_type"":""가든뷰"",""size_sqm"":33,""breakfast"":false,""spa"":false,""pool"":false,""balcony"":false,""bathtub"":false,""pet_friendly"":false,""smoking"":false}","1","1","155000","디럭스 트윈","전체 가상 시뮬레이션"
"R0685_3","H0685","4","3","{""bed_type"":""킹베드 1개"",""view_type"":""파노라마뷰"",""size_sqm"":42,""breakfast"":true,""spa"":false,""pool"":false,""balcony"":false,""bathtub"":false,""pet_friendly"":true,""smoking"":false}","1","1","180000","프리미엄 스위트","전체 가상 시뮬레이션"
"R0686_1","H0686","2","2","{""bed_type"":""퀸베드 1개"",""view_type"":""시티뷰"",""size_sqm"":24,""breakfast"":false,""spa"":false,""pool"":false,""balcony"":false,""bathtub"":false,""pet_friendly"":false,""smoking"":true}","1","1","135000","스탠다드 더블","전체 가상 시뮬레이션"
"R0686_2","H0686","3","3","{""bed_type"":""싱글베드 2개"",""view_type"":""가든뷰"",""size_sqm"":33,""breakfast"":true,""spa"":false,""pool"":false,""balcony"":false,""bathtub"":false,""pet_friendly"":true,""smoking"":false}","1","1","160000","디럭스 트윈","전체 가상 시뮬레이션"
"R0686_3","H0686","4","4","{""bed_type"":""킹베드 1개"",""view_type"":""파노라마뷰"",""size_sqm"":42,""breakfast"":false,""spa"":true,""pool"":false,""balcony"":true,""bathtub"":true,""pet_friendly"":false,""smoking"":false}","1","0","185000","프리미엄 스위트","전체 가상 시뮬레이션"
"R0687_1","H0687","2","3","{""bed_type"":""퀸베드 1개"",""view_type"":""시티뷰"",""size_sqm"":24,""breakfast"":true,""spa"":false,""pool"":false,""balcony"":false,""bathtub"":false,""pet_friendly"":true,""smoking"":true}","1","1","140000","스탠다드 더블","전체 가상 시뮬레이션"
"R0687_2","H0687","3","4","{""bed_type"":""싱글베드 2개"",""view_type"":""가든뷰"",""size_sqm"":33,""breakfast"":false,""spa"":true,""pool"":false,""balcony"":true,""bathtub"":true,""pet_friendly"":false,""smoking"":false}","1","0","165000","디럭스 트윈","전체 가상 시뮬레이션"
"R0687_3","H0687","4","1","{""bed_type"":""킹베드 1개"",""view_type"":""파노라마뷰"",""size_sqm"":42,""breakfast"":true,""spa"":false,""pool"":true,""balcony"":false,""bathtub"":false,""pet_friendly"":false,""smoking"":false}","0","1","190000","프리미엄 스위트","전체 가상 시뮬레이션"
"R0688_1","H0688","2","4","{""bed_type"":""퀸베드 1개"",""view_type"":""시티뷰"",""size_sqm"":24,""breakfast"":false,""spa"":true,""pool"":false,""balcony"":true,""bathtub"":true,""pet_friendly"":false,""smoking"":true}","1","0","145000","스탠다드 더블","전체 가상 시뮬레이션"
"R0688_2","H0688","3","1","{""bed_type"":""싱글베드 2개"",""view_type"":""가든뷰"",""size_sqm"":33,""breakfast"":true,""spa"":false,""pool"":true,""balcony"":false,""bathtub"":false,""pet_friendly"":false,""smoking"":false}","0","1","170000","디럭스 트윈","전체 가상 시뮬레이션"
"R0688_3","H0688","4","2","{""bed_type"":""킹베드 1개"",""view_type"":""파노라마뷰"",""size_sqm"":42,""breakfast"":false,""spa"":false,""pool"":false,""balcony"":false,""bathtub"":false,""pet_friendly"":false,""smoking"":false}","1","1","195000","프리미엄 스위트","전체 가상 시뮬레이션"
"R0689_1","H0689","2","1","{""bed_type"":""퀸베드 1개"",""view_type"":""시티뷰"",""size_sqm"":24,""breakfast"":true,""spa"":false,""pool"":true,""balcony"":false,""bathtub"":false,""pet_friendly"":false,""smoking"":true}","0","1","150000","스탠다드 더블","전체 가상 시뮬레이션"
"R0689_2","H0689","3","2","{""bed_type"":""싱글베드 2개"",""view_type"":""가든뷰"",""size_sqm"":33,""breakfast"":false,""spa"":false,""pool"":false,""balcony"":false,""bathtub"":false,""pet_friendly"":false,""smoking"":false}","1","1","175000","디럭스 트윈","전체 가상 시뮬레이션"
"R0689_3","H0689","4","3","{""bed_type"":""킹베드 1개"",""view_type"":""파노라마뷰"",""size_sqm"":42,""breakfast"":true,""spa"":true,""pool"":false,""balcony"":true,""bathtub"":true,""pet_friendly"":false,""smoking"":false}","1","0","200000","프리미엄 스위트","전체 가상 시뮬레이션"
"R0690_1","H0690","2","2","{""bed_type"":""퀸베드 1개"",""view_type"":""시티뷰"",""size_sqm"":24,""breakfast"":false,""spa"":false,""pool"":false,""balcony"":false,""bathtub"":false,""pet_friendly"":false,""smoking"":true}","1","1","155000","스탠다드 더블","전체 가상 시뮬레이션"
"R0690_2","H0690","3","3","{""bed_type"":""싱글베드 2개"",""view_type"":""가든뷰"",""size_sqm"":33,""breakfast"":true,""spa"":true,""pool"":false,""balcony"":true,""bathtub"":true,""pet_friendly"":false,""smoking"":false}","1","0","180000","디럭스 트윈","전체 가상 시뮬레이션"
"R0690_3","H0690","4","4","{""bed_type"":""킹베드 1개"",""view_type"":""파노라마뷰"",""size_sqm"":42,""breakfast"":false,""spa"":false,""pool"":false,""balcony"":false,""bathtub"":false,""pet_friendly"":false,""smoking"":false}","1","1","205000","프리미엄 스위트","전체 가상 시뮬레이션"
"R0691_1","H0691","2","3","{""bed_type"":""퀸베드 1개"",""view_type"":""시티뷰"",""size_sqm"":24,""breakfast"":true,""spa"":true,""pool"":false,""balcony"":true,""bathtub"":true,""pet_friendly"":false,""smoking"":true}","1","0","160000","스탠다드 더블","전체 가상 시뮬레이션"
"R0691_2","H0691","3","4","{""bed_type"":""싱글베드 2개"",""view_type"":""가든뷰"",""size_sqm"":33,""breakfast"":false,""spa"":false,""pool"":false,""balcony"":false,""bathtub"":false,""pet_friendly"":false,""smoking"":false}","1","1","185000","디럭스 트윈","전체 가상 시뮬레이션"
"R0691_3","H0691","4","1","{""bed_type"":""킹베드 1개"",""view_type"":""파노라마뷰"",""size_sqm"":42,""breakfast"":true,""spa"":false,""pool"":true,""balcony"":false,""bathtub"":false,""pet_friendly"":false,""smoking"":false}","0","1","210000","프리미엄 스위트","전체 가상 시뮬레이션"
"R0692_1","H0692","2","4","{""bed_type"":""퀸베드 1개"",""view_type"":""시티뷰"",""size_sqm"":24,""breakfast"":false,""spa"":false,""pool"":false,""balcony"":false,""bathtub"":false,""pet_friendly"":false,""smoking"":true}","1","1","165000","스탠다드 더블","전체 가상 시뮬레이션"
"R0692_2","H0692","3","1","{""bed_type"":""싱글베드 2개"",""view_type"":""가든뷰"",""size_sqm"":33,""breakfast"":true,""spa"":false,""pool"":true,""balcony"":false,""bathtub"":false,""pet_friendly"":false,""smoking"":false}","0","1","190000","디럭스 트윈","전체 가상 시뮬레이션"
"R0692_3","H0692","4","2","{""bed_type"":""킹베드 1개"",""view_type"":""파노라마뷰"",""size_sqm"":42,""breakfast"":false,""spa"":true,""pool"":false,""balcony"":true,""bathtub"":true,""pet_friendly"":true,""smoking"":false}","1","0","215000","프리미엄 스위트","전체 가상 시뮬레이션"
"R0693_1","H0693","2","1","{""bed_type"":""퀸베드 1개"",""view_type"":""시티뷰"",""size_sqm"":24,""breakfast"":true,""spa"":false,""pool"":true,""balcony"":false,""bathtub"":false,""pet_friendly"":false,""smoking"":true}","0","1","170000","스탠다드 더블","전체 가상 시뮬레이션"
"R0693_2","H0693","3","2","{""bed_type"":""싱글베드 2개"",""view_type"":""가든뷰"",""size_sqm"":33,""breakfast"":false,""spa"":true,""pool"":false,""balcony"":true,""bathtub"":true,""pet_friendly"":true,""smoking"":false}","1","0","195000","디럭스 트윈","전체 가상 시뮬레이션"
"R0693_3","H0693","4","3","{""bed_type"":""킹베드 1개"",""view_type"":""파노라마뷰"",""size_sqm"":42,""breakfast"":true,""spa"":false,""pool"":false,""balcony"":false,""bathtub"":false,""pet_friendly"":false,""smoking"":false}","1","1","220000","프리미엄 스위트","전체 가상 시뮬레이션"
"R0694_1","H0694","2","2","{""bed_type"":""퀸베드 1개"",""view_type"":""시티뷰"",""size_sqm"":24,""breakfast"":false,""spa"":true,""pool"":false,""balcony"":true,""bathtub"":true,""pet_friendly"":true,""smoking"":true}","1","0","175000","스탠다드 더블","전체 가상 시뮬레이션"
"R0694_2","H0694","3","3","{""bed_type"":""싱글베드 2개"",""view_type"":""가든뷰"",""size_sqm"":33,""breakfast"":true,""spa"":false,""pool"":false,""balcony"":false,""bathtub"":false,""pet_friendly"":false,""smoking"":false}","1","1","200000","디럭스 트윈","전체 가상 시뮬레이션"
"R0694_3","H0694","4","4","{""bed_type"":""킹베드 1개"",""view_type"":""파노라마뷰"",""size_sqm"":42,""breakfast"":false,""spa"":false,""pool"":false,""balcony"":false,""bathtub"":false,""pet_friendly"":false,""smoking"":false}","1","1","225000","프리미엄 스위트","전체 가상 시뮬레이션"
"R0695_1","H0695","2","3","{""bed_type"":""퀸베드 1개"",""view_type"":""시티뷰"",""size_sqm"":24,""breakfast"":true,""spa"":false,""pool"":false,""balcony"":false,""bathtub"":false,""pet_friendly"":false,""smoking"":true}","1","1","180000","스탠다드 더블","전체 가상 시뮬레이션"
"R0695_2","H0695","3","4","{""bed_type"":""싱글베드 2개"",""view_type"":""가든뷰"",""size_sqm"":33,""breakfast"":false,""spa"":false,""pool"":false,""balcony"":false,""bathtub"":false,""pet_friendly"":false,""smoking"":false}","1","1","205000","디럭스 트윈","전체 가상 시뮬레이션"
"R0695_3","H0695","4","1","{""bed_type"":""킹베드 1개"",""view_type"":""파노라마뷰"",""size_sqm"":42,""breakfast"":true,""spa"":true,""pool"":true,""balcony"":true,""bathtub"":true,""pet_friendly"":false,""smoking"":false}","0","0","230000","프리미엄 스위트","전체 가상 시뮬레이션"
"R0696_1","H0696","2","4","{""bed_type"":""퀸베드 1개"",""view_type"":""시티뷰"",""size_sqm"":24,""breakfast"":false,""spa"":false,""pool"":false,""balcony"":false,""bathtub"":false,""pet_friendly"":false,""smoking"":true}","1","1","185000","스탠다드 더블","전체 가상 시뮬레이션"
"R0696_2","H0696","3","1","{""bed_type"":""싱글베드 2개"",""view_type"":""가든뷰"",""size_sqm"":33,""breakfast"":true,""spa"":true,""pool"":true,""balcony"":true,""bathtub"":true,""pet_friendly"":false,""smoking"":false}","0","0","210000","디럭스 트윈","전체 가상 시뮬레이션"
"R0696_3","H0696","4","2","{""bed_type"":""킹베드 1개"",""view_type"":""파노라마뷰"",""size_sqm"":42,""breakfast"":false,""spa"":false,""pool"":false,""balcony"":false,""bathtub"":false,""pet_friendly"":false,""smoking"":false}","1","1","235000","프리미엄 스위트","전체 가상 시뮬레이션"
"R0697_1","H0697","2","1","{""bed_type"":""퀸베드 1개"",""view_type"":""시티뷰"",""size_sqm"":24,""breakfast"":true,""spa"":true,""pool"":true,""balcony"":true,""bathtub"":true,""pet_friendly"":false,""smoking"":true}","0","0","190000","스탠다드 더블","전체 가상 시뮬레이션"
"R0697_2","H0697","3","2","{""bed_type"":""싱글베드 2개"",""view_type"":""가든뷰"",""size_sqm"":33,""breakfast"":false,""spa"":false,""pool"":false,""balcony"":false,""bathtub"":false,""pet_friendly"":false,""smoking"":false}","1","1","215000","디럭스 트윈","전체 가상 시뮬레이션"
"R0697_3","H0697","4","3","{""bed_type"":""킹베드 1개"",""view_type"":""파노라마뷰"",""size_sqm"":42,""breakfast"":true,""spa"":false,""pool"":false,""balcony"":false,""bathtub"":false,""pet_friendly"":false,""smoking"":false}","1","1","240000","프리미엄 스위트","전체 가상 시뮬레이션"
"R0698_1","H0698","2","2","{""bed_type"":""퀸베드 1개"",""view_type"":""시티뷰"",""size_sqm"":24,""breakfast"":false,""spa"":false,""pool"":false,""balcony"":false,""bathtub"":false,""pet_friendly"":false,""smoking"":true}","1","1","195000","스탠다드 더블","전체 가상 시뮬레이션"
"R0698_2","H0698","3","3","{""bed_type"":""싱글베드 2개"",""view_type"":""가든뷰"",""size_sqm"":33,""breakfast"":true,""spa"":false,""pool"":false,""balcony"":false,""bathtub"":false,""pet_friendly"":false,""smoking"":false}","1","1","220000","디럭스 트윈","전체 가상 시뮬레이션"
"R0698_3","H0698","4","4","{""bed_type"":""킹베드 1개"",""view_type"":""파노라마뷰"",""size_sqm"":42,""breakfast"":false,""spa"":true,""pool"":false,""balcony"":true,""bathtub"":true,""pet_friendly"":false,""smoking"":false}","1","0","245000","프리미엄 스위트","전체 가상 시뮬레이션"
"R0699_1","H0699","2","3","{""bed_type"":""퀸베드 1개"",""view_type"":""시티뷰"",""size_sqm"":24,""breakfast"":true,""spa"":false,""pool"":false,""balcony"":false,""bathtub"":false,""pet_friendly"":false,""smoking"":true}","1","1","200000","스탠다드 더블","전체 가상 시뮬레이션"
"R0699_2","H0699","3","4","{""bed_type"":""싱글베드 2개"",""view_type"":""가든뷰"",""size_sqm"":33,""breakfast"":false,""spa"":true,""pool"":false,""balcony"":true,""bathtub"":true,""pet_friendly"":false,""smoking"":false}","1","0","225000","디럭스 트윈","전체 가상 시뮬레이션"
"R0699_3","H0699","4","1","{""bed_type"":""킹베드 1개"",""view_type"":""파노라마뷰"",""size_sqm"":42,""breakfast"":true,""spa"":false,""pool"":true,""balcony"":false,""bathtub"":false,""pet_friendly"":true,""smoking"":false}","0","1","250000","프리미엄 스위트","전체 가상 시뮬레이션"
"R0700_1","H0700","2","4","{""bed_type"":""퀸베드 1개"",""view_type"":""시티뷰"",""size_sqm"":24,""breakfast"":false,""spa"":true,""pool"":false,""balcony"":true,""bathtub"":true,""pet_friendly"":false,""smoking"":true}","1","0","205000","스탠다드 더블","전체 가상 시뮬레이션"
"R0700_2","H0700","3","1","{""bed_type"":""싱글베드 2개"",""view_type"":""가든뷰"",""size_sqm"":33,""breakfast"":true,""spa"":false,""pool"":true,""balcony"":false,""bathtub"":false,""pet_friendly"":true,""smoking"":false}","0","1","230000","디럭스 트윈","전체 가상 시뮬레이션"
"R0700_3","H0700","4","2","{""bed_type"":""킹베드 1개"",""view_type"":""파노라마뷰"",""size_sqm"":42,""breakfast"":false,""spa"":false,""pool"":false,""balcony"":false,""bathtub"":false,""pet_friendly"":false,""smoking"":false}","1","1","255000","프리미엄 스위트","전체 가상 시뮬레이션"
"R0701_1","H0701","2","1","{""bed_type"":""퀸베드 1개"",""view_type"":""시티뷰"",""size_sqm"":24,""breakfast"":true,""spa"":false,""pool"":true,""balcony"":false,""bathtub"":false,""pet_friendly"":true,""smoking"":true}","0","1","210000","스탠다드 더블","전체 가상 시뮬레이션"
"R0701_2","H0701","3","2","{""bed_type"":""싱글베드 2개"",""view_type"":""가든뷰"",""size_sqm"":33,""breakfast"":false,""spa"":false,""pool"":false,""balcony"":false,""bathtub"":false,""pet_friendly"":false,""smoking"":false}","1","1","235000","디럭스 트윈","전체 가상 시뮬레이션"
"R0701_3","H0701","4","3","{""bed_type"":""킹베드 1개"",""view_type"":""파노라마뷰"",""size_sqm"":42,""breakfast"":true,""spa"":true,""pool"":false,""balcony"":true,""bathtub"":true,""pet_friendly"":false,""smoking"":false}","1","0","260000","프리미엄 스위트","전체 가상 시뮬레이션"
"R0702_1","H0702","2","2","{""bed_type"":""퀸베드 1개"",""view_type"":""시티뷰"",""size_sqm"":24,""breakfast"":false,""spa"":false,""pool"":false,""balcony"":false,""bathtub"":false,""pet_friendly"":false,""smoking"":true}","1","1","215000","스탠다드 더블","전체 가상 시뮬레이션"
"R0702_2","H0702","3","3","{""bed_type"":""싱글베드 2개"",""view_type"":""가든뷰"",""size_sqm"":33,""breakfast"":true,""spa"":true,""pool"":false,""balcony"":true,""bathtub"":true,""pet_friendly"":false,""smoking"":false}","1","0","240000","디럭스 트윈","전체 가상 시뮬레이션"
"R0702_3","H0702","4","4","{""bed_type"":""킹베드 1개"",""view_type"":""파노라마뷰"",""size_sqm"":42,""breakfast"":false,""spa"":false,""pool"":false,""balcony"":false,""bathtub"":false,""pet_friendly"":false,""smoking"":false}","1","1","265000","프리미엄 스위트","전체 가상 시뮬레이션"
"R0703_1","H0703","2","3","{""bed_type"":""퀸베드 1개"",""view_type"":""시티뷰"",""size_sqm"":24,""breakfast"":true,""spa"":true,""pool"":false,""balcony"":true,""bathtub"":true,""pet_friendly"":false,""smoking"":true}","1","0","220000","스탠다드 더블","전체 가상 시뮬레이션"
"R0703_2","H0703","3","4","{""bed_type"":""싱글베드 2개"",""view_type"":""가든뷰"",""size_sqm"":33,""breakfast"":false,""spa"":false,""pool"":false,""balcony"":false,""bathtub"":false,""pet_friendly"":false,""smoking"":false}","1","1","245000","디럭스 트윈","전체 가상 시뮬레이션"
"R0703_3","H0703","4","1","{""bed_type"":""킹베드 1개"",""view_type"":""파노라마뷰"",""size_sqm"":42,""breakfast"":true,""spa"":false,""pool"":true,""balcony"":false,""bathtub"":false,""pet_friendly"":false,""smoking"":false}","0","1","270000","프리미엄 스위트","전체 가상 시뮬레이션"
"R0704_1","H0704","2","4","{""bed_type"":""퀸베드 1개"",""view_type"":""시티뷰"",""size_sqm"":24,""breakfast"":false,""spa"":false,""pool"":false,""balcony"":false,""bathtub"":false,""pet_friendly"":false,""smoking"":true}","1","1","225000","스탠다드 더블","전체 가상 시뮬레이션"
"R0704_2","H0704","3","1","{""bed_type"":""싱글베드 2개"",""view_type"":""가든뷰"",""size_sqm"":33,""breakfast"":true,""spa"":false,""pool"":true,""balcony"":false,""bathtub"":false,""pet_friendly"":false,""smoking"":false}","0","1","250000","디럭스 트윈","전체 가상 시뮬레이션"
"R0704_3","H0704","4","2","{""bed_type"":""킹베드 1개"",""view_type"":""파노라마뷰"",""size_sqm"":42,""breakfast"":false,""spa"":true,""pool"":false,""balcony"":true,""bathtub"":true,""pet_friendly"":false,""smoking"":false}","1","0","275000","프리미엄 스위트","전체 가상 시뮬레이션"
"R0705_1","H0705","2","1","{""bed_type"":""퀸베드 1개"",""view_type"":""시티뷰"",""size_sqm"":24,""breakfast"":true,""spa"":false,""pool"":true,""balcony"":false,""bathtub"":false,""pet_friendly"":false,""smoking"":true}","0","1","230000","스탠다드 더블","전체 가상 시뮬레이션"
"R0705_2","H0705","3","2","{""bed_type"":""싱글베드 2개"",""view_type"":""가든뷰"",""size_sqm"":33,""breakfast"":false,""spa"":true,""pool"":false,""balcony"":true,""bathtub"":true,""pet_friendly"":false,""smoking"":false}","1","0","255000","디럭스 트윈","전체 가상 시뮬레이션"
"R0705_3","H0705","4","3","{""bed_type"":""킹베드 1개"",""view_type"":""파노라마뷰"",""size_sqm"":42,""breakfast"":true,""spa"":false,""pool"":false,""balcony"":false,""bathtub"":false,""pet_friendly"":false,""smoking"":false}","1","1","280000","프리미엄 스위트","전체 가상 시뮬레이션"
"R0706_1","H0706","2","2","{""bed_type"":""퀸베드 1개"",""view_type"":""시티뷰"",""size_sqm"":24,""breakfast"":false,""spa"":true,""pool"":false,""balcony"":true,""bathtub"":true,""pet_friendly"":false,""smoking"":true}","1","0","235000","스탠다드 더블","전체 가상 시뮬레이션"
"R0706_2","H0706","3","3","{""bed_type"":""싱글베드 2개"",""view_type"":""가든뷰"",""size_sqm"":33,""breakfast"":true,""spa"":false,""pool"":false,""balcony"":false,""bathtub"":false,""pet_friendly"":false,""smoking"":false}","1","1","260000","디럭스 트윈","전체 가상 시뮬레이션"
"R0706_3","H0706","4","4","{""bed_type"":""킹베드 1개"",""view_type"":""파노라마뷰"",""size_sqm"":42,""breakfast"":false,""spa"":false,""pool"":false,""balcony"":false,""bathtub"":false,""pet_friendly"":true,""smoking"":false}","1","1","285000","프리미엄 스위트","전체 가상 시뮬레이션"
"R0707_1","H0707","2","3","{""bed_type"":""퀸베드 1개"",""view_type"":""시티뷰"",""size_sqm"":24,""breakfast"":true,""spa"":false,""pool"":false,""balcony"":false,""bathtub"":false,""pet_friendly"":false,""smoking"":true}","1","1","240000","스탠다드 더블","전체 가상 시뮬레이션"
"R0707_2","H0707","3","4","{""bed_type"":""싱글베드 2개"",""view_type"":""가든뷰"",""size_sqm"":33,""breakfast"":false,""spa"":false,""pool"":false,""balcony"":false,""bathtub"":false,""pet_friendly"":true,""smoking"":false}","1","1","265000","디럭스 트윈","전체 가상 시뮬레이션"
"R0707_3","H0707","4","1","{""bed_type"":""킹베드 1개"",""view_type"":""파노라마뷰"",""size_sqm"":42,""breakfast"":true,""spa"":true,""pool"":true,""balcony"":true,""bathtub"":true,""pet_friendly"":false,""smoking"":false}","0","0","290000","프리미엄 스위트","전체 가상 시뮬레이션"
"R0708_1","H0708","2","4","{""bed_type"":""퀸베드 1개"",""view_type"":""시티뷰"",""size_sqm"":24,""breakfast"":false,""spa"":false,""pool"":false,""balcony"":false,""bathtub"":false,""pet_friendly"":true,""smoking"":true}","1","1","245000","스탠다드 더블","전체 가상 시뮬레이션"
"R0708_2","H0708","3","1","{""bed_type"":""싱글베드 2개"",""view_type"":""가든뷰"",""size_sqm"":33,""breakfast"":true,""spa"":true,""pool"":true,""balcony"":true,""bathtub"":true,""pet_friendly"":false,""smoking"":false}","0","0","270000","디럭스 트윈","전체 가상 시뮬레이션"
"R0708_3","H0708","4","2","{""bed_type"":""킹베드 1개"",""view_type"":""파노라마뷰"",""size_sqm"":42,""breakfast"":false,""spa"":false,""pool"":false,""balcony"":false,""bathtub"":false,""pet_friendly"":false,""smoking"":false}","1","1","295000","프리미엄 스위트","전체 가상 시뮬레이션"
"R0709_1","H0709","2","1","{""bed_type"":""퀸베드 1개"",""view_type"":""시티뷰"",""size_sqm"":24,""breakfast"":true,""spa"":true,""pool"":true,""balcony"":true,""bathtub"":true,""pet_friendly"":false,""smoking"":true}","0","0","250000","스탠다드 더블","전체 가상 시뮬레이션"
"R0709_2","H0709","3","2","{""bed_type"":""싱글베드 2개"",""view_type"":""가든뷰"",""size_sqm"":33,""breakfast"":false,""spa"":false,""pool"":false,""balcony"":false,""bathtub"":false,""pet_friendly"":false,""smoking"":false}","1","1","275000","디럭스 트윈","전체 가상 시뮬레이션"
"R0709_3","H0709","4","3","{""bed_type"":""킹베드 1개"",""view_type"":""파노라마뷰"",""size_sqm"":42,""breakfast"":true,""spa"":false,""pool"":false,""balcony"":false,""bathtub"":false,""pet_friendly"":false,""smoking"":false}","1","1","300000","프리미엄 스위트","전체 가상 시뮬레이션"
"R0710_1","H0710","2","2","{""bed_type"":""퀸베드 1개"",""view_type"":""시티뷰"",""size_sqm"":24,""breakfast"":false,""spa"":false,""pool"":false,""balcony"":false,""bathtub"":false,""pet_friendly"":false,""smoking"":true}","1","1","255000","스탠다드 더블","전체 가상 시뮬레이션"
"R0710_2","H0710","3","3","{""bed_type"":""싱글베드 2개"",""view_type"":""가든뷰"",""size_sqm"":33,""breakfast"":true,""spa"":false,""pool"":false,""balcony"":false,""bathtub"":false,""pet_friendly"":false,""smoking"":false}","1","1","280000","디럭스 트윈","전체 가상 시뮬레이션"
"R0710_3","H0710","4","4","{""bed_type"":""킹베드 1개"",""view_type"":""파노라마뷰"",""size_sqm"":42,""breakfast"":false,""spa"":true,""pool"":false,""balcony"":true,""bathtub"":true,""pet_friendly"":false,""smoking"":false}","1","0","305000","프리미엄 스위트","전체 가상 시뮬레이션"
"R0711_1","H0711","2","3","{""bed_type"":""퀸베드 1개"",""view_type"":""시티뷰"",""size_sqm"":24,""breakfast"":true,""spa"":false,""pool"":false,""balcony"":false,""bathtub"":false,""pet_friendly"":false,""smoking"":true}","1","1","260000","스탠다드 더블","전체 가상 시뮬레이션"
"R0711_2","H0711","3","4","{""bed_type"":""싱글베드 2개"",""view_type"":""가든뷰"",""size_sqm"":33,""breakfast"":false,""spa"":true,""pool"":false,""balcony"":true,""bathtub"":true,""pet_friendly"":false,""smoking"":false}","1","0","285000","디럭스 트윈","전체 가상 시뮬레이션"
"R0711_3","H0711","4","1","{""bed_type"":""킹베드 1개"",""view_type"":""파노라마뷰"",""size_sqm"":42,""breakfast"":true,""spa"":false,""pool"":true,""balcony"":false,""bathtub"":false,""pet_friendly"":false,""smoking"":false}","0","1","310000","프리미엄 스위트","전체 가상 시뮬레이션"
"R0712_1","H0712","2","4","{""bed_type"":""퀸베드 1개"",""view_type"":""시티뷰"",""size_sqm"":24,""breakfast"":false,""spa"":true,""pool"":false,""balcony"":true,""bathtub"":true,""pet_friendly"":false,""smoking"":true}","1","0","265000","스탠다드 더블","전체 가상 시뮬레이션"
"R0712_2","H0712","3","1","{""bed_type"":""싱글베드 2개"",""view_type"":""가든뷰"",""size_sqm"":33,""breakfast"":true,""spa"":false,""pool"":true,""balcony"":false,""bathtub"":false,""pet_friendly"":false,""smoking"":false}","0","1","290000","디럭스 트윈","전체 가상 시뮬레이션"
"R0712_3","H0712","4","2","{""bed_type"":""킹베드 1개"",""view_type"":""파노라마뷰"",""size_sqm"":42,""breakfast"":false,""spa"":false,""pool"":false,""balcony"":false,""bathtub"":false,""pet_friendly"":false,""smoking"":false}","1","1","315000","프리미엄 스위트","전체 가상 시뮬레이션"
"R0713_1","H0713","2","1","{""bed_type"":""퀸베드 1개"",""view_type"":""시티뷰"",""size_sqm"":24,""breakfast"":true,""spa"":false,""pool"":true,""balcony"":false,""bathtub"":false,""pet_friendly"":false,""smoking"":true}","0","1","270000","스탠다드 더블","전체 가상 시뮬레이션"
"R0713_2","H0713","3","2","{""bed_type"":""싱글베드 2개"",""view_type"":""가든뷰"",""size_sqm"":33,""breakfast"":false,""spa"":false,""pool"":false,""balcony"":false,""bathtub"":false,""pet_friendly"":false,""smoking"":false}","1","1","295000","디럭스 트윈","전체 가상 시뮬레이션"
"R0713_3","H0713","4","3","{""bed_type"":""킹베드 1개"",""view_type"":""파노라마뷰"",""size_sqm"":42,""breakfast"":true,""spa"":true,""pool"":false,""balcony"":true,""bathtub"":true,""pet_friendly"":true,""smoking"":false}","1","0","320000","프리미엄 스위트","전체 가상 시뮬레이션"
"R0714_1","H0714","2","2","{""bed_type"":""퀸베드 1개"",""view_type"":""시티뷰"",""size_sqm"":24,""breakfast"":false,""spa"":false,""pool"":false,""balcony"":false,""bathtub"":false,""pet_friendly"":false,""smoking"":true}","1","1","275000","스탠다드 더블","전체 가상 시뮬레이션"
"R0714_2","H0714","3","3","{""bed_type"":""싱글베드 2개"",""view_type"":""가든뷰"",""size_sqm"":33,""breakfast"":true,""spa"":true,""pool"":false,""balcony"":true,""bathtub"":true,""pet_friendly"":true,""smoking"":false}","1","0","300000","디럭스 트윈","전체 가상 시뮬레이션"
"R0714_3","H0714","4","4","{""bed_type"":""킹베드 1개"",""view_type"":""파노라마뷰"",""size_sqm"":42,""breakfast"":false,""spa"":false,""pool"":false,""balcony"":false,""bathtub"":false,""pet_friendly"":false,""smoking"":false}","1","1","325000","프리미엄 스위트","전체 가상 시뮬레이션"
"R0715_1","H0715","2","3","{""bed_type"":""퀸베드 1개"",""view_type"":""시티뷰"",""size_sqm"":24,""breakfast"":true,""spa"":true,""pool"":false,""balcony"":true,""bathtub"":true,""pet_friendly"":true,""smoking"":true}","1","0","280000","스탠다드 더블","전체 가상 시뮬레이션"
"R0715_2","H0715","3","4","{""bed_type"":""싱글베드 2개"",""view_type"":""가든뷰"",""size_sqm"":33,""breakfast"":false,""spa"":false,""pool"":false,""balcony"":false,""bathtub"":false,""pet_friendly"":false,""smoking"":false}","1","1","305000","디럭스 트윈","전체 가상 시뮬레이션"
"R0715_3","H0715","4","1","{""bed_type"":""킹베드 1개"",""view_type"":""파노라마뷰"",""size_sqm"":42,""breakfast"":true,""spa"":false,""pool"":true,""balcony"":false,""bathtub"":false,""pet_friendly"":false,""smoking"":false}","0","1","330000","프리미엄 스위트","전체 가상 시뮬레이션"
"R0716_1","H0716","2","4","{""bed_type"":""퀸베드 1개"",""view_type"":""시티뷰"",""size_sqm"":24,""breakfast"":false,""spa"":false,""pool"":false,""balcony"":false,""bathtub"":false,""pet_friendly"":false,""smoking"":true}","1","1","285000","스탠다드 더블","전체 가상 시뮬레이션"
"R0716_2","H0716","3","1","{""bed_type"":""싱글베드 2개"",""view_type"":""가든뷰"",""size_sqm"":33,""breakfast"":true,""spa"":false,""pool"":true,""balcony"":false,""bathtub"":false,""pet_friendly"":false,""smoking"":false}","0","1","310000","디럭스 트윈","전체 가상 시뮬레이션"
"R0716_3","H0716","4","2","{""bed_type"":""킹베드 1개"",""view_type"":""파노라마뷰"",""size_sqm"":42,""breakfast"":false,""spa"":true,""pool"":false,""balcony"":true,""bathtub"":true,""pet_friendly"":false,""smoking"":false}","1","0","335000","프리미엄 스위트","전체 가상 시뮬레이션"
"R0717_1","H0717","2","1","{""bed_type"":""퀸베드 1개"",""view_type"":""시티뷰"",""size_sqm"":24,""breakfast"":true,""spa"":false,""pool"":true,""balcony"":false,""bathtub"":false,""pet_friendly"":false,""smoking"":true}","0","1","290000","스탠다드 더블","전체 가상 시뮬레이션"
"R0717_2","H0717","3","2","{""bed_type"":""싱글베드 2개"",""view_type"":""가든뷰"",""size_sqm"":33,""breakfast"":false,""spa"":true,""pool"":false,""balcony"":true,""bathtub"":true,""pet_friendly"":false,""smoking"":false}","1","0","315000","디럭스 트윈","전체 가상 시뮬레이션"
"R0717_3","H0717","4","3","{""bed_type"":""킹베드 1개"",""view_type"":""파노라마뷰"",""size_sqm"":42,""breakfast"":true,""spa"":false,""pool"":false,""balcony"":false,""bathtub"":false,""pet_friendly"":false,""smoking"":false}","1","1","340000","프리미엄 스위트","전체 가상 시뮬레이션"
"R0718_1","H0718","2","2","{""bed_type"":""퀸베드 1개"",""view_type"":""시티뷰"",""size_sqm"":24,""breakfast"":false,""spa"":true,""pool"":false,""balcony"":true,""bathtub"":true,""pet_friendly"":false,""smoking"":true}","1","0","295000","스탠다드 더블","전체 가상 시뮬레이션"
"R0718_2","H0718","3","3","{""bed_type"":""싱글베드 2개"",""view_type"":""가든뷰"",""size_sqm"":33,""breakfast"":true,""spa"":false,""pool"":false,""balcony"":false,""bathtub"":false,""pet_friendly"":false,""smoking"":false}","1","1","320000","디럭스 트윈","전체 가상 시뮬레이션"
"R0718_3","H0718","4","4","{""bed_type"":""킹베드 1개"",""view_type"":""파노라마뷰"",""size_sqm"":42,""breakfast"":false,""spa"":false,""pool"":false,""balcony"":false,""bathtub"":false,""pet_friendly"":false,""smoking"":false}","1","1","345000","프리미엄 스위트","전체 가상 시뮬레이션"
"R0719_1","H0719","2","3","{""bed_type"":""퀸베드 1개"",""view_type"":""시티뷰"",""size_sqm"":24,""breakfast"":true,""spa"":false,""pool"":false,""balcony"":false,""bathtub"":false,""pet_friendly"":false,""smoking"":true}","1","1","300000","스탠다드 더블","전체 가상 시뮬레이션"
"R0719_2","H0719","3","4","{""bed_type"":""싱글베드 2개"",""view_type"":""가든뷰"",""size_sqm"":33,""breakfast"":false,""spa"":false,""pool"":false,""balcony"":false,""bathtub"":false,""pet_friendly"":false,""smoking"":false}","1","1","325000","디럭스 트윈","전체 가상 시뮬레이션"
"R0719_3","H0719","4","1","{""bed_type"":""킹베드 1개"",""view_type"":""파노라마뷰"",""size_sqm"":42,""breakfast"":true,""spa"":true,""pool"":true,""balcony"":true,""bathtub"":true,""pet_friendly"":false,""smoking"":false}","0","0","350000","프리미엄 스위트","전체 가상 시뮬레이션"
"R0720_1","H0720","2","4","{""bed_type"":""퀸베드 1개"",""view_type"":""시티뷰"",""size_sqm"":24,""breakfast"":false,""spa"":false,""pool"":false,""balcony"":false,""bathtub"":false,""pet_friendly"":false,""smoking"":true}","1","1","305000","스탠다드 더블","전체 가상 시뮬레이션"
"R0720_2","H0720","3","1","{""bed_type"":""싱글베드 2개"",""view_type"":""가든뷰"",""size_sqm"":33,""breakfast"":true,""spa"":true,""pool"":true,""balcony"":true,""bathtub"":true,""pet_friendly"":false,""smoking"":false}","0","0","330000","디럭스 트윈","전체 가상 시뮬레이션"
"R0720_3","H0720","4","2","{""bed_type"":""킹베드 1개"",""view_type"":""파노라마뷰"",""size_sqm"":42,""breakfast"":false,""spa"":false,""pool"":false,""balcony"":false,""bathtub"":false,""pet_friendly"":true,""smoking"":false}","1","1","355000","프리미엄 스위트","전체 가상 시뮬레이션"
"R0721_1","H0721","2","1","{""bed_type"":""퀸베드 1개"",""view_type"":""시티뷰"",""size_sqm"":24,""breakfast"":true,""spa"":true,""pool"":true,""balcony"":true,""bathtub"":true,""pet_friendly"":false,""smoking"":true}","0","0","70000","스탠다드 더블","전체 가상 시뮬레이션"
"R0721_2","H0721","3","2","{""bed_type"":""싱글베드 2개"",""view_type"":""가든뷰"",""size_sqm"":33,""breakfast"":false,""spa"":false,""pool"":false,""balcony"":false,""bathtub"":false,""pet_friendly"":true,""smoking"":false}","1","1","95000","디럭스 트윈","전체 가상 시뮬레이션"
"R0721_3","H0721","4","3","{""bed_type"":""킹베드 1개"",""view_type"":""파노라마뷰"",""size_sqm"":42,""breakfast"":true,""spa"":false,""pool"":false,""balcony"":false,""bathtub"":false,""pet_friendly"":false,""smoking"":false}","1","1","120000","프리미엄 스위트","전체 가상 시뮬레이션"
"R0722_1","H0722","2","2","{""bed_type"":""퀸베드 1개"",""view_type"":""시티뷰"",""size_sqm"":24,""breakfast"":false,""spa"":false,""pool"":false,""balcony"":false,""bathtub"":false,""pet_friendly"":true,""smoking"":true}","1","1","75000","스탠다드 더블","전체 가상 시뮬레이션"
"R0722_2","H0722","3","3","{""bed_type"":""싱글베드 2개"",""view_type"":""가든뷰"",""size_sqm"":33,""breakfast"":true,""spa"":false,""pool"":false,""balcony"":false,""bathtub"":false,""pet_friendly"":false,""smoking"":false}","1","1","100000","디럭스 트윈","전체 가상 시뮬레이션"
"R0722_3","H0722","4","4","{""bed_type"":""킹베드 1개"",""view_type"":""파노라마뷰"",""size_sqm"":42,""breakfast"":false,""spa"":true,""pool"":false,""balcony"":true,""bathtub"":true,""pet_friendly"":false,""smoking"":false}","1","0","125000","프리미엄 스위트","전체 가상 시뮬레이션"
"R0723_1","H0723","2","3","{""bed_type"":""퀸베드 1개"",""view_type"":""시티뷰"",""size_sqm"":24,""breakfast"":true,""spa"":false,""pool"":false,""balcony"":false,""bathtub"":false,""pet_friendly"":false,""smoking"":true}","1","1","80000","스탠다드 더블","전체 가상 시뮬레이션"
"R0723_2","H0723","3","4","{""bed_type"":""싱글베드 2개"",""view_type"":""가든뷰"",""size_sqm"":33,""breakfast"":false,""spa"":true,""pool"":false,""balcony"":true,""bathtub"":true,""pet_friendly"":false,""smoking"":false}","1","0","105000","디럭스 트윈","전체 가상 시뮬레이션"
"R0723_3","H0723","4","1","{""bed_type"":""킹베드 1개"",""view_type"":""파노라마뷰"",""size_sqm"":42,""breakfast"":true,""spa"":false,""pool"":true,""balcony"":false,""bathtub"":false,""pet_friendly"":false,""smoking"":false}","0","1","130000","프리미엄 스위트","전체 가상 시뮬레이션"
"R0724_1","H0724","2","4","{""bed_type"":""퀸베드 1개"",""view_type"":""시티뷰"",""size_sqm"":24,""breakfast"":false,""spa"":true,""pool"":false,""balcony"":true,""bathtub"":true,""pet_friendly"":false,""smoking"":true}","1","0","85000","스탠다드 더블","전체 가상 시뮬레이션"
"R0724_2","H0724","3","1","{""bed_type"":""싱글베드 2개"",""view_type"":""가든뷰"",""size_sqm"":33,""breakfast"":true,""spa"":false,""pool"":true,""balcony"":false,""bathtub"":false,""pet_friendly"":false,""smoking"":false}","0","1","110000","디럭스 트윈","전체 가상 시뮬레이션"
"R0724_3","H0724","4","2","{""bed_type"":""킹베드 1개"",""view_type"":""파노라마뷰"",""size_sqm"":42,""breakfast"":false,""spa"":false,""pool"":false,""balcony"":false,""bathtub"":false,""pet_friendly"":false,""smoking"":false}","1","1","135000","프리미엄 스위트","전체 가상 시뮬레이션"
"R0725_1","H0725","2","1","{""bed_type"":""퀸베드 1개"",""view_type"":""시티뷰"",""size_sqm"":24,""breakfast"":true,""spa"":false,""pool"":true,""balcony"":false,""bathtub"":false,""pet_friendly"":false,""smoking"":true}","0","1","90000","스탠다드 더블","전체 가상 시뮬레이션"
"R0725_2","H0725","3","2","{""bed_type"":""싱글베드 2개"",""view_type"":""가든뷰"",""size_sqm"":33,""breakfast"":false,""spa"":false,""pool"":false,""balcony"":false,""bathtub"":false,""pet_friendly"":false,""smoking"":false}","1","1","115000","디럭스 트윈","전체 가상 시뮬레이션"
"R0725_3","H0725","4","3","{""bed_type"":""킹베드 1개"",""view_type"":""파노라마뷰"",""size_sqm"":42,""breakfast"":true,""spa"":true,""pool"":false,""balcony"":true,""bathtub"":true,""pet_friendly"":false,""smoking"":false}","1","0","140000","프리미엄 스위트","전체 가상 시뮬레이션"
"R0726_1","H0726","2","2","{""bed_type"":""퀸베드 1개"",""view_type"":""시티뷰"",""size_sqm"":24,""breakfast"":false,""spa"":false,""pool"":false,""balcony"":false,""bathtub"":false,""pet_friendly"":false,""smoking"":true}","1","1","95000","스탠다드 더블","전체 가상 시뮬레이션"
"R0726_2","H0726","3","3","{""bed_type"":""싱글베드 2개"",""view_type"":""가든뷰"",""size_sqm"":33,""breakfast"":true,""spa"":true,""pool"":false,""balcony"":true,""bathtub"":true,""pet_friendly"":false,""smoking"":false}","1","0","120000","디럭스 트윈","전체 가상 시뮬레이션"
"R0726_3","H0726","4","4","{""bed_type"":""킹베드 1개"",""view_type"":""파노라마뷰"",""size_sqm"":42,""breakfast"":false,""spa"":false,""pool"":false,""balcony"":false,""bathtub"":false,""pet_friendly"":false,""smoking"":false}","1","1","145000","프리미엄 스위트","전체 가상 시뮬레이션"
"R0727_1","H0727","2","3","{""bed_type"":""퀸베드 1개"",""view_type"":""시티뷰"",""size_sqm"":24,""breakfast"":true,""spa"":true,""pool"":false,""balcony"":true,""bathtub"":true,""pet_friendly"":false,""smoking"":true}","1","0","100000","스탠다드 더블","전체 가상 시뮬레이션"
"R0727_2","H0727","3","4","{""bed_type"":""싱글베드 2개"",""view_type"":""가든뷰"",""size_sqm"":33,""breakfast"":false,""spa"":false,""pool"":false,""balcony"":false,""bathtub"":false,""pet_friendly"":false,""smoking"":false}","1","1","125000","디럭스 트윈","전체 가상 시뮬레이션"
"R0727_3","H0727","4","1","{""bed_type"":""킹베드 1개"",""view_type"":""파노라마뷰"",""size_sqm"":42,""breakfast"":true,""spa"":false,""pool"":true,""balcony"":false,""bathtub"":false,""pet_friendly"":true,""smoking"":false}","0","1","150000","프리미엄 스위트","전체 가상 시뮬레이션"
"R0728_1","H0728","2","4","{""bed_type"":""퀸베드 1개"",""view_type"":""시티뷰"",""size_sqm"":24,""breakfast"":false,""spa"":false,""pool"":false,""balcony"":false,""bathtub"":false,""pet_friendly"":false,""smoking"":true}","1","1","105000","스탠다드 더블","전체 가상 시뮬레이션"
"R0728_2","H0728","3","1","{""bed_type"":""싱글베드 2개"",""view_type"":""가든뷰"",""size_sqm"":33,""breakfast"":true,""spa"":false,""pool"":true,""balcony"":false,""bathtub"":false,""pet_friendly"":true,""smoking"":false}","0","1","130000","디럭스 트윈","전체 가상 시뮬레이션"
"R0728_3","H0728","4","2","{""bed_type"":""킹베드 1개"",""view_type"":""파노라마뷰"",""size_sqm"":42,""breakfast"":false,""spa"":true,""pool"":false,""balcony"":true,""bathtub"":true,""pet_friendly"":false,""smoking"":false}","1","0","155000","프리미엄 스위트","전체 가상 시뮬레이션"
"R0729_1","H0729","2","1","{""bed_type"":""퀸베드 1개"",""view_type"":""시티뷰"",""size_sqm"":24,""breakfast"":true,""spa"":false,""pool"":true,""balcony"":false,""bathtub"":false,""pet_friendly"":true,""smoking"":true}","0","1","110000","스탠다드 더블","전체 가상 시뮬레이션"
"R0729_2","H0729","3","2","{""bed_type"":""싱글베드 2개"",""view_type"":""가든뷰"",""size_sqm"":33,""breakfast"":false,""spa"":true,""pool"":false,""balcony"":true,""bathtub"":true,""pet_friendly"":false,""smoking"":false}","1","0","135000","디럭스 트윈","전체 가상 시뮬레이션"
"R0729_3","H0729","4","3","{""bed_type"":""킹베드 1개"",""view_type"":""파노라마뷰"",""size_sqm"":42,""breakfast"":true,""spa"":false,""pool"":false,""balcony"":false,""bathtub"":false,""pet_friendly"":false,""smoking"":false}","1","1","160000","프리미엄 스위트","전체 가상 시뮬레이션"
"R0730_1","H0730","2","2","{""bed_type"":""퀸베드 1개"",""view_type"":""시티뷰"",""size_sqm"":24,""breakfast"":false,""spa"":true,""pool"":false,""balcony"":true,""bathtub"":true,""pet_friendly"":false,""smoking"":true}","1","0","115000","스탠다드 더블","전체 가상 시뮬레이션"
"R0730_2","H0730","3","3","{""bed_type"":""싱글베드 2개"",""view_type"":""가든뷰"",""size_sqm"":33,""breakfast"":true,""spa"":false,""pool"":false,""balcony"":false,""bathtub"":false,""pet_friendly"":false,""smoking"":false}","1","1","140000","디럭스 트윈","전체 가상 시뮬레이션"
"R0730_3","H0730","4","4","{""bed_type"":""킹베드 1개"",""view_type"":""파노라마뷰"",""size_sqm"":42,""breakfast"":false,""spa"":false,""pool"":false,""balcony"":false,""bathtub"":false,""pet_friendly"":false,""smoking"":false}","1","1","165000","프리미엄 스위트","전체 가상 시뮬레이션"
"R0731_1","H0731","2","3","{""bed_type"":""퀸베드 1개"",""view_type"":""시티뷰"",""size_sqm"":24,""breakfast"":true,""spa"":false,""pool"":false,""balcony"":false,""bathtub"":false,""pet_friendly"":false,""smoking"":true}","1","1","120000","스탠다드 더블","전체 가상 시뮬레이션"
"R0731_2","H0731","3","4","{""bed_type"":""싱글베드 2개"",""view_type"":""가든뷰"",""size_sqm"":33,""breakfast"":false,""spa"":false,""pool"":false,""balcony"":false,""bathtub"":false,""pet_friendly"":false,""smoking"":false}","1","1","145000","디럭스 트윈","전체 가상 시뮬레이션"
"R0731_3","H0731","4","1","{""bed_type"":""킹베드 1개"",""view_type"":""파노라마뷰"",""size_sqm"":42,""breakfast"":true,""spa"":true,""pool"":true,""balcony"":true,""bathtub"":true,""pet_friendly"":false,""smoking"":false}","0","0","170000","프리미엄 스위트","전체 가상 시뮬레이션"
"R0732_1","H0732","2","4","{""bed_type"":""퀸베드 1개"",""view_type"":""시티뷰"",""size_sqm"":24,""breakfast"":false,""spa"":false,""pool"":false,""balcony"":false,""bathtub"":false,""pet_friendly"":false,""smoking"":true}","1","1","125000","스탠다드 더블","전체 가상 시뮬레이션"
"R0732_2","H0732","3","1","{""bed_type"":""싱글베드 2개"",""view_type"":""가든뷰"",""size_sqm"":33,""breakfast"":true,""spa"":true,""pool"":true,""balcony"":true,""bathtub"":true,""pet_friendly"":false,""smoking"":false}","0","0","150000","디럭스 트윈","전체 가상 시뮬레이션"
"R0732_3","H0732","4","2","{""bed_type"":""킹베드 1개"",""view_type"":""파노라마뷰"",""size_sqm"":42,""breakfast"":false,""spa"":false,""pool"":false,""balcony"":false,""bathtub"":false,""pet_friendly"":false,""smoking"":false}","1","1","175000","프리미엄 스위트","전체 가상 시뮬레이션"
"R0733_1","H0733","2","1","{""bed_type"":""퀸베드 1개"",""view_type"":""시티뷰"",""size_sqm"":24,""breakfast"":true,""spa"":true,""pool"":true,""balcony"":true,""bathtub"":true,""pet_friendly"":false,""smoking"":true}","0","0","130000","스탠다드 더블","전체 가상 시뮬레이션"
"R0733_2","H0733","3","2","{""bed_type"":""싱글베드 2개"",""view_type"":""가든뷰"",""size_sqm"":33,""breakfast"":false,""spa"":false,""pool"":false,""balcony"":false,""bathtub"":false,""pet_friendly"":false,""smoking"":false}","1","1","155000","디럭스 트윈","전체 가상 시뮬레이션"
"R0733_3","H0733","4","3","{""bed_type"":""킹베드 1개"",""view_type"":""파노라마뷰"",""size_sqm"":42,""breakfast"":true,""spa"":false,""pool"":false,""balcony"":false,""bathtub"":false,""pet_friendly"":false,""smoking"":false}","1","1","180000","프리미엄 스위트","전체 가상 시뮬레이션"
"R0734_1","H0734","2","2","{""bed_type"":""퀸베드 1개"",""view_type"":""시티뷰"",""size_sqm"":24,""breakfast"":false,""spa"":false,""pool"":false,""balcony"":false,""bathtub"":false,""pet_friendly"":false,""smoking"":true}","1","1","135000","스탠다드 더블","전체 가상 시뮬레이션"
"R0734_2","H0734","3","3","{""bed_type"":""싱글베드 2개"",""view_type"":""가든뷰"",""size_sqm"":33,""breakfast"":true,""spa"":false,""pool"":false,""balcony"":false,""bathtub"":false,""pet_friendly"":false,""smoking"":false}","1","1","160000","디럭스 트윈","전체 가상 시뮬레이션"
"R0734_3","H0734","4","4","{""bed_type"":""킹베드 1개"",""view_type"":""파노라마뷰"",""size_sqm"":42,""breakfast"":false,""spa"":true,""pool"":false,""balcony"":true,""bathtub"":true,""pet_friendly"":true,""smoking"":false}","1","0","185000","프리미엄 스위트","전체 가상 시뮬레이션"
"R0735_1","H0735","2","3","{""bed_type"":""퀸베드 1개"",""view_type"":""시티뷰"",""size_sqm"":24,""breakfast"":true,""spa"":false,""pool"":false,""balcony"":false,""bathtub"":false,""pet_friendly"":false,""smoking"":true}","1","1","140000","스탠다드 더블","전체 가상 시뮬레이션"
"R0735_2","H0735","3","4","{""bed_type"":""싱글베드 2개"",""view_type"":""가든뷰"",""size_sqm"":33,""breakfast"":false,""spa"":true,""pool"":false,""balcony"":true,""bathtub"":true,""pet_friendly"":true,""smoking"":false}","1","0","165000","디럭스 트윈","전체 가상 시뮬레이션"
"R0735_3","H0735","4","1","{""bed_type"":""킹베드 1개"",""view_type"":""파노라마뷰"",""size_sqm"":42,""breakfast"":true,""spa"":false,""pool"":true,""balcony"":false,""bathtub"":false,""pet_friendly"":false,""smoking"":false}","0","1","190000","프리미엄 스위트","전체 가상 시뮬레이션"
"R0736_1","H0736","2","4","{""bed_type"":""퀸베드 1개"",""view_type"":""시티뷰"",""size_sqm"":24,""breakfast"":false,""spa"":true,""pool"":false,""balcony"":true,""bathtub"":true,""pet_friendly"":true,""smoking"":true}","1","0","145000","스탠다드 더블","전체 가상 시뮬레이션"
"R0736_2","H0736","3","1","{""bed_type"":""싱글베드 2개"",""view_type"":""가든뷰"",""size_sqm"":33,""breakfast"":true,""spa"":false,""pool"":true,""balcony"":false,""bathtub"":false,""pet_friendly"":false,""smoking"":false}","0","1","170000","디럭스 트윈","전체 가상 시뮬레이션"
"R0736_3","H0736","4","2","{""bed_type"":""킹베드 1개"",""view_type"":""파노라마뷰"",""size_sqm"":42,""breakfast"":false,""spa"":false,""pool"":false,""balcony"":false,""bathtub"":false,""pet_friendly"":false,""smoking"":false}","1","1","195000","프리미엄 스위트","전체 가상 시뮬레이션"
"R0737_1","H0737","2","1","{""bed_type"":""퀸베드 1개"",""view_type"":""시티뷰"",""size_sqm"":24,""breakfast"":true,""spa"":false,""pool"":true,""balcony"":false,""bathtub"":false,""pet_friendly"":false,""smoking"":true}","0","1","150000","스탠다드 더블","전체 가상 시뮬레이션"
"R0737_2","H0737","3","2","{""bed_type"":""싱글베드 2개"",""view_type"":""가든뷰"",""size_sqm"":33,""breakfast"":false,""spa"":false,""pool"":false,""balcony"":false,""bathtub"":false,""pet_friendly"":false,""smoking"":false}","1","1","175000","디럭스 트윈","전체 가상 시뮬레이션"
"R0737_3","H0737","4","3","{""bed_type"":""킹베드 1개"",""view_type"":""파노라마뷰"",""size_sqm"":42,""breakfast"":true,""spa"":true,""pool"":false,""balcony"":true,""bathtub"":true,""pet_friendly"":false,""smoking"":false}","1","0","200000","프리미엄 스위트","전체 가상 시뮬레이션"
"R0738_1","H0738","2","2","{""bed_type"":""퀸베드 1개"",""view_type"":""시티뷰"",""size_sqm"":24,""breakfast"":false,""spa"":false,""pool"":false,""balcony"":false,""bathtub"":false,""pet_friendly"":false,""smoking"":true}","1","1","155000","스탠다드 더블","전체 가상 시뮬레이션"
"R0738_2","H0738","3","3","{""bed_type"":""싱글베드 2개"",""view_type"":""가든뷰"",""size_sqm"":33,""breakfast"":true,""spa"":true,""pool"":false,""balcony"":true,""bathtub"":true,""pet_friendly"":false,""smoking"":false}","1","0","180000","디럭스 트윈","전체 가상 시뮬레이션"
"R0738_3","H0738","4","4","{""bed_type"":""킹베드 1개"",""view_type"":""파노라마뷰"",""size_sqm"":42,""breakfast"":false,""spa"":false,""pool"":false,""balcony"":false,""bathtub"":false,""pet_friendly"":false,""smoking"":false}","1","1","205000","프리미엄 스위트","전체 가상 시뮬레이션"
"R0739_1","H0739","2","3","{""bed_type"":""퀸베드 1개"",""view_type"":""시티뷰"",""size_sqm"":24,""breakfast"":true,""spa"":true,""pool"":false,""balcony"":true,""bathtub"":true,""pet_friendly"":false,""smoking"":true}","1","0","160000","스탠다드 더블","전체 가상 시뮬레이션"
"R0739_2","H0739","3","4","{""bed_type"":""싱글베드 2개"",""view_type"":""가든뷰"",""size_sqm"":33,""breakfast"":false,""spa"":false,""pool"":false,""balcony"":false,""bathtub"":false,""pet_friendly"":false,""smoking"":false}","1","1","185000","디럭스 트윈","전체 가상 시뮬레이션"
"R0739_3","H0739","4","1","{""bed_type"":""킹베드 1개"",""view_type"":""파노라마뷰"",""size_sqm"":42,""breakfast"":true,""spa"":false,""pool"":true,""balcony"":false,""bathtub"":false,""pet_friendly"":false,""smoking"":false}","0","1","210000","프리미엄 스위트","전체 가상 시뮬레이션"
"R0740_1","H0740","2","4","{""bed_type"":""퀸베드 1개"",""view_type"":""시티뷰"",""size_sqm"":24,""breakfast"":false,""spa"":false,""pool"":false,""balcony"":false,""bathtub"":false,""pet_friendly"":false,""smoking"":true}","1","1","165000","스탠다드 더블","전체 가상 시뮬레이션"
"R0740_2","H0740","3","1","{""bed_type"":""싱글베드 2개"",""view_type"":""가든뷰"",""size_sqm"":33,""breakfast"":true,""spa"":false,""pool"":true,""balcony"":false,""bathtub"":false,""pet_friendly"":false,""smoking"":false}","0","1","190000","디럭스 트윈","전체 가상 시뮬레이션"
"R0740_3","H0740","4","2","{""bed_type"":""킹베드 1개"",""view_type"":""파노라마뷰"",""size_sqm"":42,""breakfast"":false,""spa"":true,""pool"":false,""balcony"":true,""bathtub"":true,""pet_friendly"":false,""smoking"":false}","1","0","215000","프리미엄 스위트","전체 가상 시뮬레이션"
"R0741_1","H0741","2","1","{""bed_type"":""퀸베드 1개"",""view_type"":""시티뷰"",""size_sqm"":24,""breakfast"":true,""spa"":false,""pool"":true,""balcony"":false,""bathtub"":false,""pet_friendly"":false,""smoking"":true}","0","1","170000","스탠다드 더블","전체 가상 시뮬레이션"
"R0741_2","H0741","3","2","{""bed_type"":""싱글베드 2개"",""view_type"":""가든뷰"",""size_sqm"":33,""breakfast"":false,""spa"":true,""pool"":false,""balcony"":true,""bathtub"":true,""pet_friendly"":false,""smoking"":false}","1","0","195000","디럭스 트윈","전체 가상 시뮬레이션"
"R0741_3","H0741","4","3","{""bed_type"":""킹베드 1개"",""view_type"":""파노라마뷰"",""size_sqm"":42,""breakfast"":true,""spa"":false,""pool"":false,""balcony"":false,""bathtub"":false,""pet_friendly"":true,""smoking"":false}","1","1","220000","프리미엄 스위트","전체 가상 시뮬레이션"
"R0742_1","H0742","2","2","{""bed_type"":""퀸베드 1개"",""view_type"":""시티뷰"",""size_sqm"":24,""breakfast"":false,""spa"":true,""pool"":false,""balcony"":true,""bathtub"":true,""pet_friendly"":false,""smoking"":true}","1","0","175000","스탠다드 더블","전체 가상 시뮬레이션"
"R0742_2","H0742","3","3","{""bed_type"":""싱글베드 2개"",""view_type"":""가든뷰"",""size_sqm"":33,""breakfast"":true,""spa"":false,""pool"":false,""balcony"":false,""bathtub"":false,""pet_friendly"":true,""smoking"":false}","1","1","200000","디럭스 트윈","전체 가상 시뮬레이션"
"R0742_3","H0742","4","4","{""bed_type"":""킹베드 1개"",""view_type"":""파노라마뷰"",""size_sqm"":42,""breakfast"":false,""spa"":false,""pool"":false,""balcony"":false,""bathtub"":false,""pet_friendly"":false,""smoking"":false}","1","1","225000","프리미엄 스위트","전체 가상 시뮬레이션"
"R0743_1","H0743","2","3","{""bed_type"":""퀸베드 1개"",""view_type"":""시티뷰"",""size_sqm"":24,""breakfast"":true,""spa"":false,""pool"":false,""balcony"":false,""bathtub"":false,""pet_friendly"":true,""smoking"":true}","1","1","180000","스탠다드 더블","전체 가상 시뮬레이션"
"R0743_2","H0743","3","4","{""bed_type"":""싱글베드 2개"",""view_type"":""가든뷰"",""size_sqm"":33,""breakfast"":false,""spa"":false,""pool"":false,""balcony"":false,""bathtub"":false,""pet_friendly"":false,""smoking"":false}","1","1","205000","디럭스 트윈","전체 가상 시뮬레이션"
"R0743_3","H0743","4","1","{""bed_type"":""킹베드 1개"",""view_type"":""파노라마뷰"",""size_sqm"":42,""breakfast"":true,""spa"":true,""pool"":true,""balcony"":true,""bathtub"":true,""pet_friendly"":false,""smoking"":false}","0","0","230000","프리미엄 스위트","전체 가상 시뮬레이션"
"R0744_1","H0744","2","4","{""bed_type"":""퀸베드 1개"",""view_type"":""시티뷰"",""size_sqm"":24,""breakfast"":false,""spa"":false,""pool"":false,""balcony"":false,""bathtub"":false,""pet_friendly"":false,""smoking"":true}","1","1","185000","스탠다드 더블","전체 가상 시뮬레이션"
"R0744_2","H0744","3","1","{""bed_type"":""싱글베드 2개"",""view_type"":""가든뷰"",""size_sqm"":33,""breakfast"":true,""spa"":true,""pool"":true,""balcony"":true,""bathtub"":true,""pet_friendly"":false,""smoking"":false}","0","0","210000","디럭스 트윈","전체 가상 시뮬레이션"
"R0744_3","H0744","4","2","{""bed_type"":""킹베드 1개"",""view_type"":""파노라마뷰"",""size_sqm"":42,""breakfast"":false,""spa"":false,""pool"":false,""balcony"":false,""bathtub"":false,""pet_friendly"":false,""smoking"":false}","1","1","235000","프리미엄 스위트","전체 가상 시뮬레이션"
"R0745_1","H0745","2","1","{""bed_type"":""퀸베드 1개"",""view_type"":""시티뷰"",""size_sqm"":24,""breakfast"":true,""spa"":true,""pool"":true,""balcony"":true,""bathtub"":true,""pet_friendly"":false,""smoking"":true}","0","0","190000","스탠다드 더블","전체 가상 시뮬레이션"
"R0745_2","H0745","3","2","{""bed_type"":""싱글베드 2개"",""view_type"":""가든뷰"",""size_sqm"":33,""breakfast"":false,""spa"":false,""pool"":false,""balcony"":false,""bathtub"":false,""pet_friendly"":false,""smoking"":false}","1","1","215000","디럭스 트윈","전체 가상 시뮬레이션"
"R0745_3","H0745","4","3","{""bed_type"":""킹베드 1개"",""view_type"":""파노라마뷰"",""size_sqm"":42,""breakfast"":true,""spa"":false,""pool"":false,""balcony"":false,""bathtub"":false,""pet_friendly"":false,""smoking"":false}","1","1","240000","프리미엄 스위트","전체 가상 시뮬레이션"
"R0746_1","H0746","2","2","{""bed_type"":""퀸베드 1개"",""view_type"":""시티뷰"",""size_sqm"":24,""breakfast"":false,""spa"":false,""pool"":false,""balcony"":false,""bathtub"":false,""pet_friendly"":false,""smoking"":true}","1","1","195000","스탠다드 더블","전체 가상 시뮬레이션"
"R0746_2","H0746","3","3","{""bed_type"":""싱글베드 2개"",""view_type"":""가든뷰"",""size_sqm"":33,""breakfast"":true,""spa"":false,""pool"":false,""balcony"":false,""bathtub"":false,""pet_friendly"":false,""smoking"":false}","1","1","220000","디럭스 트윈","전체 가상 시뮬레이션"
"R0746_3","H0746","4","4","{""bed_type"":""킹베드 1개"",""view_type"":""파노라마뷰"",""size_sqm"":42,""breakfast"":false,""spa"":true,""pool"":false,""balcony"":true,""bathtub"":true,""pet_friendly"":false,""smoking"":false}","1","0","245000","프리미엄 스위트","전체 가상 시뮬레이션"
"R0747_1","H0747","2","3","{""bed_type"":""퀸베드 1개"",""view_type"":""시티뷰"",""size_sqm"":24,""breakfast"":true,""spa"":false,""pool"":false,""balcony"":false,""bathtub"":false,""pet_friendly"":false,""smoking"":true}","1","1","200000","스탠다드 더블","전체 가상 시뮬레이션"
"R0747_2","H0747","3","4","{""bed_type"":""싱글베드 2개"",""view_type"":""가든뷰"",""size_sqm"":33,""breakfast"":false,""spa"":true,""pool"":false,""balcony"":true,""bathtub"":true,""pet_friendly"":false,""smoking"":false}","1","0","225000","디럭스 트윈","전체 가상 시뮬레이션"
"R0747_3","H0747","4","1","{""bed_type"":""킹베드 1개"",""view_type"":""파노라마뷰"",""size_sqm"":42,""breakfast"":true,""spa"":false,""pool"":true,""balcony"":false,""bathtub"":false,""pet_friendly"":false,""smoking"":false}","0","1","250000","프리미엄 스위트","전체 가상 시뮬레이션"
"R0748_1","H0748","2","4","{""bed_type"":""퀸베드 1개"",""view_type"":""시티뷰"",""size_sqm"":24,""breakfast"":false,""spa"":true,""pool"":false,""balcony"":true,""bathtub"":true,""pet_friendly"":false,""smoking"":true}","1","0","205000","스탠다드 더블","전체 가상 시뮬레이션"
"R0748_2","H0748","3","1","{""bed_type"":""싱글베드 2개"",""view_type"":""가든뷰"",""size_sqm"":33,""breakfast"":true,""spa"":false,""pool"":true,""balcony"":false,""bathtub"":false,""pet_friendly"":false,""smoking"":false}","0","1","230000","디럭스 트윈","전체 가상 시뮬레이션"
"R0748_3","H0748","4","2","{""bed_type"":""킹베드 1개"",""view_type"":""파노라마뷰"",""size_sqm"":42,""breakfast"":false,""spa"":false,""pool"":false,""balcony"":false,""bathtub"":false,""pet_friendly"":true,""smoking"":false}","1","1","255000","프리미엄 스위트","전체 가상 시뮬레이션"
"R0749_1","H0749","2","1","{""bed_type"":""퀸베드 1개"",""view_type"":""시티뷰"",""size_sqm"":24,""breakfast"":true,""spa"":false,""pool"":true,""balcony"":false,""bathtub"":false,""pet_friendly"":false,""smoking"":true}","0","1","210000","스탠다드 더블","전체 가상 시뮬레이션"
"R0749_2","H0749","3","2","{""bed_type"":""싱글베드 2개"",""view_type"":""가든뷰"",""size_sqm"":33,""breakfast"":false,""spa"":false,""pool"":false,""balcony"":false,""bathtub"":false,""pet_friendly"":true,""smoking"":false}","1","1","235000","디럭스 트윈","전체 가상 시뮬레이션"
"R0749_3","H0749","4","3","{""bed_type"":""킹베드 1개"",""view_type"":""파노라마뷰"",""size_sqm"":42,""breakfast"":true,""spa"":true,""pool"":false,""balcony"":true,""bathtub"":true,""pet_friendly"":false,""smoking"":false}","1","0","260000","프리미엄 스위트","전체 가상 시뮬레이션"
"R0750_1","H0750","2","2","{""bed_type"":""퀸베드 1개"",""view_type"":""시티뷰"",""size_sqm"":24,""breakfast"":false,""spa"":false,""pool"":false,""balcony"":false,""bathtub"":false,""pet_friendly"":true,""smoking"":true}","1","1","215000","스탠다드 더블","전체 가상 시뮬레이션"
"R0750_2","H0750","3","3","{""bed_type"":""싱글베드 2개"",""view_type"":""가든뷰"",""size_sqm"":33,""breakfast"":true,""spa"":true,""pool"":false,""balcony"":true,""bathtub"":true,""pet_friendly"":false,""smoking"":false}","1","0","240000","디럭스 트윈","전체 가상 시뮬레이션"
"R0750_3","H0750","4","4","{""bed_type"":""킹베드 1개"",""view_type"":""파노라마뷰"",""size_sqm"":42,""breakfast"":false,""spa"":false,""pool"":false,""balcony"":false,""bathtub"":false,""pet_friendly"":false,""smoking"":false}","1","1","265000","프리미엄 스위트","전체 가상 시뮬레이션"
"R0751_1","H0751","2","3","{""bed_type"":""퀸베드 1개"",""view_type"":""시티뷰"",""size_sqm"":24,""breakfast"":true,""spa"":true,""pool"":false,""balcony"":true,""bathtub"":true,""pet_friendly"":false,""smoking"":true}","1","0","220000","스탠다드 더블","전체 가상 시뮬레이션"
"R0751_2","H0751","3","4","{""bed_type"":""싱글베드 2개"",""view_type"":""가든뷰"",""size_sqm"":33,""breakfast"":false,""spa"":false,""pool"":false,""balcony"":false,""bathtub"":false,""pet_friendly"":false,""smoking"":false}","1","1","245000","디럭스 트윈","전체 가상 시뮬레이션"
"R0751_3","H0751","4","1","{""bed_type"":""킹베드 1개"",""view_type"":""파노라마뷰"",""size_sqm"":42,""breakfast"":true,""spa"":false,""pool"":true,""balcony"":false,""bathtub"":false,""pet_friendly"":false,""smoking"":false}","0","1","270000","프리미엄 스위트","전체 가상 시뮬레이션"
"R0752_1","H0752","2","4","{""bed_type"":""퀸베드 1개"",""view_type"":""시티뷰"",""size_sqm"":24,""breakfast"":false,""spa"":false,""pool"":false,""balcony"":false,""bathtub"":false,""pet_friendly"":false,""smoking"":true}","1","1","225000","스탠다드 더블","전체 가상 시뮬레이션"
"R0752_2","H0752","3","1","{""bed_type"":""싱글베드 2개"",""view_type"":""가든뷰"",""size_sqm"":33,""breakfast"":true,""spa"":false,""pool"":true,""balcony"":false,""bathtub"":false,""pet_friendly"":false,""smoking"":false}","0","1","250000","디럭스 트윈","전체 가상 시뮬레이션"
"R0752_3","H0752","4","2","{""bed_type"":""킹베드 1개"",""view_type"":""파노라마뷰"",""size_sqm"":42,""breakfast"":false,""spa"":true,""pool"":false,""balcony"":true,""bathtub"":true,""pet_friendly"":false,""smoking"":false}","1","0","275000","프리미엄 스위트","전체 가상 시뮬레이션"
"R0753_1","H0753","2","1","{""bed_type"":""퀸베드 1개"",""view_type"":""시티뷰"",""size_sqm"":24,""breakfast"":true,""spa"":false,""pool"":true,""balcony"":false,""bathtub"":false,""pet_friendly"":false,""smoking"":true}","0","1","230000","스탠다드 더블","전체 가상 시뮬레이션"
"R0753_2","H0753","3","2","{""bed_type"":""싱글베드 2개"",""view_type"":""가든뷰"",""size_sqm"":33,""breakfast"":false,""spa"":true,""pool"":false,""balcony"":true,""bathtub"":true,""pet_friendly"":false,""smoking"":false}","1","0","255000","디럭스 트윈","전체 가상 시뮬레이션"
"R0753_3","H0753","4","3","{""bed_type"":""킹베드 1개"",""view_type"":""파노라마뷰"",""size_sqm"":42,""breakfast"":true,""spa"":false,""pool"":false,""balcony"":false,""bathtub"":false,""pet_friendly"":false,""smoking"":false}","1","1","280000","프리미엄 스위트","전체 가상 시뮬레이션"
"R0754_1","H0754","2","2","{""bed_type"":""퀸베드 1개"",""view_type"":""시티뷰"",""size_sqm"":24,""breakfast"":false,""spa"":true,""pool"":false,""balcony"":true,""bathtub"":true,""pet_friendly"":false,""smoking"":true}","1","0","235000","스탠다드 더블","전체 가상 시뮬레이션"
"R0754_2","H0754","3","3","{""bed_type"":""싱글베드 2개"",""view_type"":""가든뷰"",""size_sqm"":33,""breakfast"":true,""spa"":false,""pool"":false,""balcony"":false,""bathtub"":false,""pet_friendly"":false,""smoking"":false}","1","1","260000","디럭스 트윈","전체 가상 시뮬레이션"
"R0754_3","H0754","4","4","{""bed_type"":""킹베드 1개"",""view_type"":""파노라마뷰"",""size_sqm"":42,""breakfast"":false,""spa"":false,""pool"":false,""balcony"":false,""bathtub"":false,""pet_friendly"":false,""smoking"":false}","1","1","285000","프리미엄 스위트","전체 가상 시뮬레이션"
"R0755_1","H0755","2","3","{""bed_type"":""퀸베드 1개"",""view_type"":""시티뷰"",""size_sqm"":24,""breakfast"":true,""spa"":false,""pool"":false,""balcony"":false,""bathtub"":false,""pet_friendly"":false,""smoking"":true}","1","1","240000","스탠다드 더블","전체 가상 시뮬레이션"
"R0755_2","H0755","3","4","{""bed_type"":""싱글베드 2개"",""view_type"":""가든뷰"",""size_sqm"":33,""breakfast"":false,""spa"":false,""pool"":false,""balcony"":false,""bathtub"":false,""pet_friendly"":false,""smoking"":false}","1","1","265000","디럭스 트윈","전체 가상 시뮬레이션"
"R0755_3","H0755","4","1","{""bed_type"":""킹베드 1개"",""view_type"":""파노라마뷰"",""size_sqm"":42,""breakfast"":true,""spa"":true,""pool"":true,""balcony"":true,""bathtub"":true,""pet_friendly"":true,""smoking"":false}","0","0","290000","프리미엄 스위트","전체 가상 시뮬레이션"
"R0756_1","H0756","2","4","{""bed_type"":""퀸베드 1개"",""view_type"":""시티뷰"",""size_sqm"":24,""breakfast"":false,""spa"":false,""pool"":false,""balcony"":false,""bathtub"":false,""pet_friendly"":false,""smoking"":true}","1","1","245000","스탠다드 더블","전체 가상 시뮬레이션"
"R0756_2","H0756","3","1","{""bed_type"":""싱글베드 2개"",""view_type"":""가든뷰"",""size_sqm"":33,""breakfast"":true,""spa"":true,""pool"":true,""balcony"":true,""bathtub"":true,""pet_friendly"":true,""smoking"":false}","0","0","270000","디럭스 트윈","전체 가상 시뮬레이션"
"R0756_3","H0756","4","2","{""bed_type"":""킹베드 1개"",""view_type"":""파노라마뷰"",""size_sqm"":42,""breakfast"":false,""spa"":false,""pool"":false,""balcony"":false,""bathtub"":false,""pet_friendly"":false,""smoking"":false}","1","1","295000","프리미엄 스위트","전체 가상 시뮬레이션"
"R0757_1","H0757","2","1","{""bed_type"":""퀸베드 1개"",""view_type"":""시티뷰"",""size_sqm"":24,""breakfast"":true,""spa"":true,""pool"":true,""balcony"":true,""bathtub"":true,""pet_friendly"":true,""smoking"":true}","0","0","250000","스탠다드 더블","전체 가상 시뮬레이션"
"R0757_2","H0757","3","2","{""bed_type"":""싱글베드 2개"",""view_type"":""가든뷰"",""size_sqm"":33,""breakfast"":false,""spa"":false,""pool"":false,""balcony"":false,""bathtub"":false,""pet_friendly"":false,""smoking"":false}","1","1","275000","디럭스 트윈","전체 가상 시뮬레이션"
"R0757_3","H0757","4","3","{""bed_type"":""킹베드 1개"",""view_type"":""파노라마뷰"",""size_sqm"":42,""breakfast"":true,""spa"":false,""pool"":false,""balcony"":false,""bathtub"":false,""pet_friendly"":false,""smoking"":false}","1","1","300000","프리미엄 스위트","전체 가상 시뮬레이션"
"R0758_1","H0758","2","2","{""bed_type"":""퀸베드 1개"",""view_type"":""시티뷰"",""size_sqm"":24,""breakfast"":false,""spa"":false,""pool"":false,""balcony"":false,""bathtub"":false,""pet_friendly"":false,""smoking"":true}","1","1","255000","스탠다드 더블","전체 가상 시뮬레이션"
"R0758_2","H0758","3","3","{""bed_type"":""싱글베드 2개"",""view_type"":""가든뷰"",""size_sqm"":33,""breakfast"":true,""spa"":false,""pool"":false,""balcony"":false,""bathtub"":false,""pet_friendly"":false,""smoking"":false}","1","1","280000","디럭스 트윈","전체 가상 시뮬레이션"
"R0758_3","H0758","4","4","{""bed_type"":""킹베드 1개"",""view_type"":""파노라마뷰"",""size_sqm"":42,""breakfast"":false,""spa"":true,""pool"":false,""balcony"":true,""bathtub"":true,""pet_friendly"":false,""smoking"":false}","1","0","305000","프리미엄 스위트","전체 가상 시뮬레이션"
"R0759_1","H0759","2","3","{""bed_type"":""퀸베드 1개"",""view_type"":""시티뷰"",""size_sqm"":24,""breakfast"":true,""spa"":false,""pool"":false,""balcony"":false,""bathtub"":false,""pet_friendly"":false,""smoking"":true}","1","1","260000","스탠다드 더블","전체 가상 시뮬레이션"
"R0759_2","H0759","3","4","{""bed_type"":""싱글베드 2개"",""view_type"":""가든뷰"",""size_sqm"":33,""breakfast"":false,""spa"":true,""pool"":false,""balcony"":true,""bathtub"":true,""pet_friendly"":false,""smoking"":false}","1","0","285000","디럭스 트윈","전체 가상 시뮬레이션"
"R0759_3","H0759","4","1","{""bed_type"":""킹베드 1개"",""view_type"":""파노라마뷰"",""size_sqm"":42,""breakfast"":true,""spa"":false,""pool"":true,""balcony"":false,""bathtub"":false,""pet_friendly"":false,""smoking"":false}","0","1","310000","프리미엄 스위트","전체 가상 시뮬레이션"
"R0760_1","H0760","2","4","{""bed_type"":""퀸베드 1개"",""view_type"":""시티뷰"",""size_sqm"":24,""breakfast"":false,""spa"":true,""pool"":false,""balcony"":true,""bathtub"":true,""pet_friendly"":false,""smoking"":true}","1","0","265000","스탠다드 더블","전체 가상 시뮬레이션"
"R0760_2","H0760","3","1","{""bed_type"":""싱글베드 2개"",""view_type"":""가든뷰"",""size_sqm"":33,""breakfast"":true,""spa"":false,""pool"":true,""balcony"":false,""bathtub"":false,""pet_friendly"":false,""smoking"":false}","0","1","290000","디럭스 트윈","전체 가상 시뮬레이션"
"R0760_3","H0760","4","2","{""bed_type"":""킹베드 1개"",""view_type"":""파노라마뷰"",""size_sqm"":42,""breakfast"":false,""spa"":false,""pool"":false,""balcony"":false,""bathtub"":false,""pet_friendly"":false,""smoking"":false}","1","1","315000","프리미엄 스위트","전체 가상 시뮬레이션"
"R0761_1","H0761","2","1","{""bed_type"":""퀸베드 1개"",""view_type"":""시티뷰"",""size_sqm"":24,""breakfast"":true,""spa"":false,""pool"":true,""balcony"":false,""bathtub"":false,""pet_friendly"":false,""smoking"":true}","0","1","270000","스탠다드 더블","전체 가상 시뮬레이션"
"R0761_2","H0761","3","2","{""bed_type"":""싱글베드 2개"",""view_type"":""가든뷰"",""size_sqm"":33,""breakfast"":false,""spa"":false,""pool"":false,""balcony"":false,""bathtub"":false,""pet_friendly"":false,""smoking"":false}","1","1","295000","디럭스 트윈","전체 가상 시뮬레이션"
"R0761_3","H0761","4","3","{""bed_type"":""킹베드 1개"",""view_type"":""파노라마뷰"",""size_sqm"":42,""breakfast"":true,""spa"":true,""pool"":false,""balcony"":true,""bathtub"":true,""pet_friendly"":false,""smoking"":false}","1","0","320000","프리미엄 스위트","전체 가상 시뮬레이션"
"R0762_1","H0762","2","2","{""bed_type"":""퀸베드 1개"",""view_type"":""시티뷰"",""size_sqm"":24,""breakfast"":false,""spa"":false,""pool"":false,""balcony"":false,""bathtub"":false,""pet_friendly"":false,""smoking"":true}","1","1","275000","스탠다드 더블","전체 가상 시뮬레이션"
"R0762_2","H0762","3","3","{""bed_type"":""싱글베드 2개"",""view_type"":""가든뷰"",""size_sqm"":33,""breakfast"":true,""spa"":true,""pool"":false,""balcony"":true,""bathtub"":true,""pet_friendly"":false,""smoking"":false}","1","0","300000","디럭스 트윈","전체 가상 시뮬레이션"
"R0762_3","H0762","4","4","{""bed_type"":""킹베드 1개"",""view_type"":""파노라마뷰"",""size_sqm"":42,""breakfast"":false,""spa"":false,""pool"":false,""balcony"":false,""bathtub"":false,""pet_friendly"":true,""smoking"":false}","1","1","325000","프리미엄 스위트","전체 가상 시뮬레이션"
"R0763_1","H0763","2","3","{""bed_type"":""퀸베드 1개"",""view_type"":""시티뷰"",""size_sqm"":24,""breakfast"":true,""spa"":true,""pool"":false,""balcony"":true,""bathtub"":true,""pet_friendly"":false,""smoking"":true}","1","0","280000","스탠다드 더블","전체 가상 시뮬레이션"
"R0763_2","H0763","3","4","{""bed_type"":""싱글베드 2개"",""view_type"":""가든뷰"",""size_sqm"":33,""breakfast"":false,""spa"":false,""pool"":false,""balcony"":false,""bathtub"":false,""pet_friendly"":true,""smoking"":false}","1","1","305000","디럭스 트윈","전체 가상 시뮬레이션"
"R0763_3","H0763","4","1","{""bed_type"":""킹베드 1개"",""view_type"":""파노라마뷰"",""size_sqm"":42,""breakfast"":true,""spa"":false,""pool"":true,""balcony"":false,""bathtub"":false,""pet_friendly"":false,""smoking"":false}","0","1","330000","프리미엄 스위트","전체 가상 시뮬레이션"
"R0764_1","H0764","2","4","{""bed_type"":""퀸베드 1개"",""view_type"":""시티뷰"",""size_sqm"":24,""breakfast"":false,""spa"":false,""pool"":false,""balcony"":false,""bathtub"":false,""pet_friendly"":true,""smoking"":true}","1","1","285000","스탠다드 더블","전체 가상 시뮬레이션"
"R0764_2","H0764","3","1","{""bed_type"":""싱글베드 2개"",""view_type"":""가든뷰"",""size_sqm"":33,""breakfast"":true,""spa"":false,""pool"":true,""balcony"":false,""bathtub"":false,""pet_friendly"":false,""smoking"":false}","0","1","310000","디럭스 트윈","전체 가상 시뮬레이션"
"R0764_3","H0764","4","2","{""bed_type"":""킹베드 1개"",""view_type"":""파노라마뷰"",""size_sqm"":42,""breakfast"":false,""spa"":true,""pool"":false,""balcony"":true,""bathtub"":true,""pet_friendly"":false,""smoking"":false}","1","0","335000","프리미엄 스위트","전체 가상 시뮬레이션"
"R0765_1","H0765","2","1","{""bed_type"":""퀸베드 1개"",""view_type"":""시티뷰"",""size_sqm"":24,""breakfast"":true,""spa"":false,""pool"":true,""balcony"":false,""bathtub"":false,""pet_friendly"":false,""smoking"":true}","0","1","290000","스탠다드 더블","전체 가상 시뮬레이션"
"R0765_2","H0765","3","2","{""bed_type"":""싱글베드 2개"",""view_type"":""가든뷰"",""size_sqm"":33,""breakfast"":false,""spa"":true,""pool"":false,""balcony"":true,""bathtub"":true,""pet_friendly"":false,""smoking"":false}","1","0","315000","디럭스 트윈","전체 가상 시뮬레이션"
"R0765_3","H0765","4","3","{""bed_type"":""킹베드 1개"",""view_type"":""파노라마뷰"",""size_sqm"":42,""breakfast"":true,""spa"":false,""pool"":false,""balcony"":false,""bathtub"":false,""pet_friendly"":false,""smoking"":false}","1","1","340000","프리미엄 스위트","전체 가상 시뮬레이션"
"R0766_1","H0766","2","2","{""bed_type"":""퀸베드 1개"",""view_type"":""시티뷰"",""size_sqm"":24,""breakfast"":false,""spa"":true,""pool"":false,""balcony"":true,""bathtub"":true,""pet_friendly"":false,""smoking"":true}","1","0","295000","스탠다드 더블","전체 가상 시뮬레이션"
"R0766_2","H0766","3","3","{""bed_type"":""싱글베드 2개"",""view_type"":""가든뷰"",""size_sqm"":33,""breakfast"":true,""spa"":false,""pool"":false,""balcony"":false,""bathtub"":false,""pet_friendly"":false,""smoking"":false}","1","1","320000","디럭스 트윈","전체 가상 시뮬레이션"
"R0766_3","H0766","4","4","{""bed_type"":""킹베드 1개"",""view_type"":""파노라마뷰"",""size_sqm"":42,""breakfast"":false,""spa"":false,""pool"":false,""balcony"":false,""bathtub"":false,""pet_friendly"":false,""smoking"":false}","1","1","345000","프리미엄 스위트","전체 가상 시뮬레이션"
"R0767_1","H0767","2","3","{""bed_type"":""퀸베드 1개"",""view_type"":""시티뷰"",""size_sqm"":24,""breakfast"":true,""spa"":false,""pool"":false,""balcony"":false,""bathtub"":false,""pet_friendly"":false,""smoking"":true}","1","1","300000","스탠다드 더블","전체 가상 시뮬레이션"
"R0767_2","H0767","3","4","{""bed_type"":""싱글베드 2개"",""view_type"":""가든뷰"",""size_sqm"":33,""breakfast"":false,""spa"":false,""pool"":false,""balcony"":false,""bathtub"":false,""pet_friendly"":false,""smoking"":false}","1","1","325000","디럭스 트윈","전체 가상 시뮬레이션"
"R0767_3","H0767","4","1","{""bed_type"":""킹베드 1개"",""view_type"":""파노라마뷰"",""size_sqm"":42,""breakfast"":true,""spa"":true,""pool"":true,""balcony"":true,""bathtub"":true,""pet_friendly"":false,""smoking"":false}","0","0","350000","프리미엄 스위트","전체 가상 시뮬레이션"
"R0768_1","H0768","2","4","{""bed_type"":""퀸베드 1개"",""view_type"":""시티뷰"",""size_sqm"":24,""breakfast"":false,""spa"":false,""pool"":false,""balcony"":false,""bathtub"":false,""pet_friendly"":false,""smoking"":true}","1","1","305000","스탠다드 더블","전체 가상 시뮬레이션"
"R0768_2","H0768","3","1","{""bed_type"":""싱글베드 2개"",""view_type"":""가든뷰"",""size_sqm"":33,""breakfast"":true,""spa"":true,""pool"":true,""balcony"":true,""bathtub"":true,""pet_friendly"":false,""smoking"":false}","0","0","330000","디럭스 트윈","전체 가상 시뮬레이션"
"R0768_3","H0768","4","2","{""bed_type"":""킹베드 1개"",""view_type"":""파노라마뷰"",""size_sqm"":42,""breakfast"":false,""spa"":false,""pool"":false,""balcony"":false,""bathtub"":false,""pet_friendly"":false,""smoking"":false}","1","1","355000","프리미엄 스위트","전체 가상 시뮬레이션"
"R0769_1","H0769","2","1","{""bed_type"":""퀸베드 1개"",""view_type"":""시티뷰"",""size_sqm"":24,""breakfast"":true,""spa"":true,""pool"":true,""balcony"":true,""bathtub"":true,""pet_friendly"":false,""smoking"":true}","0","0","70000","스탠다드 더블","전체 가상 시뮬레이션"
"R0769_2","H0769","3","2","{""bed_type"":""싱글베드 2개"",""view_type"":""가든뷰"",""size_sqm"":33,""breakfast"":false,""spa"":false,""pool"":false,""balcony"":false,""bathtub"":false,""pet_friendly"":false,""smoking"":false}","1","1","95000","디럭스 트윈","전체 가상 시뮬레이션"
"R0769_3","H0769","4","3","{""bed_type"":""킹베드 1개"",""view_type"":""파노라마뷰"",""size_sqm"":42,""breakfast"":true,""spa"":false,""pool"":false,""balcony"":false,""bathtub"":false,""pet_friendly"":true,""smoking"":false}","1","1","120000","프리미엄 스위트","전체 가상 시뮬레이션"
"R0770_1","H0770","2","2","{""bed_type"":""퀸베드 1개"",""view_type"":""시티뷰"",""size_sqm"":24,""breakfast"":false,""spa"":false,""pool"":false,""balcony"":false,""bathtub"":false,""pet_friendly"":false,""smoking"":true}","1","1","75000","스탠다드 더블","전체 가상 시뮬레이션"
"R0770_2","H0770","3","3","{""bed_type"":""싱글베드 2개"",""view_type"":""가든뷰"",""size_sqm"":33,""breakfast"":true,""spa"":false,""pool"":false,""balcony"":false,""bathtub"":false,""pet_friendly"":true,""smoking"":false}","1","1","100000","디럭스 트윈","전체 가상 시뮬레이션"
"R0770_3","H0770","4","4","{""bed_type"":""킹베드 1개"",""view_type"":""파노라마뷰"",""size_sqm"":42,""breakfast"":false,""spa"":true,""pool"":false,""balcony"":true,""bathtub"":true,""pet_friendly"":false,""smoking"":false}","1","0","125000","프리미엄 스위트","전체 가상 시뮬레이션"
"R0771_1","H0771","2","3","{""bed_type"":""퀸베드 1개"",""view_type"":""시티뷰"",""size_sqm"":24,""breakfast"":true,""spa"":false,""pool"":false,""balcony"":false,""bathtub"":false,""pet_friendly"":true,""smoking"":true}","1","1","80000","스탠다드 더블","전체 가상 시뮬레이션"
"R0771_2","H0771","3","4","{""bed_type"":""싱글베드 2개"",""view_type"":""가든뷰"",""size_sqm"":33,""breakfast"":false,""spa"":true,""pool"":false,""balcony"":true,""bathtub"":true,""pet_friendly"":false,""smoking"":false}","1","0","105000","디럭스 트윈","전체 가상 시뮬레이션"
"R0771_3","H0771","4","1","{""bed_type"":""킹베드 1개"",""view_type"":""파노라마뷰"",""size_sqm"":42,""breakfast"":true,""spa"":false,""pool"":true,""balcony"":false,""bathtub"":false,""pet_friendly"":false,""smoking"":false}","0","1","130000","프리미엄 스위트","전체 가상 시뮬레이션"
"R0772_1","H0772","2","4","{""bed_type"":""퀸베드 1개"",""view_type"":""시티뷰"",""size_sqm"":24,""breakfast"":false,""spa"":true,""pool"":false,""balcony"":true,""bathtub"":true,""pet_friendly"":false,""smoking"":true}","1","0","85000","스탠다드 더블","전체 가상 시뮬레이션"
"R0772_2","H0772","3","1","{""bed_type"":""싱글베드 2개"",""view_type"":""가든뷰"",""size_sqm"":33,""breakfast"":true,""spa"":false,""pool"":true,""balcony"":false,""bathtub"":false,""pet_friendly"":false,""smoking"":false}","0","1","110000","디럭스 트윈","전체 가상 시뮬레이션"
"R0772_3","H0772","4","2","{""bed_type"":""킹베드 1개"",""view_type"":""파노라마뷰"",""size_sqm"":42,""breakfast"":false,""spa"":false,""pool"":false,""balcony"":false,""bathtub"":false,""pet_friendly"":false,""smoking"":false}","1","1","135000","프리미엄 스위트","전체 가상 시뮬레이션"
"R0773_1","H0773","2","1","{""bed_type"":""퀸베드 1개"",""view_type"":""시티뷰"",""size_sqm"":24,""breakfast"":true,""spa"":false,""pool"":true,""balcony"":false,""bathtub"":false,""pet_friendly"":false,""smoking"":true}","0","1","90000","스탠다드 더블","전체 가상 시뮬레이션"
"R0773_2","H0773","3","2","{""bed_type"":""싱글베드 2개"",""view_type"":""가든뷰"",""size_sqm"":33,""breakfast"":false,""spa"":false,""pool"":false,""balcony"":false,""bathtub"":false,""pet_friendly"":false,""smoking"":false}","1","1","115000","디럭스 트윈","전체 가상 시뮬레이션"
"R0773_3","H0773","4","3","{""bed_type"":""킹베드 1개"",""view_type"":""파노라마뷰"",""size_sqm"":42,""breakfast"":true,""spa"":true,""pool"":false,""balcony"":true,""bathtub"":true,""pet_friendly"":false,""smoking"":false}","1","0","140000","프리미엄 스위트","전체 가상 시뮬레이션"
"R0774_1","H0774","2","2","{""bed_type"":""퀸베드 1개"",""view_type"":""시티뷰"",""size_sqm"":24,""breakfast"":false,""spa"":false,""pool"":false,""balcony"":false,""bathtub"":false,""pet_friendly"":false,""smoking"":true}","1","1","95000","스탠다드 더블","전체 가상 시뮬레이션"
"R0774_2","H0774","3","3","{""bed_type"":""싱글베드 2개"",""view_type"":""가든뷰"",""size_sqm"":33,""breakfast"":true,""spa"":true,""pool"":false,""balcony"":true,""bathtub"":true,""pet_friendly"":false,""smoking"":false}","1","0","120000","디럭스 트윈","전체 가상 시뮬레이션"
"R0774_3","H0774","4","4","{""bed_type"":""킹베드 1개"",""view_type"":""파노라마뷰"",""size_sqm"":42,""breakfast"":false,""spa"":false,""pool"":false,""balcony"":false,""bathtub"":false,""pet_friendly"":false,""smoking"":false}","1","1","145000","프리미엄 스위트","전체 가상 시뮬레이션"
"R0775_1","H0775","2","3","{""bed_type"":""퀸베드 1개"",""view_type"":""시티뷰"",""size_sqm"":24,""breakfast"":true,""spa"":true,""pool"":false,""balcony"":true,""bathtub"":true,""pet_friendly"":false,""smoking"":true}","1","0","100000","스탠다드 더블","전체 가상 시뮬레이션"
"R0775_2","H0775","3","4","{""bed_type"":""싱글베드 2개"",""view_type"":""가든뷰"",""size_sqm"":33,""breakfast"":false,""spa"":false,""pool"":false,""balcony"":false,""bathtub"":false,""pet_friendly"":false,""smoking"":false}","1","1","125000","디럭스 트윈","전체 가상 시뮬레이션"
"R0775_3","H0775","4","1","{""bed_type"":""킹베드 1개"",""view_type"":""파노라마뷰"",""size_sqm"":42,""breakfast"":true,""spa"":false,""pool"":true,""balcony"":false,""bathtub"":false,""pet_friendly"":false,""smoking"":false}","0","1","150000","프리미엄 스위트","전체 가상 시뮬레이션"
"R0776_1","H0776","2","4","{""bed_type"":""퀸베드 1개"",""view_type"":""시티뷰"",""size_sqm"":24,""breakfast"":false,""spa"":false,""pool"":false,""balcony"":false,""bathtub"":false,""pet_friendly"":false,""smoking"":true}","1","1","105000","스탠다드 더블","전체 가상 시뮬레이션"
"R0776_2","H0776","3","1","{""bed_type"":""싱글베드 2개"",""view_type"":""가든뷰"",""size_sqm"":33,""breakfast"":true,""spa"":false,""pool"":true,""balcony"":false,""bathtub"":false,""pet_friendly"":false,""smoking"":false}","0","1","130000","디럭스 트윈","전체 가상 시뮬레이션"
"R0776_3","H0776","4","2","{""bed_type"":""킹베드 1개"",""view_type"":""파노라마뷰"",""size_sqm"":42,""breakfast"":false,""spa"":true,""pool"":false,""balcony"":true,""bathtub"":true,""pet_friendly"":true,""smoking"":false}","1","0","155000","프리미엄 스위트","전체 가상 시뮬레이션"
"R0777_1","H0777","2","1","{""bed_type"":""퀸베드 1개"",""view_type"":""시티뷰"",""size_sqm"":24,""breakfast"":true,""spa"":false,""pool"":true,""balcony"":false,""bathtub"":false,""pet_friendly"":false,""smoking"":true}","0","1","110000","스탠다드 더블","전체 가상 시뮬레이션"
"R0777_2","H0777","3","2","{""bed_type"":""싱글베드 2개"",""view_type"":""가든뷰"",""size_sqm"":33,""breakfast"":false,""spa"":true,""pool"":false,""balcony"":true,""bathtub"":true,""pet_friendly"":true,""smoking"":false}","1","0","135000","디럭스 트윈","전체 가상 시뮬레이션"
"R0777_3","H0777","4","3","{""bed_type"":""킹베드 1개"",""view_type"":""파노라마뷰"",""size_sqm"":42,""breakfast"":true,""spa"":false,""pool"":false,""balcony"":false,""bathtub"":false,""pet_friendly"":false,""smoking"":false}","1","1","160000","프리미엄 스위트","전체 가상 시뮬레이션"
"R0778_1","H0778","2","2","{""bed_type"":""퀸베드 1개"",""view_type"":""시티뷰"",""size_sqm"":24,""breakfast"":false,""spa"":true,""pool"":false,""balcony"":true,""bathtub"":true,""pet_friendly"":true,""smoking"":true}","1","0","115000","스탠다드 더블","전체 가상 시뮬레이션"
"R0778_2","H0778","3","3","{""bed_type"":""싱글베드 2개"",""view_type"":""가든뷰"",""size_sqm"":33,""breakfast"":true,""spa"":false,""pool"":false,""balcony"":false,""bathtub"":false,""pet_friendly"":false,""smoking"":false}","1","1","140000","디럭스 트윈","전체 가상 시뮬레이션"
"R0778_3","H0778","4","4","{""bed_type"":""킹베드 1개"",""view_type"":""파노라마뷰"",""size_sqm"":42,""breakfast"":false,""spa"":false,""pool"":false,""balcony"":false,""bathtub"":false,""pet_friendly"":false,""smoking"":false}","1","1","165000","프리미엄 스위트","전체 가상 시뮬레이션"
"R0779_1","H0779","2","3","{""bed_type"":""퀸베드 1개"",""view_type"":""시티뷰"",""size_sqm"":24,""breakfast"":true,""spa"":false,""pool"":false,""balcony"":false,""bathtub"":false,""pet_friendly"":false,""smoking"":true}","1","1","120000","스탠다드 더블","전체 가상 시뮬레이션"
"R0779_2","H0779","3","4","{""bed_type"":""싱글베드 2개"",""view_type"":""가든뷰"",""size_sqm"":33,""breakfast"":false,""spa"":false,""pool"":false,""balcony"":false,""bathtub"":false,""pet_friendly"":false,""smoking"":false}","1","1","145000","디럭스 트윈","전체 가상 시뮬레이션"
"R0779_3","H0779","4","1","{""bed_type"":""킹베드 1개"",""view_type"":""파노라마뷰"",""size_sqm"":42,""breakfast"":true,""spa"":true,""pool"":true,""balcony"":true,""bathtub"":true,""pet_friendly"":false,""smoking"":false}","0","0","170000","프리미엄 스위트","전체 가상 시뮬레이션"
"R0780_1","H0780","2","4","{""bed_type"":""퀸베드 1개"",""view_type"":""시티뷰"",""size_sqm"":24,""breakfast"":false,""spa"":false,""pool"":false,""balcony"":false,""bathtub"":false,""pet_friendly"":false,""smoking"":true}","1","1","125000","스탠다드 더블","전체 가상 시뮬레이션"
"R0780_2","H0780","3","1","{""bed_type"":""싱글베드 2개"",""view_type"":""가든뷰"",""size_sqm"":33,""breakfast"":true,""spa"":true,""pool"":true,""balcony"":true,""bathtub"":true,""pet_friendly"":false,""smoking"":false}","0","0","150000","디럭스 트윈","전체 가상 시뮬레이션"
"R0780_3","H0780","4","2","{""bed_type"":""킹베드 1개"",""view_type"":""파노라마뷰"",""size_sqm"":42,""breakfast"":false,""spa"":false,""pool"":false,""balcony"":false,""bathtub"":false,""pet_friendly"":false,""smoking"":false}","1","1","175000","프리미엄 스위트","전체 가상 시뮬레이션"
"R0781_1","H0781","2","1","{""bed_type"":""퀸베드 1개"",""view_type"":""시티뷰"",""size_sqm"":24,""breakfast"":true,""spa"":true,""pool"":true,""balcony"":true,""bathtub"":true,""pet_friendly"":false,""smoking"":true}","0","0","130000","스탠다드 더블","전체 가상 시뮬레이션"
"R0781_2","H0781","3","2","{""bed_type"":""싱글베드 2개"",""view_type"":""가든뷰"",""size_sqm"":33,""breakfast"":false,""spa"":false,""pool"":false,""balcony"":false,""bathtub"":false,""pet_friendly"":false,""smoking"":false}","1","1","155000","디럭스 트윈","전체 가상 시뮬레이션"
"R0781_3","H0781","4","3","{""bed_type"":""킹베드 1개"",""view_type"":""파노라마뷰"",""size_sqm"":42,""breakfast"":true,""spa"":false,""pool"":false,""balcony"":false,""bathtub"":false,""pet_friendly"":false,""smoking"":false}","1","1","180000","프리미엄 스위트","전체 가상 시뮬레이션"
"R0782_1","H0782","2","2","{""bed_type"":""퀸베드 1개"",""view_type"":""시티뷰"",""size_sqm"":24,""breakfast"":false,""spa"":false,""pool"":false,""balcony"":false,""bathtub"":false,""pet_friendly"":false,""smoking"":true}","1","1","135000","스탠다드 더블","전체 가상 시뮬레이션"
"R0782_2","H0782","3","3","{""bed_type"":""싱글베드 2개"",""view_type"":""가든뷰"",""size_sqm"":33,""breakfast"":true,""spa"":false,""pool"":false,""balcony"":false,""bathtub"":false,""pet_friendly"":false,""smoking"":false}","1","1","160000","디럭스 트윈","전체 가상 시뮬레이션"
"R0782_3","H0782","4","4","{""bed_type"":""킹베드 1개"",""view_type"":""파노라마뷰"",""size_sqm"":42,""breakfast"":false,""spa"":true,""pool"":false,""balcony"":true,""bathtub"":true,""pet_friendly"":false,""smoking"":false}","1","0","185000","프리미엄 스위트","전체 가상 시뮬레이션"
"R0783_1","H0783","2","3","{""bed_type"":""퀸베드 1개"",""view_type"":""시티뷰"",""size_sqm"":24,""breakfast"":true,""spa"":false,""pool"":false,""balcony"":false,""bathtub"":false,""pet_friendly"":false,""smoking"":true}","1","1","140000","스탠다드 더블","전체 가상 시뮬레이션"
"R0783_2","H0783","3","4","{""bed_type"":""싱글베드 2개"",""view_type"":""가든뷰"",""size_sqm"":33,""breakfast"":false,""spa"":true,""pool"":false,""balcony"":true,""bathtub"":true,""pet_friendly"":false,""smoking"":false}","1","0","165000","디럭스 트윈","전체 가상 시뮬레이션"
"R0783_3","H0783","4","1","{""bed_type"":""킹베드 1개"",""view_type"":""파노라마뷰"",""size_sqm"":42,""breakfast"":true,""spa"":false,""pool"":true,""balcony"":false,""bathtub"":false,""pet_friendly"":true,""smoking"":false}","0","1","190000","프리미엄 스위트","전체 가상 시뮬레이션"
"R0784_1","H0784","2","4","{""bed_type"":""퀸베드 1개"",""view_type"":""시티뷰"",""size_sqm"":24,""breakfast"":false,""spa"":true,""pool"":false,""balcony"":true,""bathtub"":true,""pet_friendly"":false,""smoking"":true}","1","0","145000","스탠다드 더블","전체 가상 시뮬레이션"
"R0784_2","H0784","3","1","{""bed_type"":""싱글베드 2개"",""view_type"":""가든뷰"",""size_sqm"":33,""breakfast"":true,""spa"":false,""pool"":true,""balcony"":false,""bathtub"":false,""pet_friendly"":true,""smoking"":false}","0","1","170000","디럭스 트윈","전체 가상 시뮬레이션"
"R0784_3","H0784","4","2","{""bed_type"":""킹베드 1개"",""view_type"":""파노라마뷰"",""size_sqm"":42,""breakfast"":false,""spa"":false,""pool"":false,""balcony"":false,""bathtub"":false,""pet_friendly"":false,""smoking"":false}","1","1","195000","프리미엄 스위트","전체 가상 시뮬레이션"
"R0785_1","H0785","2","1","{""bed_type"":""퀸베드 1개"",""view_type"":""시티뷰"",""size_sqm"":24,""breakfast"":true,""spa"":false,""pool"":true,""balcony"":false,""bathtub"":false,""pet_friendly"":true,""smoking"":true}","0","1","150000","스탠다드 더블","전체 가상 시뮬레이션"
"R0785_2","H0785","3","2","{""bed_type"":""싱글베드 2개"",""view_type"":""가든뷰"",""size_sqm"":33,""breakfast"":false,""spa"":false,""pool"":false,""balcony"":false,""bathtub"":false,""pet_friendly"":false,""smoking"":false}","1","1","175000","디럭스 트윈","전체 가상 시뮬레이션"
"R0785_3","H0785","4","3","{""bed_type"":""킹베드 1개"",""view_type"":""파노라마뷰"",""size_sqm"":42,""breakfast"":true,""spa"":true,""pool"":false,""balcony"":true,""bathtub"":true,""pet_friendly"":false,""smoking"":false}","1","0","200000","프리미엄 스위트","전체 가상 시뮬레이션"
"R0786_1","H0786","2","2","{""bed_type"":""퀸베드 1개"",""view_type"":""시티뷰"",""size_sqm"":24,""breakfast"":false,""spa"":false,""pool"":false,""balcony"":false,""bathtub"":false,""pet_friendly"":false,""smoking"":true}","1","1","155000","스탠다드 더블","전체 가상 시뮬레이션"
"R0786_2","H0786","3","3","{""bed_type"":""싱글베드 2개"",""view_type"":""가든뷰"",""size_sqm"":33,""breakfast"":true,""spa"":true,""pool"":false,""balcony"":true,""bathtub"":true,""pet_friendly"":false,""smoking"":false}","1","0","180000","디럭스 트윈","전체 가상 시뮬레이션"
"R0786_3","H0786","4","4","{""bed_type"":""킹베드 1개"",""view_type"":""파노라마뷰"",""size_sqm"":42,""breakfast"":false,""spa"":false,""pool"":false,""balcony"":false,""bathtub"":false,""pet_friendly"":false,""smoking"":false}","1","1","205000","프리미엄 스위트","전체 가상 시뮬레이션"
"R0787_1","H0787","2","3","{""bed_type"":""퀸베드 1개"",""view_type"":""시티뷰"",""size_sqm"":24,""breakfast"":true,""spa"":true,""pool"":false,""balcony"":true,""bathtub"":true,""pet_friendly"":false,""smoking"":true}","1","0","160000","스탠다드 더블","전체 가상 시뮬레이션"
"R0787_2","H0787","3","4","{""bed_type"":""싱글베드 2개"",""view_type"":""가든뷰"",""size_sqm"":33,""breakfast"":false,""spa"":false,""pool"":false,""balcony"":false,""bathtub"":false,""pet_friendly"":false,""smoking"":false}","1","1","185000","디럭스 트윈","전체 가상 시뮬레이션"
"R0787_3","H0787","4","1","{""bed_type"":""킹베드 1개"",""view_type"":""파노라마뷰"",""size_sqm"":42,""breakfast"":true,""spa"":false,""pool"":true,""balcony"":false,""bathtub"":false,""pet_friendly"":false,""smoking"":false}","0","1","210000","프리미엄 스위트","전체 가상 시뮬레이션"
"R0788_1","H0788","2","4","{""bed_type"":""퀸베드 1개"",""view_type"":""시티뷰"",""size_sqm"":24,""breakfast"":false,""spa"":false,""pool"":false,""balcony"":false,""bathtub"":false,""pet_friendly"":false,""smoking"":true}","1","1","165000","스탠다드 더블","전체 가상 시뮬레이션"
"R0788_2","H0788","3","1","{""bed_type"":""싱글베드 2개"",""view_type"":""가든뷰"",""size_sqm"":33,""breakfast"":true,""spa"":false,""pool"":true,""balcony"":false,""bathtub"":false,""pet_friendly"":false,""smoking"":false}","0","1","190000","디럭스 트윈","전체 가상 시뮬레이션"
"R0788_3","H0788","4","2","{""bed_type"":""킹베드 1개"",""view_type"":""파노라마뷰"",""size_sqm"":42,""breakfast"":false,""spa"":true,""pool"":false,""balcony"":true,""bathtub"":true,""pet_friendly"":false,""smoking"":false}","1","0","215000","프리미엄 스위트","전체 가상 시뮬레이션"
"R0789_1","H0789","2","1","{""bed_type"":""퀸베드 1개"",""view_type"":""시티뷰"",""size_sqm"":24,""breakfast"":true,""spa"":false,""pool"":true,""balcony"":false,""bathtub"":false,""pet_friendly"":false,""smoking"":true}","0","1","170000","스탠다드 더블","전체 가상 시뮬레이션"
"R0789_2","H0789","3","2","{""bed_type"":""싱글베드 2개"",""view_type"":""가든뷰"",""size_sqm"":33,""breakfast"":false,""spa"":true,""pool"":false,""balcony"":true,""bathtub"":true,""pet_friendly"":false,""smoking"":false}","1","0","195000","디럭스 트윈","전체 가상 시뮬레이션"
"R0789_3","H0789","4","3","{""bed_type"":""킹베드 1개"",""view_type"":""파노라마뷰"",""size_sqm"":42,""breakfast"":true,""spa"":false,""pool"":false,""balcony"":false,""bathtub"":false,""pet_friendly"":false,""smoking"":false}","1","1","220000","프리미엄 스위트","전체 가상 시뮬레이션"
"R0790_1","H0790","2","2","{""bed_type"":""퀸베드 1개"",""view_type"":""시티뷰"",""size_sqm"":24,""breakfast"":false,""spa"":true,""pool"":false,""balcony"":true,""bathtub"":true,""pet_friendly"":false,""smoking"":true}","1","0","175000","스탠다드 더블","전체 가상 시뮬레이션"
"R0790_2","H0790","3","3","{""bed_type"":""싱글베드 2개"",""view_type"":""가든뷰"",""size_sqm"":33,""breakfast"":true,""spa"":false,""pool"":false,""balcony"":false,""bathtub"":false,""pet_friendly"":false,""smoking"":false}","1","1","200000","디럭스 트윈","전체 가상 시뮬레이션"
"R0790_3","H0790","4","4","{""bed_type"":""킹베드 1개"",""view_type"":""파노라마뷰"",""size_sqm"":42,""breakfast"":false,""spa"":false,""pool"":false,""balcony"":false,""bathtub"":false,""pet_friendly"":true,""smoking"":false}","1","1","225000","프리미엄 스위트","전체 가상 시뮬레이션"
"R0791_1","H0791","2","3","{""bed_type"":""퀸베드 1개"",""view_type"":""시티뷰"",""size_sqm"":24,""breakfast"":true,""spa"":false,""pool"":false,""balcony"":false,""bathtub"":false,""pet_friendly"":false,""smoking"":true}","1","1","180000","스탠다드 더블","전체 가상 시뮬레이션"
"R0791_2","H0791","3","4","{""bed_type"":""싱글베드 2개"",""view_type"":""가든뷰"",""size_sqm"":33,""breakfast"":false,""spa"":false,""pool"":false,""balcony"":false,""bathtub"":false,""pet_friendly"":true,""smoking"":false}","1","1","205000","디럭스 트윈","전체 가상 시뮬레이션"
"R0791_3","H0791","4","1","{""bed_type"":""킹베드 1개"",""view_type"":""파노라마뷰"",""size_sqm"":42,""breakfast"":true,""spa"":true,""pool"":true,""balcony"":true,""bathtub"":true,""pet_friendly"":false,""smoking"":false}","0","0","230000","프리미엄 스위트","전체 가상 시뮬레이션"
"R0792_1","H0792","2","4","{""bed_type"":""퀸베드 1개"",""view_type"":""시티뷰"",""size_sqm"":24,""breakfast"":false,""spa"":false,""pool"":false,""balcony"":false,""bathtub"":false,""pet_friendly"":true,""smoking"":true}","1","1","185000","스탠다드 더블","전체 가상 시뮬레이션"
"R0792_2","H0792","3","1","{""bed_type"":""싱글베드 2개"",""view_type"":""가든뷰"",""size_sqm"":33,""breakfast"":true,""spa"":true,""pool"":true,""balcony"":true,""bathtub"":true,""pet_friendly"":false,""smoking"":false}","0","0","210000","디럭스 트윈","전체 가상 시뮬레이션"
"R0792_3","H0792","4","2","{""bed_type"":""킹베드 1개"",""view_type"":""파노라마뷰"",""size_sqm"":42,""breakfast"":false,""spa"":false,""pool"":false,""balcony"":false,""bathtub"":false,""pet_friendly"":false,""smoking"":false}","1","1","235000","프리미엄 스위트","전체 가상 시뮬레이션"
"R0793_1","H0793","2","1","{""bed_type"":""퀸베드 1개"",""view_type"":""시티뷰"",""size_sqm"":24,""breakfast"":true,""spa"":true,""pool"":true,""balcony"":true,""bathtub"":true,""pet_friendly"":false,""smoking"":true}","0","0","190000","스탠다드 더블","전체 가상 시뮬레이션"
"R0793_2","H0793","3","2","{""bed_type"":""싱글베드 2개"",""view_type"":""가든뷰"",""size_sqm"":33,""breakfast"":false,""spa"":false,""pool"":false,""balcony"":false,""bathtub"":false,""pet_friendly"":false,""smoking"":false}","1","1","215000","디럭스 트윈","전체 가상 시뮬레이션"
"R0793_3","H0793","4","3","{""bed_type"":""킹베드 1개"",""view_type"":""파노라마뷰"",""size_sqm"":42,""breakfast"":true,""spa"":false,""pool"":false,""balcony"":false,""bathtub"":false,""pet_friendly"":false,""smoking"":false}","1","1","240000","프리미엄 스위트","전체 가상 시뮬레이션"
"R0794_1","H0794","2","2","{""bed_type"":""퀸베드 1개"",""view_type"":""시티뷰"",""size_sqm"":24,""breakfast"":false,""spa"":false,""pool"":false,""balcony"":false,""bathtub"":false,""pet_friendly"":false,""smoking"":true}","1","1","195000","스탠다드 더블","전체 가상 시뮬레이션"
"R0794_2","H0794","3","3","{""bed_type"":""싱글베드 2개"",""view_type"":""가든뷰"",""size_sqm"":33,""breakfast"":true,""spa"":false,""pool"":false,""balcony"":false,""bathtub"":false,""pet_friendly"":false,""smoking"":false}","1","1","220000","디럭스 트윈","전체 가상 시뮬레이션"
"R0794_3","H0794","4","4","{""bed_type"":""킹베드 1개"",""view_type"":""파노라마뷰"",""size_sqm"":42,""breakfast"":false,""spa"":true,""pool"":false,""balcony"":true,""bathtub"":true,""pet_friendly"":false,""smoking"":false}","1","0","245000","프리미엄 스위트","전체 가상 시뮬레이션"
"R0795_1","H0795","2","3","{""bed_type"":""퀸베드 1개"",""view_type"":""시티뷰"",""size_sqm"":24,""breakfast"":true,""spa"":false,""pool"":false,""balcony"":false,""bathtub"":false,""pet_friendly"":false,""smoking"":true}","1","1","200000","스탠다드 더블","전체 가상 시뮬레이션"
"R0795_2","H0795","3","4","{""bed_type"":""싱글베드 2개"",""view_type"":""가든뷰"",""size_sqm"":33,""breakfast"":false,""spa"":true,""pool"":false,""balcony"":true,""bathtub"":true,""pet_friendly"":false,""smoking"":false}","1","0","225000","디럭스 트윈","전체 가상 시뮬레이션"
"R0795_3","H0795","4","1","{""bed_type"":""킹베드 1개"",""view_type"":""파노라마뷰"",""size_sqm"":42,""breakfast"":true,""spa"":false,""pool"":true,""balcony"":false,""bathtub"":false,""pet_friendly"":false,""smoking"":false}","0","1","250000","프리미엄 스위트","전체 가상 시뮬레이션"
"R0796_1","H0796","2","4","{""bed_type"":""퀸베드 1개"",""view_type"":""시티뷰"",""size_sqm"":24,""breakfast"":false,""spa"":true,""pool"":false,""balcony"":true,""bathtub"":true,""pet_friendly"":false,""smoking"":true}","1","0","205000","스탠다드 더블","전체 가상 시뮬레이션"
"R0796_2","H0796","3","1","{""bed_type"":""싱글베드 2개"",""view_type"":""가든뷰"",""size_sqm"":33,""breakfast"":true,""spa"":false,""pool"":true,""balcony"":false,""bathtub"":false,""pet_friendly"":false,""smoking"":false}","0","1","230000","디럭스 트윈","전체 가상 시뮬레이션"
"R0796_3","H0796","4","2","{""bed_type"":""킹베드 1개"",""view_type"":""파노라마뷰"",""size_sqm"":42,""breakfast"":false,""spa"":false,""pool"":false,""balcony"":false,""bathtub"":false,""pet_friendly"":false,""smoking"":false}","1","1","255000","프리미엄 스위트","전체 가상 시뮬레이션"
"R0797_1","H0797","2","1","{""bed_type"":""퀸베드 1개"",""view_type"":""시티뷰"",""size_sqm"":24,""breakfast"":true,""spa"":false,""pool"":true,""balcony"":false,""bathtub"":false,""pet_friendly"":false,""smoking"":true}","0","1","210000","스탠다드 더블","전체 가상 시뮬레이션"
"R0797_2","H0797","3","2","{""bed_type"":""싱글베드 2개"",""view_type"":""가든뷰"",""size_sqm"":33,""breakfast"":false,""spa"":false,""pool"":false,""balcony"":false,""bathtub"":false,""pet_friendly"":false,""smoking"":false}","1","1","235000","디럭스 트윈","전체 가상 시뮬레이션"
"R0797_3","H0797","4","3","{""bed_type"":""킹베드 1개"",""view_type"":""파노라마뷰"",""size_sqm"":42,""breakfast"":true,""spa"":true,""pool"":false,""balcony"":true,""bathtub"":true,""pet_friendly"":true,""smoking"":false}","1","0","260000","프리미엄 스위트","전체 가상 시뮬레이션"
"R0798_1","H0798","2","2","{""bed_type"":""퀸베드 1개"",""view_type"":""시티뷰"",""size_sqm"":24,""breakfast"":false,""spa"":false,""pool"":false,""balcony"":false,""bathtub"":false,""pet_friendly"":false,""smoking"":true}","1","1","215000","스탠다드 더블","전체 가상 시뮬레이션"
"R0798_2","H0798","3","3","{""bed_type"":""싱글베드 2개"",""view_type"":""가든뷰"",""size_sqm"":33,""breakfast"":true,""spa"":true,""pool"":false,""balcony"":true,""bathtub"":true,""pet_friendly"":true,""smoking"":false}","1","0","240000","디럭스 트윈","전체 가상 시뮬레이션"
"R0798_3","H0798","4","4","{""bed_type"":""킹베드 1개"",""view_type"":""파노라마뷰"",""size_sqm"":42,""breakfast"":false,""spa"":false,""pool"":false,""balcony"":false,""bathtub"":false,""pet_friendly"":false,""smoking"":false}","1","1","265000","프리미엄 스위트","전체 가상 시뮬레이션"
"R0799_1","H0799","2","3","{""bed_type"":""퀸베드 1개"",""view_type"":""시티뷰"",""size_sqm"":24,""breakfast"":true,""spa"":true,""pool"":false,""balcony"":true,""bathtub"":true,""pet_friendly"":true,""smoking"":true}","1","0","220000","스탠다드 더블","전체 가상 시뮬레이션"
"R0799_2","H0799","3","4","{""bed_type"":""싱글베드 2개"",""view_type"":""가든뷰"",""size_sqm"":33,""breakfast"":false,""spa"":false,""pool"":false,""balcony"":false,""bathtub"":false,""pet_friendly"":false,""smoking"":false}","1","1","245000","디럭스 트윈","전체 가상 시뮬레이션"
"R0799_3","H0799","4","1","{""bed_type"":""킹베드 1개"",""view_type"":""파노라마뷰"",""size_sqm"":42,""breakfast"":true,""spa"":false,""pool"":true,""balcony"":false,""bathtub"":false,""pet_friendly"":false,""smoking"":false}","0","1","270000","프리미엄 스위트","전체 가상 시뮬레이션"
"R0800_1","H0800","2","4","{""bed_type"":""퀸베드 1개"",""view_type"":""시티뷰"",""size_sqm"":24,""breakfast"":false,""spa"":false,""pool"":false,""balcony"":false,""bathtub"":false,""pet_friendly"":false,""smoking"":true}","1","1","225000","스탠다드 더블","전체 가상 시뮬레이션"
"R0800_2","H0800","3","1","{""bed_type"":""싱글베드 2개"",""view_type"":""가든뷰"",""size_sqm"":33,""breakfast"":true,""spa"":false,""pool"":true,""balcony"":false,""bathtub"":false,""pet_friendly"":false,""smoking"":false}","0","1","250000","디럭스 트윈","전체 가상 시뮬레이션"
"R0800_3","H0800","4","2","{""bed_type"":""킹베드 1개"",""view_type"":""파노라마뷰"",""size_sqm"":42,""breakfast"":false,""spa"":true,""pool"":false,""balcony"":true,""bathtub"":true,""pet_friendly"":false,""smoking"":false}","1","0","275000","프리미엄 스위트","전체 가상 시뮬레이션"
"R0801_1","H0801","2","1","{""bed_type"":""퀸베드 1개"",""view_type"":""시티뷰"",""size_sqm"":24,""breakfast"":true,""spa"":false,""pool"":true,""balcony"":false,""bathtub"":false,""pet_friendly"":false,""smoking"":true}","0","1","230000","스탠다드 더블","전체 가상 시뮬레이션"
"R0801_2","H0801","3","2","{""bed_type"":""싱글베드 2개"",""view_type"":""가든뷰"",""size_sqm"":33,""breakfast"":false,""spa"":true,""pool"":false,""balcony"":true,""bathtub"":true,""pet_friendly"":false,""smoking"":false}","1","0","255000","디럭스 트윈","전체 가상 시뮬레이션"
"R0801_3","H0801","4","3","{""bed_type"":""킹베드 1개"",""view_type"":""파노라마뷰"",""size_sqm"":42,""breakfast"":true,""spa"":false,""pool"":false,""balcony"":false,""bathtub"":false,""pet_friendly"":false,""smoking"":false}","1","1","280000","프리미엄 스위트","전체 가상 시뮬레이션"
"R0802_1","H0802","2","2","{""bed_type"":""퀸베드 1개"",""view_type"":""시티뷰"",""size_sqm"":24,""breakfast"":false,""spa"":true,""pool"":false,""balcony"":true,""bathtub"":true,""pet_friendly"":false,""smoking"":true}","1","0","235000","스탠다드 더블","전체 가상 시뮬레이션"
"R0802_2","H0802","3","3","{""bed_type"":""싱글베드 2개"",""view_type"":""가든뷰"",""size_sqm"":33,""breakfast"":true,""spa"":false,""pool"":false,""balcony"":false,""bathtub"":false,""pet_friendly"":false,""smoking"":false}","1","1","260000","디럭스 트윈","전체 가상 시뮬레이션"
"R0802_3","H0802","4","4","{""bed_type"":""킹베드 1개"",""view_type"":""파노라마뷰"",""size_sqm"":42,""breakfast"":false,""spa"":false,""pool"":false,""balcony"":false,""bathtub"":false,""pet_friendly"":false,""smoking"":false}","1","1","285000","프리미엄 스위트","전체 가상 시뮬레이션"
"R0803_1","H0803","2","3","{""bed_type"":""퀸베드 1개"",""view_type"":""시티뷰"",""size_sqm"":24,""breakfast"":true,""spa"":false,""pool"":false,""balcony"":false,""bathtub"":false,""pet_friendly"":false,""smoking"":true}","1","1","240000","스탠다드 더블","전체 가상 시뮬레이션"
"R0803_2","H0803","3","4","{""bed_type"":""싱글베드 2개"",""view_type"":""가든뷰"",""size_sqm"":33,""breakfast"":false,""spa"":false,""pool"":false,""balcony"":false,""bathtub"":false,""pet_friendly"":false,""smoking"":false}","1","1","265000","디럭스 트윈","전체 가상 시뮬레이션"
"R0803_3","H0803","4","1","{""bed_type"":""킹베드 1개"",""view_type"":""파노라마뷰"",""size_sqm"":42,""breakfast"":true,""spa"":true,""pool"":true,""balcony"":true,""bathtub"":true,""pet_friendly"":false,""smoking"":false}","0","0","290000","프리미엄 스위트","전체 가상 시뮬레이션"
"R0804_1","H0804","2","4","{""bed_type"":""퀸베드 1개"",""view_type"":""시티뷰"",""size_sqm"":24,""breakfast"":false,""spa"":false,""pool"":false,""balcony"":false,""bathtub"":false,""pet_friendly"":false,""smoking"":true}","1","1","245000","스탠다드 더블","전체 가상 시뮬레이션"
"R0804_2","H0804","3","1","{""bed_type"":""싱글베드 2개"",""view_type"":""가든뷰"",""size_sqm"":33,""breakfast"":true,""spa"":true,""pool"":true,""balcony"":true,""bathtub"":true,""pet_friendly"":false,""smoking"":false}","0","0","270000","디럭스 트윈","전체 가상 시뮬레이션"
"R0804_3","H0804","4","2","{""bed_type"":""킹베드 1개"",""view_type"":""파노라마뷰"",""size_sqm"":42,""breakfast"":false,""spa"":false,""pool"":false,""balcony"":false,""bathtub"":false,""pet_friendly"":true,""smoking"":false}","1","1","295000","프리미엄 스위트","전체 가상 시뮬레이션"
"R0805_1","H0805","2","1","{""bed_type"":""퀸베드 1개"",""view_type"":""시티뷰"",""size_sqm"":24,""breakfast"":true,""spa"":true,""pool"":true,""balcony"":true,""bathtub"":true,""pet_friendly"":false,""smoking"":true}","0","0","250000","스탠다드 더블","전체 가상 시뮬레이션"
"R0805_2","H0805","3","2","{""bed_type"":""싱글베드 2개"",""view_type"":""가든뷰"",""size_sqm"":33,""breakfast"":false,""spa"":false,""pool"":false,""balcony"":false,""bathtub"":false,""pet_friendly"":true,""smoking"":false}","1","1","275000","디럭스 트윈","전체 가상 시뮬레이션"
"R0805_3","H0805","4","3","{""bed_type"":""킹베드 1개"",""view_type"":""파노라마뷰"",""size_sqm"":42,""breakfast"":true,""spa"":false,""pool"":false,""balcony"":false,""bathtub"":false,""pet_friendly"":false,""smoking"":false}","1","1","300000","프리미엄 스위트","전체 가상 시뮬레이션"
"R0806_1","H0806","2","2","{""bed_type"":""퀸베드 1개"",""view_type"":""시티뷰"",""size_sqm"":24,""breakfast"":false,""spa"":false,""pool"":false,""balcony"":false,""bathtub"":false,""pet_friendly"":true,""smoking"":true}","1","1","255000","스탠다드 더블","전체 가상 시뮬레이션"
"R0806_2","H0806","3","3","{""bed_type"":""싱글베드 2개"",""view_type"":""가든뷰"",""size_sqm"":33,""breakfast"":true,""spa"":false,""pool"":false,""balcony"":false,""bathtub"":false,""pet_friendly"":false,""smoking"":false}","1","1","280000","디럭스 트윈","전체 가상 시뮬레이션"
"R0806_3","H0806","4","4","{""bed_type"":""킹베드 1개"",""view_type"":""파노라마뷰"",""size_sqm"":42,""breakfast"":false,""spa"":true,""pool"":false,""balcony"":true,""bathtub"":true,""pet_friendly"":false,""smoking"":false}","1","0","305000","프리미엄 스위트","전체 가상 시뮬레이션"
"R0807_1","H0807","2","3","{""bed_type"":""퀸베드 1개"",""view_type"":""시티뷰"",""size_sqm"":24,""breakfast"":true,""spa"":false,""pool"":false,""balcony"":false,""bathtub"":false,""pet_friendly"":false,""smoking"":true}","1","1","260000","스탠다드 더블","전체 가상 시뮬레이션"
"R0807_2","H0807","3","4","{""bed_type"":""싱글베드 2개"",""view_type"":""가든뷰"",""size_sqm"":33,""breakfast"":false,""spa"":true,""pool"":false,""balcony"":true,""bathtub"":true,""pet_friendly"":false,""smoking"":false}","1","0","285000","디럭스 트윈","전체 가상 시뮬레이션"
"R0807_3","H0807","4","1","{""bed_type"":""킹베드 1개"",""view_type"":""파노라마뷰"",""size_sqm"":42,""breakfast"":true,""spa"":false,""pool"":true,""balcony"":false,""bathtub"":false,""pet_friendly"":false,""smoking"":false}","0","1","310000","프리미엄 스위트","전체 가상 시뮬레이션"
"R0808_1","H0808","2","4","{""bed_type"":""퀸베드 1개"",""view_type"":""시티뷰"",""size_sqm"":24,""breakfast"":false,""spa"":true,""pool"":false,""balcony"":true,""bathtub"":true,""pet_friendly"":false,""smoking"":true}","1","0","265000","스탠다드 더블","전체 가상 시뮬레이션"
"R0808_2","H0808","3","1","{""bed_type"":""싱글베드 2개"",""view_type"":""가든뷰"",""size_sqm"":33,""breakfast"":true,""spa"":false,""pool"":true,""balcony"":false,""bathtub"":false,""pet_friendly"":false,""smoking"":false}","0","1","290000","디럭스 트윈","전체 가상 시뮬레이션"
"R0808_3","H0808","4","2","{""bed_type"":""킹베드 1개"",""view_type"":""파노라마뷰"",""size_sqm"":42,""breakfast"":false,""spa"":false,""pool"":false,""balcony"":false,""bathtub"":false,""pet_friendly"":false,""smoking"":false}","1","1","315000","프리미엄 스위트","전체 가상 시뮬레이션"
"R0809_1","H0809","2","1","{""bed_type"":""퀸베드 1개"",""view_type"":""시티뷰"",""size_sqm"":24,""breakfast"":true,""spa"":false,""pool"":true,""balcony"":false,""bathtub"":false,""pet_friendly"":false,""smoking"":true}","0","1","270000","스탠다드 더블","전체 가상 시뮬레이션"
"R0809_2","H0809","3","2","{""bed_type"":""싱글베드 2개"",""view_type"":""가든뷰"",""size_sqm"":33,""breakfast"":false,""spa"":false,""pool"":false,""balcony"":false,""bathtub"":false,""pet_friendly"":false,""smoking"":false}","1","1","295000","디럭스 트윈","전체 가상 시뮬레이션"
"R0809_3","H0809","4","3","{""bed_type"":""킹베드 1개"",""view_type"":""파노라마뷰"",""size_sqm"":42,""breakfast"":true,""spa"":true,""pool"":false,""balcony"":true,""bathtub"":true,""pet_friendly"":false,""smoking"":false}","1","0","320000","프리미엄 스위트","전체 가상 시뮬레이션"
"R0810_1","H0810","2","2","{""bed_type"":""퀸베드 1개"",""view_type"":""시티뷰"",""size_sqm"":24,""breakfast"":false,""spa"":false,""pool"":false,""balcony"":false,""bathtub"":false,""pet_friendly"":false,""smoking"":true}","1","1","275000","스탠다드 더블","전체 가상 시뮬레이션"
"R0810_2","H0810","3","3","{""bed_type"":""싱글베드 2개"",""view_type"":""가든뷰"",""size_sqm"":33,""breakfast"":true,""spa"":true,""pool"":false,""balcony"":true,""bathtub"":true,""pet_friendly"":false,""smoking"":false}","1","0","300000","디럭스 트윈","전체 가상 시뮬레이션"
"R0810_3","H0810","4","4","{""bed_type"":""킹베드 1개"",""view_type"":""파노라마뷰"",""size_sqm"":42,""breakfast"":false,""spa"":false,""pool"":false,""balcony"":false,""bathtub"":false,""pet_friendly"":false,""smoking"":false}","1","1","325000","프리미엄 스위트","전체 가상 시뮬레이션"
"R0811_1","H0811","2","3","{""bed_type"":""퀸베드 1개"",""view_type"":""시티뷰"",""size_sqm"":24,""breakfast"":true,""spa"":true,""pool"":false,""balcony"":true,""bathtub"":true,""pet_friendly"":false,""smoking"":true}","1","0","280000","스탠다드 더블","전체 가상 시뮬레이션"
"R0811_2","H0811","3","4","{""bed_type"":""싱글베드 2개"",""view_type"":""가든뷰"",""size_sqm"":33,""breakfast"":false,""spa"":false,""pool"":false,""balcony"":false,""bathtub"":false,""pet_friendly"":false,""smoking"":false}","1","1","305000","디럭스 트윈","전체 가상 시뮬레이션"
"R0811_3","H0811","4","1","{""bed_type"":""킹베드 1개"",""view_type"":""파노라마뷰"",""size_sqm"":42,""breakfast"":true,""spa"":false,""pool"":true,""balcony"":false,""bathtub"":false,""pet_friendly"":true,""smoking"":false}","0","1","330000","프리미엄 스위트","전체 가상 시뮬레이션"
"R0812_1","H0812","2","4","{""bed_type"":""퀸베드 1개"",""view_type"":""시티뷰"",""size_sqm"":24,""breakfast"":false,""spa"":false,""pool"":false,""balcony"":false,""bathtub"":false,""pet_friendly"":false,""smoking"":true}","1","1","285000","스탠다드 더블","전체 가상 시뮬레이션"
"R0812_2","H0812","3","1","{""bed_type"":""싱글베드 2개"",""view_type"":""가든뷰"",""size_sqm"":33,""breakfast"":true,""spa"":false,""pool"":true,""balcony"":false,""bathtub"":false,""pet_friendly"":true,""smoking"":false}","0","1","310000","디럭스 트윈","전체 가상 시뮬레이션"
"R0812_3","H0812","4","2","{""bed_type"":""킹베드 1개"",""view_type"":""파노라마뷰"",""size_sqm"":42,""breakfast"":false,""spa"":true,""pool"":false,""balcony"":true,""bathtub"":true,""pet_friendly"":false,""smoking"":false}","1","0","335000","프리미엄 스위트","전체 가상 시뮬레이션"
"R0813_1","H0813","2","1","{""bed_type"":""퀸베드 1개"",""view_type"":""시티뷰"",""size_sqm"":24,""breakfast"":true,""spa"":false,""pool"":true,""balcony"":false,""bathtub"":false,""pet_friendly"":true,""smoking"":true}","0","1","290000","스탠다드 더블","전체 가상 시뮬레이션"
"R0813_2","H0813","3","2","{""bed_type"":""싱글베드 2개"",""view_type"":""가든뷰"",""size_sqm"":33,""breakfast"":false,""spa"":true,""pool"":false,""balcony"":true,""bathtub"":true,""pet_friendly"":false,""smoking"":false}","1","0","315000","디럭스 트윈","전체 가상 시뮬레이션"
"R0813_3","H0813","4","3","{""bed_type"":""킹베드 1개"",""view_type"":""파노라마뷰"",""size_sqm"":42,""breakfast"":true,""spa"":false,""pool"":false,""balcony"":false,""bathtub"":false,""pet_friendly"":false,""smoking"":false}","1","1","340000","프리미엄 스위트","전체 가상 시뮬레이션"
"R0814_1","H0814","2","2","{""bed_type"":""퀸베드 1개"",""view_type"":""시티뷰"",""size_sqm"":24,""breakfast"":false,""spa"":true,""pool"":false,""balcony"":true,""bathtub"":true,""pet_friendly"":false,""smoking"":true}","1","0","295000","스탠다드 더블","전체 가상 시뮬레이션"
"R0814_2","H0814","3","3","{""bed_type"":""싱글베드 2개"",""view_type"":""가든뷰"",""size_sqm"":33,""breakfast"":true,""spa"":false,""pool"":false,""balcony"":false,""bathtub"":false,""pet_friendly"":false,""smoking"":false}","1","1","320000","디럭스 트윈","전체 가상 시뮬레이션"
"R0814_3","H0814","4","4","{""bed_type"":""킹베드 1개"",""view_type"":""파노라마뷰"",""size_sqm"":42,""breakfast"":false,""spa"":false,""pool"":false,""balcony"":false,""bathtub"":false,""pet_friendly"":false,""smoking"":false}","1","1","345000","프리미엄 스위트","전체 가상 시뮬레이션"
"R0815_1","H0815","2","3","{""bed_type"":""퀸베드 1개"",""view_type"":""시티뷰"",""size_sqm"":24,""breakfast"":true,""spa"":false,""pool"":false,""balcony"":false,""bathtub"":false,""pet_friendly"":false,""smoking"":true}","1","1","300000","스탠다드 더블","전체 가상 시뮬레이션"
"R0815_2","H0815","3","4","{""bed_type"":""싱글베드 2개"",""view_type"":""가든뷰"",""size_sqm"":33,""breakfast"":false,""spa"":false,""pool"":false,""balcony"":false,""bathtub"":false,""pet_friendly"":false,""smoking"":false}","1","1","325000","디럭스 트윈","전체 가상 시뮬레이션"
"R0815_3","H0815","4","1","{""bed_type"":""킹베드 1개"",""view_type"":""파노라마뷰"",""size_sqm"":42,""breakfast"":true,""spa"":true,""pool"":true,""balcony"":true,""bathtub"":true,""pet_friendly"":false,""smoking"":false}","0","0","350000","프리미엄 스위트","전체 가상 시뮬레이션"
"R0816_1","H0816","2","4","{""bed_type"":""퀸베드 1개"",""view_type"":""시티뷰"",""size_sqm"":24,""breakfast"":false,""spa"":false,""pool"":false,""balcony"":false,""bathtub"":false,""pet_friendly"":false,""smoking"":true}","1","1","305000","스탠다드 더블","전체 가상 시뮬레이션"
"R0816_2","H0816","3","1","{""bed_type"":""싱글베드 2개"",""view_type"":""가든뷰"",""size_sqm"":33,""breakfast"":true,""spa"":true,""pool"":true,""balcony"":true,""bathtub"":true,""pet_friendly"":false,""smoking"":false}","0","0","330000","디럭스 트윈","전체 가상 시뮬레이션"
"R0816_3","H0816","4","2","{""bed_type"":""킹베드 1개"",""view_type"":""파노라마뷰"",""size_sqm"":42,""breakfast"":false,""spa"":false,""pool"":false,""balcony"":false,""bathtub"":false,""pet_friendly"":false,""smoking"":false}","1","1","355000","프리미엄 스위트","전체 가상 시뮬레이션"
"R0817_1","H0817","2","1","{""bed_type"":""퀸베드 1개"",""view_type"":""시티뷰"",""size_sqm"":24,""breakfast"":true,""spa"":true,""pool"":true,""balcony"":true,""bathtub"":true,""pet_friendly"":false,""smoking"":true}","0","0","70000","스탠다드 더블","전체 가상 시뮬레이션"
"R0817_2","H0817","3","2","{""bed_type"":""싱글베드 2개"",""view_type"":""가든뷰"",""size_sqm"":33,""breakfast"":false,""spa"":false,""pool"":false,""balcony"":false,""bathtub"":false,""pet_friendly"":false,""smoking"":false}","1","1","95000","디럭스 트윈","전체 가상 시뮬레이션"
"R0817_3","H0817","4","3","{""bed_type"":""킹베드 1개"",""view_type"":""파노라마뷰"",""size_sqm"":42,""breakfast"":true,""spa"":false,""pool"":false,""balcony"":false,""bathtub"":false,""pet_friendly"":false,""smoking"":false}","1","1","120000","프리미엄 스위트","전체 가상 시뮬레이션"
"R0818_1","H0818","2","2","{""bed_type"":""퀸베드 1개"",""view_type"":""시티뷰"",""size_sqm"":24,""breakfast"":false,""spa"":false,""pool"":false,""balcony"":false,""bathtub"":false,""pet_friendly"":false,""smoking"":true}","1","1","75000","스탠다드 더블","전체 가상 시뮬레이션"
"R0818_2","H0818","3","3","{""bed_type"":""싱글베드 2개"",""view_type"":""가든뷰"",""size_sqm"":33,""breakfast"":true,""spa"":false,""pool"":false,""balcony"":false,""bathtub"":false,""pet_friendly"":false,""smoking"":false}","1","1","100000","디럭스 트윈","전체 가상 시뮬레이션"
"R0818_3","H0818","4","4","{""bed_type"":""킹베드 1개"",""view_type"":""파노라마뷰"",""size_sqm"":42,""breakfast"":false,""spa"":true,""pool"":false,""balcony"":true,""bathtub"":true,""pet_friendly"":true,""smoking"":false}","1","0","125000","프리미엄 스위트","전체 가상 시뮬레이션"
"R0819_1","H0819","2","3","{""bed_type"":""퀸베드 1개"",""view_type"":""시티뷰"",""size_sqm"":24,""breakfast"":true,""spa"":false,""pool"":false,""balcony"":false,""bathtub"":false,""pet_friendly"":false,""smoking"":true}","1","1","80000","스탠다드 더블","전체 가상 시뮬레이션"
"R0819_2","H0819","3","4","{""bed_type"":""싱글베드 2개"",""view_type"":""가든뷰"",""size_sqm"":33,""breakfast"":false,""spa"":true,""pool"":false,""balcony"":true,""bathtub"":true,""pet_friendly"":true,""smoking"":false}","1","0","105000","디럭스 트윈","전체 가상 시뮬레이션"
"R0819_3","H0819","4","1","{""bed_type"":""킹베드 1개"",""view_type"":""파노라마뷰"",""size_sqm"":42,""breakfast"":true,""spa"":false,""pool"":true,""balcony"":false,""bathtub"":false,""pet_friendly"":false,""smoking"":false}","0","1","130000","프리미엄 스위트","전체 가상 시뮬레이션"
"R0820_1","H0820","2","4","{""bed_type"":""퀸베드 1개"",""view_type"":""시티뷰"",""size_sqm"":24,""breakfast"":false,""spa"":true,""pool"":false,""balcony"":true,""bathtub"":true,""pet_friendly"":true,""smoking"":true}","1","0","85000","스탠다드 더블","전체 가상 시뮬레이션"
"R0820_2","H0820","3","1","{""bed_type"":""싱글베드 2개"",""view_type"":""가든뷰"",""size_sqm"":33,""breakfast"":true,""spa"":false,""pool"":true,""balcony"":false,""bathtub"":false,""pet_friendly"":false,""smoking"":false}","0","1","110000","디럭스 트윈","전체 가상 시뮬레이션"
"R0820_3","H0820","4","2","{""bed_type"":""킹베드 1개"",""view_type"":""파노라마뷰"",""size_sqm"":42,""breakfast"":false,""spa"":false,""pool"":false,""balcony"":false,""bathtub"":false,""pet_friendly"":false,""smoking"":false}","1","1","135000","프리미엄 스위트","전체 가상 시뮬레이션"
"R0821_1","H0821","2","1","{""bed_type"":""퀸베드 1개"",""view_type"":""시티뷰"",""size_sqm"":24,""breakfast"":true,""spa"":false,""pool"":true,""balcony"":false,""bathtub"":false,""pet_friendly"":false,""smoking"":true}","0","1","90000","스탠다드 더블","전체 가상 시뮬레이션"
"R0821_2","H0821","3","2","{""bed_type"":""싱글베드 2개"",""view_type"":""가든뷰"",""size_sqm"":33,""breakfast"":false,""spa"":false,""pool"":false,""balcony"":false,""bathtub"":false,""pet_friendly"":false,""smoking"":false}","1","1","115000","디럭스 트윈","전체 가상 시뮬레이션"
"R0821_3","H0821","4","3","{""bed_type"":""킹베드 1개"",""view_type"":""파노라마뷰"",""size_sqm"":42,""breakfast"":true,""spa"":true,""pool"":false,""balcony"":true,""bathtub"":true,""pet_friendly"":false,""smoking"":false}","1","0","140000","프리미엄 스위트","전체 가상 시뮬레이션"
"R0822_1","H0822","2","2","{""bed_type"":""퀸베드 1개"",""view_type"":""시티뷰"",""size_sqm"":24,""breakfast"":false,""spa"":false,""pool"":false,""balcony"":false,""bathtub"":false,""pet_friendly"":false,""smoking"":true}","1","1","95000","스탠다드 더블","전체 가상 시뮬레이션"
"R0822_2","H0822","3","3","{""bed_type"":""싱글베드 2개"",""view_type"":""가든뷰"",""size_sqm"":33,""breakfast"":true,""spa"":true,""pool"":false,""balcony"":true,""bathtub"":true,""pet_friendly"":false,""smoking"":false}","1","0","120000","디럭스 트윈","전체 가상 시뮬레이션"
"R0822_3","H0822","4","4","{""bed_type"":""킹베드 1개"",""view_type"":""파노라마뷰"",""size_sqm"":42,""breakfast"":false,""spa"":false,""pool"":false,""balcony"":false,""bathtub"":false,""pet_friendly"":false,""smoking"":false}","1","1","145000","프리미엄 스위트","전체 가상 시뮬레이션"
"R0823_1","H0823","2","3","{""bed_type"":""퀸베드 1개"",""view_type"":""시티뷰"",""size_sqm"":24,""breakfast"":true,""spa"":true,""pool"":false,""balcony"":true,""bathtub"":true,""pet_friendly"":false,""smoking"":true}","1","0","100000","스탠다드 더블","전체 가상 시뮬레이션"
"R0823_2","H0823","3","4","{""bed_type"":""싱글베드 2개"",""view_type"":""가든뷰"",""size_sqm"":33,""breakfast"":false,""spa"":false,""pool"":false,""balcony"":false,""bathtub"":false,""pet_friendly"":false,""smoking"":false}","1","1","125000","디럭스 트윈","전체 가상 시뮬레이션"
"R0823_3","H0823","4","1","{""bed_type"":""킹베드 1개"",""view_type"":""파노라마뷰"",""size_sqm"":42,""breakfast"":true,""spa"":false,""pool"":true,""balcony"":false,""bathtub"":false,""pet_friendly"":false,""smoking"":false}","0","1","150000","프리미엄 스위트","전체 가상 시뮬레이션"
"R0824_1","H0824","2","4","{""bed_type"":""퀸베드 1개"",""view_type"":""시티뷰"",""size_sqm"":24,""breakfast"":false,""spa"":false,""pool"":false,""balcony"":false,""bathtub"":false,""pet_friendly"":false,""smoking"":true}","1","1","105000","스탠다드 더블","전체 가상 시뮬레이션"
"R0824_2","H0824","3","1","{""bed_type"":""싱글베드 2개"",""view_type"":""가든뷰"",""size_sqm"":33,""breakfast"":true,""spa"":false,""pool"":true,""balcony"":false,""bathtub"":false,""pet_friendly"":false,""smoking"":false}","0","1","130000","디럭스 트윈","전체 가상 시뮬레이션"
"R0824_3","H0824","4","2","{""bed_type"":""킹베드 1개"",""view_type"":""파노라마뷰"",""size_sqm"":42,""breakfast"":false,""spa"":true,""pool"":false,""balcony"":true,""bathtub"":true,""pet_friendly"":false,""smoking"":false}","1","0","155000","프리미엄 스위트","전체 가상 시뮬레이션"
"R0825_1","H0825","2","1","{""bed_type"":""퀸베드 1개"",""view_type"":""시티뷰"",""size_sqm"":24,""breakfast"":true,""spa"":false,""pool"":true,""balcony"":false,""bathtub"":false,""pet_friendly"":false,""smoking"":true}","0","1","110000","스탠다드 더블","전체 가상 시뮬레이션"
"R0825_2","H0825","3","2","{""bed_type"":""싱글베드 2개"",""view_type"":""가든뷰"",""size_sqm"":33,""breakfast"":false,""spa"":true,""pool"":false,""balcony"":true,""bathtub"":true,""pet_friendly"":false,""smoking"":false}","1","0","135000","디럭스 트윈","전체 가상 시뮬레이션"
"R0825_3","H0825","4","3","{""bed_type"":""킹베드 1개"",""view_type"":""파노라마뷰"",""size_sqm"":42,""breakfast"":true,""spa"":false,""pool"":false,""balcony"":false,""bathtub"":false,""pet_friendly"":true,""smoking"":false}","1","1","160000","프리미엄 스위트","전체 가상 시뮬레이션"
"R0826_1","H0826","2","2","{""bed_type"":""퀸베드 1개"",""view_type"":""시티뷰"",""size_sqm"":24,""breakfast"":false,""spa"":true,""pool"":false,""balcony"":true,""bathtub"":true,""pet_friendly"":false,""smoking"":true}","1","0","115000","스탠다드 더블","전체 가상 시뮬레이션"
"R0826_2","H0826","3","3","{""bed_type"":""싱글베드 2개"",""view_type"":""가든뷰"",""size_sqm"":33,""breakfast"":true,""spa"":false,""pool"":false,""balcony"":false,""bathtub"":false,""pet_friendly"":true,""smoking"":false}","1","1","140000","디럭스 트윈","전체 가상 시뮬레이션"
"R0826_3","H0826","4","4","{""bed_type"":""킹베드 1개"",""view_type"":""파노라마뷰"",""size_sqm"":42,""breakfast"":false,""spa"":false,""pool"":false,""balcony"":false,""bathtub"":false,""pet_friendly"":false,""smoking"":false}","1","1","165000","프리미엄 스위트","전체 가상 시뮬레이션"
"R0827_1","H0827","2","3","{""bed_type"":""퀸베드 1개"",""view_type"":""시티뷰"",""size_sqm"":24,""breakfast"":true,""spa"":false,""pool"":false,""balcony"":false,""bathtub"":false,""pet_friendly"":true,""smoking"":true}","1","1","120000","스탠다드 더블","전체 가상 시뮬레이션"
"R0827_2","H0827","3","4","{""bed_type"":""싱글베드 2개"",""view_type"":""가든뷰"",""size_sqm"":33,""breakfast"":false,""spa"":false,""pool"":false,""balcony"":false,""bathtub"":false,""pet_friendly"":false,""smoking"":false}","1","1","145000","디럭스 트윈","전체 가상 시뮬레이션"
"R0827_3","H0827","4","1","{""bed_type"":""킹베드 1개"",""view_type"":""파노라마뷰"",""size_sqm"":42,""breakfast"":true,""spa"":true,""pool"":true,""balcony"":true,""bathtub"":true,""pet_friendly"":false,""smoking"":false}","0","0","170000","프리미엄 스위트","전체 가상 시뮬레이션"
"R0828_1","H0828","2","4","{""bed_type"":""퀸베드 1개"",""view_type"":""시티뷰"",""size_sqm"":24,""breakfast"":false,""spa"":false,""pool"":false,""balcony"":false,""bathtub"":false,""pet_friendly"":false,""smoking"":true}","1","1","125000","스탠다드 더블","전체 가상 시뮬레이션"
"R0828_2","H0828","3","1","{""bed_type"":""싱글베드 2개"",""view_type"":""가든뷰"",""size_sqm"":33,""breakfast"":true,""spa"":true,""pool"":true,""balcony"":true,""bathtub"":true,""pet_friendly"":false,""smoking"":false}","0","0","150000","디럭스 트윈","전체 가상 시뮬레이션"
"R0828_3","H0828","4","2","{""bed_type"":""킹베드 1개"",""view_type"":""파노라마뷰"",""size_sqm"":42,""breakfast"":false,""spa"":false,""pool"":false,""balcony"":false,""bathtub"":false,""pet_friendly"":false,""smoking"":false}","1","1","175000","프리미엄 스위트","전체 가상 시뮬레이션"
"R0829_1","H0829","2","1","{""bed_type"":""퀸베드 1개"",""view_type"":""시티뷰"",""size_sqm"":24,""breakfast"":true,""spa"":true,""pool"":true,""balcony"":true,""bathtub"":true,""pet_friendly"":false,""smoking"":true}","0","0","130000","스탠다드 더블","전체 가상 시뮬레이션"
"R0829_2","H0829","3","2","{""bed_type"":""싱글베드 2개"",""view_type"":""가든뷰"",""size_sqm"":33,""breakfast"":false,""spa"":false,""pool"":false,""balcony"":false,""bathtub"":false,""pet_friendly"":false,""smoking"":false}","1","1","155000","디럭스 트윈","전체 가상 시뮬레이션"
"R0829_3","H0829","4","3","{""bed_type"":""킹베드 1개"",""view_type"":""파노라마뷰"",""size_sqm"":42,""breakfast"":true,""spa"":false,""pool"":false,""balcony"":false,""bathtub"":false,""pet_friendly"":false,""smoking"":false}","1","1","180000","프리미엄 스위트","전체 가상 시뮬레이션"
"R0830_1","H0830","2","2","{""bed_type"":""퀸베드 1개"",""view_type"":""시티뷰"",""size_sqm"":24,""breakfast"":false,""spa"":false,""pool"":false,""balcony"":false,""bathtub"":false,""pet_friendly"":false,""smoking"":true}","1","1","135000","스탠다드 더블","전체 가상 시뮬레이션"
"R0830_2","H0830","3","3","{""bed_type"":""싱글베드 2개"",""view_type"":""가든뷰"",""size_sqm"":33,""breakfast"":true,""spa"":false,""pool"":false,""balcony"":false,""bathtub"":false,""pet_friendly"":false,""smoking"":false}","1","1","160000","디럭스 트윈","전체 가상 시뮬레이션"
"R0830_3","H0830","4","4","{""bed_type"":""킹베드 1개"",""view_type"":""파노라마뷰"",""size_sqm"":42,""breakfast"":false,""spa"":true,""pool"":false,""balcony"":true,""bathtub"":true,""pet_friendly"":false,""smoking"":false}","1","0","185000","프리미엄 스위트","전체 가상 시뮬레이션"
"R0831_1","H0831","2","3","{""bed_type"":""퀸베드 1개"",""view_type"":""시티뷰"",""size_sqm"":24,""breakfast"":true,""spa"":false,""pool"":false,""balcony"":false,""bathtub"":false,""pet_friendly"":false,""smoking"":true}","1","1","140000","스탠다드 더블","전체 가상 시뮬레이션"
"R0831_2","H0831","3","4","{""bed_type"":""싱글베드 2개"",""view_type"":""가든뷰"",""size_sqm"":33,""breakfast"":false,""spa"":true,""pool"":false,""balcony"":true,""bathtub"":true,""pet_friendly"":false,""smoking"":false}","1","0","165000","디럭스 트윈","전체 가상 시뮬레이션"
"R0831_3","H0831","4","1","{""bed_type"":""킹베드 1개"",""view_type"":""파노라마뷰"",""size_sqm"":42,""breakfast"":true,""spa"":false,""pool"":true,""balcony"":false,""bathtub"":false,""pet_friendly"":false,""smoking"":false}","0","1","190000","프리미엄 스위트","전체 가상 시뮬레이션"
"R0832_1","H0832","2","4","{""bed_type"":""퀸베드 1개"",""view_type"":""시티뷰"",""size_sqm"":24,""breakfast"":false,""spa"":true,""pool"":false,""balcony"":true,""bathtub"":true,""pet_friendly"":false,""smoking"":true}","1","0","145000","스탠다드 더블","전체 가상 시뮬레이션"
"R0832_2","H0832","3","1","{""bed_type"":""싱글베드 2개"",""view_type"":""가든뷰"",""size_sqm"":33,""breakfast"":true,""spa"":false,""pool"":true,""balcony"":false,""bathtub"":false,""pet_friendly"":false,""smoking"":false}","0","1","170000","디럭스 트윈","전체 가상 시뮬레이션"
"R0832_3","H0832","4","2","{""bed_type"":""킹베드 1개"",""view_type"":""파노라마뷰"",""size_sqm"":42,""breakfast"":false,""spa"":false,""pool"":false,""balcony"":false,""bathtub"":false,""pet_friendly"":true,""smoking"":false}","1","1","195000","프리미엄 스위트","전체 가상 시뮬레이션"
"R0833_1","H0833","2","1","{""bed_type"":""퀸베드 1개"",""view_type"":""시티뷰"",""size_sqm"":24,""breakfast"":true,""spa"":false,""pool"":true,""balcony"":false,""bathtub"":false,""pet_friendly"":false,""smoking"":true}","0","1","150000","스탠다드 더블","전체 가상 시뮬레이션"
"R0833_2","H0833","3","2","{""bed_type"":""싱글베드 2개"",""view_type"":""가든뷰"",""size_sqm"":33,""breakfast"":false,""spa"":false,""pool"":false,""balcony"":false,""bathtub"":false,""pet_friendly"":true,""smoking"":false}","1","1","175000","디럭스 트윈","전체 가상 시뮬레이션"
"R0833_3","H0833","4","3","{""bed_type"":""킹베드 1개"",""view_type"":""파노라마뷰"",""size_sqm"":42,""breakfast"":true,""spa"":true,""pool"":false,""balcony"":true,""bathtub"":true,""pet_friendly"":false,""smoking"":false}","1","0","200000","프리미엄 스위트","전체 가상 시뮬레이션"
"R0834_1","H0834","2","2","{""bed_type"":""퀸베드 1개"",""view_type"":""시티뷰"",""size_sqm"":24,""breakfast"":false,""spa"":false,""pool"":false,""balcony"":false,""bathtub"":false,""pet_friendly"":true,""smoking"":true}","1","1","155000","스탠다드 더블","전체 가상 시뮬레이션"
"R0834_2","H0834","3","3","{""bed_type"":""싱글베드 2개"",""view_type"":""가든뷰"",""size_sqm"":33,""breakfast"":true,""spa"":true,""pool"":false,""balcony"":true,""bathtub"":true,""pet_friendly"":false,""smoking"":false}","1","0","180000","디럭스 트윈","전체 가상 시뮬레이션"
"R0834_3","H0834","4","4","{""bed_type"":""킹베드 1개"",""view_type"":""파노라마뷰"",""size_sqm"":42,""breakfast"":false,""spa"":false,""pool"":false,""balcony"":false,""bathtub"":false,""pet_friendly"":false,""smoking"":false}","1","1","205000","프리미엄 스위트","전체 가상 시뮬레이션"
"R0835_1","H0835","2","3","{""bed_type"":""퀸베드 1개"",""view_type"":""시티뷰"",""size_sqm"":24,""breakfast"":true,""spa"":true,""pool"":false,""balcony"":true,""bathtub"":true,""pet_friendly"":false,""smoking"":true}","1","0","160000","스탠다드 더블","전체 가상 시뮬레이션"
"R0835_2","H0835","3","4","{""bed_type"":""싱글베드 2개"",""view_type"":""가든뷰"",""size_sqm"":33,""breakfast"":false,""spa"":false,""pool"":false,""balcony"":false,""bathtub"":false,""pet_friendly"":false,""smoking"":false}","1","1","185000","디럭스 트윈","전체 가상 시뮬레이션"
"R0835_3","H0835","4","1","{""bed_type"":""킹베드 1개"",""view_type"":""파노라마뷰"",""size_sqm"":42,""breakfast"":true,""spa"":false,""pool"":true,""balcony"":false,""bathtub"":false,""pet_friendly"":false,""smoking"":false}","0","1","210000","프리미엄 스위트","전체 가상 시뮬레이션"
"R0836_1","H0836","2","4","{""bed_type"":""퀸베드 1개"",""view_type"":""시티뷰"",""size_sqm"":24,""breakfast"":false,""spa"":false,""pool"":false,""balcony"":false,""bathtub"":false,""pet_friendly"":false,""smoking"":true}","1","1","165000","스탠다드 더블","전체 가상 시뮬레이션"
"R0836_2","H0836","3","1","{""bed_type"":""싱글베드 2개"",""view_type"":""가든뷰"",""size_sqm"":33,""breakfast"":true,""spa"":false,""pool"":true,""balcony"":false,""bathtub"":false,""pet_friendly"":false,""smoking"":false}","0","1","190000","디럭스 트윈","전체 가상 시뮬레이션"
"R0836_3","H0836","4","2","{""bed_type"":""킹베드 1개"",""view_type"":""파노라마뷰"",""size_sqm"":42,""breakfast"":false,""spa"":true,""pool"":false,""balcony"":true,""bathtub"":true,""pet_friendly"":false,""smoking"":false}","1","0","215000","프리미엄 스위트","전체 가상 시뮬레이션"
"R0837_1","H0837","2","1","{""bed_type"":""퀸베드 1개"",""view_type"":""시티뷰"",""size_sqm"":24,""breakfast"":true,""spa"":false,""pool"":true,""balcony"":false,""bathtub"":false,""pet_friendly"":false,""smoking"":true}","0","1","170000","스탠다드 더블","전체 가상 시뮬레이션"
"R0837_2","H0837","3","2","{""bed_type"":""싱글베드 2개"",""view_type"":""가든뷰"",""size_sqm"":33,""breakfast"":false,""spa"":true,""pool"":false,""balcony"":true,""bathtub"":true,""pet_friendly"":false,""smoking"":false}","1","0","195000","디럭스 트윈","전체 가상 시뮬레이션"
"R0837_3","H0837","4","3","{""bed_type"":""킹베드 1개"",""view_type"":""파노라마뷰"",""size_sqm"":42,""breakfast"":true,""spa"":false,""pool"":false,""balcony"":false,""bathtub"":false,""pet_friendly"":false,""smoking"":false}","1","1","220000","프리미엄 스위트","전체 가상 시뮬레이션"
"R0838_1","H0838","2","2","{""bed_type"":""퀸베드 1개"",""view_type"":""시티뷰"",""size_sqm"":24,""breakfast"":false,""spa"":true,""pool"":false,""balcony"":true,""bathtub"":true,""pet_friendly"":false,""smoking"":true}","1","0","175000","스탠다드 더블","전체 가상 시뮬레이션"
"R0838_2","H0838","3","3","{""bed_type"":""싱글베드 2개"",""view_type"":""가든뷰"",""size_sqm"":33,""breakfast"":true,""spa"":false,""pool"":false,""balcony"":false,""bathtub"":false,""pet_friendly"":false,""smoking"":false}","1","1","200000","디럭스 트윈","전체 가상 시뮬레이션"
"R0838_3","H0838","4","4","{""bed_type"":""킹베드 1개"",""view_type"":""파노라마뷰"",""size_sqm"":42,""breakfast"":false,""spa"":false,""pool"":false,""balcony"":false,""bathtub"":false,""pet_friendly"":false,""smoking"":false}","1","1","225000","프리미엄 스위트","전체 가상 시뮬레이션"
"R0839_1","H0839","2","3","{""bed_type"":""퀸베드 1개"",""view_type"":""시티뷰"",""size_sqm"":24,""breakfast"":true,""spa"":false,""pool"":false,""balcony"":false,""bathtub"":false,""pet_friendly"":false,""smoking"":true}","1","1","180000","스탠다드 더블","전체 가상 시뮬레이션"
"R0839_2","H0839","3","4","{""bed_type"":""싱글베드 2개"",""view_type"":""가든뷰"",""size_sqm"":33,""breakfast"":false,""spa"":false,""pool"":false,""balcony"":false,""bathtub"":false,""pet_friendly"":false,""smoking"":false}","1","1","205000","디럭스 트윈","전체 가상 시뮬레이션"
"R0839_3","H0839","4","1","{""bed_type"":""킹베드 1개"",""view_type"":""파노라마뷰"",""size_sqm"":42,""breakfast"":true,""spa"":true,""pool"":true,""balcony"":true,""bathtub"":true,""pet_friendly"":true,""smoking"":false}","0","0","230000","프리미엄 스위트","전체 가상 시뮬레이션"
"R0840_1","H0840","2","4","{""bed_type"":""퀸베드 1개"",""view_type"":""시티뷰"",""size_sqm"":24,""breakfast"":false,""spa"":false,""pool"":false,""balcony"":false,""bathtub"":false,""pet_friendly"":false,""smoking"":true}","1","1","185000","스탠다드 더블","전체 가상 시뮬레이션"
"R0840_2","H0840","3","1","{""bed_type"":""싱글베드 2개"",""view_type"":""가든뷰"",""size_sqm"":33,""breakfast"":true,""spa"":true,""pool"":true,""balcony"":true,""bathtub"":true,""pet_friendly"":true,""smoking"":false}","0","0","210000","디럭스 트윈","전체 가상 시뮬레이션"
"R0840_3","H0840","4","2","{""bed_type"":""킹베드 1개"",""view_type"":""파노라마뷰"",""size_sqm"":42,""breakfast"":false,""spa"":false,""pool"":false,""balcony"":false,""bathtub"":false,""pet_friendly"":false,""smoking"":false}","1","1","235000","프리미엄 스위트","전체 가상 시뮬레이션"
"R0841_1","H0841","2","1","{""bed_type"":""퀸베드 1개"",""view_type"":""시티뷰"",""size_sqm"":24,""breakfast"":true,""spa"":true,""pool"":true,""balcony"":true,""bathtub"":true,""pet_friendly"":true,""smoking"":true}","0","0","190000","스탠다드 더블","전체 가상 시뮬레이션"
"R0841_2","H0841","3","2","{""bed_type"":""싱글베드 2개"",""view_type"":""가든뷰"",""size_sqm"":33,""breakfast"":false,""spa"":false,""pool"":false,""balcony"":false,""bathtub"":false,""pet_friendly"":false,""smoking"":false}","1","1","215000","디럭스 트윈","전체 가상 시뮬레이션"
"R0841_3","H0841","4","3","{""bed_type"":""킹베드 1개"",""view_type"":""파노라마뷰"",""size_sqm"":42,""breakfast"":true,""spa"":false,""pool"":false,""balcony"":false,""bathtub"":false,""pet_friendly"":false,""smoking"":false}","1","1","240000","프리미엄 스위트","전체 가상 시뮬레이션"
"R0842_1","H0842","2","2","{""bed_type"":""퀸베드 1개"",""view_type"":""시티뷰"",""size_sqm"":24,""breakfast"":false,""spa"":false,""pool"":false,""balcony"":false,""bathtub"":false,""pet_friendly"":false,""smoking"":true}","1","1","195000","스탠다드 더블","전체 가상 시뮬레이션"
"R0842_2","H0842","3","3","{""bed_type"":""싱글베드 2개"",""view_type"":""가든뷰"",""size_sqm"":33,""breakfast"":true,""spa"":false,""pool"":false,""balcony"":false,""bathtub"":false,""pet_friendly"":false,""smoking"":false}","1","1","220000","디럭스 트윈","전체 가상 시뮬레이션"
"R0842_3","H0842","4","4","{""bed_type"":""킹베드 1개"",""view_type"":""파노라마뷰"",""size_sqm"":42,""breakfast"":false,""spa"":true,""pool"":false,""balcony"":true,""bathtub"":true,""pet_friendly"":false,""smoking"":false}","1","0","245000","프리미엄 스위트","전체 가상 시뮬레이션"
"R0843_1","H0843","2","3","{""bed_type"":""퀸베드 1개"",""view_type"":""시티뷰"",""size_sqm"":24,""breakfast"":true,""spa"":false,""pool"":false,""balcony"":false,""bathtub"":false,""pet_friendly"":false,""smoking"":true}","1","1","200000","스탠다드 더블","전체 가상 시뮬레이션"
"R0843_2","H0843","3","4","{""bed_type"":""싱글베드 2개"",""view_type"":""가든뷰"",""size_sqm"":33,""breakfast"":false,""spa"":true,""pool"":false,""balcony"":true,""bathtub"":true,""pet_friendly"":false,""smoking"":false}","1","0","225000","디럭스 트윈","전체 가상 시뮬레이션"
"R0843_3","H0843","4","1","{""bed_type"":""킹베드 1개"",""view_type"":""파노라마뷰"",""size_sqm"":42,""breakfast"":true,""spa"":false,""pool"":true,""balcony"":false,""bathtub"":false,""pet_friendly"":false,""smoking"":false}","0","1","250000","프리미엄 스위트","전체 가상 시뮬레이션"
"R0844_1","H0844","2","4","{""bed_type"":""퀸베드 1개"",""view_type"":""시티뷰"",""size_sqm"":24,""breakfast"":false,""spa"":true,""pool"":false,""balcony"":true,""bathtub"":true,""pet_friendly"":false,""smoking"":true}","1","0","205000","스탠다드 더블","전체 가상 시뮬레이션"
"R0844_2","H0844","3","1","{""bed_type"":""싱글베드 2개"",""view_type"":""가든뷰"",""size_sqm"":33,""breakfast"":true,""spa"":false,""pool"":true,""balcony"":false,""bathtub"":false,""pet_friendly"":false,""smoking"":false}","0","1","230000","디럭스 트윈","전체 가상 시뮬레이션"
"R0844_3","H0844","4","2","{""bed_type"":""킹베드 1개"",""view_type"":""파노라마뷰"",""size_sqm"":42,""breakfast"":false,""spa"":false,""pool"":false,""balcony"":false,""bathtub"":false,""pet_friendly"":false,""smoking"":false}","1","1","255000","프리미엄 스위트","전체 가상 시뮬레이션"
"R0845_1","H0845","2","1","{""bed_type"":""퀸베드 1개"",""view_type"":""시티뷰"",""size_sqm"":24,""breakfast"":true,""spa"":false,""pool"":true,""balcony"":false,""bathtub"":false,""pet_friendly"":false,""smoking"":true}","0","1","210000","스탠다드 더블","전체 가상 시뮬레이션"
"R0845_2","H0845","3","2","{""bed_type"":""싱글베드 2개"",""view_type"":""가든뷰"",""size_sqm"":33,""breakfast"":false,""spa"":false,""pool"":false,""balcony"":false,""bathtub"":false,""pet_friendly"":false,""smoking"":false}","1","1","235000","디럭스 트윈","전체 가상 시뮬레이션"
"R0845_3","H0845","4","3","{""bed_type"":""킹베드 1개"",""view_type"":""파노라마뷰"",""size_sqm"":42,""breakfast"":true,""spa"":true,""pool"":false,""balcony"":true,""bathtub"":true,""pet_friendly"":false,""smoking"":false}","1","0","260000","프리미엄 스위트","전체 가상 시뮬레이션"
"R0846_1","H0846","2","2","{""bed_type"":""퀸베드 1개"",""view_type"":""시티뷰"",""size_sqm"":24,""breakfast"":false,""spa"":false,""pool"":false,""balcony"":false,""bathtub"":false,""pet_friendly"":false,""smoking"":true}","1","1","215000","스탠다드 더블","전체 가상 시뮬레이션"
"R0846_2","H0846","3","3","{""bed_type"":""싱글베드 2개"",""view_type"":""가든뷰"",""size_sqm"":33,""breakfast"":true,""spa"":true,""pool"":false,""balcony"":true,""bathtub"":true,""pet_friendly"":false,""smoking"":false}","1","0","240000","디럭스 트윈","전체 가상 시뮬레이션"
"R0846_3","H0846","4","4","{""bed_type"":""킹베드 1개"",""view_type"":""파노라마뷰"",""size_sqm"":42,""breakfast"":false,""spa"":false,""pool"":false,""balcony"":false,""bathtub"":false,""pet_friendly"":true,""smoking"":false}","1","1","265000","프리미엄 스위트","전체 가상 시뮬레이션"
"R0847_1","H0847","2","3","{""bed_type"":""퀸베드 1개"",""view_type"":""시티뷰"",""size_sqm"":24,""breakfast"":true,""spa"":true,""pool"":false,""balcony"":true,""bathtub"":true,""pet_friendly"":false,""smoking"":true}","1","0","220000","스탠다드 더블","전체 가상 시뮬레이션"
"R0847_2","H0847","3","4","{""bed_type"":""싱글베드 2개"",""view_type"":""가든뷰"",""size_sqm"":33,""breakfast"":false,""spa"":false,""pool"":false,""balcony"":false,""bathtub"":false,""pet_friendly"":true,""smoking"":false}","1","1","245000","디럭스 트윈","전체 가상 시뮬레이션"
"R0847_3","H0847","4","1","{""bed_type"":""킹베드 1개"",""view_type"":""파노라마뷰"",""size_sqm"":42,""breakfast"":true,""spa"":false,""pool"":true,""balcony"":false,""bathtub"":false,""pet_friendly"":false,""smoking"":false}","0","1","270000","프리미엄 스위트","전체 가상 시뮬레이션"
"R0848_1","H0848","2","4","{""bed_type"":""퀸베드 1개"",""view_type"":""시티뷰"",""size_sqm"":24,""breakfast"":false,""spa"":false,""pool"":false,""balcony"":false,""bathtub"":false,""pet_friendly"":true,""smoking"":true}","1","1","225000","스탠다드 더블","전체 가상 시뮬레이션"
"R0848_2","H0848","3","1","{""bed_type"":""싱글베드 2개"",""view_type"":""가든뷰"",""size_sqm"":33,""breakfast"":true,""spa"":false,""pool"":true,""balcony"":false,""bathtub"":false,""pet_friendly"":false,""smoking"":false}","0","1","250000","디럭스 트윈","전체 가상 시뮬레이션"
"R0848_3","H0848","4","2","{""bed_type"":""킹베드 1개"",""view_type"":""파노라마뷰"",""size_sqm"":42,""breakfast"":false,""spa"":true,""pool"":false,""balcony"":true,""bathtub"":true,""pet_friendly"":false,""smoking"":false}","1","0","275000","프리미엄 스위트","전체 가상 시뮬레이션"
"R0849_1","H0849","2","1","{""bed_type"":""퀸베드 1개"",""view_type"":""시티뷰"",""size_sqm"":24,""breakfast"":true,""spa"":false,""pool"":true,""balcony"":false,""bathtub"":false,""pet_friendly"":false,""smoking"":true}","0","1","230000","스탠다드 더블","전체 가상 시뮬레이션"
"R0849_2","H0849","3","2","{""bed_type"":""싱글베드 2개"",""view_type"":""가든뷰"",""size_sqm"":33,""breakfast"":false,""spa"":true,""pool"":false,""balcony"":true,""bathtub"":true,""pet_friendly"":false,""smoking"":false}","1","0","255000","디럭스 트윈","전체 가상 시뮬레이션"
"R0849_3","H0849","4","3","{""bed_type"":""킹베드 1개"",""view_type"":""파노라마뷰"",""size_sqm"":42,""breakfast"":true,""spa"":false,""pool"":false,""balcony"":false,""bathtub"":false,""pet_friendly"":false,""smoking"":false}","1","1","280000","프리미엄 스위트","전체 가상 시뮬레이션"
"R0850_1","H0850","2","2","{""bed_type"":""퀸베드 1개"",""view_type"":""시티뷰"",""size_sqm"":24,""breakfast"":false,""spa"":true,""pool"":false,""balcony"":true,""bathtub"":true,""pet_friendly"":false,""smoking"":true}","1","0","235000","스탠다드 더블","전체 가상 시뮬레이션"
"R0850_2","H0850","3","3","{""bed_type"":""싱글베드 2개"",""view_type"":""가든뷰"",""size_sqm"":33,""breakfast"":true,""spa"":false,""pool"":false,""balcony"":false,""bathtub"":false,""pet_friendly"":false,""smoking"":false}","1","1","260000","디럭스 트윈","전체 가상 시뮬레이션"
"R0850_3","H0850","4","4","{""bed_type"":""킹베드 1개"",""view_type"":""파노라마뷰"",""size_sqm"":42,""breakfast"":false,""spa"":false,""pool"":false,""balcony"":false,""bathtub"":false,""pet_friendly"":false,""smoking"":false}","1","1","285000","프리미엄 스위트","전체 가상 시뮬레이션"
"R0851_1","H0851","2","3","{""bed_type"":""퀸베드 1개"",""view_type"":""시티뷰"",""size_sqm"":24,""breakfast"":true,""spa"":false,""pool"":false,""balcony"":false,""bathtub"":false,""pet_friendly"":false,""smoking"":true}","1","1","240000","스탠다드 더블","전체 가상 시뮬레이션"
"R0851_2","H0851","3","4","{""bed_type"":""싱글베드 2개"",""view_type"":""가든뷰"",""size_sqm"":33,""breakfast"":false,""spa"":false,""pool"":false,""balcony"":false,""bathtub"":false,""pet_friendly"":false,""smoking"":false}","1","1","265000","디럭스 트윈","전체 가상 시뮬레이션"
"R0851_3","H0851","4","1","{""bed_type"":""킹베드 1개"",""view_type"":""파노라마뷰"",""size_sqm"":42,""breakfast"":true,""spa"":true,""pool"":true,""balcony"":true,""bathtub"":true,""pet_friendly"":false,""smoking"":false}","0","0","290000","프리미엄 스위트","전체 가상 시뮬레이션"
"R0852_1","H0852","2","4","{""bed_type"":""퀸베드 1개"",""view_type"":""시티뷰"",""size_sqm"":24,""breakfast"":false,""spa"":false,""pool"":false,""balcony"":false,""bathtub"":false,""pet_friendly"":false,""smoking"":true}","1","1","245000","스탠다드 더블","전체 가상 시뮬레이션"
"R0852_2","H0852","3","1","{""bed_type"":""싱글베드 2개"",""view_type"":""가든뷰"",""size_sqm"":33,""breakfast"":true,""spa"":true,""pool"":true,""balcony"":true,""bathtub"":true,""pet_friendly"":false,""smoking"":false}","0","0","270000","디럭스 트윈","전체 가상 시뮬레이션"
"R0852_3","H0852","4","2","{""bed_type"":""킹베드 1개"",""view_type"":""파노라마뷰"",""size_sqm"":42,""breakfast"":false,""spa"":false,""pool"":false,""balcony"":false,""bathtub"":false,""pet_friendly"":false,""smoking"":false}","1","1","295000","프리미엄 스위트","전체 가상 시뮬레이션"
"R0853_1","H0853","2","1","{""bed_type"":""퀸베드 1개"",""view_type"":""시티뷰"",""size_sqm"":24,""breakfast"":true,""spa"":true,""pool"":true,""balcony"":true,""bathtub"":true,""pet_friendly"":false,""smoking"":true}","0","0","250000","스탠다드 더블","전체 가상 시뮬레이션"
"R0853_2","H0853","3","2","{""bed_type"":""싱글베드 2개"",""view_type"":""가든뷰"",""size_sqm"":33,""breakfast"":false,""spa"":false,""pool"":false,""balcony"":false,""bathtub"":false,""pet_friendly"":false,""smoking"":false}","1","1","275000","디럭스 트윈","전체 가상 시뮬레이션"
"R0853_3","H0853","4","3","{""bed_type"":""킹베드 1개"",""view_type"":""파노라마뷰"",""size_sqm"":42,""breakfast"":true,""spa"":false,""pool"":false,""balcony"":false,""bathtub"":false,""pet_friendly"":true,""smoking"":false}","1","1","300000","프리미엄 스위트","전체 가상 시뮬레이션"
"R0854_1","H0854","2","2","{""bed_type"":""퀸베드 1개"",""view_type"":""시티뷰"",""size_sqm"":24,""breakfast"":false,""spa"":false,""pool"":false,""balcony"":false,""bathtub"":false,""pet_friendly"":false,""smoking"":true}","1","1","255000","스탠다드 더블","전체 가상 시뮬레이션"
"R0854_2","H0854","3","3","{""bed_type"":""싱글베드 2개"",""view_type"":""가든뷰"",""size_sqm"":33,""breakfast"":true,""spa"":false,""pool"":false,""balcony"":false,""bathtub"":false,""pet_friendly"":true,""smoking"":false}","1","1","280000","디럭스 트윈","전체 가상 시뮬레이션"
"R0854_3","H0854","4","4","{""bed_type"":""킹베드 1개"",""view_type"":""파노라마뷰"",""size_sqm"":42,""breakfast"":false,""spa"":true,""pool"":false,""balcony"":true,""bathtub"":true,""pet_friendly"":false,""smoking"":false}","1","0","305000","프리미엄 스위트","전체 가상 시뮬레이션"
"R0855_1","H0855","2","3","{""bed_type"":""퀸베드 1개"",""view_type"":""시티뷰"",""size_sqm"":24,""breakfast"":true,""spa"":false,""pool"":false,""balcony"":false,""bathtub"":false,""pet_friendly"":true,""smoking"":true}","1","1","260000","스탠다드 더블","전체 가상 시뮬레이션"
"R0855_2","H0855","3","4","{""bed_type"":""싱글베드 2개"",""view_type"":""가든뷰"",""size_sqm"":33,""breakfast"":false,""spa"":true,""pool"":false,""balcony"":true,""bathtub"":true,""pet_friendly"":false,""smoking"":false}","1","0","285000","디럭스 트윈","전체 가상 시뮬레이션"
"R0855_3","H0855","4","1","{""bed_type"":""킹베드 1개"",""view_type"":""파노라마뷰"",""size_sqm"":42,""breakfast"":true,""spa"":false,""pool"":true,""balcony"":false,""bathtub"":false,""pet_friendly"":false,""smoking"":false}","0","1","310000","프리미엄 스위트","전체 가상 시뮬레이션"
"R0856_1","H0856","2","4","{""bed_type"":""퀸베드 1개"",""view_type"":""시티뷰"",""size_sqm"":24,""breakfast"":false,""spa"":true,""pool"":false,""balcony"":true,""bathtub"":true,""pet_friendly"":false,""smoking"":true}","1","0","265000","스탠다드 더블","전체 가상 시뮬레이션"
"R0856_2","H0856","3","1","{""bed_type"":""싱글베드 2개"",""view_type"":""가든뷰"",""size_sqm"":33,""breakfast"":true,""spa"":false,""pool"":true,""balcony"":false,""bathtub"":false,""pet_friendly"":false,""smoking"":false}","0","1","290000","디럭스 트윈","전체 가상 시뮬레이션"
"R0856_3","H0856","4","2","{""bed_type"":""킹베드 1개"",""view_type"":""파노라마뷰"",""size_sqm"":42,""breakfast"":false,""spa"":false,""pool"":false,""balcony"":false,""bathtub"":false,""pet_friendly"":false,""smoking"":false}","1","1","315000","프리미엄 스위트","전체 가상 시뮬레이션"
"R0857_1","H0857","2","1","{""bed_type"":""퀸베드 1개"",""view_type"":""시티뷰"",""size_sqm"":24,""breakfast"":true,""spa"":false,""pool"":true,""balcony"":false,""bathtub"":false,""pet_friendly"":false,""smoking"":true}","0","1","270000","스탠다드 더블","전체 가상 시뮬레이션"
"R0857_2","H0857","3","2","{""bed_type"":""싱글베드 2개"",""view_type"":""가든뷰"",""size_sqm"":33,""breakfast"":false,""spa"":false,""pool"":false,""balcony"":false,""bathtub"":false,""pet_friendly"":false,""smoking"":false}","1","1","295000","디럭스 트윈","전체 가상 시뮬레이션"
"R0857_3","H0857","4","3","{""bed_type"":""킹베드 1개"",""view_type"":""파노라마뷰"",""size_sqm"":42,""breakfast"":true,""spa"":true,""pool"":false,""balcony"":true,""bathtub"":true,""pet_friendly"":false,""smoking"":false}","1","0","320000","프리미엄 스위트","전체 가상 시뮬레이션"
"R0858_1","H0858","2","2","{""bed_type"":""퀸베드 1개"",""view_type"":""시티뷰"",""size_sqm"":24,""breakfast"":false,""spa"":false,""pool"":false,""balcony"":false,""bathtub"":false,""pet_friendly"":false,""smoking"":true}","1","1","275000","스탠다드 더블","전체 가상 시뮬레이션"
"R0858_2","H0858","3","3","{""bed_type"":""싱글베드 2개"",""view_type"":""가든뷰"",""size_sqm"":33,""breakfast"":true,""spa"":true,""pool"":false,""balcony"":true,""bathtub"":true,""pet_friendly"":false,""smoking"":false}","1","0","300000","디럭스 트윈","전체 가상 시뮬레이션"
"R0858_3","H0858","4","4","{""bed_type"":""킹베드 1개"",""view_type"":""파노라마뷰"",""size_sqm"":42,""breakfast"":false,""spa"":false,""pool"":false,""balcony"":false,""bathtub"":false,""pet_friendly"":false,""smoking"":false}","1","1","325000","프리미엄 스위트","전체 가상 시뮬레이션"
"R0859_1","H0859","2","3","{""bed_type"":""퀸베드 1개"",""view_type"":""시티뷰"",""size_sqm"":24,""breakfast"":true,""spa"":true,""pool"":false,""balcony"":true,""bathtub"":true,""pet_friendly"":false,""smoking"":true}","1","0","280000","스탠다드 더블","전체 가상 시뮬레이션"
"R0859_2","H0859","3","4","{""bed_type"":""싱글베드 2개"",""view_type"":""가든뷰"",""size_sqm"":33,""breakfast"":false,""spa"":false,""pool"":false,""balcony"":false,""bathtub"":false,""pet_friendly"":false,""smoking"":false}","1","1","305000","디럭스 트윈","전체 가상 시뮬레이션"
"R0859_3","H0859","4","1","{""bed_type"":""킹베드 1개"",""view_type"":""파노라마뷰"",""size_sqm"":42,""breakfast"":true,""spa"":false,""pool"":true,""balcony"":false,""bathtub"":false,""pet_friendly"":false,""smoking"":false}","0","1","330000","프리미엄 스위트","전체 가상 시뮬레이션"
"R0860_1","H0860","2","4","{""bed_type"":""퀸베드 1개"",""view_type"":""시티뷰"",""size_sqm"":24,""breakfast"":false,""spa"":false,""pool"":false,""balcony"":false,""bathtub"":false,""pet_friendly"":false,""smoking"":true}","1","1","285000","스탠다드 더블","전체 가상 시뮬레이션"
"R0860_2","H0860","3","1","{""bed_type"":""싱글베드 2개"",""view_type"":""가든뷰"",""size_sqm"":33,""breakfast"":true,""spa"":false,""pool"":true,""balcony"":false,""bathtub"":false,""pet_friendly"":false,""smoking"":false}","0","1","310000","디럭스 트윈","전체 가상 시뮬레이션"
"R0860_3","H0860","4","2","{""bed_type"":""킹베드 1개"",""view_type"":""파노라마뷰"",""size_sqm"":42,""breakfast"":false,""spa"":true,""pool"":false,""balcony"":true,""bathtub"":true,""pet_friendly"":true,""smoking"":false}","1","0","335000","프리미엄 스위트","전체 가상 시뮬레이션"
"R0861_1","H0861","2","1","{""bed_type"":""퀸베드 1개"",""view_type"":""시티뷰"",""size_sqm"":24,""breakfast"":true,""spa"":false,""pool"":true,""balcony"":false,""bathtub"":false,""pet_friendly"":false,""smoking"":true}","0","1","290000","스탠다드 더블","전체 가상 시뮬레이션"
"R0861_2","H0861","3","2","{""bed_type"":""싱글베드 2개"",""view_type"":""가든뷰"",""size_sqm"":33,""breakfast"":false,""spa"":true,""pool"":false,""balcony"":true,""bathtub"":true,""pet_friendly"":true,""smoking"":false}","1","0","315000","디럭스 트윈","전체 가상 시뮬레이션"
"R0861_3","H0861","4","3","{""bed_type"":""킹베드 1개"",""view_type"":""파노라마뷰"",""size_sqm"":42,""breakfast"":true,""spa"":false,""pool"":false,""balcony"":false,""bathtub"":false,""pet_friendly"":false,""smoking"":false}","1","1","340000","프리미엄 스위트","전체 가상 시뮬레이션"
"R0862_1","H0862","2","2","{""bed_type"":""퀸베드 1개"",""view_type"":""시티뷰"",""size_sqm"":24,""breakfast"":false,""spa"":true,""pool"":false,""balcony"":true,""bathtub"":true,""pet_friendly"":true,""smoking"":true}","1","0","295000","스탠다드 더블","전체 가상 시뮬레이션"
"R0862_2","H0862","3","3","{""bed_type"":""싱글베드 2개"",""view_type"":""가든뷰"",""size_sqm"":33,""breakfast"":true,""spa"":false,""pool"":false,""balcony"":false,""bathtub"":false,""pet_friendly"":false,""smoking"":false}","1","1","320000","디럭스 트윈","전체 가상 시뮬레이션"
"R0862_3","H0862","4","4","{""bed_type"":""킹베드 1개"",""view_type"":""파노라마뷰"",""size_sqm"":42,""breakfast"":false,""spa"":false,""pool"":false,""balcony"":false,""bathtub"":false,""pet_friendly"":false,""smoking"":false}","1","1","345000","프리미엄 스위트","전체 가상 시뮬레이션"
"R0863_1","H0863","2","3","{""bed_type"":""퀸베드 1개"",""view_type"":""시티뷰"",""size_sqm"":24,""breakfast"":true,""spa"":false,""pool"":false,""balcony"":false,""bathtub"":false,""pet_friendly"":false,""smoking"":true}","1","1","300000","스탠다드 더블","전체 가상 시뮬레이션"
"R0863_2","H0863","3","4","{""bed_type"":""싱글베드 2개"",""view_type"":""가든뷰"",""size_sqm"":33,""breakfast"":false,""spa"":false,""pool"":false,""balcony"":false,""bathtub"":false,""pet_friendly"":false,""smoking"":false}","1","1","325000","디럭스 트윈","전체 가상 시뮬레이션"
"R0863_3","H0863","4","1","{""bed_type"":""킹베드 1개"",""view_type"":""파노라마뷰"",""size_sqm"":42,""breakfast"":true,""spa"":true,""pool"":true,""balcony"":true,""bathtub"":true,""pet_friendly"":false,""smoking"":false}","0","0","350000","프리미엄 스위트","전체 가상 시뮬레이션"
"R0864_1","H0864","2","4","{""bed_type"":""퀸베드 1개"",""view_type"":""시티뷰"",""size_sqm"":24,""breakfast"":false,""spa"":false,""pool"":false,""balcony"":false,""bathtub"":false,""pet_friendly"":false,""smoking"":true}","1","1","305000","스탠다드 더블","전체 가상 시뮬레이션"
"R0864_2","H0864","3","1","{""bed_type"":""싱글베드 2개"",""view_type"":""가든뷰"",""size_sqm"":33,""breakfast"":true,""spa"":true,""pool"":true,""balcony"":true,""bathtub"":true,""pet_friendly"":false,""smoking"":false}","0","0","330000","디럭스 트윈","전체 가상 시뮬레이션"
"R0864_3","H0864","4","2","{""bed_type"":""킹베드 1개"",""view_type"":""파노라마뷰"",""size_sqm"":42,""breakfast"":false,""spa"":false,""pool"":false,""balcony"":false,""bathtub"":false,""pet_friendly"":false,""smoking"":false}","1","1","355000","프리미엄 스위트","전체 가상 시뮬레이션"
"R0865_1","H0865","2","1","{""bed_type"":""퀸베드 1개"",""view_type"":""시티뷰"",""size_sqm"":24,""breakfast"":true,""spa"":true,""pool"":true,""balcony"":true,""bathtub"":true,""pet_friendly"":false,""smoking"":true}","0","0","70000","스탠다드 더블","전체 가상 시뮬레이션"
"R0865_2","H0865","3","2","{""bed_type"":""싱글베드 2개"",""view_type"":""가든뷰"",""size_sqm"":33,""breakfast"":false,""spa"":false,""pool"":false,""balcony"":false,""bathtub"":false,""pet_friendly"":false,""smoking"":false}","1","1","95000","디럭스 트윈","전체 가상 시뮬레이션"
"R0865_3","H0865","4","3","{""bed_type"":""킹베드 1개"",""view_type"":""파노라마뷰"",""size_sqm"":42,""breakfast"":true,""spa"":false,""pool"":false,""balcony"":false,""bathtub"":false,""pet_friendly"":false,""smoking"":false}","1","1","120000","프리미엄 스위트","전체 가상 시뮬레이션"
"R0866_1","H0866","2","2","{""bed_type"":""퀸베드 1개"",""view_type"":""시티뷰"",""size_sqm"":24,""breakfast"":false,""spa"":false,""pool"":false,""balcony"":false,""bathtub"":false,""pet_friendly"":false,""smoking"":true}","1","1","75000","스탠다드 더블","전체 가상 시뮬레이션"
"R0866_2","H0866","3","3","{""bed_type"":""싱글베드 2개"",""view_type"":""가든뷰"",""size_sqm"":33,""breakfast"":true,""spa"":false,""pool"":false,""balcony"":false,""bathtub"":false,""pet_friendly"":false,""smoking"":false}","1","1","100000","디럭스 트윈","전체 가상 시뮬레이션"
"R0866_3","H0866","4","4","{""bed_type"":""킹베드 1개"",""view_type"":""파노라마뷰"",""size_sqm"":42,""breakfast"":false,""spa"":true,""pool"":false,""balcony"":true,""bathtub"":true,""pet_friendly"":false,""smoking"":false}","1","0","125000","프리미엄 스위트","전체 가상 시뮬레이션"
"R0867_1","H0867","2","3","{""bed_type"":""퀸베드 1개"",""view_type"":""시티뷰"",""size_sqm"":24,""breakfast"":true,""spa"":false,""pool"":false,""balcony"":false,""bathtub"":false,""pet_friendly"":false,""smoking"":true}","1","1","80000","스탠다드 더블","전체 가상 시뮬레이션"
"R0867_2","H0867","3","4","{""bed_type"":""싱글베드 2개"",""view_type"":""가든뷰"",""size_sqm"":33,""breakfast"":false,""spa"":true,""pool"":false,""balcony"":true,""bathtub"":true,""pet_friendly"":false,""smoking"":false}","1","0","105000","디럭스 트윈","전체 가상 시뮬레이션"
"R0867_3","H0867","4","1","{""bed_type"":""킹베드 1개"",""view_type"":""파노라마뷰"",""size_sqm"":42,""breakfast"":true,""spa"":false,""pool"":true,""balcony"":false,""bathtub"":false,""pet_friendly"":true,""smoking"":false}","0","1","130000","프리미엄 스위트","전체 가상 시뮬레이션"
"R0868_1","H0868","2","4","{""bed_type"":""퀸베드 1개"",""view_type"":""시티뷰"",""size_sqm"":24,""breakfast"":false,""spa"":true,""pool"":false,""balcony"":true,""bathtub"":true,""pet_friendly"":false,""smoking"":true}","1","0","85000","스탠다드 더블","전체 가상 시뮬레이션"
"R0868_2","H0868","3","1","{""bed_type"":""싱글베드 2개"",""view_type"":""가든뷰"",""size_sqm"":33,""breakfast"":true,""spa"":false,""pool"":true,""balcony"":false,""bathtub"":false,""pet_friendly"":true,""smoking"":false}","0","1","110000","디럭스 트윈","전체 가상 시뮬레이션"
"R0868_3","H0868","4","2","{""bed_type"":""킹베드 1개"",""view_type"":""파노라마뷰"",""size_sqm"":42,""breakfast"":false,""spa"":false,""pool"":false,""balcony"":false,""bathtub"":false,""pet_friendly"":false,""smoking"":false}","1","1","135000","프리미엄 스위트","전체 가상 시뮬레이션"
"R0869_1","H0869","2","1","{""bed_type"":""퀸베드 1개"",""view_type"":""시티뷰"",""size_sqm"":24,""breakfast"":true,""spa"":false,""pool"":true,""balcony"":false,""bathtub"":false,""pet_friendly"":true,""smoking"":true}","0","1","90000","스탠다드 더블","전체 가상 시뮬레이션"
"R0869_2","H0869","3","2","{""bed_type"":""싱글베드 2개"",""view_type"":""가든뷰"",""size_sqm"":33,""breakfast"":false,""spa"":false,""pool"":false,""balcony"":false,""bathtub"":false,""pet_friendly"":false,""smoking"":false}","1","1","115000","디럭스 트윈","전체 가상 시뮬레이션"
"R0869_3","H0869","4","3","{""bed_type"":""킹베드 1개"",""view_type"":""파노라마뷰"",""size_sqm"":42,""breakfast"":true,""spa"":true,""pool"":false,""balcony"":true,""bathtub"":true,""pet_friendly"":false,""smoking"":false}","1","0","140000","프리미엄 스위트","전체 가상 시뮬레이션"
"R0870_1","H0870","2","2","{""bed_type"":""퀸베드 1개"",""view_type"":""시티뷰"",""size_sqm"":24,""breakfast"":false,""spa"":false,""pool"":false,""balcony"":false,""bathtub"":false,""pet_friendly"":false,""smoking"":true}","1","1","95000","스탠다드 더블","전체 가상 시뮬레이션"
"R0870_2","H0870","3","3","{""bed_type"":""싱글베드 2개"",""view_type"":""가든뷰"",""size_sqm"":33,""breakfast"":true,""spa"":true,""pool"":false,""balcony"":true,""bathtub"":true,""pet_friendly"":false,""smoking"":false}","1","0","120000","디럭스 트윈","전체 가상 시뮬레이션"
"R0870_3","H0870","4","4","{""bed_type"":""킹베드 1개"",""view_type"":""파노라마뷰"",""size_sqm"":42,""breakfast"":false,""spa"":false,""pool"":false,""balcony"":false,""bathtub"":false,""pet_friendly"":false,""smoking"":false}","1","1","145000","프리미엄 스위트","전체 가상 시뮬레이션"
"R0871_1","H0871","2","3","{""bed_type"":""퀸베드 1개"",""view_type"":""시티뷰"",""size_sqm"":24,""breakfast"":true,""spa"":true,""pool"":false,""balcony"":true,""bathtub"":true,""pet_friendly"":false,""smoking"":true}","1","0","100000","스탠다드 더블","전체 가상 시뮬레이션"
"R0871_2","H0871","3","4","{""bed_type"":""싱글베드 2개"",""view_type"":""가든뷰"",""size_sqm"":33,""breakfast"":false,""spa"":false,""pool"":false,""balcony"":false,""bathtub"":false,""pet_friendly"":false,""smoking"":false}","1","1","125000","디럭스 트윈","전체 가상 시뮬레이션"
"R0871_3","H0871","4","1","{""bed_type"":""킹베드 1개"",""view_type"":""파노라마뷰"",""size_sqm"":42,""breakfast"":true,""spa"":false,""pool"":true,""balcony"":false,""bathtub"":false,""pet_friendly"":false,""smoking"":false}","0","1","150000","프리미엄 스위트","전체 가상 시뮬레이션"
"R0872_1","H0872","2","4","{""bed_type"":""퀸베드 1개"",""view_type"":""시티뷰"",""size_sqm"":24,""breakfast"":false,""spa"":false,""pool"":false,""balcony"":false,""bathtub"":false,""pet_friendly"":false,""smoking"":true}","1","1","105000","스탠다드 더블","전체 가상 시뮬레이션"
"R0872_2","H0872","3","1","{""bed_type"":""싱글베드 2개"",""view_type"":""가든뷰"",""size_sqm"":33,""breakfast"":true,""spa"":false,""pool"":true,""balcony"":false,""bathtub"":false,""pet_friendly"":false,""smoking"":false}","0","1","130000","디럭스 트윈","전체 가상 시뮬레이션"
"R0872_3","H0872","4","2","{""bed_type"":""킹베드 1개"",""view_type"":""파노라마뷰"",""size_sqm"":42,""breakfast"":false,""spa"":true,""pool"":false,""balcony"":true,""bathtub"":true,""pet_friendly"":false,""smoking"":false}","1","0","155000","프리미엄 스위트","전체 가상 시뮬레이션"
"R0873_1","H0873","2","1","{""bed_type"":""퀸베드 1개"",""view_type"":""시티뷰"",""size_sqm"":24,""breakfast"":true,""spa"":false,""pool"":true,""balcony"":false,""bathtub"":false,""pet_friendly"":false,""smoking"":true}","0","1","110000","스탠다드 더블","전체 가상 시뮬레이션"
"R0873_2","H0873","3","2","{""bed_type"":""싱글베드 2개"",""view_type"":""가든뷰"",""size_sqm"":33,""breakfast"":false,""spa"":true,""pool"":false,""balcony"":true,""bathtub"":true,""pet_friendly"":false,""smoking"":false}","1","0","135000","디럭스 트윈","전체 가상 시뮬레이션"
"R0873_3","H0873","4","3","{""bed_type"":""킹베드 1개"",""view_type"":""파노라마뷰"",""size_sqm"":42,""breakfast"":true,""spa"":false,""pool"":false,""balcony"":false,""bathtub"":false,""pet_friendly"":false,""smoking"":false}","1","1","160000","프리미엄 스위트","전체 가상 시뮬레이션"
"R0874_1","H0874","2","2","{""bed_type"":""퀸베드 1개"",""view_type"":""시티뷰"",""size_sqm"":24,""breakfast"":false,""spa"":true,""pool"":false,""balcony"":true,""bathtub"":true,""pet_friendly"":false,""smoking"":true}","1","0","115000","스탠다드 더블","전체 가상 시뮬레이션"
"R0874_2","H0874","3","3","{""bed_type"":""싱글베드 2개"",""view_type"":""가든뷰"",""size_sqm"":33,""breakfast"":true,""spa"":false,""pool"":false,""balcony"":false,""bathtub"":false,""pet_friendly"":false,""smoking"":false}","1","1","140000","디럭스 트윈","전체 가상 시뮬레이션"
"R0874_3","H0874","4","4","{""bed_type"":""킹베드 1개"",""view_type"":""파노라마뷰"",""size_sqm"":42,""breakfast"":false,""spa"":false,""pool"":false,""balcony"":false,""bathtub"":false,""pet_friendly"":true,""smoking"":false}","1","1","165000","프리미엄 스위트","전체 가상 시뮬레이션"
"R0875_1","H0875","2","3","{""bed_type"":""퀸베드 1개"",""view_type"":""시티뷰"",""size_sqm"":24,""breakfast"":true,""spa"":false,""pool"":false,""balcony"":false,""bathtub"":false,""pet_friendly"":false,""smoking"":true}","1","1","120000","스탠다드 더블","전체 가상 시뮬레이션"
"R0875_2","H0875","3","4","{""bed_type"":""싱글베드 2개"",""view_type"":""가든뷰"",""size_sqm"":33,""breakfast"":false,""spa"":false,""pool"":false,""balcony"":false,""bathtub"":false,""pet_friendly"":true,""smoking"":false}","1","1","145000","디럭스 트윈","전체 가상 시뮬레이션"
"R0875_3","H0875","4","1","{""bed_type"":""킹베드 1개"",""view_type"":""파노라마뷰"",""size_sqm"":42,""breakfast"":true,""spa"":true,""pool"":true,""balcony"":true,""bathtub"":true,""pet_friendly"":false,""smoking"":false}","0","0","170000","프리미엄 스위트","전체 가상 시뮬레이션"
"R0876_1","H0876","2","4","{""bed_type"":""퀸베드 1개"",""view_type"":""시티뷰"",""size_sqm"":24,""breakfast"":false,""spa"":false,""pool"":false,""balcony"":false,""bathtub"":false,""pet_friendly"":true,""smoking"":true}","1","1","125000","스탠다드 더블","전체 가상 시뮬레이션"
"R0876_2","H0876","3","1","{""bed_type"":""싱글베드 2개"",""view_type"":""가든뷰"",""size_sqm"":33,""breakfast"":true,""spa"":true,""pool"":true,""balcony"":true,""bathtub"":true,""pet_friendly"":false,""smoking"":false}","0","0","150000","디럭스 트윈","전체 가상 시뮬레이션"
"R0876_3","H0876","4","2","{""bed_type"":""킹베드 1개"",""view_type"":""파노라마뷰"",""size_sqm"":42,""breakfast"":false,""spa"":false,""pool"":false,""balcony"":false,""bathtub"":false,""pet_friendly"":false,""smoking"":false}","1","1","175000","프리미엄 스위트","전체 가상 시뮬레이션"
"R0877_1","H0877","2","1","{""bed_type"":""퀸베드 1개"",""view_type"":""시티뷰"",""size_sqm"":24,""breakfast"":true,""spa"":true,""pool"":true,""balcony"":true,""bathtub"":true,""pet_friendly"":false,""smoking"":true}","0","0","130000","스탠다드 더블","전체 가상 시뮬레이션"
"R0877_2","H0877","3","2","{""bed_type"":""싱글베드 2개"",""view_type"":""가든뷰"",""size_sqm"":33,""breakfast"":false,""spa"":false,""pool"":false,""balcony"":false,""bathtub"":false,""pet_friendly"":false,""smoking"":false}","1","1","155000","디럭스 트윈","전체 가상 시뮬레이션"
"R0877_3","H0877","4","3","{""bed_type"":""킹베드 1개"",""view_type"":""파노라마뷰"",""size_sqm"":42,""breakfast"":true,""spa"":false,""pool"":false,""balcony"":false,""bathtub"":false,""pet_friendly"":false,""smoking"":false}","1","1","180000","프리미엄 스위트","전체 가상 시뮬레이션"
"R0878_1","H0878","2","2","{""bed_type"":""퀸베드 1개"",""view_type"":""시티뷰"",""size_sqm"":24,""breakfast"":false,""spa"":false,""pool"":false,""balcony"":false,""bathtub"":false,""pet_friendly"":false,""smoking"":true}","1","1","135000","스탠다드 더블","전체 가상 시뮬레이션"
"R0878_2","H0878","3","3","{""bed_type"":""싱글베드 2개"",""view_type"":""가든뷰"",""size_sqm"":33,""breakfast"":true,""spa"":false,""pool"":false,""balcony"":false,""bathtub"":false,""pet_friendly"":false,""smoking"":false}","1","1","160000","디럭스 트윈","전체 가상 시뮬레이션"
"R0878_3","H0878","4","4","{""bed_type"":""킹베드 1개"",""view_type"":""파노라마뷰"",""size_sqm"":42,""breakfast"":false,""spa"":true,""pool"":false,""balcony"":true,""bathtub"":true,""pet_friendly"":false,""smoking"":false}","1","0","185000","프리미엄 스위트","전체 가상 시뮬레이션"
"R0879_1","H0879","2","3","{""bed_type"":""퀸베드 1개"",""view_type"":""시티뷰"",""size_sqm"":24,""breakfast"":true,""spa"":false,""pool"":false,""balcony"":false,""bathtub"":false,""pet_friendly"":false,""smoking"":true}","1","1","140000","스탠다드 더블","전체 가상 시뮬레이션"
"R0879_2","H0879","3","4","{""bed_type"":""싱글베드 2개"",""view_type"":""가든뷰"",""size_sqm"":33,""breakfast"":false,""spa"":true,""pool"":false,""balcony"":true,""bathtub"":true,""pet_friendly"":false,""smoking"":false}","1","0","165000","디럭스 트윈","전체 가상 시뮬레이션"
"R0879_3","H0879","4","1","{""bed_type"":""킹베드 1개"",""view_type"":""파노라마뷰"",""size_sqm"":42,""breakfast"":true,""spa"":false,""pool"":true,""balcony"":false,""bathtub"":false,""pet_friendly"":false,""smoking"":false}","0","1","190000","프리미엄 스위트","전체 가상 시뮬레이션"
"R0880_1","H0880","2","4","{""bed_type"":""퀸베드 1개"",""view_type"":""시티뷰"",""size_sqm"":24,""breakfast"":false,""spa"":true,""pool"":false,""balcony"":true,""bathtub"":true,""pet_friendly"":false,""smoking"":true}","1","0","145000","스탠다드 더블","전체 가상 시뮬레이션"
"R0880_2","H0880","3","1","{""bed_type"":""싱글베드 2개"",""view_type"":""가든뷰"",""size_sqm"":33,""breakfast"":true,""spa"":false,""pool"":true,""balcony"":false,""bathtub"":false,""pet_friendly"":false,""smoking"":false}","0","1","170000","디럭스 트윈","전체 가상 시뮬레이션"
"R0880_3","H0880","4","2","{""bed_type"":""킹베드 1개"",""view_type"":""파노라마뷰"",""size_sqm"":42,""breakfast"":false,""spa"":false,""pool"":false,""balcony"":false,""bathtub"":false,""pet_friendly"":false,""smoking"":false}","1","1","195000","프리미엄 스위트","전체 가상 시뮬레이션"
"R0881_1","H0881","2","1","{""bed_type"":""퀸베드 1개"",""view_type"":""시티뷰"",""size_sqm"":24,""breakfast"":true,""spa"":false,""pool"":true,""balcony"":false,""bathtub"":false,""pet_friendly"":false,""smoking"":true}","0","1","150000","스탠다드 더블","전체 가상 시뮬레이션"
"R0881_2","H0881","3","2","{""bed_type"":""싱글베드 2개"",""view_type"":""가든뷰"",""size_sqm"":33,""breakfast"":false,""spa"":false,""pool"":false,""balcony"":false,""bathtub"":false,""pet_friendly"":false,""smoking"":false}","1","1","175000","디럭스 트윈","전체 가상 시뮬레이션"
"R0881_3","H0881","4","3","{""bed_type"":""킹베드 1개"",""view_type"":""파노라마뷰"",""size_sqm"":42,""breakfast"":true,""spa"":true,""pool"":false,""balcony"":true,""bathtub"":true,""pet_friendly"":true,""smoking"":false}","1","0","200000","프리미엄 스위트","전체 가상 시뮬레이션"
"R0882_1","H0882","2","2","{""bed_type"":""퀸베드 1개"",""view_type"":""시티뷰"",""size_sqm"":24,""breakfast"":false,""spa"":false,""pool"":false,""balcony"":false,""bathtub"":false,""pet_friendly"":false,""smoking"":true}","1","1","155000","스탠다드 더블","전체 가상 시뮬레이션"
"R0882_2","H0882","3","3","{""bed_type"":""싱글베드 2개"",""view_type"":""가든뷰"",""size_sqm"":33,""breakfast"":true,""spa"":true,""pool"":false,""balcony"":true,""bathtub"":true,""pet_friendly"":true,""smoking"":false}","1","0","180000","디럭스 트윈","전체 가상 시뮬레이션"
"R0882_3","H0882","4","4","{""bed_type"":""킹베드 1개"",""view_type"":""파노라마뷰"",""size_sqm"":42,""breakfast"":false,""spa"":false,""pool"":false,""balcony"":false,""bathtub"":false,""pet_friendly"":false,""smoking"":false}","1","1","205000","프리미엄 스위트","전체 가상 시뮬레이션"
"R0883_1","H0883","2","3","{""bed_type"":""퀸베드 1개"",""view_type"":""시티뷰"",""size_sqm"":24,""breakfast"":true,""spa"":true,""pool"":false,""balcony"":true,""bathtub"":true,""pet_friendly"":true,""smoking"":true}","1","0","160000","스탠다드 더블","전체 가상 시뮬레이션"
"R0883_2","H0883","3","4","{""bed_type"":""싱글베드 2개"",""view_type"":""가든뷰"",""size_sqm"":33,""breakfast"":false,""spa"":false,""pool"":false,""balcony"":false,""bathtub"":false,""pet_friendly"":false,""smoking"":false}","1","1","185000","디럭스 트윈","전체 가상 시뮬레이션"
"R0883_3","H0883","4","1","{""bed_type"":""킹베드 1개"",""view_type"":""파노라마뷰"",""size_sqm"":42,""breakfast"":true,""spa"":false,""pool"":true,""balcony"":false,""bathtub"":false,""pet_friendly"":false,""smoking"":false}","0","1","210000","프리미엄 스위트","전체 가상 시뮬레이션"
"R0884_1","H0884","2","4","{""bed_type"":""퀸베드 1개"",""view_type"":""시티뷰"",""size_sqm"":24,""breakfast"":false,""spa"":false,""pool"":false,""balcony"":false,""bathtub"":false,""pet_friendly"":false,""smoking"":true}","1","1","165000","스탠다드 더블","전체 가상 시뮬레이션"
"R0884_2","H0884","3","1","{""bed_type"":""싱글베드 2개"",""view_type"":""가든뷰"",""size_sqm"":33,""breakfast"":true,""spa"":false,""pool"":true,""balcony"":false,""bathtub"":false,""pet_friendly"":false,""smoking"":false}","0","1","190000","디럭스 트윈","전체 가상 시뮬레이션"
"R0884_3","H0884","4","2","{""bed_type"":""킹베드 1개"",""view_type"":""파노라마뷰"",""size_sqm"":42,""breakfast"":false,""spa"":true,""pool"":false,""balcony"":true,""bathtub"":true,""pet_friendly"":false,""smoking"":false}","1","0","215000","프리미엄 스위트","전체 가상 시뮬레이션"
"R0885_1","H0885","2","1","{""bed_type"":""퀸베드 1개"",""view_type"":""시티뷰"",""size_sqm"":24,""breakfast"":true,""spa"":false,""pool"":true,""balcony"":false,""bathtub"":false,""pet_friendly"":false,""smoking"":true}","0","1","170000","스탠다드 더블","전체 가상 시뮬레이션"
"R0885_2","H0885","3","2","{""bed_type"":""싱글베드 2개"",""view_type"":""가든뷰"",""size_sqm"":33,""breakfast"":false,""spa"":true,""pool"":false,""balcony"":true,""bathtub"":true,""pet_friendly"":false,""smoking"":false}","1","0","195000","디럭스 트윈","전체 가상 시뮬레이션"
"R0885_3","H0885","4","3","{""bed_type"":""킹베드 1개"",""view_type"":""파노라마뷰"",""size_sqm"":42,""breakfast"":true,""spa"":false,""pool"":false,""balcony"":false,""bathtub"":false,""pet_friendly"":false,""smoking"":false}","1","1","220000","프리미엄 스위트","전체 가상 시뮬레이션"
"R0886_1","H0886","2","2","{""bed_type"":""퀸베드 1개"",""view_type"":""시티뷰"",""size_sqm"":24,""breakfast"":false,""spa"":true,""pool"":false,""balcony"":true,""bathtub"":true,""pet_friendly"":false,""smoking"":true}","1","0","175000","스탠다드 더블","전체 가상 시뮬레이션"
"R0886_2","H0886","3","3","{""bed_type"":""싱글베드 2개"",""view_type"":""가든뷰"",""size_sqm"":33,""breakfast"":true,""spa"":false,""pool"":false,""balcony"":false,""bathtub"":false,""pet_friendly"":false,""smoking"":false}","1","1","200000","디럭스 트윈","전체 가상 시뮬레이션"
"R0886_3","H0886","4","4","{""bed_type"":""킹베드 1개"",""view_type"":""파노라마뷰"",""size_sqm"":42,""breakfast"":false,""spa"":false,""pool"":false,""balcony"":false,""bathtub"":false,""pet_friendly"":false,""smoking"":false}","1","1","225000","프리미엄 스위트","전체 가상 시뮬레이션"
"R0887_1","H0887","2","3","{""bed_type"":""퀸베드 1개"",""view_type"":""시티뷰"",""size_sqm"":24,""breakfast"":true,""spa"":false,""pool"":false,""balcony"":false,""bathtub"":false,""pet_friendly"":false,""smoking"":true}","1","1","180000","스탠다드 더블","전체 가상 시뮬레이션"
"R0887_2","H0887","3","4","{""bed_type"":""싱글베드 2개"",""view_type"":""가든뷰"",""size_sqm"":33,""breakfast"":false,""spa"":false,""pool"":false,""balcony"":false,""bathtub"":false,""pet_friendly"":false,""smoking"":false}","1","1","205000","디럭스 트윈","전체 가상 시뮬레이션"
"R0887_3","H0887","4","1","{""bed_type"":""킹베드 1개"",""view_type"":""파노라마뷰"",""size_sqm"":42,""breakfast"":true,""spa"":true,""pool"":true,""balcony"":true,""bathtub"":true,""pet_friendly"":false,""smoking"":false}","0","0","230000","프리미엄 스위트","전체 가상 시뮬레이션"
"R0888_1","H0888","2","4","{""bed_type"":""퀸베드 1개"",""view_type"":""시티뷰"",""size_sqm"":24,""breakfast"":false,""spa"":false,""pool"":false,""balcony"":false,""bathtub"":false,""pet_friendly"":false,""smoking"":true}","1","1","185000","스탠다드 더블","전체 가상 시뮬레이션"
"R0888_2","H0888","3","1","{""bed_type"":""싱글베드 2개"",""view_type"":""가든뷰"",""size_sqm"":33,""breakfast"":true,""spa"":true,""pool"":true,""balcony"":true,""bathtub"":true,""pet_friendly"":false,""smoking"":false}","0","0","210000","디럭스 트윈","전체 가상 시뮬레이션"
"R0888_3","H0888","4","2","{""bed_type"":""킹베드 1개"",""view_type"":""파노라마뷰"",""size_sqm"":42,""breakfast"":false,""spa"":false,""pool"":false,""balcony"":false,""bathtub"":false,""pet_friendly"":true,""smoking"":false}","1","1","235000","프리미엄 스위트","전체 가상 시뮬레이션"
"R0889_1","H0889","2","1","{""bed_type"":""퀸베드 1개"",""view_type"":""시티뷰"",""size_sqm"":24,""breakfast"":true,""spa"":true,""pool"":true,""balcony"":true,""bathtub"":true,""pet_friendly"":false,""smoking"":true}","0","0","190000","스탠다드 더블","전체 가상 시뮬레이션"
"R0889_2","H0889","3","2","{""bed_type"":""싱글베드 2개"",""view_type"":""가든뷰"",""size_sqm"":33,""breakfast"":false,""spa"":false,""pool"":false,""balcony"":false,""bathtub"":false,""pet_friendly"":true,""smoking"":false}","1","1","215000","디럭스 트윈","전체 가상 시뮬레이션"
"R0889_3","H0889","4","3","{""bed_type"":""킹베드 1개"",""view_type"":""파노라마뷰"",""size_sqm"":42,""breakfast"":true,""spa"":false,""pool"":false,""balcony"":false,""bathtub"":false,""pet_friendly"":false,""smoking"":false}","1","1","240000","프리미엄 스위트","전체 가상 시뮬레이션"
"R0890_1","H0890","2","2","{""bed_type"":""퀸베드 1개"",""view_type"":""시티뷰"",""size_sqm"":24,""breakfast"":false,""spa"":false,""pool"":false,""balcony"":false,""bathtub"":false,""pet_friendly"":true,""smoking"":true}","1","1","195000","스탠다드 더블","전체 가상 시뮬레이션"
"R0890_2","H0890","3","3","{""bed_type"":""싱글베드 2개"",""view_type"":""가든뷰"",""size_sqm"":33,""breakfast"":true,""spa"":false,""pool"":false,""balcony"":false,""bathtub"":false,""pet_friendly"":false,""smoking"":false}","1","1","220000","디럭스 트윈","전체 가상 시뮬레이션"
"R0890_3","H0890","4","4","{""bed_type"":""킹베드 1개"",""view_type"":""파노라마뷰"",""size_sqm"":42,""breakfast"":false,""spa"":true,""pool"":false,""balcony"":true,""bathtub"":true,""pet_friendly"":false,""smoking"":false}","1","0","245000","프리미엄 스위트","전체 가상 시뮬레이션"
"R0891_1","H0891","2","3","{""bed_type"":""퀸베드 1개"",""view_type"":""시티뷰"",""size_sqm"":24,""breakfast"":true,""spa"":false,""pool"":false,""balcony"":false,""bathtub"":false,""pet_friendly"":false,""smoking"":true}","1","1","200000","스탠다드 더블","전체 가상 시뮬레이션"
"R0891_2","H0891","3","4","{""bed_type"":""싱글베드 2개"",""view_type"":""가든뷰"",""size_sqm"":33,""breakfast"":false,""spa"":true,""pool"":false,""balcony"":true,""bathtub"":true,""pet_friendly"":false,""smoking"":false}","1","0","225000","디럭스 트윈","전체 가상 시뮬레이션"
"R0891_3","H0891","4","1","{""bed_type"":""킹베드 1개"",""view_type"":""파노라마뷰"",""size_sqm"":42,""breakfast"":true,""spa"":false,""pool"":true,""balcony"":false,""bathtub"":false,""pet_friendly"":false,""smoking"":false}","0","1","250000","프리미엄 스위트","전체 가상 시뮬레이션"
"R0892_1","H0892","2","4","{""bed_type"":""퀸베드 1개"",""view_type"":""시티뷰"",""size_sqm"":24,""breakfast"":false,""spa"":true,""pool"":false,""balcony"":true,""bathtub"":true,""pet_friendly"":false,""smoking"":true}","1","0","205000","스탠다드 더블","전체 가상 시뮬레이션"
"R0892_2","H0892","3","1","{""bed_type"":""싱글베드 2개"",""view_type"":""가든뷰"",""size_sqm"":33,""breakfast"":true,""spa"":false,""pool"":true,""balcony"":false,""bathtub"":false,""pet_friendly"":false,""smoking"":false}","0","1","230000","디럭스 트윈","전체 가상 시뮬레이션"
"R0892_3","H0892","4","2","{""bed_type"":""킹베드 1개"",""view_type"":""파노라마뷰"",""size_sqm"":42,""breakfast"":false,""spa"":false,""pool"":false,""balcony"":false,""bathtub"":false,""pet_friendly"":false,""smoking"":false}","1","1","255000","프리미엄 스위트","전체 가상 시뮬레이션"
"R0893_1","H0893","2","1","{""bed_type"":""퀸베드 1개"",""view_type"":""시티뷰"",""size_sqm"":24,""breakfast"":true,""spa"":false,""pool"":true,""balcony"":false,""bathtub"":false,""pet_friendly"":false,""smoking"":true}","0","1","210000","스탠다드 더블","전체 가상 시뮬레이션"
"R0893_2","H0893","3","2","{""bed_type"":""싱글베드 2개"",""view_type"":""가든뷰"",""size_sqm"":33,""breakfast"":false,""spa"":false,""pool"":false,""balcony"":false,""bathtub"":false,""pet_friendly"":false,""smoking"":false}","1","1","235000","디럭스 트윈","전체 가상 시뮬레이션"
"R0893_3","H0893","4","3","{""bed_type"":""킹베드 1개"",""view_type"":""파노라마뷰"",""size_sqm"":42,""breakfast"":true,""spa"":true,""pool"":false,""balcony"":true,""bathtub"":true,""pet_friendly"":false,""smoking"":false}","1","0","260000","프리미엄 스위트","전체 가상 시뮬레이션"
"R0894_1","H0894","2","2","{""bed_type"":""퀸베드 1개"",""view_type"":""시티뷰"",""size_sqm"":24,""breakfast"":false,""spa"":false,""pool"":false,""balcony"":false,""bathtub"":false,""pet_friendly"":false,""smoking"":true}","1","1","215000","스탠다드 더블","전체 가상 시뮬레이션"
"R0894_2","H0894","3","3","{""bed_type"":""싱글베드 2개"",""view_type"":""가든뷰"",""size_sqm"":33,""breakfast"":true,""spa"":true,""pool"":false,""balcony"":true,""bathtub"":true,""pet_friendly"":false,""smoking"":false}","1","0","240000","디럭스 트윈","전체 가상 시뮬레이션"
"R0894_3","H0894","4","4","{""bed_type"":""킹베드 1개"",""view_type"":""파노라마뷰"",""size_sqm"":42,""breakfast"":false,""spa"":false,""pool"":false,""balcony"":false,""bathtub"":false,""pet_friendly"":false,""smoking"":false}","1","1","265000","프리미엄 스위트","전체 가상 시뮬레이션"
"R0895_1","H0895","2","3","{""bed_type"":""퀸베드 1개"",""view_type"":""시티뷰"",""size_sqm"":24,""breakfast"":true,""spa"":true,""pool"":false,""balcony"":true,""bathtub"":true,""pet_friendly"":false,""smoking"":true}","1","0","220000","스탠다드 더블","전체 가상 시뮬레이션"
"R0895_2","H0895","3","4","{""bed_type"":""싱글베드 2개"",""view_type"":""가든뷰"",""size_sqm"":33,""breakfast"":false,""spa"":false,""pool"":false,""balcony"":false,""bathtub"":false,""pet_friendly"":false,""smoking"":false}","1","1","245000","디럭스 트윈","전체 가상 시뮬레이션"
"R0895_3","H0895","4","1","{""bed_type"":""킹베드 1개"",""view_type"":""파노라마뷰"",""size_sqm"":42,""breakfast"":true,""spa"":false,""pool"":true,""balcony"":false,""bathtub"":false,""pet_friendly"":true,""smoking"":false}","0","1","270000","프리미엄 스위트","전체 가상 시뮬레이션"
"R0896_1","H0896","2","4","{""bed_type"":""퀸베드 1개"",""view_type"":""시티뷰"",""size_sqm"":24,""breakfast"":false,""spa"":false,""pool"":false,""balcony"":false,""bathtub"":false,""pet_friendly"":false,""smoking"":true}","1","1","225000","스탠다드 더블","전체 가상 시뮬레이션"
"R0896_2","H0896","3","1","{""bed_type"":""싱글베드 2개"",""view_type"":""가든뷰"",""size_sqm"":33,""breakfast"":true,""spa"":false,""pool"":true,""balcony"":false,""bathtub"":false,""pet_friendly"":true,""smoking"":false}","0","1","250000","디럭스 트윈","전체 가상 시뮬레이션"
"R0896_3","H0896","4","2","{""bed_type"":""킹베드 1개"",""view_type"":""파노라마뷰"",""size_sqm"":42,""breakfast"":false,""spa"":true,""pool"":false,""balcony"":true,""bathtub"":true,""pet_friendly"":false,""smoking"":false}","1","0","275000","프리미엄 스위트","전체 가상 시뮬레이션"
"R0897_1","H0897","2","1","{""bed_type"":""퀸베드 1개"",""view_type"":""시티뷰"",""size_sqm"":24,""breakfast"":true,""spa"":false,""pool"":true,""balcony"":false,""bathtub"":false,""pet_friendly"":true,""smoking"":true}","0","1","230000","스탠다드 더블","전체 가상 시뮬레이션"
"R0897_2","H0897","3","2","{""bed_type"":""싱글베드 2개"",""view_type"":""가든뷰"",""size_sqm"":33,""breakfast"":false,""spa"":true,""pool"":false,""balcony"":true,""bathtub"":true,""pet_friendly"":false,""smoking"":false}","1","0","255000","디럭스 트윈","전체 가상 시뮬레이션"
"R0897_3","H0897","4","3","{""bed_type"":""킹베드 1개"",""view_type"":""파노라마뷰"",""size_sqm"":42,""breakfast"":true,""spa"":false,""pool"":false,""balcony"":false,""bathtub"":false,""pet_friendly"":false,""smoking"":false}","1","1","280000","프리미엄 스위트","전체 가상 시뮬레이션"
"R0898_1","H0898","2","2","{""bed_type"":""퀸베드 1개"",""view_type"":""시티뷰"",""size_sqm"":24,""breakfast"":false,""spa"":true,""pool"":false,""balcony"":true,""bathtub"":true,""pet_friendly"":false,""smoking"":true}","1","0","235000","스탠다드 더블","전체 가상 시뮬레이션"
"R0898_2","H0898","3","3","{""bed_type"":""싱글베드 2개"",""view_type"":""가든뷰"",""size_sqm"":33,""breakfast"":true,""spa"":false,""pool"":false,""balcony"":false,""bathtub"":false,""pet_friendly"":false,""smoking"":false}","1","1","260000","디럭스 트윈","전체 가상 시뮬레이션"
"R0898_3","H0898","4","4","{""bed_type"":""킹베드 1개"",""view_type"":""파노라마뷰"",""size_sqm"":42,""breakfast"":false,""spa"":false,""pool"":false,""balcony"":false,""bathtub"":false,""pet_friendly"":false,""smoking"":false}","1","1","285000","프리미엄 스위트","전체 가상 시뮬레이션"
"R0899_1","H0899","2","3","{""bed_type"":""퀸베드 1개"",""view_type"":""시티뷰"",""size_sqm"":24,""breakfast"":true,""spa"":false,""pool"":false,""balcony"":false,""bathtub"":false,""pet_friendly"":false,""smoking"":true}","1","1","240000","스탠다드 더블","전체 가상 시뮬레이션"
"R0899_2","H0899","3","4","{""bed_type"":""싱글베드 2개"",""view_type"":""가든뷰"",""size_sqm"":33,""breakfast"":false,""spa"":false,""pool"":false,""balcony"":false,""bathtub"":false,""pet_friendly"":false,""smoking"":false}","1","1","265000","디럭스 트윈","전체 가상 시뮬레이션"
"R0899_3","H0899","4","1","{""bed_type"":""킹베드 1개"",""view_type"":""파노라마뷰"",""size_sqm"":42,""breakfast"":true,""spa"":true,""pool"":true,""balcony"":true,""bathtub"":true,""pet_friendly"":false,""smoking"":false}","0","0","290000","프리미엄 스위트","전체 가상 시뮬레이션"
"R0900_1","H0900","2","4","{""bed_type"":""퀸베드 1개"",""view_type"":""시티뷰"",""size_sqm"":24,""breakfast"":false,""spa"":false,""pool"":false,""balcony"":false,""bathtub"":false,""pet_friendly"":false,""smoking"":true}","1","1","245000","스탠다드 더블","전체 가상 시뮬레이션"
"R0900_2","H0900","3","1","{""bed_type"":""싱글베드 2개"",""view_type"":""가든뷰"",""size_sqm"":33,""breakfast"":true,""spa"":true,""pool"":true,""balcony"":true,""bathtub"":true,""pet_friendly"":false,""smoking"":false}","0","0","270000","디럭스 트윈","전체 가상 시뮬레이션"
"R0900_3","H0900","4","2","{""bed_type"":""킹베드 1개"",""view_type"":""파노라마뷰"",""size_sqm"":42,""breakfast"":false,""spa"":false,""pool"":false,""balcony"":false,""bathtub"":false,""pet_friendly"":false,""smoking"":false}","1","1","295000","프리미엄 스위트","전체 가상 시뮬레이션"
"R0901_1","H0901","2","1","{""bed_type"":""퀸베드 1개"",""view_type"":""시티뷰"",""size_sqm"":24,""breakfast"":true,""spa"":true,""pool"":true,""balcony"":true,""bathtub"":true,""pet_friendly"":false,""smoking"":true}","0","0","250000","스탠다드 더블","전체 가상 시뮬레이션"
"R0901_2","H0901","3","2","{""bed_type"":""싱글베드 2개"",""view_type"":""가든뷰"",""size_sqm"":33,""breakfast"":false,""spa"":false,""pool"":false,""balcony"":false,""bathtub"":false,""pet_friendly"":false,""smoking"":false}","1","1","275000","디럭스 트윈","전체 가상 시뮬레이션"
"R0901_3","H0901","4","3","{""bed_type"":""킹베드 1개"",""view_type"":""파노라마뷰"",""size_sqm"":42,""breakfast"":true,""spa"":false,""pool"":false,""balcony"":false,""bathtub"":false,""pet_friendly"":false,""smoking"":false}","1","1","300000","프리미엄 스위트","전체 가상 시뮬레이션"
"R0902_1","H0902","2","2","{""bed_type"":""퀸베드 1개"",""view_type"":""시티뷰"",""size_sqm"":24,""breakfast"":false,""spa"":false,""pool"":false,""balcony"":false,""bathtub"":false,""pet_friendly"":false,""smoking"":true}","1","1","255000","스탠다드 더블","전체 가상 시뮬레이션"
"R0902_2","H0902","3","3","{""bed_type"":""싱글베드 2개"",""view_type"":""가든뷰"",""size_sqm"":33,""breakfast"":true,""spa"":false,""pool"":false,""balcony"":false,""bathtub"":false,""pet_friendly"":false,""smoking"":false}","1","1","280000","디럭스 트윈","전체 가상 시뮬레이션"
"R0902_3","H0902","4","4","{""bed_type"":""킹베드 1개"",""view_type"":""파노라마뷰"",""size_sqm"":42,""breakfast"":false,""spa"":true,""pool"":false,""balcony"":true,""bathtub"":true,""pet_friendly"":true,""smoking"":false}","1","0","305000","프리미엄 스위트","전체 가상 시뮬레이션"
"R0903_1","H0903","2","3","{""bed_type"":""퀸베드 1개"",""view_type"":""시티뷰"",""size_sqm"":24,""breakfast"":true,""spa"":false,""pool"":false,""balcony"":false,""bathtub"":false,""pet_friendly"":false,""smoking"":true}","1","1","260000","스탠다드 더블","전체 가상 시뮬레이션"
"R0903_2","H0903","3","4","{""bed_type"":""싱글베드 2개"",""view_type"":""가든뷰"",""size_sqm"":33,""breakfast"":false,""spa"":true,""pool"":false,""balcony"":true,""bathtub"":true,""pet_friendly"":true,""smoking"":false}","1","0","285000","디럭스 트윈","전체 가상 시뮬레이션"
"R0903_3","H0903","4","1","{""bed_type"":""킹베드 1개"",""view_type"":""파노라마뷰"",""size_sqm"":42,""breakfast"":true,""spa"":false,""pool"":true,""balcony"":false,""bathtub"":false,""pet_friendly"":false,""smoking"":false}","0","1","310000","프리미엄 스위트","전체 가상 시뮬레이션"
"R0904_1","H0904","2","4","{""bed_type"":""퀸베드 1개"",""view_type"":""시티뷰"",""size_sqm"":24,""breakfast"":false,""spa"":true,""pool"":false,""balcony"":true,""bathtub"":true,""pet_friendly"":true,""smoking"":true}","1","0","265000","스탠다드 더블","전체 가상 시뮬레이션"
"R0904_2","H0904","3","1","{""bed_type"":""싱글베드 2개"",""view_type"":""가든뷰"",""size_sqm"":33,""breakfast"":true,""spa"":false,""pool"":true,""balcony"":false,""bathtub"":false,""pet_friendly"":false,""smoking"":false}","0","1","290000","디럭스 트윈","전체 가상 시뮬레이션"
"R0904_3","H0904","4","2","{""bed_type"":""킹베드 1개"",""view_type"":""파노라마뷰"",""size_sqm"":42,""breakfast"":false,""spa"":false,""pool"":false,""balcony"":false,""bathtub"":false,""pet_friendly"":false,""smoking"":false}","1","1","315000","프리미엄 스위트","전체 가상 시뮬레이션"
"R0905_1","H0905","2","1","{""bed_type"":""퀸베드 1개"",""view_type"":""시티뷰"",""size_sqm"":24,""breakfast"":true,""spa"":false,""pool"":true,""balcony"":false,""bathtub"":false,""pet_friendly"":false,""smoking"":true}","0","1","270000","스탠다드 더블","전체 가상 시뮬레이션"
"R0905_2","H0905","3","2","{""bed_type"":""싱글베드 2개"",""view_type"":""가든뷰"",""size_sqm"":33,""breakfast"":false,""spa"":false,""pool"":false,""balcony"":false,""bathtub"":false,""pet_friendly"":false,""smoking"":false}","1","1","295000","디럭스 트윈","전체 가상 시뮬레이션"
"R0905_3","H0905","4","3","{""bed_type"":""킹베드 1개"",""view_type"":""파노라마뷰"",""size_sqm"":42,""breakfast"":true,""spa"":true,""pool"":false,""balcony"":true,""bathtub"":true,""pet_friendly"":false,""smoking"":false}","1","0","320000","프리미엄 스위트","전체 가상 시뮬레이션"
"R0906_1","H0906","2","2","{""bed_type"":""퀸베드 1개"",""view_type"":""시티뷰"",""size_sqm"":24,""breakfast"":false,""spa"":false,""pool"":false,""balcony"":false,""bathtub"":false,""pet_friendly"":false,""smoking"":true}","1","1","275000","스탠다드 더블","전체 가상 시뮬레이션"
"R0906_2","H0906","3","3","{""bed_type"":""싱글베드 2개"",""view_type"":""가든뷰"",""size_sqm"":33,""breakfast"":true,""spa"":true,""pool"":false,""balcony"":true,""bathtub"":true,""pet_friendly"":false,""smoking"":false}","1","0","300000","디럭스 트윈","전체 가상 시뮬레이션"
"R0906_3","H0906","4","4","{""bed_type"":""킹베드 1개"",""view_type"":""파노라마뷰"",""size_sqm"":42,""breakfast"":false,""spa"":false,""pool"":false,""balcony"":false,""bathtub"":false,""pet_friendly"":false,""smoking"":false}","1","1","325000","프리미엄 스위트","전체 가상 시뮬레이션"
"R0907_1","H0907","2","3","{""bed_type"":""퀸베드 1개"",""view_type"":""시티뷰"",""size_sqm"":24,""breakfast"":true,""spa"":true,""pool"":false,""balcony"":true,""bathtub"":true,""pet_friendly"":false,""smoking"":true}","1","0","280000","스탠다드 더블","전체 가상 시뮬레이션"
"R0907_2","H0907","3","4","{""bed_type"":""싱글베드 2개"",""view_type"":""가든뷰"",""size_sqm"":33,""breakfast"":false,""spa"":false,""pool"":false,""balcony"":false,""bathtub"":false,""pet_friendly"":false,""smoking"":false}","1","1","305000","디럭스 트윈","전체 가상 시뮬레이션"
"R0907_3","H0907","4","1","{""bed_type"":""킹베드 1개"",""view_type"":""파노라마뷰"",""size_sqm"":42,""breakfast"":true,""spa"":false,""pool"":true,""balcony"":false,""bathtub"":false,""pet_friendly"":false,""smoking"":false}","0","1","330000","프리미엄 스위트","전체 가상 시뮬레이션"
"R0908_1","H0908","2","4","{""bed_type"":""퀸베드 1개"",""view_type"":""시티뷰"",""size_sqm"":24,""breakfast"":false,""spa"":false,""pool"":false,""balcony"":false,""bathtub"":false,""pet_friendly"":false,""smoking"":true}","1","1","285000","스탠다드 더블","전체 가상 시뮬레이션"
"R0908_2","H0908","3","1","{""bed_type"":""싱글베드 2개"",""view_type"":""가든뷰"",""size_sqm"":33,""breakfast"":true,""spa"":false,""pool"":true,""balcony"":false,""bathtub"":false,""pet_friendly"":false,""smoking"":false}","0","1","310000","디럭스 트윈","전체 가상 시뮬레이션"
"R0908_3","H0908","4","2","{""bed_type"":""킹베드 1개"",""view_type"":""파노라마뷰"",""size_sqm"":42,""breakfast"":false,""spa"":true,""pool"":false,""balcony"":true,""bathtub"":true,""pet_friendly"":false,""smoking"":false}","1","0","335000","프리미엄 스위트","전체 가상 시뮬레이션"
"R0909_1","H0909","2","1","{""bed_type"":""퀸베드 1개"",""view_type"":""시티뷰"",""size_sqm"":24,""breakfast"":true,""spa"":false,""pool"":true,""balcony"":false,""bathtub"":false,""pet_friendly"":false,""smoking"":true}","0","1","290000","스탠다드 더블","전체 가상 시뮬레이션"
"R0909_2","H0909","3","2","{""bed_type"":""싱글베드 2개"",""view_type"":""가든뷰"",""size_sqm"":33,""breakfast"":false,""spa"":true,""pool"":false,""balcony"":true,""bathtub"":true,""pet_friendly"":false,""smoking"":false}","1","0","315000","디럭스 트윈","전체 가상 시뮬레이션"
"R0909_3","H0909","4","3","{""bed_type"":""킹베드 1개"",""view_type"":""파노라마뷰"",""size_sqm"":42,""breakfast"":true,""spa"":false,""pool"":false,""balcony"":false,""bathtub"":false,""pet_friendly"":true,""smoking"":false}","1","1","340000","프리미엄 스위트","전체 가상 시뮬레이션"
"R0910_1","H0910","2","2","{""bed_type"":""퀸베드 1개"",""view_type"":""시티뷰"",""size_sqm"":24,""breakfast"":false,""spa"":true,""pool"":false,""balcony"":true,""bathtub"":true,""pet_friendly"":false,""smoking"":true}","1","0","295000","스탠다드 더블","전체 가상 시뮬레이션"
"R0910_2","H0910","3","3","{""bed_type"":""싱글베드 2개"",""view_type"":""가든뷰"",""size_sqm"":33,""breakfast"":true,""spa"":false,""pool"":false,""balcony"":false,""bathtub"":false,""pet_friendly"":true,""smoking"":false}","1","1","320000","디럭스 트윈","전체 가상 시뮬레이션"
"R0910_3","H0910","4","4","{""bed_type"":""킹베드 1개"",""view_type"":""파노라마뷰"",""size_sqm"":42,""breakfast"":false,""spa"":false,""pool"":false,""balcony"":false,""bathtub"":false,""pet_friendly"":false,""smoking"":false}","1","1","345000","프리미엄 스위트","전체 가상 시뮬레이션"
"R0911_1","H0911","2","3","{""bed_type"":""퀸베드 1개"",""view_type"":""시티뷰"",""size_sqm"":24,""breakfast"":true,""spa"":false,""pool"":false,""balcony"":false,""bathtub"":false,""pet_friendly"":true,""smoking"":true}","1","1","300000","스탠다드 더블","전체 가상 시뮬레이션"
"R0911_2","H0911","3","4","{""bed_type"":""싱글베드 2개"",""view_type"":""가든뷰"",""size_sqm"":33,""breakfast"":false,""spa"":false,""pool"":false,""balcony"":false,""bathtub"":false,""pet_friendly"":false,""smoking"":false}","1","1","325000","디럭스 트윈","전체 가상 시뮬레이션"
"R0911_3","H0911","4","1","{""bed_type"":""킹베드 1개"",""view_type"":""파노라마뷰"",""size_sqm"":42,""breakfast"":true,""spa"":true,""pool"":true,""balcony"":true,""bathtub"":true,""pet_friendly"":false,""smoking"":false}","0","0","350000","프리미엄 스위트","전체 가상 시뮬레이션"
"R0912_1","H0912","2","4","{""bed_type"":""퀸베드 1개"",""view_type"":""시티뷰"",""size_sqm"":24,""breakfast"":false,""spa"":false,""pool"":false,""balcony"":false,""bathtub"":false,""pet_friendly"":false,""smoking"":true}","1","1","305000","스탠다드 더블","전체 가상 시뮬레이션"
"R0912_2","H0912","3","1","{""bed_type"":""싱글베드 2개"",""view_type"":""가든뷰"",""size_sqm"":33,""breakfast"":true,""spa"":true,""pool"":true,""balcony"":true,""bathtub"":true,""pet_friendly"":false,""smoking"":false}","0","0","330000","디럭스 트윈","전체 가상 시뮬레이션"
"R0912_3","H0912","4","2","{""bed_type"":""킹베드 1개"",""view_type"":""파노라마뷰"",""size_sqm"":42,""breakfast"":false,""spa"":false,""pool"":false,""balcony"":false,""bathtub"":false,""pet_friendly"":false,""smoking"":false}","1","1","355000","프리미엄 스위트","전체 가상 시뮬레이션"
"R0913_1","H0913","2","1","{""bed_type"":""퀸베드 1개"",""view_type"":""시티뷰"",""size_sqm"":24,""breakfast"":true,""spa"":true,""pool"":true,""balcony"":true,""bathtub"":true,""pet_friendly"":false,""smoking"":true}","0","0","70000","스탠다드 더블","전체 가상 시뮬레이션"
"R0913_2","H0913","3","2","{""bed_type"":""싱글베드 2개"",""view_type"":""가든뷰"",""size_sqm"":33,""breakfast"":false,""spa"":false,""pool"":false,""balcony"":false,""bathtub"":false,""pet_friendly"":false,""smoking"":false}","1","1","95000","디럭스 트윈","전체 가상 시뮬레이션"
"R0913_3","H0913","4","3","{""bed_type"":""킹베드 1개"",""view_type"":""파노라마뷰"",""size_sqm"":42,""breakfast"":true,""spa"":false,""pool"":false,""balcony"":false,""bathtub"":false,""pet_friendly"":false,""smoking"":false}","1","1","120000","프리미엄 스위트","전체 가상 시뮬레이션"
"R0914_1","H0914","2","2","{""bed_type"":""퀸베드 1개"",""view_type"":""시티뷰"",""size_sqm"":24,""breakfast"":false,""spa"":false,""pool"":false,""balcony"":false,""bathtub"":false,""pet_friendly"":false,""smoking"":true}","1","1","75000","스탠다드 더블","전체 가상 시뮬레이션"
"R0914_2","H0914","3","3","{""bed_type"":""싱글베드 2개"",""view_type"":""가든뷰"",""size_sqm"":33,""breakfast"":true,""spa"":false,""pool"":false,""balcony"":false,""bathtub"":false,""pet_friendly"":false,""smoking"":false}","1","1","100000","디럭스 트윈","전체 가상 시뮬레이션"
"R0914_3","H0914","4","4","{""bed_type"":""킹베드 1개"",""view_type"":""파노라마뷰"",""size_sqm"":42,""breakfast"":false,""spa"":true,""pool"":false,""balcony"":true,""bathtub"":true,""pet_friendly"":false,""smoking"":false}","1","0","125000","프리미엄 스위트","전체 가상 시뮬레이션"
"R0915_1","H0915","2","3","{""bed_type"":""퀸베드 1개"",""view_type"":""시티뷰"",""size_sqm"":24,""breakfast"":true,""spa"":false,""pool"":false,""balcony"":false,""bathtub"":false,""pet_friendly"":false,""smoking"":true}","1","1","80000","스탠다드 더블","전체 가상 시뮬레이션"
"R0915_2","H0915","3","4","{""bed_type"":""싱글베드 2개"",""view_type"":""가든뷰"",""size_sqm"":33,""breakfast"":false,""spa"":true,""pool"":false,""balcony"":true,""bathtub"":true,""pet_friendly"":false,""smoking"":false}","1","0","105000","디럭스 트윈","전체 가상 시뮬레이션"
"R0915_3","H0915","4","1","{""bed_type"":""킹베드 1개"",""view_type"":""파노라마뷰"",""size_sqm"":42,""breakfast"":true,""spa"":false,""pool"":true,""balcony"":false,""bathtub"":false,""pet_friendly"":false,""smoking"":false}","0","1","130000","프리미엄 스위트","전체 가상 시뮬레이션"
"R0916_1","H0916","2","4","{""bed_type"":""퀸베드 1개"",""view_type"":""시티뷰"",""size_sqm"":24,""breakfast"":false,""spa"":true,""pool"":false,""balcony"":true,""bathtub"":true,""pet_friendly"":false,""smoking"":true}","1","0","85000","스탠다드 더블","전체 가상 시뮬레이션"
"R0916_2","H0916","3","1","{""bed_type"":""싱글베드 2개"",""view_type"":""가든뷰"",""size_sqm"":33,""breakfast"":true,""spa"":false,""pool"":true,""balcony"":false,""bathtub"":false,""pet_friendly"":false,""smoking"":false}","0","1","110000","디럭스 트윈","전체 가상 시뮬레이션"
"R0916_3","H0916","4","2","{""bed_type"":""킹베드 1개"",""view_type"":""파노라마뷰"",""size_sqm"":42,""breakfast"":false,""spa"":false,""pool"":false,""balcony"":false,""bathtub"":false,""pet_friendly"":true,""smoking"":false}","1","1","135000","프리미엄 스위트","전체 가상 시뮬레이션"
"R0917_1","H0917","2","1","{""bed_type"":""퀸베드 1개"",""view_type"":""시티뷰"",""size_sqm"":24,""breakfast"":true,""spa"":false,""pool"":true,""balcony"":false,""bathtub"":false,""pet_friendly"":false,""smoking"":true}","0","1","90000","스탠다드 더블","전체 가상 시뮬레이션"
"R0917_2","H0917","3","2","{""bed_type"":""싱글베드 2개"",""view_type"":""가든뷰"",""size_sqm"":33,""breakfast"":false,""spa"":false,""pool"":false,""balcony"":false,""bathtub"":false,""pet_friendly"":true,""smoking"":false}","1","1","115000","디럭스 트윈","전체 가상 시뮬레이션"
"R0917_3","H0917","4","3","{""bed_type"":""킹베드 1개"",""view_type"":""파노라마뷰"",""size_sqm"":42,""breakfast"":true,""spa"":true,""pool"":false,""balcony"":true,""bathtub"":true,""pet_friendly"":false,""smoking"":false}","1","0","140000","프리미엄 스위트","전체 가상 시뮬레이션"
"R0918_1","H0918","2","2","{""bed_type"":""퀸베드 1개"",""view_type"":""시티뷰"",""size_sqm"":24,""breakfast"":false,""spa"":false,""pool"":false,""balcony"":false,""bathtub"":false,""pet_friendly"":true,""smoking"":true}","1","1","95000","스탠다드 더블","전체 가상 시뮬레이션"
"R0918_2","H0918","3","3","{""bed_type"":""싱글베드 2개"",""view_type"":""가든뷰"",""size_sqm"":33,""breakfast"":true,""spa"":true,""pool"":false,""balcony"":true,""bathtub"":true,""pet_friendly"":false,""smoking"":false}","1","0","120000","디럭스 트윈","전체 가상 시뮬레이션"
"R0918_3","H0918","4","4","{""bed_type"":""킹베드 1개"",""view_type"":""파노라마뷰"",""size_sqm"":42,""breakfast"":false,""spa"":false,""pool"":false,""balcony"":false,""bathtub"":false,""pet_friendly"":false,""smoking"":false}","1","1","145000","프리미엄 스위트","전체 가상 시뮬레이션"
"R0919_1","H0919","2","3","{""bed_type"":""퀸베드 1개"",""view_type"":""시티뷰"",""size_sqm"":24,""breakfast"":true,""spa"":true,""pool"":false,""balcony"":true,""bathtub"":true,""pet_friendly"":false,""smoking"":true}","1","0","100000","스탠다드 더블","전체 가상 시뮬레이션"
"R0919_2","H0919","3","4","{""bed_type"":""싱글베드 2개"",""view_type"":""가든뷰"",""size_sqm"":33,""breakfast"":false,""spa"":false,""pool"":false,""balcony"":false,""bathtub"":false,""pet_friendly"":false,""smoking"":false}","1","1","125000","디럭스 트윈","전체 가상 시뮬레이션"
"R0919_3","H0919","4","1","{""bed_type"":""킹베드 1개"",""view_type"":""파노라마뷰"",""size_sqm"":42,""breakfast"":true,""spa"":false,""pool"":true,""balcony"":false,""bathtub"":false,""pet_friendly"":false,""smoking"":false}","0","1","150000","프리미엄 스위트","전체 가상 시뮬레이션"
"R0920_1","H0920","2","4","{""bed_type"":""퀸베드 1개"",""view_type"":""시티뷰"",""size_sqm"":24,""breakfast"":false,""spa"":false,""pool"":false,""balcony"":false,""bathtub"":false,""pet_friendly"":false,""smoking"":true}","1","1","105000","스탠다드 더블","전체 가상 시뮬레이션"
"R0920_2","H0920","3","1","{""bed_type"":""싱글베드 2개"",""view_type"":""가든뷰"",""size_sqm"":33,""breakfast"":true,""spa"":false,""pool"":true,""balcony"":false,""bathtub"":false,""pet_friendly"":false,""smoking"":false}","0","1","130000","디럭스 트윈","전체 가상 시뮬레이션"
"R0920_3","H0920","4","2","{""bed_type"":""킹베드 1개"",""view_type"":""파노라마뷰"",""size_sqm"":42,""breakfast"":false,""spa"":true,""pool"":false,""balcony"":true,""bathtub"":true,""pet_friendly"":false,""smoking"":false}","1","0","155000","프리미엄 스위트","전체 가상 시뮬레이션"
"R0921_1","H0921","2","1","{""bed_type"":""퀸베드 1개"",""view_type"":""시티뷰"",""size_sqm"":24,""breakfast"":true,""spa"":false,""pool"":true,""balcony"":false,""bathtub"":false,""pet_friendly"":false,""smoking"":true}","0","1","110000","스탠다드 더블","전체 가상 시뮬레이션"
"R0921_2","H0921","3","2","{""bed_type"":""싱글베드 2개"",""view_type"":""가든뷰"",""size_sqm"":33,""breakfast"":false,""spa"":true,""pool"":false,""balcony"":true,""bathtub"":true,""pet_friendly"":false,""smoking"":false}","1","0","135000","디럭스 트윈","전체 가상 시뮬레이션"
"R0921_3","H0921","4","3","{""bed_type"":""킹베드 1개"",""view_type"":""파노라마뷰"",""size_sqm"":42,""breakfast"":true,""spa"":false,""pool"":false,""balcony"":false,""bathtub"":false,""pet_friendly"":false,""smoking"":false}","1","1","160000","프리미엄 스위트","전체 가상 시뮬레이션"
"R0922_1","H0922","2","2","{""bed_type"":""퀸베드 1개"",""view_type"":""시티뷰"",""size_sqm"":24,""breakfast"":false,""spa"":true,""pool"":false,""balcony"":true,""bathtub"":true,""pet_friendly"":false,""smoking"":true}","1","0","115000","스탠다드 더블","전체 가상 시뮬레이션"
"R0922_2","H0922","3","3","{""bed_type"":""싱글베드 2개"",""view_type"":""가든뷰"",""size_sqm"":33,""breakfast"":true,""spa"":false,""pool"":false,""balcony"":false,""bathtub"":false,""pet_friendly"":false,""smoking"":false}","1","1","140000","디럭스 트윈","전체 가상 시뮬레이션"
"R0922_3","H0922","4","4","{""bed_type"":""킹베드 1개"",""view_type"":""파노라마뷰"",""size_sqm"":42,""breakfast"":false,""spa"":false,""pool"":false,""balcony"":false,""bathtub"":false,""pet_friendly"":false,""smoking"":false}","1","1","165000","프리미엄 스위트","전체 가상 시뮬레이션"
"R0923_1","H0923","2","3","{""bed_type"":""퀸베드 1개"",""view_type"":""시티뷰"",""size_sqm"":24,""breakfast"":true,""spa"":false,""pool"":false,""balcony"":false,""bathtub"":false,""pet_friendly"":false,""smoking"":true}","1","1","120000","스탠다드 더블","전체 가상 시뮬레이션"
"R0923_2","H0923","3","4","{""bed_type"":""싱글베드 2개"",""view_type"":""가든뷰"",""size_sqm"":33,""breakfast"":false,""spa"":false,""pool"":false,""balcony"":false,""bathtub"":false,""pet_friendly"":false,""smoking"":false}","1","1","145000","디럭스 트윈","전체 가상 시뮬레이션"
"R0923_3","H0923","4","1","{""bed_type"":""킹베드 1개"",""view_type"":""파노라마뷰"",""size_sqm"":42,""breakfast"":true,""spa"":true,""pool"":true,""balcony"":true,""bathtub"":true,""pet_friendly"":true,""smoking"":false}","0","0","170000","프리미엄 스위트","전체 가상 시뮬레이션"
"R0924_1","H0924","2","4","{""bed_type"":""퀸베드 1개"",""view_type"":""시티뷰"",""size_sqm"":24,""breakfast"":false,""spa"":false,""pool"":false,""balcony"":false,""bathtub"":false,""pet_friendly"":false,""smoking"":true}","1","1","125000","스탠다드 더블","전체 가상 시뮬레이션"
"R0924_2","H0924","3","1","{""bed_type"":""싱글베드 2개"",""view_type"":""가든뷰"",""size_sqm"":33,""breakfast"":true,""spa"":true,""pool"":true,""balcony"":true,""bathtub"":true,""pet_friendly"":true,""smoking"":false}","0","0","150000","디럭스 트윈","전체 가상 시뮬레이션"
"R0924_3","H0924","4","2","{""bed_type"":""킹베드 1개"",""view_type"":""파노라마뷰"",""size_sqm"":42,""breakfast"":false,""spa"":false,""pool"":false,""balcony"":false,""bathtub"":false,""pet_friendly"":false,""smoking"":false}","1","1","175000","프리미엄 스위트","전체 가상 시뮬레이션"
"R0925_1","H0925","2","1","{""bed_type"":""퀸베드 1개"",""view_type"":""시티뷰"",""size_sqm"":24,""breakfast"":true,""spa"":true,""pool"":true,""balcony"":true,""bathtub"":true,""pet_friendly"":true,""smoking"":true}","0","0","130000","스탠다드 더블","전체 가상 시뮬레이션"
"R0925_2","H0925","3","2","{""bed_type"":""싱글베드 2개"",""view_type"":""가든뷰"",""size_sqm"":33,""breakfast"":false,""spa"":false,""pool"":false,""balcony"":false,""bathtub"":false,""pet_friendly"":false,""smoking"":false}","1","1","155000","디럭스 트윈","전체 가상 시뮬레이션"
"R0925_3","H0925","4","3","{""bed_type"":""킹베드 1개"",""view_type"":""파노라마뷰"",""size_sqm"":42,""breakfast"":true,""spa"":false,""pool"":false,""balcony"":false,""bathtub"":false,""pet_friendly"":false,""smoking"":false}","1","1","180000","프리미엄 스위트","전체 가상 시뮬레이션"
"R0926_1","H0926","2","2","{""bed_type"":""퀸베드 1개"",""view_type"":""시티뷰"",""size_sqm"":24,""breakfast"":false,""spa"":false,""pool"":false,""balcony"":false,""bathtub"":false,""pet_friendly"":false,""smoking"":true}","1","1","135000","스탠다드 더블","전체 가상 시뮬레이션"
"R0926_2","H0926","3","3","{""bed_type"":""싱글베드 2개"",""view_type"":""가든뷰"",""size_sqm"":33,""breakfast"":true,""spa"":false,""pool"":false,""balcony"":false,""bathtub"":false,""pet_friendly"":false,""smoking"":false}","1","1","160000","디럭스 트윈","전체 가상 시뮬레이션"
"R0926_3","H0926","4","4","{""bed_type"":""킹베드 1개"",""view_type"":""파노라마뷰"",""size_sqm"":42,""breakfast"":false,""spa"":true,""pool"":false,""balcony"":true,""bathtub"":true,""pet_friendly"":false,""smoking"":false}","1","0","185000","프리미엄 스위트","전체 가상 시뮬레이션"
"R0927_1","H0927","2","3","{""bed_type"":""퀸베드 1개"",""view_type"":""시티뷰"",""size_sqm"":24,""breakfast"":true,""spa"":false,""pool"":false,""balcony"":false,""bathtub"":false,""pet_friendly"":false,""smoking"":true}","1","1","140000","스탠다드 더블","전체 가상 시뮬레이션"
"R0927_2","H0927","3","4","{""bed_type"":""싱글베드 2개"",""view_type"":""가든뷰"",""size_sqm"":33,""breakfast"":false,""spa"":true,""pool"":false,""balcony"":true,""bathtub"":true,""pet_friendly"":false,""smoking"":false}","1","0","165000","디럭스 트윈","전체 가상 시뮬레이션"
"R0927_3","H0927","4","1","{""bed_type"":""킹베드 1개"",""view_type"":""파노라마뷰"",""size_sqm"":42,""breakfast"":true,""spa"":false,""pool"":true,""balcony"":false,""bathtub"":false,""pet_friendly"":false,""smoking"":false}","0","1","190000","프리미엄 스위트","전체 가상 시뮬레이션"
"R0928_1","H0928","2","4","{""bed_type"":""퀸베드 1개"",""view_type"":""시티뷰"",""size_sqm"":24,""breakfast"":false,""spa"":true,""pool"":false,""balcony"":true,""bathtub"":true,""pet_friendly"":false,""smoking"":true}","1","0","145000","스탠다드 더블","전체 가상 시뮬레이션"
"R0928_2","H0928","3","1","{""bed_type"":""싱글베드 2개"",""view_type"":""가든뷰"",""size_sqm"":33,""breakfast"":true,""spa"":false,""pool"":true,""balcony"":false,""bathtub"":false,""pet_friendly"":false,""smoking"":false}","0","1","170000","디럭스 트윈","전체 가상 시뮬레이션"
"R0928_3","H0928","4","2","{""bed_type"":""킹베드 1개"",""view_type"":""파노라마뷰"",""size_sqm"":42,""breakfast"":false,""spa"":false,""pool"":false,""balcony"":false,""bathtub"":false,""pet_friendly"":false,""smoking"":false}","1","1","195000","프리미엄 스위트","전체 가상 시뮬레이션"
"R0929_1","H0929","2","1","{""bed_type"":""퀸베드 1개"",""view_type"":""시티뷰"",""size_sqm"":24,""breakfast"":true,""spa"":false,""pool"":true,""balcony"":false,""bathtub"":false,""pet_friendly"":false,""smoking"":true}","0","1","150000","스탠다드 더블","전체 가상 시뮬레이션"
"R0929_2","H0929","3","2","{""bed_type"":""싱글베드 2개"",""view_type"":""가든뷰"",""size_sqm"":33,""breakfast"":false,""spa"":false,""pool"":false,""balcony"":false,""bathtub"":false,""pet_friendly"":false,""smoking"":false}","1","1","175000","디럭스 트윈","전체 가상 시뮬레이션"
"R0929_3","H0929","4","3","{""bed_type"":""킹베드 1개"",""view_type"":""파노라마뷰"",""size_sqm"":42,""breakfast"":true,""spa"":true,""pool"":false,""balcony"":true,""bathtub"":true,""pet_friendly"":false,""smoking"":false}","1","0","200000","프리미엄 스위트","전체 가상 시뮬레이션"
"R0930_1","H0930","2","2","{""bed_type"":""퀸베드 1개"",""view_type"":""시티뷰"",""size_sqm"":24,""breakfast"":false,""spa"":false,""pool"":false,""balcony"":false,""bathtub"":false,""pet_friendly"":false,""smoking"":true}","1","1","155000","스탠다드 더블","전체 가상 시뮬레이션"
"R0930_2","H0930","3","3","{""bed_type"":""싱글베드 2개"",""view_type"":""가든뷰"",""size_sqm"":33,""breakfast"":true,""spa"":true,""pool"":false,""balcony"":true,""bathtub"":true,""pet_friendly"":false,""smoking"":false}","1","0","180000","디럭스 트윈","전체 가상 시뮬레이션"
"R0930_3","H0930","4","4","{""bed_type"":""킹베드 1개"",""view_type"":""파노라마뷰"",""size_sqm"":42,""breakfast"":false,""spa"":false,""pool"":false,""balcony"":false,""bathtub"":false,""pet_friendly"":true,""smoking"":false}","1","1","205000","프리미엄 스위트","전체 가상 시뮬레이션"
"R0931_1","H0931","2","3","{""bed_type"":""퀸베드 1개"",""view_type"":""시티뷰"",""size_sqm"":24,""breakfast"":true,""spa"":true,""pool"":false,""balcony"":true,""bathtub"":true,""pet_friendly"":false,""smoking"":true}","1","0","160000","스탠다드 더블","전체 가상 시뮬레이션"
"R0931_2","H0931","3","4","{""bed_type"":""싱글베드 2개"",""view_type"":""가든뷰"",""size_sqm"":33,""breakfast"":false,""spa"":false,""pool"":false,""balcony"":false,""bathtub"":false,""pet_friendly"":true,""smoking"":false}","1","1","185000","디럭스 트윈","전체 가상 시뮬레이션"
"R0931_3","H0931","4","1","{""bed_type"":""킹베드 1개"",""view_type"":""파노라마뷰"",""size_sqm"":42,""breakfast"":true,""spa"":false,""pool"":true,""balcony"":false,""bathtub"":false,""pet_friendly"":false,""smoking"":false}","0","1","210000","프리미엄 스위트","전체 가상 시뮬레이션"
"R0932_1","H0932","2","4","{""bed_type"":""퀸베드 1개"",""view_type"":""시티뷰"",""size_sqm"":24,""breakfast"":false,""spa"":false,""pool"":false,""balcony"":false,""bathtub"":false,""pet_friendly"":true,""smoking"":true}","1","1","165000","스탠다드 더블","전체 가상 시뮬레이션"
"R0932_2","H0932","3","1","{""bed_type"":""싱글베드 2개"",""view_type"":""가든뷰"",""size_sqm"":33,""breakfast"":true,""spa"":false,""pool"":true,""balcony"":false,""bathtub"":false,""pet_friendly"":false,""smoking"":false}","0","1","190000","디럭스 트윈","전체 가상 시뮬레이션"
"R0932_3","H0932","4","2","{""bed_type"":""킹베드 1개"",""view_type"":""파노라마뷰"",""size_sqm"":42,""breakfast"":false,""spa"":true,""pool"":false,""balcony"":true,""bathtub"":true,""pet_friendly"":false,""smoking"":false}","1","0","215000","프리미엄 스위트","전체 가상 시뮬레이션"
"R0933_1","H0933","2","1","{""bed_type"":""퀸베드 1개"",""view_type"":""시티뷰"",""size_sqm"":24,""breakfast"":true,""spa"":false,""pool"":true,""balcony"":false,""bathtub"":false,""pet_friendly"":false,""smoking"":true}","0","1","170000","스탠다드 더블","전체 가상 시뮬레이션"
"R0933_2","H0933","3","2","{""bed_type"":""싱글베드 2개"",""view_type"":""가든뷰"",""size_sqm"":33,""breakfast"":false,""spa"":true,""pool"":false,""balcony"":true,""bathtub"":true,""pet_friendly"":false,""smoking"":false}","1","0","195000","디럭스 트윈","전체 가상 시뮬레이션"
"R0933_3","H0933","4","3","{""bed_type"":""킹베드 1개"",""view_type"":""파노라마뷰"",""size_sqm"":42,""breakfast"":true,""spa"":false,""pool"":false,""balcony"":false,""bathtub"":false,""pet_friendly"":false,""smoking"":false}","1","1","220000","프리미엄 스위트","전체 가상 시뮬레이션"
"R0934_1","H0934","2","2","{""bed_type"":""퀸베드 1개"",""view_type"":""시티뷰"",""size_sqm"":24,""breakfast"":false,""spa"":true,""pool"":false,""balcony"":true,""bathtub"":true,""pet_friendly"":false,""smoking"":true}","1","0","175000","스탠다드 더블","전체 가상 시뮬레이션"
"R0934_2","H0934","3","3","{""bed_type"":""싱글베드 2개"",""view_type"":""가든뷰"",""size_sqm"":33,""breakfast"":true,""spa"":false,""pool"":false,""balcony"":false,""bathtub"":false,""pet_friendly"":false,""smoking"":false}","1","1","200000","디럭스 트윈","전체 가상 시뮬레이션"
"R0934_3","H0934","4","4","{""bed_type"":""킹베드 1개"",""view_type"":""파노라마뷰"",""size_sqm"":42,""breakfast"":false,""spa"":false,""pool"":false,""balcony"":false,""bathtub"":false,""pet_friendly"":false,""smoking"":false}","1","1","225000","프리미엄 스위트","전체 가상 시뮬레이션"
"R0935_1","H0935","2","3","{""bed_type"":""퀸베드 1개"",""view_type"":""시티뷰"",""size_sqm"":24,""breakfast"":true,""spa"":false,""pool"":false,""balcony"":false,""bathtub"":false,""pet_friendly"":false,""smoking"":true}","1","1","180000","스탠다드 더블","전체 가상 시뮬레이션"
"R0935_2","H0935","3","4","{""bed_type"":""싱글베드 2개"",""view_type"":""가든뷰"",""size_sqm"":33,""breakfast"":false,""spa"":false,""pool"":false,""balcony"":false,""bathtub"":false,""pet_friendly"":false,""smoking"":false}","1","1","205000","디럭스 트윈","전체 가상 시뮬레이션"
"R0935_3","H0935","4","1","{""bed_type"":""킹베드 1개"",""view_type"":""파노라마뷰"",""size_sqm"":42,""breakfast"":true,""spa"":true,""pool"":true,""balcony"":true,""bathtub"":true,""pet_friendly"":false,""smoking"":false}","0","0","230000","프리미엄 스위트","전체 가상 시뮬레이션"
"R0936_1","H0936","2","4","{""bed_type"":""퀸베드 1개"",""view_type"":""시티뷰"",""size_sqm"":24,""breakfast"":false,""spa"":false,""pool"":false,""balcony"":false,""bathtub"":false,""pet_friendly"":false,""smoking"":true}","1","1","185000","스탠다드 더블","전체 가상 시뮬레이션"
"R0936_2","H0936","3","1","{""bed_type"":""싱글베드 2개"",""view_type"":""가든뷰"",""size_sqm"":33,""breakfast"":true,""spa"":true,""pool"":true,""balcony"":true,""bathtub"":true,""pet_friendly"":false,""smoking"":false}","0","0","210000","디럭스 트윈","전체 가상 시뮬레이션"
"R0936_3","H0936","4","2","{""bed_type"":""킹베드 1개"",""view_type"":""파노라마뷰"",""size_sqm"":42,""breakfast"":false,""spa"":false,""pool"":false,""balcony"":false,""bathtub"":false,""pet_friendly"":false,""smoking"":false}","1","1","235000","프리미엄 스위트","전체 가상 시뮬레이션"
"R0937_1","H0937","2","1","{""bed_type"":""퀸베드 1개"",""view_type"":""시티뷰"",""size_sqm"":24,""breakfast"":true,""spa"":true,""pool"":true,""balcony"":true,""bathtub"":true,""pet_friendly"":false,""smoking"":true}","0","0","190000","스탠다드 더블","전체 가상 시뮬레이션"
"R0937_2","H0937","3","2","{""bed_type"":""싱글베드 2개"",""view_type"":""가든뷰"",""size_sqm"":33,""breakfast"":false,""spa"":false,""pool"":false,""balcony"":false,""bathtub"":false,""pet_friendly"":false,""smoking"":false}","1","1","215000","디럭스 트윈","전체 가상 시뮬레이션"
"R0937_3","H0937","4","3","{""bed_type"":""킹베드 1개"",""view_type"":""파노라마뷰"",""size_sqm"":42,""breakfast"":true,""spa"":false,""pool"":false,""balcony"":false,""bathtub"":false,""pet_friendly"":true,""smoking"":false}","1","1","240000","프리미엄 스위트","전체 가상 시뮬레이션"
"R0938_1","H0938","2","2","{""bed_type"":""퀸베드 1개"",""view_type"":""시티뷰"",""size_sqm"":24,""breakfast"":false,""spa"":false,""pool"":false,""balcony"":false,""bathtub"":false,""pet_friendly"":false,""smoking"":true}","1","1","195000","스탠다드 더블","전체 가상 시뮬레이션"
"R0938_2","H0938","3","3","{""bed_type"":""싱글베드 2개"",""view_type"":""가든뷰"",""size_sqm"":33,""breakfast"":true,""spa"":false,""pool"":false,""balcony"":false,""bathtub"":false,""pet_friendly"":true,""smoking"":false}","1","1","220000","디럭스 트윈","전체 가상 시뮬레이션"
"R0938_3","H0938","4","4","{""bed_type"":""킹베드 1개"",""view_type"":""파노라마뷰"",""size_sqm"":42,""breakfast"":false,""spa"":true,""pool"":false,""balcony"":true,""bathtub"":true,""pet_friendly"":false,""smoking"":false}","1","0","245000","프리미엄 스위트","전체 가상 시뮬레이션"
"R0939_1","H0939","2","3","{""bed_type"":""퀸베드 1개"",""view_type"":""시티뷰"",""size_sqm"":24,""breakfast"":true,""spa"":false,""pool"":false,""balcony"":false,""bathtub"":false,""pet_friendly"":true,""smoking"":true}","1","1","200000","스탠다드 더블","전체 가상 시뮬레이션"
"R0939_2","H0939","3","4","{""bed_type"":""싱글베드 2개"",""view_type"":""가든뷰"",""size_sqm"":33,""breakfast"":false,""spa"":true,""pool"":false,""balcony"":true,""bathtub"":true,""pet_friendly"":false,""smoking"":false}","1","0","225000","디럭스 트윈","전체 가상 시뮬레이션"
"R0939_3","H0939","4","1","{""bed_type"":""킹베드 1개"",""view_type"":""파노라마뷰"",""size_sqm"":42,""breakfast"":true,""spa"":false,""pool"":true,""balcony"":false,""bathtub"":false,""pet_friendly"":false,""smoking"":false}","0","1","250000","프리미엄 스위트","전체 가상 시뮬레이션"
"R0940_1","H0940","2","4","{""bed_type"":""퀸베드 1개"",""view_type"":""시티뷰"",""size_sqm"":24,""breakfast"":false,""spa"":true,""pool"":false,""balcony"":true,""bathtub"":true,""pet_friendly"":false,""smoking"":true}","1","0","205000","스탠다드 더블","전체 가상 시뮬레이션"
"R0940_2","H0940","3","1","{""bed_type"":""싱글베드 2개"",""view_type"":""가든뷰"",""size_sqm"":33,""breakfast"":true,""spa"":false,""pool"":true,""balcony"":false,""bathtub"":false,""pet_friendly"":false,""smoking"":false}","0","1","230000","디럭스 트윈","전체 가상 시뮬레이션"
"R0940_3","H0940","4","2","{""bed_type"":""킹베드 1개"",""view_type"":""파노라마뷰"",""size_sqm"":42,""breakfast"":false,""spa"":false,""pool"":false,""balcony"":false,""bathtub"":false,""pet_friendly"":false,""smoking"":false}","1","1","255000","프리미엄 스위트","전체 가상 시뮬레이션"
"R0941_1","H0941","2","1","{""bed_type"":""퀸베드 1개"",""view_type"":""시티뷰"",""size_sqm"":24,""breakfast"":true,""spa"":false,""pool"":true,""balcony"":false,""bathtub"":false,""pet_friendly"":false,""smoking"":true}","0","1","210000","스탠다드 더블","전체 가상 시뮬레이션"
"R0941_2","H0941","3","2","{""bed_type"":""싱글베드 2개"",""view_type"":""가든뷰"",""size_sqm"":33,""breakfast"":false,""spa"":false,""pool"":false,""balcony"":false,""bathtub"":false,""pet_friendly"":false,""smoking"":false}","1","1","235000","디럭스 트윈","전체 가상 시뮬레이션"
"R0941_3","H0941","4","3","{""bed_type"":""킹베드 1개"",""view_type"":""파노라마뷰"",""size_sqm"":42,""breakfast"":true,""spa"":true,""pool"":false,""balcony"":true,""bathtub"":true,""pet_friendly"":false,""smoking"":false}","1","0","260000","프리미엄 스위트","전체 가상 시뮬레이션"
"R0942_1","H0942","2","2","{""bed_type"":""퀸베드 1개"",""view_type"":""시티뷰"",""size_sqm"":24,""breakfast"":false,""spa"":false,""pool"":false,""balcony"":false,""bathtub"":false,""pet_friendly"":false,""smoking"":true}","1","1","215000","스탠다드 더블","전체 가상 시뮬레이션"
"R0942_2","H0942","3","3","{""bed_type"":""싱글베드 2개"",""view_type"":""가든뷰"",""size_sqm"":33,""breakfast"":true,""spa"":true,""pool"":false,""balcony"":true,""bathtub"":true,""pet_friendly"":false,""smoking"":false}","1","0","240000","디럭스 트윈","전체 가상 시뮬레이션"
"R0942_3","H0942","4","4","{""bed_type"":""킹베드 1개"",""view_type"":""파노라마뷰"",""size_sqm"":42,""breakfast"":false,""spa"":false,""pool"":false,""balcony"":false,""bathtub"":false,""pet_friendly"":false,""smoking"":false}","1","1","265000","프리미엄 스위트","전체 가상 시뮬레이션"
"R0943_1","H0943","2","3","{""bed_type"":""퀸베드 1개"",""view_type"":""시티뷰"",""size_sqm"":24,""breakfast"":true,""spa"":true,""pool"":false,""balcony"":true,""bathtub"":true,""pet_friendly"":false,""smoking"":true}","1","0","220000","스탠다드 더블","전체 가상 시뮬레이션"
"R0943_2","H0943","3","4","{""bed_type"":""싱글베드 2개"",""view_type"":""가든뷰"",""size_sqm"":33,""breakfast"":false,""spa"":false,""pool"":false,""balcony"":false,""bathtub"":false,""pet_friendly"":false,""smoking"":false}","1","1","245000","디럭스 트윈","전체 가상 시뮬레이션"
"R0943_3","H0943","4","1","{""bed_type"":""킹베드 1개"",""view_type"":""파노라마뷰"",""size_sqm"":42,""breakfast"":true,""spa"":false,""pool"":true,""balcony"":false,""bathtub"":false,""pet_friendly"":false,""smoking"":false}","0","1","270000","프리미엄 스위트","전체 가상 시뮬레이션"
"R0944_1","H0944","2","4","{""bed_type"":""퀸베드 1개"",""view_type"":""시티뷰"",""size_sqm"":24,""breakfast"":false,""spa"":false,""pool"":false,""balcony"":false,""bathtub"":false,""pet_friendly"":false,""smoking"":true}","1","1","225000","스탠다드 더블","전체 가상 시뮬레이션"
"R0944_2","H0944","3","1","{""bed_type"":""싱글베드 2개"",""view_type"":""가든뷰"",""size_sqm"":33,""breakfast"":true,""spa"":false,""pool"":true,""balcony"":false,""bathtub"":false,""pet_friendly"":false,""smoking"":false}","0","1","250000","디럭스 트윈","전체 가상 시뮬레이션"
"R0944_3","H0944","4","2","{""bed_type"":""킹베드 1개"",""view_type"":""파노라마뷰"",""size_sqm"":42,""breakfast"":false,""spa"":true,""pool"":false,""balcony"":true,""bathtub"":true,""pet_friendly"":true,""smoking"":false}","1","0","275000","프리미엄 스위트","전체 가상 시뮬레이션"
"R0945_1","H0945","2","1","{""bed_type"":""퀸베드 1개"",""view_type"":""시티뷰"",""size_sqm"":24,""breakfast"":true,""spa"":false,""pool"":true,""balcony"":false,""bathtub"":false,""pet_friendly"":false,""smoking"":true}","0","1","230000","스탠다드 더블","전체 가상 시뮬레이션"
"R0945_2","H0945","3","2","{""bed_type"":""싱글베드 2개"",""view_type"":""가든뷰"",""size_sqm"":33,""breakfast"":false,""spa"":true,""pool"":false,""balcony"":true,""bathtub"":true,""pet_friendly"":true,""smoking"":false}","1","0","255000","디럭스 트윈","전체 가상 시뮬레이션"
"R0945_3","H0945","4","3","{""bed_type"":""킹베드 1개"",""view_type"":""파노라마뷰"",""size_sqm"":42,""breakfast"":true,""spa"":false,""pool"":false,""balcony"":false,""bathtub"":false,""pet_friendly"":false,""smoking"":false}","1","1","280000","프리미엄 스위트","전체 가상 시뮬레이션"
"R0946_1","H0946","2","2","{""bed_type"":""퀸베드 1개"",""view_type"":""시티뷰"",""size_sqm"":24,""breakfast"":false,""spa"":true,""pool"":false,""balcony"":true,""bathtub"":true,""pet_friendly"":true,""smoking"":true}","1","0","235000","스탠다드 더블","전체 가상 시뮬레이션"
"R0946_2","H0946","3","3","{""bed_type"":""싱글베드 2개"",""view_type"":""가든뷰"",""size_sqm"":33,""breakfast"":true,""spa"":false,""pool"":false,""balcony"":false,""bathtub"":false,""pet_friendly"":false,""smoking"":false}","1","1","260000","디럭스 트윈","전체 가상 시뮬레이션"
"R0946_3","H0946","4","4","{""bed_type"":""킹베드 1개"",""view_type"":""파노라마뷰"",""size_sqm"":42,""breakfast"":false,""spa"":false,""pool"":false,""balcony"":false,""bathtub"":false,""pet_friendly"":false,""smoking"":false}","1","1","285000","프리미엄 스위트","전체 가상 시뮬레이션"
"R0947_1","H0947","2","3","{""bed_type"":""퀸베드 1개"",""view_type"":""시티뷰"",""size_sqm"":24,""breakfast"":true,""spa"":false,""pool"":false,""balcony"":false,""bathtub"":false,""pet_friendly"":false,""smoking"":true}","1","1","240000","스탠다드 더블","전체 가상 시뮬레이션"
"R0947_2","H0947","3","4","{""bed_type"":""싱글베드 2개"",""view_type"":""가든뷰"",""size_sqm"":33,""breakfast"":false,""spa"":false,""pool"":false,""balcony"":false,""bathtub"":false,""pet_friendly"":false,""smoking"":false}","1","1","265000","디럭스 트윈","전체 가상 시뮬레이션"
"R0947_3","H0947","4","1","{""bed_type"":""킹베드 1개"",""view_type"":""파노라마뷰"",""size_sqm"":42,""breakfast"":true,""spa"":true,""pool"":true,""balcony"":true,""bathtub"":true,""pet_friendly"":false,""smoking"":false}","0","0","290000","프리미엄 스위트","전체 가상 시뮬레이션"
"R0948_1","H0948","2","4","{""bed_type"":""퀸베드 1개"",""view_type"":""시티뷰"",""size_sqm"":24,""breakfast"":false,""spa"":false,""pool"":false,""balcony"":false,""bathtub"":false,""pet_friendly"":false,""smoking"":true}","1","1","245000","스탠다드 더블","전체 가상 시뮬레이션"
"R0948_2","H0948","3","1","{""bed_type"":""싱글베드 2개"",""view_type"":""가든뷰"",""size_sqm"":33,""breakfast"":true,""spa"":true,""pool"":true,""balcony"":true,""bathtub"":true,""pet_friendly"":false,""smoking"":false}","0","0","270000","디럭스 트윈","전체 가상 시뮬레이션"
"R0948_3","H0948","4","2","{""bed_type"":""킹베드 1개"",""view_type"":""파노라마뷰"",""size_sqm"":42,""breakfast"":false,""spa"":false,""pool"":false,""balcony"":false,""bathtub"":false,""pet_friendly"":false,""smoking"":false}","1","1","295000","프리미엄 스위트","전체 가상 시뮬레이션"
"R0949_1","H0949","2","1","{""bed_type"":""퀸베드 1개"",""view_type"":""시티뷰"",""size_sqm"":24,""breakfast"":true,""spa"":true,""pool"":true,""balcony"":true,""bathtub"":true,""pet_friendly"":false,""smoking"":true}","0","0","250000","스탠다드 더블","전체 가상 시뮬레이션"
"R0949_2","H0949","3","2","{""bed_type"":""싱글베드 2개"",""view_type"":""가든뷰"",""size_sqm"":33,""breakfast"":false,""spa"":false,""pool"":false,""balcony"":false,""bathtub"":false,""pet_friendly"":false,""smoking"":false}","1","1","275000","디럭스 트윈","전체 가상 시뮬레이션"
"R0949_3","H0949","4","3","{""bed_type"":""킹베드 1개"",""view_type"":""파노라마뷰"",""size_sqm"":42,""breakfast"":true,""spa"":false,""pool"":false,""balcony"":false,""bathtub"":false,""pet_friendly"":false,""smoking"":false}","1","1","300000","프리미엄 스위트","전체 가상 시뮬레이션"
"R0950_1","H0950","2","2","{""bed_type"":""퀸베드 1개"",""view_type"":""시티뷰"",""size_sqm"":24,""breakfast"":false,""spa"":false,""pool"":false,""balcony"":false,""bathtub"":false,""pet_friendly"":false,""smoking"":true}","1","1","255000","스탠다드 더블","전체 가상 시뮬레이션"
"R0950_2","H0950","3","3","{""bed_type"":""싱글베드 2개"",""view_type"":""가든뷰"",""size_sqm"":33,""breakfast"":true,""spa"":false,""pool"":false,""balcony"":false,""bathtub"":false,""pet_friendly"":false,""smoking"":false}","1","1","280000","디럭스 트윈","전체 가상 시뮬레이션"
"R0950_3","H0950","4","4","{""bed_type"":""킹베드 1개"",""view_type"":""파노라마뷰"",""size_sqm"":42,""breakfast"":false,""spa"":true,""pool"":false,""balcony"":true,""bathtub"":true,""pet_friendly"":false,""smoking"":false}","1","0","305000","프리미엄 스위트","전체 가상 시뮬레이션"
"R0951_1","H0951","2","3","{""bed_type"":""퀸베드 1개"",""view_type"":""시티뷰"",""size_sqm"":24,""breakfast"":true,""spa"":false,""pool"":false,""balcony"":false,""bathtub"":false,""pet_friendly"":false,""smoking"":true}","1","1","260000","스탠다드 더블","전체 가상 시뮬레이션"
"R0951_2","H0951","3","4","{""bed_type"":""싱글베드 2개"",""view_type"":""가든뷰"",""size_sqm"":33,""breakfast"":false,""spa"":true,""pool"":false,""balcony"":true,""bathtub"":true,""pet_friendly"":false,""smoking"":false}","1","0","285000","디럭스 트윈","전체 가상 시뮬레이션"
"R0951_3","H0951","4","1","{""bed_type"":""킹베드 1개"",""view_type"":""파노라마뷰"",""size_sqm"":42,""breakfast"":true,""spa"":false,""pool"":true,""balcony"":false,""bathtub"":false,""pet_friendly"":true,""smoking"":false}","0","1","310000","프리미엄 스위트","전체 가상 시뮬레이션"
"R0952_1","H0952","2","4","{""bed_type"":""퀸베드 1개"",""view_type"":""시티뷰"",""size_sqm"":24,""breakfast"":false,""spa"":true,""pool"":false,""balcony"":true,""bathtub"":true,""pet_friendly"":false,""smoking"":true}","1","0","265000","스탠다드 더블","전체 가상 시뮬레이션"
"R0952_2","H0952","3","1","{""bed_type"":""싱글베드 2개"",""view_type"":""가든뷰"",""size_sqm"":33,""breakfast"":true,""spa"":false,""pool"":true,""balcony"":false,""bathtub"":false,""pet_friendly"":true,""smoking"":false}","0","1","290000","디럭스 트윈","전체 가상 시뮬레이션"
"R0952_3","H0952","4","2","{""bed_type"":""킹베드 1개"",""view_type"":""파노라마뷰"",""size_sqm"":42,""breakfast"":false,""spa"":false,""pool"":false,""balcony"":false,""bathtub"":false,""pet_friendly"":false,""smoking"":false}","1","1","315000","프리미엄 스위트","전체 가상 시뮬레이션"
"R0953_1","H0953","2","1","{""bed_type"":""퀸베드 1개"",""view_type"":""시티뷰"",""size_sqm"":24,""breakfast"":true,""spa"":false,""pool"":true,""balcony"":false,""bathtub"":false,""pet_friendly"":true,""smoking"":true}","0","1","270000","스탠다드 더블","전체 가상 시뮬레이션"
"R0953_2","H0953","3","2","{""bed_type"":""싱글베드 2개"",""view_type"":""가든뷰"",""size_sqm"":33,""breakfast"":false,""spa"":false,""pool"":false,""balcony"":false,""bathtub"":false,""pet_friendly"":false,""smoking"":false}","1","1","295000","디럭스 트윈","전체 가상 시뮬레이션"
"R0953_3","H0953","4","3","{""bed_type"":""킹베드 1개"",""view_type"":""파노라마뷰"",""size_sqm"":42,""breakfast"":true,""spa"":true,""pool"":false,""balcony"":true,""bathtub"":true,""pet_friendly"":false,""smoking"":false}","1","0","320000","프리미엄 스위트","전체 가상 시뮬레이션"
"R0954_1","H0954","2","2","{""bed_type"":""퀸베드 1개"",""view_type"":""시티뷰"",""size_sqm"":24,""breakfast"":false,""spa"":false,""pool"":false,""balcony"":false,""bathtub"":false,""pet_friendly"":false,""smoking"":true}","1","1","275000","스탠다드 더블","전체 가상 시뮬레이션"
"R0954_2","H0954","3","3","{""bed_type"":""싱글베드 2개"",""view_type"":""가든뷰"",""size_sqm"":33,""breakfast"":true,""spa"":true,""pool"":false,""balcony"":true,""bathtub"":true,""pet_friendly"":false,""smoking"":false}","1","0","300000","디럭스 트윈","전체 가상 시뮬레이션"
"R0954_3","H0954","4","4","{""bed_type"":""킹베드 1개"",""view_type"":""파노라마뷰"",""size_sqm"":42,""breakfast"":false,""spa"":false,""pool"":false,""balcony"":false,""bathtub"":false,""pet_friendly"":false,""smoking"":false}","1","1","325000","프리미엄 스위트","전체 가상 시뮬레이션"
"R0955_1","H0955","2","3","{""bed_type"":""퀸베드 1개"",""view_type"":""시티뷰"",""size_sqm"":24,""breakfast"":true,""spa"":true,""pool"":false,""balcony"":true,""bathtub"":true,""pet_friendly"":false,""smoking"":true}","1","0","280000","스탠다드 더블","전체 가상 시뮬레이션"
"R0955_2","H0955","3","4","{""bed_type"":""싱글베드 2개"",""view_type"":""가든뷰"",""size_sqm"":33,""breakfast"":false,""spa"":false,""pool"":false,""balcony"":false,""bathtub"":false,""pet_friendly"":false,""smoking"":false}","1","1","305000","디럭스 트윈","전체 가상 시뮬레이션"
"R0955_3","H0955","4","1","{""bed_type"":""킹베드 1개"",""view_type"":""파노라마뷰"",""size_sqm"":42,""breakfast"":true,""spa"":false,""pool"":true,""balcony"":false,""bathtub"":false,""pet_friendly"":false,""smoking"":false}","0","1","330000","프리미엄 스위트","전체 가상 시뮬레이션"
"R0956_1","H0956","2","4","{""bed_type"":""퀸베드 1개"",""view_type"":""시티뷰"",""size_sqm"":24,""breakfast"":false,""spa"":false,""pool"":false,""balcony"":false,""bathtub"":false,""pet_friendly"":false,""smoking"":true}","1","1","285000","스탠다드 더블","전체 가상 시뮬레이션"
"R0956_2","H0956","3","1","{""bed_type"":""싱글베드 2개"",""view_type"":""가든뷰"",""size_sqm"":33,""breakfast"":true,""spa"":false,""pool"":true,""balcony"":false,""bathtub"":false,""pet_friendly"":false,""smoking"":false}","0","1","310000","디럭스 트윈","전체 가상 시뮬레이션"
"R0956_3","H0956","4","2","{""bed_type"":""킹베드 1개"",""view_type"":""파노라마뷰"",""size_sqm"":42,""breakfast"":false,""spa"":true,""pool"":false,""balcony"":true,""bathtub"":true,""pet_friendly"":false,""smoking"":false}","1","0","335000","프리미엄 스위트","전체 가상 시뮬레이션"
"R0957_1","H0957","2","1","{""bed_type"":""퀸베드 1개"",""view_type"":""시티뷰"",""size_sqm"":24,""breakfast"":true,""spa"":false,""pool"":true,""balcony"":false,""bathtub"":false,""pet_friendly"":false,""smoking"":true}","0","1","290000","스탠다드 더블","전체 가상 시뮬레이션"
"R0957_2","H0957","3","2","{""bed_type"":""싱글베드 2개"",""view_type"":""가든뷰"",""size_sqm"":33,""breakfast"":false,""spa"":true,""pool"":false,""balcony"":true,""bathtub"":true,""pet_friendly"":false,""smoking"":false}","1","0","315000","디럭스 트윈","전체 가상 시뮬레이션"
"R0957_3","H0957","4","3","{""bed_type"":""킹베드 1개"",""view_type"":""파노라마뷰"",""size_sqm"":42,""breakfast"":true,""spa"":false,""pool"":false,""balcony"":false,""bathtub"":false,""pet_friendly"":false,""smoking"":false}","1","1","340000","프리미엄 스위트","전체 가상 시뮬레이션"
"R0958_1","H0958","2","2","{""bed_type"":""퀸베드 1개"",""view_type"":""시티뷰"",""size_sqm"":24,""breakfast"":false,""spa"":true,""pool"":false,""balcony"":true,""bathtub"":true,""pet_friendly"":false,""smoking"":true}","1","0","295000","스탠다드 더블","전체 가상 시뮬레이션"
"R0958_2","H0958","3","3","{""bed_type"":""싱글베드 2개"",""view_type"":""가든뷰"",""size_sqm"":33,""breakfast"":true,""spa"":false,""pool"":false,""balcony"":false,""bathtub"":false,""pet_friendly"":false,""smoking"":false}","1","1","320000","디럭스 트윈","전체 가상 시뮬레이션"
"R0958_3","H0958","4","4","{""bed_type"":""킹베드 1개"",""view_type"":""파노라마뷰"",""size_sqm"":42,""breakfast"":false,""spa"":false,""pool"":false,""balcony"":false,""bathtub"":false,""pet_friendly"":true,""smoking"":false}","1","1","345000","프리미엄 스위트","전체 가상 시뮬레이션"
"R0959_1","H0959","2","3","{""bed_type"":""퀸베드 1개"",""view_type"":""시티뷰"",""size_sqm"":24,""breakfast"":true,""spa"":false,""pool"":false,""balcony"":false,""bathtub"":false,""pet_friendly"":false,""smoking"":true}","1","1","300000","스탠다드 더블","전체 가상 시뮬레이션"
"R0959_2","H0959","3","4","{""bed_type"":""싱글베드 2개"",""view_type"":""가든뷰"",""size_sqm"":33,""breakfast"":false,""spa"":false,""pool"":false,""balcony"":false,""bathtub"":false,""pet_friendly"":true,""smoking"":false}","1","1","325000","디럭스 트윈","전체 가상 시뮬레이션"
"R0959_3","H0959","4","1","{""bed_type"":""킹베드 1개"",""view_type"":""파노라마뷰"",""size_sqm"":42,""breakfast"":true,""spa"":true,""pool"":true,""balcony"":true,""bathtub"":true,""pet_friendly"":false,""smoking"":false}","0","0","350000","프리미엄 스위트","전체 가상 시뮬레이션"
"R0960_1","H0960","2","4","{""bed_type"":""퀸베드 1개"",""view_type"":""시티뷰"",""size_sqm"":24,""breakfast"":false,""spa"":false,""pool"":false,""balcony"":false,""bathtub"":false,""pet_friendly"":true,""smoking"":true}","1","1","305000","스탠다드 더블","전체 가상 시뮬레이션"
"R0960_2","H0960","3","1","{""bed_type"":""싱글베드 2개"",""view_type"":""가든뷰"",""size_sqm"":33,""breakfast"":true,""spa"":true,""pool"":true,""balcony"":true,""bathtub"":true,""pet_friendly"":false,""smoking"":false}","0","0","330000","디럭스 트윈","전체 가상 시뮬레이션"
"R0960_3","H0960","4","2","{""bed_type"":""킹베드 1개"",""view_type"":""파노라마뷰"",""size_sqm"":42,""breakfast"":false,""spa"":false,""pool"":false,""balcony"":false,""bathtub"":false,""pet_friendly"":false,""smoking"":false}","1","1","355000","프리미엄 스위트","전체 가상 시뮬레이션"
"R0961_1","H0961","2","1","{""bed_type"":""퀸베드 1개"",""view_type"":""시티뷰"",""size_sqm"":24,""breakfast"":true,""spa"":true,""pool"":true,""balcony"":true,""bathtub"":true,""pet_friendly"":false,""smoking"":true}","0","0","70000","스탠다드 더블","전체 가상 시뮬레이션"
"R0961_2","H0961","3","2","{""bed_type"":""싱글베드 2개"",""view_type"":""가든뷰"",""size_sqm"":33,""breakfast"":false,""spa"":false,""pool"":false,""balcony"":false,""bathtub"":false,""pet_friendly"":false,""smoking"":false}","1","1","95000","디럭스 트윈","전체 가상 시뮬레이션"
"R0961_3","H0961","4","3","{""bed_type"":""킹베드 1개"",""view_type"":""파노라마뷰"",""size_sqm"":42,""breakfast"":true,""spa"":false,""pool"":false,""balcony"":false,""bathtub"":false,""pet_friendly"":false,""smoking"":false}","1","1","120000","프리미엄 스위트","전체 가상 시뮬레이션"
"R0962_1","H0962","2","2","{""bed_type"":""퀸베드 1개"",""view_type"":""시티뷰"",""size_sqm"":24,""breakfast"":false,""spa"":false,""pool"":false,""balcony"":false,""bathtub"":false,""pet_friendly"":false,""smoking"":true}","1","1","75000","스탠다드 더블","전체 가상 시뮬레이션"
"R0962_2","H0962","3","3","{""bed_type"":""싱글베드 2개"",""view_type"":""가든뷰"",""size_sqm"":33,""breakfast"":true,""spa"":false,""pool"":false,""balcony"":false,""bathtub"":false,""pet_friendly"":false,""smoking"":false}","1","1","100000","디럭스 트윈","전체 가상 시뮬레이션"
"R0962_3","H0962","4","4","{""bed_type"":""킹베드 1개"",""view_type"":""파노라마뷰"",""size_sqm"":42,""breakfast"":false,""spa"":true,""pool"":false,""balcony"":true,""bathtub"":true,""pet_friendly"":false,""smoking"":false}","1","0","125000","프리미엄 스위트","전체 가상 시뮬레이션"
"R0963_1","H0963","2","3","{""bed_type"":""퀸베드 1개"",""view_type"":""시티뷰"",""size_sqm"":24,""breakfast"":true,""spa"":false,""pool"":false,""balcony"":false,""bathtub"":false,""pet_friendly"":false,""smoking"":true}","1","1","80000","스탠다드 더블","전체 가상 시뮬레이션"
"R0963_2","H0963","3","4","{""bed_type"":""싱글베드 2개"",""view_type"":""가든뷰"",""size_sqm"":33,""breakfast"":false,""spa"":true,""pool"":false,""balcony"":true,""bathtub"":true,""pet_friendly"":false,""smoking"":false}","1","0","105000","디럭스 트윈","전체 가상 시뮬레이션"
"R0963_3","H0963","4","1","{""bed_type"":""킹베드 1개"",""view_type"":""파노라마뷰"",""size_sqm"":42,""breakfast"":true,""spa"":false,""pool"":true,""balcony"":false,""bathtub"":false,""pet_friendly"":false,""smoking"":false}","0","1","130000","프리미엄 스위트","전체 가상 시뮬레이션"
"R0964_1","H0964","2","4","{""bed_type"":""퀸베드 1개"",""view_type"":""시티뷰"",""size_sqm"":24,""breakfast"":false,""spa"":true,""pool"":false,""balcony"":true,""bathtub"":true,""pet_friendly"":false,""smoking"":true}","1","0","85000","스탠다드 더블","전체 가상 시뮬레이션"
"R0964_2","H0964","3","1","{""bed_type"":""싱글베드 2개"",""view_type"":""가든뷰"",""size_sqm"":33,""breakfast"":true,""spa"":false,""pool"":true,""balcony"":false,""bathtub"":false,""pet_friendly"":false,""smoking"":false}","0","1","110000","디럭스 트윈","전체 가상 시뮬레이션"
"R0964_3","H0964","4","2","{""bed_type"":""킹베드 1개"",""view_type"":""파노라마뷰"",""size_sqm"":42,""breakfast"":false,""spa"":false,""pool"":false,""balcony"":false,""bathtub"":false,""pet_friendly"":false,""smoking"":false}","1","1","135000","프리미엄 스위트","전체 가상 시뮬레이션"
"R0965_1","H0965","2","1","{""bed_type"":""퀸베드 1개"",""view_type"":""시티뷰"",""size_sqm"":24,""breakfast"":true,""spa"":false,""pool"":true,""balcony"":false,""bathtub"":false,""pet_friendly"":false,""smoking"":true}","0","1","90000","스탠다드 더블","전체 가상 시뮬레이션"
"R0965_2","H0965","3","2","{""bed_type"":""싱글베드 2개"",""view_type"":""가든뷰"",""size_sqm"":33,""breakfast"":false,""spa"":false,""pool"":false,""balcony"":false,""bathtub"":false,""pet_friendly"":false,""smoking"":false}","1","1","115000","디럭스 트윈","전체 가상 시뮬레이션"
"R0965_3","H0965","4","3","{""bed_type"":""킹베드 1개"",""view_type"":""파노라마뷰"",""size_sqm"":42,""breakfast"":true,""spa"":true,""pool"":false,""balcony"":true,""bathtub"":true,""pet_friendly"":true,""smoking"":false}","1","0","140000","프리미엄 스위트","전체 가상 시뮬레이션"
"R0966_1","H0966","2","2","{""bed_type"":""퀸베드 1개"",""view_type"":""시티뷰"",""size_sqm"":24,""breakfast"":false,""spa"":false,""pool"":false,""balcony"":false,""bathtub"":false,""pet_friendly"":false,""smoking"":true}","1","1","95000","스탠다드 더블","전체 가상 시뮬레이션"
"R0966_2","H0966","3","3","{""bed_type"":""싱글베드 2개"",""view_type"":""가든뷰"",""size_sqm"":33,""breakfast"":true,""spa"":true,""pool"":false,""balcony"":true,""bathtub"":true,""pet_friendly"":true,""smoking"":false}","1","0","120000","디럭스 트윈","전체 가상 시뮬레이션"
"R0966_3","H0966","4","4","{""bed_type"":""킹베드 1개"",""view_type"":""파노라마뷰"",""size_sqm"":42,""breakfast"":false,""spa"":false,""pool"":false,""balcony"":false,""bathtub"":false,""pet_friendly"":false,""smoking"":false}","1","1","145000","프리미엄 스위트","전체 가상 시뮬레이션"
"R0967_1","H0967","2","3","{""bed_type"":""퀸베드 1개"",""view_type"":""시티뷰"",""size_sqm"":24,""breakfast"":true,""spa"":true,""pool"":false,""balcony"":true,""bathtub"":true,""pet_friendly"":true,""smoking"":true}","1","0","100000","스탠다드 더블","전체 가상 시뮬레이션"
"R0967_2","H0967","3","4","{""bed_type"":""싱글베드 2개"",""view_type"":""가든뷰"",""size_sqm"":33,""breakfast"":false,""spa"":false,""pool"":false,""balcony"":false,""bathtub"":false,""pet_friendly"":false,""smoking"":false}","1","1","125000","디럭스 트윈","전체 가상 시뮬레이션"
"R0967_3","H0967","4","1","{""bed_type"":""킹베드 1개"",""view_type"":""파노라마뷰"",""size_sqm"":42,""breakfast"":true,""spa"":false,""pool"":true,""balcony"":false,""bathtub"":false,""pet_friendly"":false,""smoking"":false}","0","1","150000","프리미엄 스위트","전체 가상 시뮬레이션"
"R0968_1","H0968","2","4","{""bed_type"":""퀸베드 1개"",""view_type"":""시티뷰"",""size_sqm"":24,""breakfast"":false,""spa"":false,""pool"":false,""balcony"":false,""bathtub"":false,""pet_friendly"":false,""smoking"":true}","1","1","105000","스탠다드 더블","전체 가상 시뮬레이션"
"R0968_2","H0968","3","1","{""bed_type"":""싱글베드 2개"",""view_type"":""가든뷰"",""size_sqm"":33,""breakfast"":true,""spa"":false,""pool"":true,""balcony"":false,""bathtub"":false,""pet_friendly"":false,""smoking"":false}","0","1","130000","디럭스 트윈","전체 가상 시뮬레이션"
"R0968_3","H0968","4","2","{""bed_type"":""킹베드 1개"",""view_type"":""파노라마뷰"",""size_sqm"":42,""breakfast"":false,""spa"":true,""pool"":false,""balcony"":true,""bathtub"":true,""pet_friendly"":false,""smoking"":false}","1","0","155000","프리미엄 스위트","전체 가상 시뮬레이션"
"R0969_1","H0969","2","1","{""bed_type"":""퀸베드 1개"",""view_type"":""시티뷰"",""size_sqm"":24,""breakfast"":true,""spa"":false,""pool"":true,""balcony"":false,""bathtub"":false,""pet_friendly"":false,""smoking"":true}","0","1","110000","스탠다드 더블","전체 가상 시뮬레이션"
"R0969_2","H0969","3","2","{""bed_type"":""싱글베드 2개"",""view_type"":""가든뷰"",""size_sqm"":33,""breakfast"":false,""spa"":true,""pool"":false,""balcony"":true,""bathtub"":true,""pet_friendly"":false,""smoking"":false}","1","0","135000","디럭스 트윈","전체 가상 시뮬레이션"
"R0969_3","H0969","4","3","{""bed_type"":""킹베드 1개"",""view_type"":""파노라마뷰"",""size_sqm"":42,""breakfast"":true,""spa"":false,""pool"":false,""balcony"":false,""bathtub"":false,""pet_friendly"":false,""smoking"":false}","1","1","160000","프리미엄 스위트","전체 가상 시뮬레이션"
"R0970_1","H0970","2","2","{""bed_type"":""퀸베드 1개"",""view_type"":""시티뷰"",""size_sqm"":24,""breakfast"":false,""spa"":true,""pool"":false,""balcony"":true,""bathtub"":true,""pet_friendly"":false,""smoking"":true}","1","0","115000","스탠다드 더블","전체 가상 시뮬레이션"
"R0970_2","H0970","3","3","{""bed_type"":""싱글베드 2개"",""view_type"":""가든뷰"",""size_sqm"":33,""breakfast"":true,""spa"":false,""pool"":false,""balcony"":false,""bathtub"":false,""pet_friendly"":false,""smoking"":false}","1","1","140000","디럭스 트윈","전체 가상 시뮬레이션"
"R0970_3","H0970","4","4","{""bed_type"":""킹베드 1개"",""view_type"":""파노라마뷰"",""size_sqm"":42,""breakfast"":false,""spa"":false,""pool"":false,""balcony"":false,""bathtub"":false,""pet_friendly"":false,""smoking"":false}","1","1","165000","프리미엄 스위트","전체 가상 시뮬레이션"
"R0971_1","H0971","2","3","{""bed_type"":""퀸베드 1개"",""view_type"":""시티뷰"",""size_sqm"":24,""breakfast"":true,""spa"":false,""pool"":false,""balcony"":false,""bathtub"":false,""pet_friendly"":false,""smoking"":true}","1","1","120000","스탠다드 더블","전체 가상 시뮬레이션"
"R0971_2","H0971","3","4","{""bed_type"":""싱글베드 2개"",""view_type"":""가든뷰"",""size_sqm"":33,""breakfast"":false,""spa"":false,""pool"":false,""balcony"":false,""bathtub"":false,""pet_friendly"":false,""smoking"":false}","1","1","145000","디럭스 트윈","전체 가상 시뮬레이션"
"R0971_3","H0971","4","1","{""bed_type"":""킹베드 1개"",""view_type"":""파노라마뷰"",""size_sqm"":42,""breakfast"":true,""spa"":true,""pool"":true,""balcony"":true,""bathtub"":true,""pet_friendly"":false,""smoking"":false}","0","0","170000","프리미엄 스위트","전체 가상 시뮬레이션"
"R0972_1","H0972","2","4","{""bed_type"":""퀸베드 1개"",""view_type"":""시티뷰"",""size_sqm"":24,""breakfast"":false,""spa"":false,""pool"":false,""balcony"":false,""bathtub"":false,""pet_friendly"":false,""smoking"":true}","1","1","125000","스탠다드 더블","전체 가상 시뮬레이션"
"R0972_2","H0972","3","1","{""bed_type"":""싱글베드 2개"",""view_type"":""가든뷰"",""size_sqm"":33,""breakfast"":true,""spa"":true,""pool"":true,""balcony"":true,""bathtub"":true,""pet_friendly"":false,""smoking"":false}","0","0","150000","디럭스 트윈","전체 가상 시뮬레이션"
"R0972_3","H0972","4","2","{""bed_type"":""킹베드 1개"",""view_type"":""파노라마뷰"",""size_sqm"":42,""breakfast"":false,""spa"":false,""pool"":false,""balcony"":false,""bathtub"":false,""pet_friendly"":true,""smoking"":false}","1","1","175000","프리미엄 스위트","전체 가상 시뮬레이션"
"R0973_1","H0973","2","1","{""bed_type"":""퀸베드 1개"",""view_type"":""시티뷰"",""size_sqm"":24,""breakfast"":true,""spa"":true,""pool"":true,""balcony"":true,""bathtub"":true,""pet_friendly"":false,""smoking"":true}","0","0","130000","스탠다드 더블","전체 가상 시뮬레이션"
"R0973_2","H0973","3","2","{""bed_type"":""싱글베드 2개"",""view_type"":""가든뷰"",""size_sqm"":33,""breakfast"":false,""spa"":false,""pool"":false,""balcony"":false,""bathtub"":false,""pet_friendly"":true,""smoking"":false}","1","1","155000","디럭스 트윈","전체 가상 시뮬레이션"
"R0973_3","H0973","4","3","{""bed_type"":""킹베드 1개"",""view_type"":""파노라마뷰"",""size_sqm"":42,""breakfast"":true,""spa"":false,""pool"":false,""balcony"":false,""bathtub"":false,""pet_friendly"":false,""smoking"":false}","1","1","180000","프리미엄 스위트","전체 가상 시뮬레이션"
"R0974_1","H0974","2","2","{""bed_type"":""퀸베드 1개"",""view_type"":""시티뷰"",""size_sqm"":24,""breakfast"":false,""spa"":false,""pool"":false,""balcony"":false,""bathtub"":false,""pet_friendly"":true,""smoking"":true}","1","1","135000","스탠다드 더블","전체 가상 시뮬레이션"
"R0974_2","H0974","3","3","{""bed_type"":""싱글베드 2개"",""view_type"":""가든뷰"",""size_sqm"":33,""breakfast"":true,""spa"":false,""pool"":false,""balcony"":false,""bathtub"":false,""pet_friendly"":false,""smoking"":false}","1","1","160000","디럭스 트윈","전체 가상 시뮬레이션"
"R0974_3","H0974","4","4","{""bed_type"":""킹베드 1개"",""view_type"":""파노라마뷰"",""size_sqm"":42,""breakfast"":false,""spa"":true,""pool"":false,""balcony"":true,""bathtub"":true,""pet_friendly"":false,""smoking"":false}","1","0","185000","프리미엄 스위트","전체 가상 시뮬레이션"
"R0975_1","H0975","2","3","{""bed_type"":""퀸베드 1개"",""view_type"":""시티뷰"",""size_sqm"":24,""breakfast"":true,""spa"":false,""pool"":false,""balcony"":false,""bathtub"":false,""pet_friendly"":false,""smoking"":true}","1","1","140000","스탠다드 더블","전체 가상 시뮬레이션"
"R0975_2","H0975","3","4","{""bed_type"":""싱글베드 2개"",""view_type"":""가든뷰"",""size_sqm"":33,""breakfast"":false,""spa"":true,""pool"":false,""balcony"":true,""bathtub"":true,""pet_friendly"":false,""smoking"":false}","1","0","165000","디럭스 트윈","전체 가상 시뮬레이션"
"R0975_3","H0975","4","1","{""bed_type"":""킹베드 1개"",""view_type"":""파노라마뷰"",""size_sqm"":42,""breakfast"":true,""spa"":false,""pool"":true,""balcony"":false,""bathtub"":false,""pet_friendly"":false,""smoking"":false}","0","1","190000","프리미엄 스위트","전체 가상 시뮬레이션"
"R0976_1","H0976","2","4","{""bed_type"":""퀸베드 1개"",""view_type"":""시티뷰"",""size_sqm"":24,""breakfast"":false,""spa"":true,""pool"":false,""balcony"":true,""bathtub"":true,""pet_friendly"":false,""smoking"":true}","1","0","145000","스탠다드 더블","전체 가상 시뮬레이션"
"R0976_2","H0976","3","1","{""bed_type"":""싱글베드 2개"",""view_type"":""가든뷰"",""size_sqm"":33,""breakfast"":true,""spa"":false,""pool"":true,""balcony"":false,""bathtub"":false,""pet_friendly"":false,""smoking"":false}","0","1","170000","디럭스 트윈","전체 가상 시뮬레이션"
"R0976_3","H0976","4","2","{""bed_type"":""킹베드 1개"",""view_type"":""파노라마뷰"",""size_sqm"":42,""breakfast"":false,""spa"":false,""pool"":false,""balcony"":false,""bathtub"":false,""pet_friendly"":false,""smoking"":false}","1","1","195000","프리미엄 스위트","전체 가상 시뮬레이션"
"R0977_1","H0977","2","1","{""bed_type"":""퀸베드 1개"",""view_type"":""시티뷰"",""size_sqm"":24,""breakfast"":true,""spa"":false,""pool"":true,""balcony"":false,""bathtub"":false,""pet_friendly"":false,""smoking"":true}","0","1","150000","스탠다드 더블","전체 가상 시뮬레이션"
"R0977_2","H0977","3","2","{""bed_type"":""싱글베드 2개"",""view_type"":""가든뷰"",""size_sqm"":33,""breakfast"":false,""spa"":false,""pool"":false,""balcony"":false,""bathtub"":false,""pet_friendly"":false,""smoking"":false}","1","1","175000","디럭스 트윈","전체 가상 시뮬레이션"
"R0977_3","H0977","4","3","{""bed_type"":""킹베드 1개"",""view_type"":""파노라마뷰"",""size_sqm"":42,""breakfast"":true,""spa"":true,""pool"":false,""balcony"":true,""bathtub"":true,""pet_friendly"":false,""smoking"":false}","1","0","200000","프리미엄 스위트","전체 가상 시뮬레이션"
"R0978_1","H0978","2","2","{""bed_type"":""퀸베드 1개"",""view_type"":""시티뷰"",""size_sqm"":24,""breakfast"":false,""spa"":false,""pool"":false,""balcony"":false,""bathtub"":false,""pet_friendly"":false,""smoking"":true}","1","1","155000","스탠다드 더블","전체 가상 시뮬레이션"
"R0978_2","H0978","3","3","{""bed_type"":""싱글베드 2개"",""view_type"":""가든뷰"",""size_sqm"":33,""breakfast"":true,""spa"":true,""pool"":false,""balcony"":true,""bathtub"":true,""pet_friendly"":false,""smoking"":false}","1","0","180000","디럭스 트윈","전체 가상 시뮬레이션"
"R0978_3","H0978","4","4","{""bed_type"":""킹베드 1개"",""view_type"":""파노라마뷰"",""size_sqm"":42,""breakfast"":false,""spa"":false,""pool"":false,""balcony"":false,""bathtub"":false,""pet_friendly"":false,""smoking"":false}","1","1","205000","프리미엄 스위트","전체 가상 시뮬레이션"
"R0979_1","H0979","2","3","{""bed_type"":""퀸베드 1개"",""view_type"":""시티뷰"",""size_sqm"":24,""breakfast"":true,""spa"":true,""pool"":false,""balcony"":true,""bathtub"":true,""pet_friendly"":false,""smoking"":true}","1","0","160000","스탠다드 더블","전체 가상 시뮬레이션"
"R0979_2","H0979","3","4","{""bed_type"":""싱글베드 2개"",""view_type"":""가든뷰"",""size_sqm"":33,""breakfast"":false,""spa"":false,""pool"":false,""balcony"":false,""bathtub"":false,""pet_friendly"":false,""smoking"":false}","1","1","185000","디럭스 트윈","전체 가상 시뮬레이션"
"R0979_3","H0979","4","1","{""bed_type"":""킹베드 1개"",""view_type"":""파노라마뷰"",""size_sqm"":42,""breakfast"":true,""spa"":false,""pool"":true,""balcony"":false,""bathtub"":false,""pet_friendly"":true,""smoking"":false}","0","1","210000","프리미엄 스위트","전체 가상 시뮬레이션"
"R0980_1","H0980","2","4","{""bed_type"":""퀸베드 1개"",""view_type"":""시티뷰"",""size_sqm"":24,""breakfast"":false,""spa"":false,""pool"":false,""balcony"":false,""bathtub"":false,""pet_friendly"":false,""smoking"":true}","1","1","165000","스탠다드 더블","전체 가상 시뮬레이션"
"R0980_2","H0980","3","1","{""bed_type"":""싱글베드 2개"",""view_type"":""가든뷰"",""size_sqm"":33,""breakfast"":true,""spa"":false,""pool"":true,""balcony"":false,""bathtub"":false,""pet_friendly"":true,""smoking"":false}","0","1","190000","디럭스 트윈","전체 가상 시뮬레이션"
"R0980_3","H0980","4","2","{""bed_type"":""킹베드 1개"",""view_type"":""파노라마뷰"",""size_sqm"":42,""breakfast"":false,""spa"":true,""pool"":false,""balcony"":true,""bathtub"":true,""pet_friendly"":false,""smoking"":false}","1","0","215000","프리미엄 스위트","전체 가상 시뮬레이션"
"R0981_1","H0981","2","1","{""bed_type"":""퀸베드 1개"",""view_type"":""시티뷰"",""size_sqm"":24,""breakfast"":true,""spa"":false,""pool"":true,""balcony"":false,""bathtub"":false,""pet_friendly"":true,""smoking"":true}","0","1","170000","스탠다드 더블","전체 가상 시뮬레이션"
"R0981_2","H0981","3","2","{""bed_type"":""싱글베드 2개"",""view_type"":""가든뷰"",""size_sqm"":33,""breakfast"":false,""spa"":true,""pool"":false,""balcony"":true,""bathtub"":true,""pet_friendly"":false,""smoking"":false}","1","0","195000","디럭스 트윈","전체 가상 시뮬레이션"
"R0981_3","H0981","4","3","{""bed_type"":""킹베드 1개"",""view_type"":""파노라마뷰"",""size_sqm"":42,""breakfast"":true,""spa"":false,""pool"":false,""balcony"":false,""bathtub"":false,""pet_friendly"":false,""smoking"":false}","1","1","220000","프리미엄 스위트","전체 가상 시뮬레이션"
"R0982_1","H0982","2","2","{""bed_type"":""퀸베드 1개"",""view_type"":""시티뷰"",""size_sqm"":24,""breakfast"":false,""spa"":true,""pool"":false,""balcony"":true,""bathtub"":true,""pet_friendly"":false,""smoking"":true}","1","0","175000","스탠다드 더블","전체 가상 시뮬레이션"
"R0982_2","H0982","3","3","{""bed_type"":""싱글베드 2개"",""view_type"":""가든뷰"",""size_sqm"":33,""breakfast"":true,""spa"":false,""pool"":false,""balcony"":false,""bathtub"":false,""pet_friendly"":false,""smoking"":false}","1","1","200000","디럭스 트윈","전체 가상 시뮬레이션"
"R0982_3","H0982","4","4","{""bed_type"":""킹베드 1개"",""view_type"":""파노라마뷰"",""size_sqm"":42,""breakfast"":false,""spa"":false,""pool"":false,""balcony"":false,""bathtub"":false,""pet_friendly"":false,""smoking"":false}","1","1","225000","프리미엄 스위트","전체 가상 시뮬레이션"
"R0983_1","H0983","2","3","{""bed_type"":""퀸베드 1개"",""view_type"":""시티뷰"",""size_sqm"":24,""breakfast"":true,""spa"":false,""pool"":false,""balcony"":false,""bathtub"":false,""pet_friendly"":false,""smoking"":true}","1","1","180000","스탠다드 더블","전체 가상 시뮬레이션"
"R0983_2","H0983","3","4","{""bed_type"":""싱글베드 2개"",""view_type"":""가든뷰"",""size_sqm"":33,""breakfast"":false,""spa"":false,""pool"":false,""balcony"":false,""bathtub"":false,""pet_friendly"":false,""smoking"":false}","1","1","205000","디럭스 트윈","전체 가상 시뮬레이션"
"R0983_3","H0983","4","1","{""bed_type"":""킹베드 1개"",""view_type"":""파노라마뷰"",""size_sqm"":42,""breakfast"":true,""spa"":true,""pool"":true,""balcony"":true,""bathtub"":true,""pet_friendly"":false,""smoking"":false}","0","0","230000","프리미엄 스위트","전체 가상 시뮬레이션"
"R0984_1","H0984","2","4","{""bed_type"":""퀸베드 1개"",""view_type"":""시티뷰"",""size_sqm"":24,""breakfast"":false,""spa"":false,""pool"":false,""balcony"":false,""bathtub"":false,""pet_friendly"":false,""smoking"":true}","1","1","185000","스탠다드 더블","전체 가상 시뮬레이션"
"R0984_2","H0984","3","1","{""bed_type"":""싱글베드 2개"",""view_type"":""가든뷰"",""size_sqm"":33,""breakfast"":true,""spa"":true,""pool"":true,""balcony"":true,""bathtub"":true,""pet_friendly"":false,""smoking"":false}","0","0","210000","디럭스 트윈","전체 가상 시뮬레이션"
"R0984_3","H0984","4","2","{""bed_type"":""킹베드 1개"",""view_type"":""파노라마뷰"",""size_sqm"":42,""breakfast"":false,""spa"":false,""pool"":false,""balcony"":false,""bathtub"":false,""pet_friendly"":false,""smoking"":false}","1","1","235000","프리미엄 스위트","전체 가상 시뮬레이션"
"R0985_1","H0985","2","1","{""bed_type"":""퀸베드 1개"",""view_type"":""시티뷰"",""size_sqm"":24,""breakfast"":true,""spa"":true,""pool"":true,""balcony"":true,""bathtub"":true,""pet_friendly"":false,""smoking"":true}","0","0","190000","스탠다드 더블","전체 가상 시뮬레이션"
"R0985_2","H0985","3","2","{""bed_type"":""싱글베드 2개"",""view_type"":""가든뷰"",""size_sqm"":33,""breakfast"":false,""spa"":false,""pool"":false,""balcony"":false,""bathtub"":false,""pet_friendly"":false,""smoking"":false}","1","1","215000","디럭스 트윈","전체 가상 시뮬레이션"
"R0985_3","H0985","4","3","{""bed_type"":""킹베드 1개"",""view_type"":""파노라마뷰"",""size_sqm"":42,""breakfast"":true,""spa"":false,""pool"":false,""balcony"":false,""bathtub"":false,""pet_friendly"":false,""smoking"":false}","1","1","240000","프리미엄 스위트","전체 가상 시뮬레이션"
"R0986_1","H0986","2","2","{""bed_type"":""퀸베드 1개"",""view_type"":""시티뷰"",""size_sqm"":24,""breakfast"":false,""spa"":false,""pool"":false,""balcony"":false,""bathtub"":false,""pet_friendly"":false,""smoking"":true}","1","1","195000","스탠다드 더블","전체 가상 시뮬레이션"
"R0986_2","H0986","3","3","{""bed_type"":""싱글베드 2개"",""view_type"":""가든뷰"",""size_sqm"":33,""breakfast"":true,""spa"":false,""pool"":false,""balcony"":false,""bathtub"":false,""pet_friendly"":false,""smoking"":false}","1","1","220000","디럭스 트윈","전체 가상 시뮬레이션"
"R0986_3","H0986","4","4","{""bed_type"":""킹베드 1개"",""view_type"":""파노라마뷰"",""size_sqm"":42,""breakfast"":false,""spa"":true,""pool"":false,""balcony"":true,""bathtub"":true,""pet_friendly"":true,""smoking"":false}","1","0","245000","프리미엄 스위트","전체 가상 시뮬레이션"
"R0987_1","H0987","2","3","{""bed_type"":""퀸베드 1개"",""view_type"":""시티뷰"",""size_sqm"":24,""breakfast"":true,""spa"":false,""pool"":false,""balcony"":false,""bathtub"":false,""pet_friendly"":false,""smoking"":true}","1","1","200000","스탠다드 더블","전체 가상 시뮬레이션"
"R0987_2","H0987","3","4","{""bed_type"":""싱글베드 2개"",""view_type"":""가든뷰"",""size_sqm"":33,""breakfast"":false,""spa"":true,""pool"":false,""balcony"":true,""bathtub"":true,""pet_friendly"":true,""smoking"":false}","1","0","225000","디럭스 트윈","전체 가상 시뮬레이션"
"R0987_3","H0987","4","1","{""bed_type"":""킹베드 1개"",""view_type"":""파노라마뷰"",""size_sqm"":42,""breakfast"":true,""spa"":false,""pool"":true,""balcony"":false,""bathtub"":false,""pet_friendly"":false,""smoking"":false}","0","1","250000","프리미엄 스위트","전체 가상 시뮬레이션"
"R0988_1","H0988","2","4","{""bed_type"":""퀸베드 1개"",""view_type"":""시티뷰"",""size_sqm"":24,""breakfast"":false,""spa"":true,""pool"":false,""balcony"":true,""bathtub"":true,""pet_friendly"":true,""smoking"":true}","1","0","205000","스탠다드 더블","전체 가상 시뮬레이션"
"R0988_2","H0988","3","1","{""bed_type"":""싱글베드 2개"",""view_type"":""가든뷰"",""size_sqm"":33,""breakfast"":true,""spa"":false,""pool"":true,""balcony"":false,""bathtub"":false,""pet_friendly"":false,""smoking"":false}","0","1","230000","디럭스 트윈","전체 가상 시뮬레이션"
"R0988_3","H0988","4","2","{""bed_type"":""킹베드 1개"",""view_type"":""파노라마뷰"",""size_sqm"":42,""breakfast"":false,""spa"":false,""pool"":false,""balcony"":false,""bathtub"":false,""pet_friendly"":false,""smoking"":false}","1","1","255000","프리미엄 스위트","전체 가상 시뮬레이션"
"R0989_1","H0989","2","1","{""bed_type"":""퀸베드 1개"",""view_type"":""시티뷰"",""size_sqm"":24,""breakfast"":true,""spa"":false,""pool"":true,""balcony"":false,""bathtub"":false,""pet_friendly"":false,""smoking"":true}","0","1","210000","스탠다드 더블","전체 가상 시뮬레이션"
"R0989_2","H0989","3","2","{""bed_type"":""싱글베드 2개"",""view_type"":""가든뷰"",""size_sqm"":33,""breakfast"":false,""spa"":false,""pool"":false,""balcony"":false,""bathtub"":false,""pet_friendly"":false,""smoking"":false}","1","1","235000","디럭스 트윈","전체 가상 시뮬레이션"
"R0989_3","H0989","4","3","{""bed_type"":""킹베드 1개"",""view_type"":""파노라마뷰"",""size_sqm"":42,""breakfast"":true,""spa"":true,""pool"":false,""balcony"":true,""bathtub"":true,""pet_friendly"":false,""smoking"":false}","1","0","260000","프리미엄 스위트","전체 가상 시뮬레이션"
"R0990_1","H0990","2","2","{""bed_type"":""퀸베드 1개"",""view_type"":""시티뷰"",""size_sqm"":24,""breakfast"":false,""spa"":false,""pool"":false,""balcony"":false,""bathtub"":false,""pet_friendly"":false,""smoking"":true}","1","1","215000","스탠다드 더블","전체 가상 시뮬레이션"
"R0990_2","H0990","3","3","{""bed_type"":""싱글베드 2개"",""view_type"":""가든뷰"",""size_sqm"":33,""breakfast"":true,""spa"":true,""pool"":false,""balcony"":true,""bathtub"":true,""pet_friendly"":false,""smoking"":false}","1","0","240000","디럭스 트윈","전체 가상 시뮬레이션"
"R0990_3","H0990","4","4","{""bed_type"":""킹베드 1개"",""view_type"":""파노라마뷰"",""size_sqm"":42,""breakfast"":false,""spa"":false,""pool"":false,""balcony"":false,""bathtub"":false,""pet_friendly"":false,""smoking"":false}","1","1","265000","프리미엄 스위트","전체 가상 시뮬레이션"
"R0991_1","H0991","2","3","{""bed_type"":""퀸베드 1개"",""view_type"":""시티뷰"",""size_sqm"":24,""breakfast"":true,""spa"":true,""pool"":false,""balcony"":true,""bathtub"":true,""pet_friendly"":false,""smoking"":true}","1","0","220000","스탠다드 더블","전체 가상 시뮬레이션"
"R0991_2","H0991","3","4","{""bed_type"":""싱글베드 2개"",""view_type"":""가든뷰"",""size_sqm"":33,""breakfast"":false,""spa"":false,""pool"":false,""balcony"":false,""bathtub"":false,""pet_friendly"":false,""smoking"":false}","1","1","245000","디럭스 트윈","전체 가상 시뮬레이션"
"R0991_3","H0991","4","1","{""bed_type"":""킹베드 1개"",""view_type"":""파노라마뷰"",""size_sqm"":42,""breakfast"":true,""spa"":false,""pool"":true,""balcony"":false,""bathtub"":false,""pet_friendly"":false,""smoking"":false}","0","1","270000","프리미엄 스위트","전체 가상 시뮬레이션"
"R0992_1","H0992","2","4","{""bed_type"":""퀸베드 1개"",""view_type"":""시티뷰"",""size_sqm"":24,""breakfast"":false,""spa"":false,""pool"":false,""balcony"":false,""bathtub"":false,""pet_friendly"":false,""smoking"":true}","1","1","225000","스탠다드 더블","전체 가상 시뮬레이션"
"R0992_2","H0992","3","1","{""bed_type"":""싱글베드 2개"",""view_type"":""가든뷰"",""size_sqm"":33,""breakfast"":true,""spa"":false,""pool"":true,""balcony"":false,""bathtub"":false,""pet_friendly"":false,""smoking"":false}","0","1","250000","디럭스 트윈","전체 가상 시뮬레이션"
"R0992_3","H0992","4","2","{""bed_type"":""킹베드 1개"",""view_type"":""파노라마뷰"",""size_sqm"":42,""breakfast"":false,""spa"":true,""pool"":false,""balcony"":true,""bathtub"":true,""pet_friendly"":false,""smoking"":false}","1","0","275000","프리미엄 스위트","전체 가상 시뮬레이션"
"R0993_1","H0993","2","1","{""bed_type"":""퀸베드 1개"",""view_type"":""시티뷰"",""size_sqm"":24,""breakfast"":true,""spa"":false,""pool"":true,""balcony"":false,""bathtub"":false,""pet_friendly"":false,""smoking"":true}","0","1","230000","스탠다드 더블","전체 가상 시뮬레이션"
"R0993_2","H0993","3","2","{""bed_type"":""싱글베드 2개"",""view_type"":""가든뷰"",""size_sqm"":33,""breakfast"":false,""spa"":true,""pool"":false,""balcony"":true,""bathtub"":true,""pet_friendly"":false,""smoking"":false}","1","0","255000","디럭스 트윈","전체 가상 시뮬레이션"
"R0993_3","H0993","4","3","{""bed_type"":""킹베드 1개"",""view_type"":""파노라마뷰"",""size_sqm"":42,""breakfast"":true,""spa"":false,""pool"":false,""balcony"":false,""bathtub"":false,""pet_friendly"":true,""smoking"":false}","1","1","280000","프리미엄 스위트","전체 가상 시뮬레이션"
"R0994_1","H0994","2","2","{""bed_type"":""퀸베드 1개"",""view_type"":""시티뷰"",""size_sqm"":24,""breakfast"":false,""spa"":true,""pool"":false,""balcony"":true,""bathtub"":true,""pet_friendly"":false,""smoking"":true}","1","0","235000","스탠다드 더블","전체 가상 시뮬레이션"
"R0994_2","H0994","3","3","{""bed_type"":""싱글베드 2개"",""view_type"":""가든뷰"",""size_sqm"":33,""breakfast"":true,""spa"":false,""pool"":false,""balcony"":false,""bathtub"":false,""pet_friendly"":true,""smoking"":false}","1","1","260000","디럭스 트윈","전체 가상 시뮬레이션"
"R0994_3","H0994","4","4","{""bed_type"":""킹베드 1개"",""view_type"":""파노라마뷰"",""size_sqm"":42,""breakfast"":false,""spa"":false,""pool"":false,""balcony"":false,""bathtub"":false,""pet_friendly"":false,""smoking"":false}","1","1","285000","프리미엄 스위트","전체 가상 시뮬레이션"
"R0995_1","H0995","2","3","{""bed_type"":""퀸베드 1개"",""view_type"":""시티뷰"",""size_sqm"":24,""breakfast"":true,""spa"":false,""pool"":false,""balcony"":false,""bathtub"":false,""pet_friendly"":true,""smoking"":true}","1","1","240000","스탠다드 더블","전체 가상 시뮬레이션"
"R0995_2","H0995","3","4","{""bed_type"":""싱글베드 2개"",""view_type"":""가든뷰"",""size_sqm"":33,""breakfast"":false,""spa"":false,""pool"":false,""balcony"":false,""bathtub"":false,""pet_friendly"":false,""smoking"":false}","1","1","265000","디럭스 트윈","전체 가상 시뮬레이션"
"R0995_3","H0995","4","1","{""bed_type"":""킹베드 1개"",""view_type"":""파노라마뷰"",""size_sqm"":42,""breakfast"":true,""spa"":true,""pool"":true,""balcony"":true,""bathtub"":true,""pet_friendly"":false,""smoking"":false}","0","0","290000","프리미엄 스위트","전체 가상 시뮬레이션"
"R0996_1","H0996","2","4","{""bed_type"":""퀸베드 1개"",""view_type"":""시티뷰"",""size_sqm"":24,""breakfast"":false,""spa"":false,""pool"":false,""balcony"":false,""bathtub"":false,""pet_friendly"":false,""smoking"":true}","1","1","245000","스탠다드 더블","전체 가상 시뮬레이션"
"R0996_2","H0996","3","1","{""bed_type"":""싱글베드 2개"",""view_type"":""가든뷰"",""size_sqm"":33,""breakfast"":true,""spa"":true,""pool"":true,""balcony"":true,""bathtub"":true,""pet_friendly"":false,""smoking"":false}","0","0","270000","디럭스 트윈","전체 가상 시뮬레이션"
"R0996_3","H0996","4","2","{""bed_type"":""킹베드 1개"",""view_type"":""파노라마뷰"",""size_sqm"":42,""breakfast"":false,""spa"":false,""pool"":false,""balcony"":false,""bathtub"":false,""pet_friendly"":false,""smoking"":false}","1","1","295000","프리미엄 스위트","전체 가상 시뮬레이션"
"R0997_1","H0997","2","1","{""bed_type"":""퀸베드 1개"",""view_type"":""시티뷰"",""size_sqm"":24,""breakfast"":true,""spa"":true,""pool"":true,""balcony"":true,""bathtub"":true,""pet_friendly"":false,""smoking"":true}","0","0","250000","스탠다드 더블","전체 가상 시뮬레이션"
"R0997_2","H0997","3","2","{""bed_type"":""싱글베드 2개"",""view_type"":""가든뷰"",""size_sqm"":33,""breakfast"":false,""spa"":false,""pool"":false,""balcony"":false,""bathtub"":false,""pet_friendly"":false,""smoking"":false}","1","1","275000","디럭스 트윈","전체 가상 시뮬레이션"
"R0997_3","H0997","4","3","{""bed_type"":""킹베드 1개"",""view_type"":""파노라마뷰"",""size_sqm"":42,""breakfast"":true,""spa"":false,""pool"":false,""balcony"":false,""bathtub"":false,""pet_friendly"":false,""smoking"":false}","1","1","300000","프리미엄 스위트","전체 가상 시뮬레이션"
"R0998_1","H0998","2","2","{""bed_type"":""퀸베드 1개"",""view_type"":""시티뷰"",""size_sqm"":24,""breakfast"":false,""spa"":false,""pool"":false,""balcony"":false,""bathtub"":false,""pet_friendly"":false,""smoking"":true}","1","1","255000","스탠다드 더블","전체 가상 시뮬레이션"
"R0998_2","H0998","3","3","{""bed_type"":""싱글베드 2개"",""view_type"":""가든뷰"",""size_sqm"":33,""breakfast"":true,""spa"":false,""pool"":false,""balcony"":false,""bathtub"":false,""pet_friendly"":false,""smoking"":false}","1","1","280000","디럭스 트윈","전체 가상 시뮬레이션"
"R0998_3","H0998","4","4","{""bed_type"":""킹베드 1개"",""view_type"":""파노라마뷰"",""size_sqm"":42,""breakfast"":false,""spa"":true,""pool"":false,""balcony"":true,""bathtub"":true,""pet_friendly"":false,""smoking"":false}","1","0","305000","프리미엄 스위트","전체 가상 시뮬레이션"
"R0999_1","H0999","2","3","{""bed_type"":""퀸베드 1개"",""view_type"":""시티뷰"",""size_sqm"":24,""breakfast"":true,""spa"":false,""pool"":false,""balcony"":false,""bathtub"":false,""pet_friendly"":false,""smoking"":true}","1","1","260000","스탠다드 더블","전체 가상 시뮬레이션"
"R0999_2","H0999","3","4","{""bed_type"":""싱글베드 2개"",""view_type"":""가든뷰"",""size_sqm"":33,""breakfast"":false,""spa"":true,""pool"":false,""balcony"":true,""bathtub"":true,""pet_friendly"":false,""smoking"":false}","1","0","285000","디럭스 트윈","전체 가상 시뮬레이션"
"R0999_3","H0999","4","1","{""bed_type"":""킹베드 1개"",""view_type"":""파노라마뷰"",""size_sqm"":42,""breakfast"":true,""spa"":false,""pool"":true,""balcony"":false,""bathtub"":false,""pet_friendly"":false,""smoking"":false}","0","1","310000","프리미엄 스위트","전체 가상 시뮬레이션"
"R1000_1","H1000","2","4","{""bed_type"":""퀸베드 1개"",""view_type"":""시티뷰"",""size_sqm"":24,""breakfast"":false,""spa"":true,""pool"":false,""balcony"":true,""bathtub"":true,""pet_friendly"":false,""smoking"":true}","1","0","265000","스탠다드 더블","전체 가상 시뮬레이션"
"R1000_2","H1000","3","1","{""bed_type"":""싱글베드 2개"",""view_type"":""가든뷰"",""size_sqm"":33,""breakfast"":true,""spa"":false,""pool"":true,""balcony"":false,""bathtub"":false,""pet_friendly"":false,""smoking"":false}","0","1","290000","디럭스 트윈","전체 가상 시뮬레이션"
"R1000_3","H1000","4","2","{""bed_type"":""킹베드 1개"",""view_type"":""파노라마뷰"",""size_sqm"":42,""breakfast"":false,""spa"":false,""pool"":false,""balcony"":false,""bathtub"":false,""pet_friendly"":true,""smoking"":false}","1","1","315000","프리미엄 스위트","전체 가상 시뮬레이션"
