"hotel_id","hotel_name","city_name","grade","hotel_address","user_rating","review_count","property_type","actual_address","actual_city","actual_prefecture","actual_postal_code","actual_latitude","actual_longitude","actual_phone","actual_star_rating","supplier_hotel_code","rtx_code","agoda_code","expedia_code","top_selling_rank","source_last_mapped_at","actual_data_sources","data_origin"
"H0001","Hotel Ueno East","Tokyo","3","Tokyo 신주쿠","7.1","80","Ryokan","","","","","","","","","","","","","","","","호텔명·도시 및 실제정보 컬럼=사용자 제공 일본 호텔 자료(매칭된 호텔) / 가격·이용자평점·리뷰수·시설·재고=가상"
"H0002","Tokyo Sumidagawa Youth Hostel","Tokyo","4","Tokyo 시부야","7.199999999999999","177","Hotel","","","","","","","","","","","","","","","","호텔명·도시 및 실제정보 컬럼=사용자 제공 일본 호텔 자료(매칭된 호텔) / 가격·이용자평점·리뷰수·시설·재고=가상"
"H0003","Hotel Wing International Premium Tokyo Yotsuya","Tokyo","5","3-14-1, Yotsuya, Shinjuku-ku, Tokyo, Japan","7.3","274","Hotel","3-14-1, Yotsuya, Shinjuku-ku, Tokyo, Japan","Tokyo","","","35.68803995515963","139.7184586951065","81-3-33562111 ","","JPSJK00009","","","","","2025-12-06 23:00:24","Hotellist_supplier_japan_clean.xlsx","호텔명·도시 및 실제정보 컬럼=사용자 제공 일본 호텔 자료(매칭된 호텔) / 가격·이용자평점·리뷰수·시설·재고=가상"
"H0004","Shinjuku Washington Hotel","Tokyo","3","3-2-9, Nishishinjuku, Shinjuku-ku, Tokyo, Japan","7.3999999999999995","371","Hotel","3-2-9, Nishishinjuku, Shinjuku-ku, Tokyo, Japan","Tokyo","","","35.686835508811654","139.69325011135095","81-3-33433111","","JPTYO00088","","","","","2026-06-17 17:24:42","Hotellist_supplier_japan_clean.xlsx","호텔명·도시 및 실제정보 컬럼=사용자 제공 일본 호텔 자료(매칭된 호텔) / 가격·이용자평점·리뷰수·시설·재고=가상"
"H0005","Listel Shinjuku Hotel","Tokyo","4","5-3-20 Shinjuku","7.5","468","Hotel","5-3-20 Shinjuku","Shinjuku-ku","Tokyo","160-0022","35.69306428","139.7113285","81-3-3350-0123","2.5","JPTYO00062","5ejo","42951","2492656","","2025-12-06 23:00:24","Hotellist_supplier_japan_clean.xlsx · RTX JP Hotel template_20260528.xlsx","호텔명·도시 및 실제정보 컬럼=사용자 제공 일본 호텔 자료(매칭된 호텔) / 가격·이용자평점·리뷰수·시설·재고=가상"
"H0006","Shinjuku Prince Hotel","Tokyo","5","1-30-1, Kabuki-Cho, Shinjuku-Ku, Tokyo, Japan","7.6","565","Hotel","1-30-1, Kabuki-Cho, Shinjuku-Ku, Tokyo, Japan","Tokyo","","","35.69446467177624","139.70013225767207","81-3-3205-1111","","JPTYO00136","","","","","2025-12-06 23:00:24","Hotellist_supplier_japan_clean.xlsx","호텔명·도시 및 실제정보 컬럼=사용자 제공 일본 호텔 자료(매칭된 호텔) / 가격·이용자평점·리뷰수·시설·재고=가상"
"H0007","Sotetsu Fresa Inn Higashi Shinjuku","Tokyo","3","7-27-9, Shinjuku, Shinjuku-ku, Tokyo, Japan","7.699999999999999","662","Hotel","7-27-9, Shinjuku, Shinjuku-ku, Tokyo, Japan","Tokyo","","","35.69856138318331","139.7079081134918","81-3-5292-3610","","JPSJK00007","","","","","2025-12-06 23:00:24","Hotellist_supplier_japan_clean.xlsx","호텔명·도시 및 실제정보 컬럼=사용자 제공 일본 호텔 자료(매칭된 호텔) / 가격·이용자평점·리뷰수·시설·재고=가상"
"H0008","Hotel Sunroute Plaza Shinjuku","Tokyo","4","2-3-1 Yoyogi","7.8","759","Hotel","2-3-1 Yoyogi","Shibuya-ku","Tokyo","151-0053","35.68720349","139.6988131","81-3-3375-3211","3.5","JPSJK00004","4Wyc","1935","1699407","2134","2025-12-06 23:00:24","Hotellist_supplier_japan_clean.xlsx · RTX JP Hotel template_20260528.xlsx","호텔명·도시 및 실제정보 컬럼=사용자 제공 일본 호텔 자료(매칭된 호텔) / 가격·이용자평점·리뷰수·시설·재고=가상"
"H0009","Ryokan Sawanoya","Tokyo","5","Tokyo 이케부쿠로","7.8999999999999995","856","Hotel","","","","","","","","","","","","","","","","호텔명·도시 및 실제정보 컬럼=사용자 제공 일본 호텔 자료(매칭된 호텔) / 가격·이용자평점·리뷰수·시설·재고=가상"
"H0010","Annex Katsutaro Ryokan","Tokyo","3","3-8-4 Yanaka Taito-ku 110-0001 Tokyo JP","8.0","953","Hotel","3-8-4 Yanaka Taito-ku 110-0001 Tokyo JP","Tokyo","","","35.72667","139.7647","+0081338282500","","JPTYO00770","","","","","2025-04-30 10:53:50","Hotellist_supplier_japan_clean.xlsx","호텔명·도시 및 실제정보 컬럼=사용자 제공 일본 호텔 자료(매칭된 호텔) / 가격·이용자평점·리뷰수·시설·재고=가상"
"H0011","Mandarin Oriental Tokyo","Tokyo","4","2-1-1 Nihonbashi-muromachi","8.1","1050","Hotel","2-1-1 Nihonbashi-muromachi","Chuo-ku","Tokyo","103-8328","35.687047500000006","139.7730634","81-3-3270-8800","5.0","JPTYO00134","LHps","3849629","","","2025-12-06 23:00:24","Hotellist_supplier_japan_clean.xlsx · RTX JP Hotel template_20260528.xlsx","호텔명·도시 및 실제정보 컬럼=사용자 제공 일본 호텔 자료(매칭된 호텔) / 가격·이용자평점·리뷰수·시설·재고=가상"
"H0012","Shibuya Tobu Hotel","Tokyo","5","3-1 Udagawacho","8.2","1147","Resort","3-1 Udagawacho","Shibuya-ku","Tokyo","150-0042","35.66308953","139.6986113","81-3-3476-0111","3.5","JPTYO00091","ZRim","59215","2976143","","2025-11-17 18:15:22","Hotellist_supplier_japan_clean.xlsx · RTX JP Hotel template_20260528.xlsx","호텔명·도시 및 실제정보 컬럼=사용자 제공 일본 호텔 자료(매칭된 호텔) / 가격·이용자평점·리뷰수·시설·재고=가상"
"H0013","The Prince Sakura Tower Tokyo","Tokyo","3","Tokyo 긴자·도쿄역","8.299999999999999","1244","Hotel","","","","","","","","","","","","","","","","호텔명·도시 및 실제정보 컬럼=사용자 제공 일본 호텔 자료(매칭된 호텔) / 가격·이용자평점·리뷰수·시설·재고=가상"
"H0014","Hotel Nihonbashi Saibo","Tokyo","4","3-3-16 Nihonbashiningyocho","8.4","1341","Hotel","3-3-16 Nihonbashiningyocho","Chuo-ku","Tokyo","103-0013","35.68561142","139.780359","81-3-3668-2323","2.5","JPTYO00069","pdIC","72199","4349683","","2025-12-06 23:00:24","Hotellist_supplier_japan_clean.xlsx · RTX JP Hotel template_20260528.xlsx","호텔명·도시 및 실제정보 컬럼=사용자 제공 일본 호텔 자료(매칭된 호텔) / 가격·이용자평점·리뷰수·시설·재고=가상"
"H0015","Shinagawa Prince Hotel","Tokyo","5","4-10-30 Takanawa","8.5","1438","Hotel","4-10-30 Takanawa","Minato-ku","Tokyo","108-8611","35.62772785","139.7362457","81-3-3440-1111","4.0","JPTYO00389","rpvw","9358","18997","2262","2026-06-17 17:24:42","Hotellist_supplier_japan_clean.xlsx · RTX JP Hotel template_20260528.xlsx","호텔명·도시 및 실제정보 컬럼=사용자 제공 일본 호텔 자료(매칭된 호텔) / 가격·이용자평점·리뷰수·시설·재고=가상"
"H0016","JR-East Hotel Mets Shibuya","Tokyo","3","3-29-17 Shibuya","8.6","1535","Hotel","3-29-17 Shibuya","Shibuya-ku","Tokyo","150-0002","35.65590715","139.7040806","81-3-3409-0011","3.5","JPTYO00225","psUh","6577165","20291399","","2025-12-06 23:00:24","Hotellist_supplier_japan_clean.xlsx · RTX JP Hotel template_20260528.xlsx","호텔명·도시 및 실제정보 컬럼=사용자 제공 일본 호텔 자료(매칭된 호텔) / 가격·이용자평점·리뷰수·시설·재고=가상"
"H0017","Hyatt Regency Tokyo","Tokyo","4","2-7-2, Nishishinjuku , Shinjuku-ku, Tokyo, Japan","8.7","1632","Hotel","2-7-2, Nishishinjuku , Shinjuku-ku, Tokyo, Japan","Tokyo","","","35.6909012","139.6910425","81-3-3348-1234","","JPTYO00036","","","","","2026-06-17 17:24:42","Hotellist_supplier_japan_clean.xlsx","호텔명·도시 및 실제정보 컬럼=사용자 제공 일본 호텔 자료(매칭된 호텔) / 가격·이용자평점·리뷰수·시설·재고=가상"
"H0018","InterContinental Tokyo Bay","Tokyo","5","1-16-2 Kaigan","8.799999999999999","1729","Hotel","1-16-2 Kaigan","Minato-ku","Tokyo","105-8576","35.65283128","139.7621869","81-3-5404-2222","4.0","JPTYO00077","UNeB","6057","15228","","2026-06-17 17:24:42","Hotellist_supplier_japan_clean.xlsx · RTX JP Hotel template_20260528.xlsx","호텔명·도시 및 실제정보 컬럼=사용자 제공 일본 호텔 자료(매칭된 호텔) / 가격·이용자평점·리뷰수·시설·재고=가상"
"H0019","The Capitol Hotel Tokyu","Tokyo","3","2-10-3 Nagatacho","8.9","1826","Hotel","2-10-3 Nagatacho","Chiyoda-ku","Tokyo","100-0014","35.67383111","139.7403129","81-3-3503-0109","5.0","JPTYO00150","FxPM","186486","13577","","2025-12-06 23:00:24","Hotellist_supplier_japan_clean.xlsx · RTX JP Hotel template_20260528.xlsx","호텔명·도시 및 실제정보 컬럼=사용자 제공 일본 호텔 자료(매칭된 호텔) / 가격·이용자평점·리뷰수·시설·재고=가상"
"H0020","Hotel Hokke Club Asakusa","Tokyo","4","Tokyo 니혼바시","9.0","1923","Ryokan","","","","","","","","","","","","","","","","호텔명·도시 및 실제정보 컬럼=사용자 제공 일본 호텔 자료(매칭된 호텔) / 가격·이용자평점·리뷰수·시설·재고=가상"
"H0021","Shibuya Tokyu REI Hotel","Tokyo","5","1-24-10 Shibuya","9.1","2020","Hotel","1-24-10 Shibuya","Shibuya-ku","Tokyo","150-0002","35.66020384","139.7020056","81-3-3498-0109","3.5","JPTYO00145","D5NK","2312","","","2026-06-17 17:24:42","Hotellist_supplier_japan_clean.xlsx · RTX JP Hotel template_20260528.xlsx","호텔명·도시 및 실제정보 컬럼=사용자 제공 일본 호텔 자료(매칭된 호텔) / 가격·이용자평점·리뷰수·시설·재고=가상"
"H0022","Hotel Horidome Villa","Tokyo","3","1-10-10, Nihonbashi Horidome-Cho, Chuo-Ku, Tokyo, Japan","9.2","2117","Hotel","1-10-10, Nihonbashi Horidome-Cho, Chuo-Ku, Tokyo, Japan","Tokyo","","","35.688654","139.7799054","81-3-36640840","","JPTYO00076","","","","","2025-12-06 23:00:24","Hotellist_supplier_japan_clean.xlsx","호텔명·도시 및 실제정보 컬럼=사용자 제공 일본 호텔 자료(매칭된 호텔) / 가격·이용자평점·리뷰수·시설·재고=가상"
"H0023","The Strings by InterContinental Tokyo","Tokyo","4","26-32F Shinagawa East One Tower, 2-16-1 Konan","9.3","2214","Resort","26-32F Shinagawa East One Tower, 2-16-1 Konan","Minato-ku","Tokyo","108-8282","35.62757799","139.7407342","81-3-5783-1111","4.5","JPTYO00101","2qeR","108725","917711","","2025-11-17 18:15:22","Hotellist_supplier_japan_clean.xlsx · RTX JP Hotel template_20260528.xlsx","호텔명·도시 및 실제정보 컬럼=사용자 제공 일본 호텔 자료(매칭된 호텔) / 가격·이용자평점·리뷰수·시설·재고=가상"
"H0024","Hotel Mystays Hamamatsucho","Tokyo","5","1-18-14 Hamamatsucho","9.399999999999999","2311","Hotel","1-18-14 Hamamatsucho","Minato-ku","Tokyo","105-0013","35.65818605","139.7551873","81-3-6689-3939","2.5","JPTYO00166","XdHP","281634","","","2026-04-17 11:35:33","Hotellist_supplier_japan_clean.xlsx · RTX JP Hotel template_20260528.xlsx","호텔명·도시 및 실제정보 컬럼=사용자 제공 일본 호텔 자료(매칭된 호텔) / 가격·이용자평점·리뷰수·시설·재고=가상"
"H0025","Hotel JAL City Haneda Tokyo","Tokyo","3","4-11 Hanedaasahicho","9.5","2408","Hotel","4-11 Hanedaasahicho","Ota-ku","Tokyo","144-0042","35.55","139.75","81-3-5735-2525","3.5","JPTYO00122","mpen","69301","","1019","2026-07-20 17:50:53","Hotellist_supplier_japan_clean.xlsx · RTX JP Hotel template_20260528.xlsx","호텔명·도시 및 실제정보 컬럼=사용자 제공 일본 호텔 자료(매칭된 호텔) / 가격·이용자평점·리뷰수·시설·재고=가상"
"H0026","Richmond Hotel Tokyo Shiba","Tokyo","4","2-3-4 Shibakoen","9.6","2505","Hotel","2-3-4 Shibakoen","Minato-ku","Tokyo","105-0011","35.65685834","139.7522737","81-3-5777-7722","3.0","JPTYO00993","KySz","3037674","20814281","2134","2025-12-06 23:00:24","Hotellist_supplier_japan_clean.xlsx · RTX JP Hotel template_20260528.xlsx","호텔명·도시 및 실제정보 컬럼=사용자 제공 일본 호텔 자료(매칭된 호텔) / 가격·이용자평점·리뷰수·시설·재고=가상"
"H0027","Dai-ichi Hotel Ryogoku","Tokyo","5","1-6-1, Yokoami, Sumida-ku, Tokyo, Japan","9.7","2602","Hotel","1-6-1, Yokoami, Sumida-ku, Tokyo, Japan","Tokyo","","","35.6983005","139.796856","81-3-56115211","","JPTYO00131","","","","","2026-03-16 11:33:18","Hotellist_supplier_japan_clean.xlsx","호텔명·도시 및 실제정보 컬럼=사용자 제공 일본 호텔 자료(매칭된 호텔) / 가격·이용자평점·리뷰수·시설·재고=가상"
"H0028","Mitsui Garden Hotel Ueno","Tokyo","3","3-19-7 Higashiueno","9.8","2699","Hotel","3-19-7 Higashiueno","Taito-ku","Tokyo","110-0015","35.71184452","139.7781804","81-3-3839-1131","2.5","JPUEN00008","wqi5","222614","3804644","1790","2025-12-06 23:00:24","Hotellist_supplier_japan_clean.xlsx · RTX JP Hotel template_20260528.xlsx","호텔명·도시 및 실제정보 컬럼=사용자 제공 일본 호텔 자료(매칭된 호텔) / 가격·이용자평점·리뷰수·시설·재고=가상"
"H0029","Ochanomizu Inn","Tokyo","4","1-3-7 Yushima","7.1","2796","Hotel","1-3-7 Yushima","Bunkyo-ku","Tokyo","113-0034","35.7","139.77","81-3-3813-8211","2.5","JPTYO00977","uMVL","2571629","15957579","717","2025-04-30 10:53:50","Hotellist_supplier_japan_clean.xlsx · RTX JP Hotel template_20260528.xlsx","호텔명·도시 및 실제정보 컬럼=사용자 제공 일본 호텔 자료(매칭된 호텔) / 가격·이용자평점·리뷰수·시설·재고=가상"
"H0030","Hotel New Otani Tokyo","Tokyo","5","1-6-2 Osaki","7.199999999999999","2893","Hotel","1-6-2 Osaki","Shinagawa-ku","Tokyo","141-0032","35.62072567","139.7293299","81-3-3779-9111","3.5","JPTYO00068","k1M4","3276","54203","405","2025-12-06 23:00:24","Hotellist_supplier_japan_clean.xlsx · RTX JP Hotel template_20260528.xlsx","호텔명·도시 및 실제정보 컬럼=사용자 제공 일본 호텔 자료(매칭된 호텔) / 가격·이용자평점·리뷰수·시설·재고=가상"
"H0031","Palace Hotel Tokyo","Tokyo","3","1-1-1 Marunouchi","7.3","2990","Hotel","1-1-1 Marunouchi","Chiyoda-ku","Tokyo","100-0005","35.6845024","139.7612295","81-3-3211-5211","5.0","JPTYO00071","hciC","569164","416454","","2025-09-15 12:31:43","Hotellist_supplier_japan_clean.xlsx · RTX JP Hotel template_20260528.xlsx","호텔명·도시 및 실제정보 컬럼=사용자 제공 일본 호텔 자료(매칭된 호텔) / 가격·이용자평점·리뷰수·시설·재고=가상"
"H0032","The Tokyo Station Hotel","Tokyo","4","1-9-1 Marunouchi","7.3999999999999995","3087","Hotel","1-9-1 Marunouchi","Chiyoda-ku","Tokyo","100-0005","35.68067269","139.7657632","81-3-5220-1111","5.0","JPTYO00345","2Ky4","305312","428366","2292","2025-12-06 23:00:24","Hotellist_supplier_japan_clean.xlsx · RTX JP Hotel template_20260528.xlsx","호텔명·도시 및 실제정보 컬럼=사용자 제공 일본 호텔 자료(매칭된 호텔) / 가격·이용자평점·리뷰수·시설·재고=가상"
"H0033","Imperial Hotel Tokyo","Tokyo","5","1-1-1 Uchisaiwaicho","7.5","3184","Hotel","1-1-1 Uchisaiwaicho","Chiyoda-ku","Tokyo","100-8558","35.672428","139.758368","81-3-3504-1111","5.0","JPTYO00057","qn6h","286","11063","1688","2025-11-17 18:15:22","Hotellist_supplier_japan_clean.xlsx · RTX JP Hotel template_20260528.xlsx","호텔명·도시 및 실제정보 컬럼=사용자 제공 일본 호텔 자료(매칭된 호텔) / 가격·이용자평점·리뷰수·시설·재고=가상"
"H0034","Conrad Tokyo","Tokyo","3","1-9-1 Higashi Shinbashi","7.6","3281","Resort","1-9-1 Higashi Shinbashi","Minato-ku","Tokyo","105-7337","35.662930110000005","139.760856","81-3-6388-8000","5.0","JPTYO00053","C8ot","69184","1235351","","2026-06-17 17:24:42","Hotellist_supplier_japan_clean.xlsx · RTX JP Hotel template_20260528.xlsx","호텔명·도시 및 실제정보 컬럼=사용자 제공 일본 호텔 자료(매칭된 호텔) / 가격·이용자평점·리뷰수·시설·재고=가상"
"H0035","Park Hotel Tokyo","Tokyo","4","1-7-1 Higashishinbashi","7.699999999999999","3378","Hotel","1-7-1 Higashishinbashi","Minato-ku","Tokyo","105-7227","35.66283841","139.7594173","81-3-6252-1111","4.0","JPTYO00072","27NL","51457","903455","","2025-11-17 18:15:22","Hotellist_supplier_japan_clean.xlsx · RTX JP Hotel template_20260528.xlsx","호텔명·도시 및 실제정보 컬럼=사용자 제공 일본 호텔 자료(매칭된 호텔) / 가격·이용자평점·리뷰수·시설·재고=가상"
"H0036","The Okura Tokyo","Tokyo","5","2-10-4 Toranomon","7.8","3475","Hotel","2-10-4 Toranomon","Minato-ku","Tokyo","105-0001","35.6668569","139.7439908","81-3-3582-0111","5.0","JPTYO00750","FUoj","7009454","","","2025-12-06 23:00:24","Hotellist_supplier_japan_clean.xlsx · RTX JP Hotel template_20260528.xlsx","호텔명·도시 및 실제정보 컬럼=사용자 제공 일본 호텔 자료(매칭된 호텔) / 가격·이용자평점·리뷰수·시설·재고=가상"
"H0037","Andaz Tokyo Toranomon Hills","Tokyo","3","1-23-4,Toranomon, Minato-ku, Tokyo, Japan","7.8999999999999995","3572","Hotel","1-23-4,Toranomon, Minato-ku, Tokyo, Japan","Tokyo","","","35.666944","139.749444","81-3-68301234","","JPTYO00018","","","","","2025-12-05 23:03:04","Hotellist_supplier_japan_clean.xlsx","호텔명·도시 및 실제정보 컬럼=사용자 제공 일본 호텔 자료(매칭된 호텔) / 가격·이용자평점·리뷰수·시설·재고=가상"
"H0038","Grand Hyatt Tokyo","Tokyo","4","6-10-3,Roppongi, Minato-Ku, Tokyo 106-0032 Japan","8.0","3669","Hotel","6-10-3,Roppongi, Minato-Ku, Tokyo 106-0032 Japan","Tokyo","","","35.66010059861668","139.72833665263977","81-3-43331234","","JPTYO00096","","","","","2025-11-17 18:15:22","Hotellist_supplier_japan_clean.xlsx","호텔명·도시 및 실제정보 컬럼=사용자 제공 일본 호텔 자료(매칭된 호텔) / 가격·이용자평점·리뷰수·시설·재고=가상"
"H0039","Cerulean Tower Tokyu Hotel","Tokyo","5","26-1 Sakuragaokacho","8.1","3766","Ryokan","26-1 Sakuragaokacho","Shibuya-ku","Tokyo","150-8512","35.65624031000001","139.6990615","81-3-3476-3000","5.0","JPTYO00037","Dvyb","1963","661016","1573","2025-12-05 23:03:04","Hotellist_supplier_japan_clean.xlsx · RTX JP Hotel template_20260528.xlsx","호텔명·도시 및 실제정보 컬럼=사용자 제공 일본 호텔 자료(매칭된 호텔) / 가격·이용자평점·리뷰수·시설·재고=가상"
"H0040","Keio Plaza Hotel Tokyo","Tokyo","3","2-2-1 Nishishinjuku","8.2","3863","Hotel","2-2-1 Nishishinjuku","Shinjuku-ku","Tokyo","160-8330","35.69015304","139.6943134","81-3-3344-0111","4.0","JPTYO00142","LvrB","2368873","15215","","2026-06-17 14:54:25","Hotellist_supplier_japan_clean.xlsx · RTX JP Hotel template_20260528.xlsx","호텔명·도시 및 실제정보 컬럼=사용자 제공 일본 호텔 자료(매칭된 호텔) / 가격·이용자평점·리뷰수·시설·재고=가상"
"H0041","Hilton Tokyo","Tokyo","4","6-6-2, Nishishinjuku , Shinjuku-ku, Tokyo, Japan","8.299999999999999","3960","Hotel","6-6-2, Nishishinjuku , Shinjuku-ku, Tokyo, Japan","Tokyo","","","35.6926927","139.691073","81-3-3344-5111","","JPTYO00048","","","","","2026-06-17 17:24:42","Hotellist_supplier_japan_clean.xlsx","호텔명·도시 및 실제정보 컬럼=사용자 제공 일본 호텔 자료(매칭된 호텔) / 가격·이용자평점·리뷰수·시설·재고=가상"
"H0042","Park Hyatt Tokyo","Tokyo","5","3-7-1-2 NIishi-Shinjuku, Shinjuku-ku, Tokyo, Japan","8.4","4057","Hotel","3-7-1-2 NIishi-Shinjuku, Shinjuku-ku, Tokyo, Japan","Tokyo","","","35.685558496606326","139.69061853981168","81-3-5322-1234","","JPTYO00157","","","","","2025-09-15 12:31:43","Hotellist_supplier_japan_clean.xlsx","호텔명·도시 및 실제정보 컬럼=사용자 제공 일본 호텔 자료(매칭된 호텔) / 가격·이용자평점·리뷰수·시설·재고=가상"
"H0043","The Peninsula Tokyo","Tokyo","3","1-8-1, Yurakucho, Chiyoda-Ku, Tokyo, Japan","8.5","4154","Hotel","1-8-1, Yurakucho, Chiyoda-Ku, Tokyo, Japan","Tokyo","","","35.67469121965017","139.76065361838528","81-3-6270-2888","","JPTYO00079","","","","","2025-11-17 18:15:22","Hotellist_supplier_japan_clean.xlsx","호텔명·도시 및 실제정보 컬럼=사용자 제공 일본 호텔 자료(매칭된 호텔) / 가격·이용자평점·리뷰수·시설·재고=가상"
"H0044","Four Seasons Hotel Tokyo at Marunouchi","Tokyo","4","Pacific Century Place, 1-11-1, Maruno Chiyoda-ku, Tokyo, Japan","8.6","4251","Hotel","Pacific Century Place, 1-11-1, Maruno Chiyoda-ku, Tokyo, Japan","Tokyo","","","35.678194741610774","139.76692811534417","81-3-52227222","","JPTYO00075","","","","","2025-12-06 23:00:24","Hotellist_supplier_japan_clean.xlsx","호텔명·도시 및 실제정보 컬럼=사용자 제공 일본 호텔 자료(매칭된 호텔) / 가격·이용자평점·리뷰수·시설·재고=가상"
"H0045","Aman Tokyo","Tokyo","5","The Otemachi Tower, 1-5-6 Otemachi, Chiyoda-ku, Tokyo, Japan","8.7","4348","Resort","The Otemachi Tower, 1-5-6 Otemachi, Chiyoda-ku, Tokyo, Japan","Tokyo","","","35.68586156442201","139.76782528088154","81-3-52243333","","JPTYO00398","","","","","2025-11-17 18:15:22","Hotellist_supplier_japan_clean.xlsx","호텔명·도시 및 실제정보 컬럼=사용자 제공 일본 호텔 자료(매칭된 호텔) / 가격·이용자평점·리뷰수·시설·재고=가상"
"H0046","Hoshinoya Tokyo","Tokyo","3","1 9 1 OTEMACHI CHIYODA KU,   TOKYO ","8.799999999999999","4445","Hotel","1 9 1 OTEMACHI CHIYODA KU,   TOKYO ","Tokyo","","","35.6877","139.765","+815037861144","","JPTYO00887","","","","","2025-04-30 10:53:50","Hotellist_supplier_japan_clean.xlsx","호텔명·도시 및 실제정보 컬럼=사용자 제공 일본 호텔 자료(매칭된 호텔) / 가격·이용자평점·리뷰수·시설·재고=가상"
"H0047","The Gate Hotel Tokyo by Hulic","Tokyo","4","2-2-3 Yurakucho ","8.9","4542","Hotel","2-2-3 Yurakucho ","Chiyoda-ku","Tokyo","100-0006","35.67282387","139.7614178","81-3-6263-8233","4.5","JPTYO00715","sm7i","6549016","29359886","1605","2026-07-08 16:26:10","Hotellist_supplier_japan_clean.xlsx · RTX JP Hotel template_20260528.xlsx","호텔명·도시 및 실제정보 컬럼=사용자 제공 일본 호텔 자료(매칭된 호텔) / 가격·이용자평점·리뷰수·시설·재고=가상"
"H0048","Mitsui Garden Hotel Jingugaien Tokyo Premier","Tokyo","5","11-3 Kasumigaokamachi","9.0","4639","Hotel","11-3 Kasumigaokamachi","Shinjuku-ku","Tokyo","160-0013","35.68022377999999","139.71545590000002","81-3-5786-1531","4.0","JPTYO00953","mV4F","7028111","36133857","","2025-09-15 12:31:43","Hotellist_supplier_japan_clean.xlsx · RTX JP Hotel template_20260528.xlsx","호텔명·도시 및 실제정보 컬럼=사용자 제공 일본 호텔 자료(매칭된 호텔) / 가격·이용자평점·리뷰수·시설·재고=가상"
"H0049","sequence Miyashita Park","Tokyo","3","6-20-10 Jingumae, Shibuya-ku","9.1","4736","Hotel","6-20-10 Jingumae, Shibuya-ku","Shibuya-ku","Tokyo","150-0001","35.663448210000006","139.701811","81-3-5468-6131","3.5","JPTYO01336","cq3s","12506368","46302111","","2025-09-15 12:31:43","Hotellist_supplier_japan_clean.xlsx · RTX JP Hotel template_20260528.xlsx","호텔명·도시 및 실제정보 컬럼=사용자 제공 일본 호텔 자료(매칭된 호텔) / 가격·이용자평점·리뷰수·시설·재고=가상"
"H0050","Tokyo Dome Hotel","Tokyo","4","1-3-61 Koraku","9.2","4833","Hotel","1-3-61 Koraku","Bunkyo-ku","Tokyo","112-8562","35.70359478","139.7532662","81-3-5805-2111","4.5","JPTYO00197","7e39","43321","","","2025-11-17 18:15:22","Hotellist_supplier_japan_clean.xlsx · RTX JP Hotel template_20260528.xlsx","호텔명·도시 및 실제정보 컬럼=사용자 제공 일본 호텔 자료(매칭된 호텔) / 가격·이용자평점·리뷰수·시설·재고=가상"
"H0051","＆AND HOSTEL AKIHABARA","Tokyo","5","Tokyo 신주쿠","9.3","4930","Hotel","","","","","","","","","","","","","","","","호텔명·도시 및 실제정보 컬럼=사용자 제공 일본 호텔 자료(매칭된 호텔) / 가격·이용자평점·리뷰수·시설·재고=가상"
"H0052","&Here","Tokyo","3","Tokyo 시부야","9.399999999999999","127","Hotel","","","","","","","","","","","","","","","","호텔명·도시 및 실제정보 컬럼=사용자 제공 일본 호텔 자료(매칭된 호텔) / 가격·이용자평점·리뷰수·시설·재고=가상"
"H0053","1 Hotel Tokyo","Tokyo","4","AKASAKA, MINATO-KU, 2-17-22, 43, MINATO-KU,107-0052","9.5","224","Hotel","AKASAKA, MINATO-KU, 2-17-22, 43, MINATO-KU,107-0052","Tokyo","","","35.67005766583886","139.74049737665177","+81364413040","","JPTYO01916","","","","","2026-05-19 12:34:31","Hotellist_supplier_japan_clean.xlsx","호텔명·도시 및 실제정보 컬럼=사용자 제공 일본 호텔 자료(매칭된 호텔) / 가격·이용자평점·리뷰수·시설·재고=가상"
"H0054","328 Hostel&Lounge","Tokyo","5","Tokyo 아사쿠사","9.6","321","Hotel","","","","","","","","","","","","","","","","호텔명·도시 및 실제정보 컬럼=사용자 제공 일본 호텔 자료(매칭된 호텔) / 가격·이용자평점·리뷰수·시설·재고=가상"
"H0055","3Q Seasons","Tokyo","3","Tokyo 우에노","9.7","418","Hotel","","","","","","","","","","","","","","","","호텔명·도시 및 실제정보 컬럼=사용자 제공 일본 호텔 자료(매칭된 호텔) / 가격·이용자평점·리뷰수·시설·재고=가상"
"H0056","3Q Showa","Tokyo","4","Tokyo 롯폰기","9.8","515","Resort","","","","","","","","","","","","","","","","호텔명·도시 및 실제정보 컬럼=사용자 제공 일본 호텔 자료(매칭된 호텔) / 가격·이용자평점·리뷰수·시설·재고=가상"
"H0057","9h nine hours","Tokyo","5","Tokyo 오다이바","7.1","612","Hotel","","","","","","","","","","","","","","","","호텔명·도시 및 실제정보 컬럼=사용자 제공 일본 호텔 자료(매칭된 호텔) / 가격·이용자평점·리뷰수·시설·재고=가상"
"H0058","9h nine hours Hamamatsucho","Tokyo","3","1-25-10 Hamamatsucho","7.199999999999999","709","Ryokan","1-25-10 Hamamatsucho","Minato-ku","Tokyo","105-0013","35.6573697","139.7559136","81-3-6432-4256","1.5","","fUsq","9775328","41182262","","","RTX JP Hotel template_20260528.xlsx","호텔명·도시 및 실제정보 컬럼=사용자 제공 일본 호텔 자료(매칭된 호텔) / 가격·이용자평점·리뷰수·시설·재고=가상"
"H0059","9h nine hours Otemachi","Tokyo","4","Tokyo 이케부쿠로","7.3","806","Hotel","","","","","","","","","","","","","","","","호텔명·도시 및 실제정보 컬럼=사용자 제공 일본 호텔 자료(매칭된 호텔) / 가격·이용자평점·리뷰수·시설·재고=가상"
"H0060","9h nine hours woman","Tokyo","5","Tokyo 니혼바시","7.3999999999999995","903","Hotel","","","","","","","","","","","","","","","","호텔명·도시 및 실제정보 컬럼=사용자 제공 일본 호텔 자료(매칭된 호텔) / 가격·이용자평점·리뷰수·시설·재고=가상"
"H0061","AC Hotel by Marriott Tokyo Ginza","Tokyo","3","Tokyo 신주쿠","7.5","1000","Hotel","","","","","","","","","","","","","","","","호텔명·도시 및 실제정보 컬럼=사용자 제공 일본 호텔 자료(매칭된 호텔) / 가격·이용자평점·리뷰수·시설·재고=가상"
"H0062","ACE INN Asakusa","Tokyo","4","Tokyo 시부야","7.6","1097","Hotel","","","","","","","","","","","","","","","","호텔명·도시 및 실제정보 컬럼=사용자 제공 일본 호텔 자료(매칭된 호텔) / 가격·이용자평점·리뷰수·시설·재고=가상"
"H0063","Ace Inn Shinjuku","Tokyo","5","5 3 KATAMACHI,   TOKYO CITY","7.699999999999999","1194","Hotel","5 3 KATAMACHI,   TOKYO CITY","Tokyo","","","35.6925","139.725","+81333506655","","JPTYO00789","","","","","2025-04-30 10:53:50","Hotellist_supplier_japan_clean.xlsx","호텔명·도시 및 실제정보 컬럼=사용자 제공 일본 호텔 자료(매칭된 호텔) / 가격·이용자평점·리뷰수·시설·재고=가상"
"H0064","ACUERUDO","Tokyo","3","Tokyo 아사쿠사","7.8","1291","Hotel","","","","","","","","","","","","","","","","호텔명·도시 및 실제정보 컬럼=사용자 제공 일본 호텔 자료(매칭된 호텔) / 가격·이용자평점·리뷰수·시설·재고=가상"
"H0065","Agora Place Asakusa","Tokyo","4","2-2-9, Kotobuki, Taito-ku, Tokyo, Japan","7.8999999999999995","1388","Hotel","2-2-9, Kotobuki, Taito-ku, Tokyo, Japan","Tokyo","","","35.70902102414587","139.7908796490738","81-3-3842-8421","","JPTYO01737","","","","","2025-11-17 18:15:22","Hotellist_supplier_japan_clean.xlsx","호텔명·도시 및 실제정보 컬럼=사용자 제공 일본 호텔 자료(매칭된 호텔) / 가격·이용자평점·리뷰수·시설·재고=가상"
"H0066","Ai Ai House","Tokyo","5","Tokyo 롯폰기","8.0","1485","Hotel","","","","","","","","","","","","","","","","호텔명·도시 및 실제정보 컬럼=사용자 제공 일본 호텔 자료(매칭된 호텔) / 가격·이용자평점·리뷰수·시설·재고=가상"
"H0067","Ai Hotel Nihonbashi","Tokyo","3","Tokyo 오다이바","8.1","1582","Resort","","","","","","","","","","","","","","","","호텔명·도시 및 실제정보 컬럼=사용자 제공 일본 호텔 자료(매칭된 호텔) / 가격·이용자평점·리뷰수·시설·재고=가상"
"H0068","AIM","Tokyo","4","Tokyo 시나가와","8.2","1679","Hotel","","","","","","","","","","","","","","","","호텔명·도시 및 실제정보 컬럼=사용자 제공 일본 호텔 자료(매칭된 호텔) / 가격·이용자평점·리뷰수·시설·재고=가상"
"H0069","aima","Tokyo","5","Tokyo 이케부쿠로","8.299999999999999","1776","Hotel","","","","","","","","","","","","","","","","호텔명·도시 및 실제정보 컬럼=사용자 제공 일본 호텔 자료(매칭된 호텔) / 가격·이용자평점·리뷰수·시설·재고=가상"
"H0070","air b&b","Tokyo","3","Tokyo 니혼바시","8.4","1873","Hotel","","","","","","","","","","","","","","","","호텔명·도시 및 실제정보 컬럼=사용자 제공 일본 호텔 자료(매칭된 호텔) / 가격·이용자평점·리뷰수·시설·재고=가상"
"H0071","Air bnb","Tokyo","4","Tokyo 신주쿠","8.5","1970","Hotel","","","","","","","","","","","","","","","","호텔명·도시 및 실제정보 컬럼=사용자 제공 일본 호텔 자료(매칭된 호텔) / 가격·이용자평점·리뷰수·시설·재고=가상"
"H0072","Airbnb","Tokyo","5","Tokyo 시부야","8.6","2067","Hotel","","","","","","","","","","","","","","","","호텔명·도시 및 실제정보 컬럼=사용자 제공 일본 호텔 자료(매칭된 호텔) / 가격·이용자평점·리뷰수·시설·재고=가상"
"H0073","airbnb Minami Mejiro","Tokyo","3","Tokyo 긴자·도쿄역","8.7","2164","Hotel","","","","","","","","","","","","","","","","호텔명·도시 및 실제정보 컬럼=사용자 제공 일본 호텔 자료(매칭된 호텔) / 가격·이용자평점·리뷰수·시설·재고=가상"
"H0074","Airbnb Oku","Tokyo","4","Tokyo 아사쿠사","8.799999999999999","2261","Hotel","","","","","","","","","","","","","","","","호텔명·도시 및 실제정보 컬럼=사용자 제공 일본 호텔 자료(매칭된 호텔) / 가격·이용자평점·리뷰수·시설·재고=가상"
"H0075","Airport Inn","Tokyo","5","Tokyo 우에노","8.9","2358","Hotel","","","","","","","","","","","","","","","","호텔명·도시 및 실제정보 컬럼=사용자 제공 일본 호텔 자료(매칭된 호텔) / 가격·이용자평점·리뷰수·시설·재고=가상"
"H0076","Aizuya-Inn","Tokyo","3","733 Shiobara","9.0","2455","Hotel","733 Shiobara","Nasushiobara","Tochigi","329-2921","36.970980710000006","139.8193826","81-287-32-2020","3.0","JPTYO00233","kvHa","161503","2946444","","2023-12-15 15:35:38","Hotellist_supplier_japan_clean.xlsx · RTX JP Hotel template_20260528.xlsx","호텔명·도시 및 실제정보 컬럼=사용자 제공 일본 호텔 자료(매칭된 호텔) / 가격·이용자평점·리뷰수·시설·재고=가상"
"H0077","Akabane Plaza Hotel","Tokyo","4","1-9-12 Akabane Minami","9.1","2552","Ryokan","1-9-12 Akabane Minami","Kita-ku","Tokyo","115-0044","35.77771339","139.7224824","81-3-3903-0168","3.0","","kw68","","","","","RTX JP Hotel template_20260528.xlsx","호텔명·도시 및 실제정보 컬럼=사용자 제공 일본 호텔 자료(매칭된 호텔) / 가격·이용자평점·리뷰수·시설·재고=가상"
"H0078","Akasaka Tameike Tower","Tokyo","5","Tokyo 시나가와","9.2","2649","Resort","","","","","","","","","","","","","","","","호텔명·도시 및 실제정보 컬럼=사용자 제공 일본 호텔 자료(매칭된 호텔) / 가격·이용자평점·리뷰수·시설·재고=가상"
"H0079","Akasaka Yoko Hotel","Tokyo","3","6-14-12 Akasaka","9.3","2746","Hotel","6-14-12 Akasaka","Minato-ku","Tokyo","107-0052","35.66946752","139.7331692","81-3-3586-4050","3.0","JPTYO00120","zqWR","65807","4349653","745","2025-11-17 18:15:22","Hotellist_supplier_japan_clean.xlsx · RTX JP Hotel template_20260528.xlsx","호텔명·도시 및 실제정보 컬럼=사용자 제공 일본 호텔 자료(매칭된 호텔) / 가격·이용자평점·리뷰수·시설·재고=가상"
"H0080","Akatsuka International Guiest House","Tokyo","4","Tokyo 니혼바시","9.399999999999999","2843","Hotel","","","","","","","","","","","","","","","","호텔명·도시 및 실제정보 컬럼=사용자 제공 일본 호텔 자료(매칭된 호텔) / 가격·이용자평점·리뷰수·시설·재고=가상"
"H0081","Aki’s Place","Tokyo","5","Tokyo 신주쿠","9.5","2940","Hotel","","","","","","","","","","","","","","","","호텔명·도시 및 실제정보 컬럼=사용자 제공 일본 호텔 자료(매칭된 호텔) / 가격·이용자평점·리뷰수·시설·재고=가상"
"H0082","Akihabara Washington Hotel","Tokyo","3","1-8-3 Kandasakumacho","9.6","3037","Hotel","1-8-3 Kandasakumacho","Chiyoda-ku","Tokyo","101-0025","35.69729048000001","139.773798","81-3-3255-3311","3.5","JPTYO00180","rOXt","51488","1406688","","2025-12-05 23:03:04","Hotellist_supplier_japan_clean.xlsx · RTX JP Hotel template_20260528.xlsx","호텔명·도시 및 실제정보 컬럼=사용자 제공 일본 호텔 자료(매칭된 호텔) / 가격·이용자평점·리뷰수·시설·재고=가상"
"H0083","Albida Hotel Aoyama","Tokyo","4","Tokyo 긴자·도쿄역","9.7","3134","Hotel","","","","","","","","","","","","","","","","호텔명·도시 및 실제정보 컬럼=사용자 제공 일본 호텔 자료(매칭된 호텔) / 가격·이용자평점·리뷰수·시설·재고=가상"
"H0084","almeria","Tokyo","5","Tokyo 아사쿠사","9.8","3231","Hotel","","","","","","","","","","","","","","","","호텔명·도시 및 실제정보 컬럼=사용자 제공 일본 호텔 자료(매칭된 호텔) / 가격·이용자평점·리뷰수·시설·재고=가상"
"H0085","Almond Hostel & Cafe","Tokyo","3","1-7 Motoyoyogicho","7.1","3328","Hotel","1-7 Motoyoyogicho","Shibuya-ku","Tokyo","151-0062","35.6699481","139.6875296","81-50-3628-5577","2.0","JPTYO01332","fy73","2266953","","","2025-07-18 16:18:10","Hotellist_supplier_japan_clean.xlsx · RTX JP Hotel template_20260528.xlsx","호텔명·도시 및 실제정보 컬럼=사용자 제공 일본 호텔 자료(매칭된 호텔) / 가격·이용자평점·리뷰수·시설·재고=가상"
"H0086","Almont Hotel Nippori","Tokyo","4","5-47-1 Higashi Nippori","7.199999999999999","3425","Hotel","5-47-1 Higashi Nippori","Arakawa-ku","Tokyo","116-0014","35.73","139.77","81-3-5615-3431","2.5","JPTYO01366","2Vcp","22506683","","42","2025-12-05 23:03:04","Hotellist_supplier_japan_clean.xlsx · RTX JP Hotel template_20260528.xlsx","호텔명·도시 및 실제정보 컬럼=사용자 제공 일본 호텔 자료(매칭된 호텔) / 가격·이용자평점·리뷰수·시설·재고=가상"
"H0087","Aloft Tokyo Ginza","Tokyo","5","6-14-3 Ginza","7.3","3522","Hotel","6-14-3 Ginza","Chuo-ku","Tokyo","104-0061","35.66891539","139.7657203","81-3-6278-8122","3.0","JPTYO00787","uq4j","13873373","","","2026-07-20 17:50:53","Hotellist_supplier_japan_clean.xlsx · RTX JP Hotel template_20260528.xlsx","호텔명·도시 및 실제정보 컬럼=사용자 제공 일본 호텔 자료(매칭된 호텔) / 가격·이용자평점·리뷰수·시설·재고=가상"
"H0088","AMAND HOTEL","Tokyo","3","Tokyo 시나가와","7.3999999999999995","3619","Hotel","","","","","","","","","","","","","","","","호텔명·도시 및 실제정보 컬럼=사용자 제공 일본 호텔 자료(매칭된 호텔) / 가격·이용자평점·리뷰수·시설·재고=가상"
"H0089","ANA Intercontinental Tokyo","Tokyo","4","1-12-33 Akasaka, Minato-ku, Tokyo, 107-0052, Japan","7.5","3716","Resort","1-12-33 Akasaka, Minato-ku, Tokyo, 107-0052, Japan","Tokyo","","","35.66811491051616","139.74100689262502","81-3-35051111","","JPTYO00031","","","","","2025-09-15 12:31:43","Hotellist_supplier_japan_clean.xlsx","호텔명·도시 및 실제정보 컬럼=사용자 제공 일본 호텔 자료(매칭된 호텔) / 가격·이용자평점·리뷰수·시설·재고=가상"
"H0090","And Hostel Asakusa Kappabashi","Tokyo","5","1-11-4 Matsugaya","7.6","3813","Hotel","1-11-4 Matsugaya","Taito-ku","Tokyo","111-0036","35.7121177","139.7878647","81-50-5444-6618","2.0","JPTAD00022","jkls","21947865","72041029","","2026-05-09 11:29:34","Hotellist_supplier_japan_clean.xlsx · RTX JP Hotel template_20260528.xlsx","호텔명·도시 및 실제정보 컬럼=사용자 제공 일본 호텔 자료(매칭된 호텔) / 가격·이용자평점·리뷰수·시설·재고=가상"
"H0091","And Hostel Kuramae West","Tokyo","3","2-11-2 Misuji","7.699999999999999","3910","Hotel","2-11-2 Misuji","Taito-ku","","","35.705448496491236","139.78558444390782","81-3-5829-5813","","JPTAD00011","","","","","2025-07-16 18:15:14","Hotellist_supplier_japan_clean.xlsx","호텔명·도시 및 실제정보 컬럼=사용자 제공 일본 호텔 자료(매칭된 호텔) / 가격·이용자평점·리뷰수·시설·재고=가상"
"H0092","ANdAZ","Tokyo","4","Tokyo 시부야","7.8","4007","Hotel","","","","","","","","","","","","","","","","호텔명·도시 및 실제정보 컬럼=사용자 제공 일본 호텔 자료(매칭된 호텔) / 가격·이용자평점·리뷰수·시설·재고=가상"
"H0093","Andon Ryokan","Tokyo","5","3-2-14 Higashimachi, Higashikawacho","7.8999999999999995","4104","Hotel","3-2-14 Higashimachi, Higashikawacho","Kamikawa-gun","Hokkaido","071-1423","43.694031","142.5153712","81-90-9510-4813","1.0","JPTYO00799","dNRd","","","","2025-12-05 23:03:04","Hotellist_supplier_japan_clean.xlsx · RTX JP Hotel template_20260528.xlsx","호텔명·도시 및 실제정보 컬럼=사용자 제공 일본 호텔 자료(매칭된 호텔) / 가격·이용자평점·리뷰수·시설·재고=가상"
"H0094","Anne Hostel Asakusabashi","Tokyo","3","2-21-14 Yanagibashi  Taito-ku","8.0","4201","Hotel","2-21-14 Yanagibashi  Taito-ku","Tokyo","","","35.69896653410551","139.78940119510654","04-2339233","","JPTYO01156","","","","","2025-09-22 15:23:38","Hotellist_supplier_japan_clean.xlsx","호텔명·도시 및 실제정보 컬럼=사용자 제공 일본 호텔 자료(매칭된 호텔) / 가격·이용자평점·리뷰수·시설·재고=가상"
"H0095","Anne Hostel Yokozuna","Tokyo","4","Tokyo 우에노","8.1","4298","Hotel","","","","","","","","","","","","","","","","호텔명·도시 및 실제정보 컬럼=사용자 제공 일본 호텔 자료(매칭된 호텔) / 가격·이용자평점·리뷰수·시설·재고=가상"
"H0096","Anshin Oyado","Tokyo","5","Tokyo 롯폰기","8.2","4395","Ryokan","","","","","","","","","","","","","","","","호텔명·도시 및 실제정보 컬럼=사용자 제공 일본 호텔 자료(매칭된 호텔) / 가격·이용자평점·리뷰수·시설·재고=가상"
"H0097","Anshin Oyado Shimbash","Tokyo","3","Tokyo 오다이바","8.299999999999999","4492","Hotel","","","","","","","","","","","","","","","","호텔명·도시 및 실제정보 컬럼=사용자 제공 일본 호텔 자료(매칭된 호텔) / 가격·이용자평점·리뷰수·시설·재고=가상"
"H0098","AOBADAI FORUM","Tokyo","4","1-5-8 Aobadai Aoba-ku","8.4","4589","Hotel","1-5-8 Aobadai Aoba-ku","Yokohama","Kanagawa","227-0062","35.54150668","139.5169871","81-45-985-2109","3.0","","npj7","","","1475","","RTX JP Hotel template_20260528.xlsx","호텔명·도시 및 실제정보 컬럼=사용자 제공 일본 호텔 자료(매칭된 호텔) / 가격·이용자평점·리뷰수·시설·재고=가상"
"H0099","Aoki House","Tokyo","5","Tokyo 이케부쿠로","8.5","4686","Hotel","","","","","","","","","","","","","","","","호텔명·도시 및 실제정보 컬럼=사용자 제공 일본 호텔 자료(매칭된 호텔) / 가격·이용자평점·리뷰수·시설·재고=가상"
"H0100","APA Hotel","Tokyo","3","Tokyo 니혼바시","8.6","4783","Resort","","","","","","","","","","","","","","","","호텔명·도시 및 실제정보 컬럼=사용자 제공 일본 호텔 자료(매칭된 호텔) / 가격·이용자평점·리뷰수·시설·재고=가상"
"H0101","APA hotel (Shinjuku Kabukicho Chuo)","Tokyo","4","2-26-5 Kabukicho","8.7","4880","Hotel","2-26-5 Kabukicho","Shinjuku-ku","Tokyo","160-0021","35.695832970000005","139.7028187","81-3-5286-7411","3.0","JPTYO00820","OqNL","6884002","","","2025-12-05 23:03:04","Hotellist_supplier_japan_clean.xlsx · RTX JP Hotel template_20260528.xlsx","호텔명·도시 및 실제정보 컬럼=사용자 제공 일본 호텔 자료(매칭된 호텔) / 가격·이용자평점·리뷰수·시설·재고=가상"
"H0102","APA Hotel & Resort (Tokyo Bay Makuhari)","Tokyo","5","2-3 Hibino, Mihama-ku","8.799999999999999","4977","Hotel","2-3 Hibino, Mihama-ku","Chiba","Chiba","261-0021","35.64","140.04","81-43-296-1111","3.5","JPCHB00001","gZ7d","240546","416765","1","2025-12-05 23:03:04","Hotellist_supplier_japan_clean.xlsx · RTX JP Hotel template_20260528.xlsx","호텔명·도시 및 실제정보 컬럼=사용자 제공 일본 호텔 자료(매칭된 호텔) / 가격·이용자평점·리뷰수·시설·재고=가상"
"H0103","APA Hotel ＆ Resort Yokohama Bay Tower","Tokyo","3","Tokyo 긴자·도쿄역","8.9","174","Hotel","","","","","","","","","","","","","","","","호텔명·도시 및 실제정보 컬럼=사용자 제공 일본 호텔 자료(매칭된 호텔) / 가격·이용자평점·리뷰수·시설·재고=가상"
"H0104","APA Hotel Asakusa Kuramae","Tokyo","4","2-4-6 Komagata","9.0","271","Hotel","2-4-6 Komagata","Taito-ku","Tokyo","111-0043","35.70598728000001","139.7942737","81-3-5806-2111","4.0","JPTYO00402","dFx8","266731","4352160","906","2025-12-05 23:03:04","Hotellist_supplier_japan_clean.xlsx · RTX JP Hotel template_20260528.xlsx","호텔명·도시 및 실제정보 컬럼=사용자 제공 일본 호텔 자료(매칭된 호텔) / 가격·이용자평점·리뷰수·시설·재고=가상"
"H0105","APA Hotel Asakusa Shin-Okachimachi Ekimae","Tokyo","5","1-6-11 Motoasakusa","9.1","368","Hotel","1-6-11 Motoasakusa","Taito-ku","Tokyo","111-0041","35.7076515","139.7822117","81-3-5830-5611","2.0","JPTAD00013","puep","31488562","","","2025-12-05 23:03:04","Hotellist_supplier_japan_clean.xlsx · RTX JP Hotel template_20260528.xlsx","호텔명·도시 및 실제정보 컬럼=사용자 제공 일본 호텔 자료(매칭된 호텔) / 가격·이용자평점·리뷰수·시설·재고=가상"
"H0106","APA Hotel Ginza Shintomicho Ekimae","Tokyo","3","2-5-10 Shintomi","9.2","465","Hotel","2-5-10 Shintomi","Chuo-ku","Tokyo","104-0041","35.671605","139.773834","81-3-3537-3211","4.0","","8jYk","462525","6251042","","","RTX JP Hotel template_20260528.xlsx","호텔명·도시 및 실제정보 컬럼=사용자 제공 일본 호텔 자료(매칭된 호텔) / 가격·이용자평점·리뷰수·시설·재고=가상"
"H0107","APA Hotel Ginza Shintomicho Ekimae Kita","Tokyo","4","1-12-11 Shintomi","9.3","562","Hotel","1-12-11 Shintomi","Chuo-ku","Tokyo","104-0041","35.67317725","139.774348","81-3-5117-2711","3.0","JPTYO00821","icsr","1275691","","","2025-05-27 11:02:25","Hotellist_supplier_japan_clean.xlsx · RTX JP Hotel template_20260528.xlsx","호텔명·도시 및 실제정보 컬럼=사용자 제공 일본 호텔 자료(매칭된 호텔) / 가격·이용자평점·리뷰수·시설·재고=가상"
"H0108","APA Hotel Ginza-Kyobashi","Tokyo","5","3-6-7, Kyobashi, Chuo-ku, Tokyo, Japan","9.399999999999999","659","Hotel","3-6-7, Kyobashi, Chuo-ku, Tokyo, Japan","Tokyo","","","35.67519105731078","139.77058693981166","81-3-5159-5311","","JPTYO00403","","","","","2025-05-22 14:47:46","Hotellist_supplier_japan_clean.xlsx","호텔명·도시 및 실제정보 컬럼=사용자 제공 일본 호텔 자료(매칭된 호텔) / 가격·이용자평점·리뷰수·시설·재고=가상"
"H0109","Apa Hotel Ginza-Takaracho","Tokyo","3","3-11-2, Kyobashi, Chuo-ku, Tokyo, Japan","9.5","756","Hotel","3-11-2, Kyobashi, Chuo-ku, Tokyo, Japan","Tokyo","","","35.6743695","139.7717391","81-3-5524-3911","","JPTYO00404","","","","","2025-07-16 18:34:38","Hotellist_supplier_japan_clean.xlsx","호텔명·도시 및 실제정보 컬럼=사용자 제공 일본 호텔 자료(매칭된 호텔) / 가격·이용자평점·리뷰수·시설·재고=가상"
"H0110","APA Hotel Haneda Anamori Inari Ekimae","Tokyo","4","Tokyo 니혼바시","9.6","853","Hotel","","","","","","","","","","","","","","","","호텔명·도시 및 실제정보 컬럼=사용자 제공 일본 호텔 자료(매칭된 호텔) / 가격·이용자평점·리뷰수·시설·재고=가상"
"H0111","APA Hotel Hatchobori Eki Minami","Tokyo","5","1-14-7 Shintomi","9.7","950","Resort","1-14-7 Shintomi","Chuo-ku","Tokyo","104-0041","35.67314045999999","139.7754266","81-3-6280-0111","4.0","JPTYO00406","2QnB","241451","4095771","","2024-09-15 10:53:28","Hotellist_supplier_japan_clean.xlsx · RTX JP Hotel template_20260528.xlsx","호텔명·도시 및 실제정보 컬럼=사용자 제공 일본 호텔 자료(매칭된 호텔) / 가격·이용자평점·리뷰수·시설·재고=가상"
"H0112","APA Hotel Jimbocho","Tokyo","3","Tokyo 시부야","9.8","1047","Hotel","","","","","","","","","","","","","","","","호텔명·도시 및 실제정보 컬럼=사용자 제공 일본 호텔 자료(매칭된 호텔) / 가격·이용자평점·리뷰수·시설·재고=가상"
"H0113","APA Hotel Kanda-Ekimae","Tokyo","4","2-10-3 Kajicho","7.1","1144","Hotel","2-10-3 Kajicho","Chiyoda-ku","Tokyo","101-0044","35.6938394","139.772369","81-3-3526-5715","3.0","JPTYO01323","BNZb","2809279","20027068","","2025-12-05 23:03:04","Hotellist_supplier_japan_clean.xlsx · RTX JP Hotel template_20260528.xlsx","호텔명·도시 및 실제정보 컬럼=사용자 제공 일본 호텔 자료(매칭된 호텔) / 가격·이용자평점·리뷰수·시설·재고=가상"
"H0114","APA Hotel Machida-ekihigashi","Tokyo","5","Tokyo 아사쿠사","7.199999999999999","1241","Hotel","","","","","","","","","","","","","","","","호텔명·도시 및 실제정보 컬럼=사용자 제공 일본 호텔 자료(매칭된 호텔) / 가격·이용자평점·리뷰수·시설·재고=가상"
"H0115","APA Hotel Nihonbashi Bakurocho-eki Kita","Tokyo","3","1-14-1 Higashikanda","7.3","1338","Ryokan","1-14-1 Higashikanda","Chiyoda-ku","Tokyo","101-0031","35.69367501000001","139.7812297","81-3-5835-3411","3.0","","p3pr","3724669","22177446","","","RTX JP Hotel template_20260528.xlsx","호텔명·도시 및 실제정보 컬럼=사용자 제공 일본 호텔 자료(매칭된 호텔) / 가격·이용자평점·리뷰수·시설·재고=가상"
"H0116","Apa Hotel Ningyocho Ekihigashi","Tokyo","4","Tokyo 롯폰기","7.3999999999999995","1435","Hotel","","","","","","","","","","","","","","","","호텔명·도시 및 실제정보 컬럼=사용자 제공 일본 호텔 자료(매칭된 호텔) / 가격·이용자평점·리뷰수·시설·재고=가상"
"H0117","APA Hotel Pride Kokkaigijidomae No.293","Tokyo","5","Tokyo 오다이바","7.5","1532","Hotel","","","","","","","","","","","","","","","","호텔명·도시 및 실제정보 컬럼=사용자 제공 일본 호텔 자료(매칭된 호텔) / 가격·이용자평점·리뷰수·시설·재고=가상"
"H0118","APA Hotel Shibuya Dogenzakaue","Tokyo","3","20-1 Maruyamacho","7.6","1629","Hotel","20-1 Maruyamacho","Shibuya-ku","Tokyo","150-0044","35.65621968","139.6950147","81-3-6416-7111","4.0","JPTYO00422","a0cv","393457","5426529","1227","2025-12-05 23:03:04","Hotellist_supplier_japan_clean.xlsx · RTX JP Hotel template_20260528.xlsx","호텔명·도시 및 실제정보 컬럼=사용자 제공 일본 호텔 자료(매칭된 호텔) / 가격·이용자평점·리뷰수·시설·재고=가상"
"H0119","APA Hotel Shimbashi Onarimon","Tokyo","4","6-10-3 Shinbashi","7.699999999999999","1726","Hotel","6-10-3 Shinbashi","Minato-ku","Tokyo","105-0004","35.66139124","139.7552927","81-3-5425-3111","4.0","JPTYO00425","OMqr","266730","4352156","","2025-12-05 23:03:04","Hotellist_supplier_japan_clean.xlsx · RTX JP Hotel template_20260528.xlsx","호텔명·도시 및 실제정보 컬럼=사용자 제공 일본 호텔 자료(매칭된 호텔) / 가격·이용자평점·리뷰수·시설·재고=가상"
"H0120","APA Hotel Shinagawa Sengakuji-Ekimae","Tokyo","5","2-16-30 Takanawa","7.8","1823","Hotel","2-16-30 Takanawa","Minato-ku","Tokyo","108-0074","35.63803235999999","139.73937110000003","81-570-006-801","4.0","JPTYO00424","3Loj","1032182","12264361","2693","2025-04-30 10:53:50","Hotellist_supplier_japan_clean.xlsx · RTX JP Hotel template_20260528.xlsx","호텔명·도시 및 실제정보 컬럼=사용자 제공 일본 호텔 자료(매칭된 호텔) / 가격·이용자평점·리뷰수·시설·재고=가상"
"H0121","APA Hotel Tokyo Kiba","Tokyo","3","1-16-16 Toyo","7.8999999999999995","1920","Hotel","1-16-16 Toyo","Koto-ku","Tokyo","135-0016","35.66714764","139.8106267","81-3-3615-8111","4.0","JPTYO00430","v8zu","240561","3894296","","2025-11-17 18:15:22","Hotellist_supplier_japan_clean.xlsx · RTX JP Hotel template_20260528.xlsx","호텔명·도시 및 실제정보 컬럼=사용자 제공 일본 호텔 자료(매칭된 호텔) / 가격·이용자평점·리뷰수·시설·재고=가상"
"H0122","APA Hotel Tokyo-Shiomi-Ekimae","Tokyo","4","Tokyo 시부야","8.0","2017","Resort","","","","","","","","","","","","","","","","호텔명·도시 및 실제정보 컬럼=사용자 제공 일본 호텔 자료(매칭된 호텔) / 가격·이용자평점·리뷰수·시설·재고=가상"
"H0123","APA Hotel Tsukiji-Eki Minami","Tokyo","5","7-10-11 Tsukiji","8.1","2114","Hotel","7-10-11 Tsukiji","Chuo-ku","Tokyo","104-0045","35.66607736000001","139.7749936","81-3-3549-0111","4.0","JPTYO00433","rFNn","266728","4352154","","2025-05-19 14:54:36","Hotellist_supplier_japan_clean.xlsx · RTX JP Hotel template_20260528.xlsx","호텔명·도시 및 실제정보 컬럼=사용자 제공 일본 호텔 자료(매칭된 호텔) / 가격·이용자평점·리뷰수·시설·재고=가상"
"H0124","APA Hotel Ueno Ekikita","Tokyo","3","7-12-11 Ueno","8.2","2211","Hotel","7-12-11 Ueno","Taito-ku","Tokyo","110-0005","35.71595334","139.7803933","81-3-5830-1711","3.0","JPCHB00423","deGJ","1115906","12704881","","2025-07-18 16:18:10","Hotellist_supplier_japan_clean.xlsx · RTX JP Hotel template_20260528.xlsx","호텔명·도시 및 실제정보 컬럼=사용자 제공 일본 호텔 자료(매칭된 호텔) / 가격·이용자평점·리뷰수·시설·재고=가상"
"H0125","APA Hotel 茅場町八丁堀駅前","Tokyo","4","Tokyo 우에노","8.299999999999999","2308","Hotel","","","","","","","","","","","","","","","","호텔명·도시 및 실제정보 컬럼=사용자 제공 일본 호텔 자료(매칭된 호텔) / 가격·이용자평점·리뷰수·시설·재고=가상"
"H0126","APA VILLA HOTEL","Tokyo","5","Tokyo 롯폰기","8.4","2405","Hotel","","","","","","","","","","","","","","","","호텔명·도시 및 실제정보 컬럼=사용자 제공 일본 호텔 자료(매칭된 호텔) / 가격·이용자평점·리뷰수·시설·재고=가상"
"H0127","Appt Ikebukuro","Tokyo","3","Tokyo 오다이바","8.5","2502","Hotel","","","","","","","","","","","","","","","","호텔명·도시 및 실제정보 컬럼=사용자 제공 일본 호텔 자료(매칭된 호텔) / 가격·이용자평점·리뷰수·시설·재고=가상"
"H0128","Aqua Suites","Tokyo","4","Tokyo 시나가와","8.6","2599","Hotel","","","","","","","","","","","","","","","","호텔명·도시 및 실제정보 컬럼=사용자 제공 일본 호텔 자료(매칭된 호텔) / 가격·이용자평점·리뷰수·시설·재고=가상"
"H0129","Arcadia Ichigaya (Shigaku Kaikan)","Tokyo","5","Tokyo 이케부쿠로","8.7","2696","Hotel","","","","","","","","","","","","","","","","호텔명·도시 및 실제정보 컬럼=사용자 제공 일본 호텔 자료(매칭된 호텔) / 가격·이용자평점·리뷰수·시설·재고=가상"
"H0130","Arche de Reve Hotel","Tokyo","3","3-15-7 Chitose, Sumida-ku","8.799999999999999","2793","Hotel","3-15-7 Chitose, Sumida-ku","Tokyo","","","35.69082108921426","139.79602915459634","81-9024950369","","JPTYO01831","","","","","2026-03-20 14:21:47","Hotellist_supplier_japan_clean.xlsx","호텔명·도시 및 실제정보 컬럼=사용자 제공 일본 호텔 자료(매칭된 호텔) / 가격·이용자평점·리뷰수·시설·재고=가상"
"H0131","ARK TOWER","Tokyo","4","Tokyo 신주쿠","8.9","2890","Hotel","","","","","","","","","","","","","","","","호텔명·도시 및 실제정보 컬럼=사용자 제공 일본 호텔 자료(매칭된 호텔) / 가격·이용자평점·리뷰수·시설·재고=가상"
"H0132","Asaka Daily Hotel","Tokyo","5","Tokyo 시부야","9.0","2987","Hotel","","","","","","","","","","","","","","","","호텔명·도시 및 실제정보 컬럼=사용자 제공 일본 호텔 자료(매칭된 호텔) / 가격·이용자평점·리뷰수·시설·재고=가상"
"H0133","Asakusa Hotel Fukudaya","Tokyo","3","1-35-11 Kiyokawa  Taito-ku","9.1","3084","Resort","1-35-11 Kiyokawa  Taito-ku","Tokyo","","","35.725890163695794","139.8015410785389","04-2339233","","JPTYO01163","","","","","2026-04-24 12:08:30","Hotellist_supplier_japan_clean.xlsx","호텔명·도시 및 실제정보 컬럼=사용자 제공 일본 호텔 자료(매칭된 호텔) / 가격·이용자평점·리뷰수·시설·재고=가상"
"H0134","Asakusa Hotel Hatago","Tokyo","4","2 6 8 KOMAGATA TAITO KU,   TOKYO","9.2","3181","Ryokan","2 6 8 KOMAGATA TAITO KU,   TOKYO","Tokyo","","","35.7077","139.796","+81368027277","","JPTYO00830","","","","","2025-07-15 17:13:01","Hotellist_supplier_japan_clean.xlsx","호텔명·도시 및 실제정보 컬럼=사용자 제공 일본 호텔 자료(매칭된 호텔) / 가격·이용자평점·리뷰수·시설·재고=가상"
"H0135","ASAKUSA KAEDE 浅草楓","Tokyo","5","Tokyo 우에노","9.3","3278","Hotel","","","","","","","","","","","","","","","","호텔명·도시 및 실제정보 컬럼=사용자 제공 일본 호텔 자료(매칭된 호텔) / 가격·이용자평점·리뷰수·시설·재고=가상"
"H0136","Asakusa Smile","Tokyo","3","Tokyo 롯폰기","9.399999999999999","3375","Hotel","","","","","","","","","","","","","","","","호텔명·도시 및 실제정보 컬럼=사용자 제공 일본 호텔 자료(매칭된 호텔) / 가격·이용자평점·리뷰수·시설·재고=가상"
"H0137","Asakusa View Hotel","Tokyo","4","3-17-1, Nishiasakusa, Taito-ku, Tokyo, Japan","9.5","3472","Hotel","3-17-1, Nishiasakusa, Taito-ku, Tokyo, Japan","Tokyo","","","35.71549908816743","139.7918749981476","81-3-3847-1111","","JPASC00004","","","","","2025-11-17 18:15:22","Hotellist_supplier_japan_clean.xlsx","호텔명·도시 및 실제정보 컬럼=사용자 제공 일본 호텔 자료(매칭된 호텔) / 가격·이용자평점·리뷰수·시설·재고=가상"
"H0138","Asakusabashi Business Hotel","Tokyo","5","Tokyo 시나가와","9.6","3569","Hotel","","","","","","","","","","","","","","","","호텔명·도시 및 실제정보 컬럼=사용자 제공 일본 호텔 자료(매칭된 호텔) / 가격·이용자평점·리뷰수·시설·재고=가상"
"H0139","Asausa Edo no Mai","Tokyo","3","Tokyo 이케부쿠로","9.7","3666","Hotel","","","","","","","","","","","","","","","","호텔명·도시 및 실제정보 컬럼=사용자 제공 일본 호텔 자료(매칭된 호텔) / 가격·이용자평점·리뷰수·시설·재고=가상"
"H0140","Asia Center of Japan","Tokyo","4","8-10-32 Akasaka","9.8","3763","Hotel","8-10-32 Akasaka","Minato-ku","Tokyo","107-0052","35.67069502","139.7279918","81-3-3402-6111","3.0","JPTYO00149","IFCQ","71706","2894386","","2025-12-06 23:00:24","Hotellist_supplier_japan_clean.xlsx · RTX JP Hotel template_20260528.xlsx","호텔명·도시 및 실제정보 컬럼=사용자 제공 일본 호텔 자료(매칭된 호텔) / 가격·이용자평점·리뷰수·시설·재고=가상"
"H0141","Avanshell Akasaka","Tokyo","5","Tokyo 신주쿠","7.1","3860","Hotel","","","","","","","","","","","","","","","","호텔명·도시 및 실제정보 컬럼=사용자 제공 일본 호텔 자료(매칭된 호텔) / 가격·이용자평점·리뷰수·시설·재고=가상"
"H0142","Azur Takeshiba","Tokyo","3","Tokyo 시부야","7.199999999999999","3957","Hotel","","","","","","","","","","","","","","","","호텔명·도시 및 실제정보 컬럼=사용자 제공 일본 호텔 자료(매칭된 호텔) / 가격·이용자평점·리뷰수·시설·재고=가상"
"H0143","Badmaa bair","Tokyo","4","Tokyo 긴자·도쿄역","7.3","4054","Hotel","","","","","","","","","","","","","","","","호텔명·도시 및 실제정보 컬럼=사용자 제공 일본 호텔 자료(매칭된 호텔) / 가격·이용자평점·리뷰수·시설·재고=가상"
"H0144","Ban Hotel Tsukiji Ginza","Tokyo","5","3-17-10 Tsukiji","7.3999999999999995","4151","Resort","3-17-10 Tsukiji","Chuo-ku","Tokyo","104-0045","35.66596061","139.7715439","81-3-3543-8411","3.0","JPTYO00783","bNXG","546631","7994062","","2025-07-18 16:18:10","Hotellist_supplier_japan_clean.xlsx · RTX JP Hotel template_20260528.xlsx","호텔명·도시 및 실제정보 컬럼=사용자 제공 일본 호텔 자료(매칭된 호텔) / 가격·이용자평점·리뷰수·시설·재고=가상"
"H0145","Beagie Tokyo Hostel & Apartment","Tokyo","3","Tokyo 우에노","7.5","4248","Hotel","","","","","","","","","","","","","","","","호텔명·도시 및 실제정보 컬럼=사용자 제공 일본 호텔 자료(매칭된 호텔) / 가격·이용자평점·리뷰수·시설·재고=가상"
"H0146","Beginning Guest House","Tokyo","4","Tokyo 롯폰기","7.6","4345","Hotel","","","","","","","","","","","","","","","","호텔명·도시 및 실제정보 컬럼=사용자 제공 일본 호텔 자료(매칭된 호텔) / 가격·이용자평점·리뷰수·시설·재고=가상"
"H0147","Belken Hotel Kanda","Tokyo","5","1-4-7 Kanda-sudacho","7.699999999999999","4442","Hotel","1-4-7 Kanda-sudacho","Chiyoda-ku","Tokyo","101-0041","35.68999999999999","139.77","81-3-3254-1115","3.0","JPTYO01288","92n2","4997654","26868251","30","2025-07-18 16:18:10","Hotellist_supplier_japan_clean.xlsx · RTX JP Hotel template_20260528.xlsx","호텔명·도시 및 실제정보 컬럼=사용자 제공 일본 호텔 자료(매칭된 호텔) / 가격·이용자평점·리뷰수·시설·재고=가상"
"H0148","BELLUSTAR TOKYO, A Pan Pacific Hotel","Tokyo","3","Kabukicho 1-29-1, Shinjuku, Tokyo","7.8","4539","Hotel","Kabukicho 1-29-1, Shinjuku, Tokyo","Tokyo","","","35.695897","139.700649","(+81)362338800","","JPTYO01139","","","","","2026-07-20 17:50:53","Hotellist_supplier_japan_clean.xlsx","호텔명·도시 및 실제정보 컬럼=사용자 제공 일본 호텔 자료(매칭된 호텔) / 가격·이용자평점·리뷰수·시설·재고=가상"
"H0149","Best Western Hotel Fino Tokyo Akihabara","Tokyo","4","5-1-6 Ueno","7.8999999999999995","4636","Hotel","5-1-6 Ueno","Taito-ku","Tokyo","110-0005","35.70312306","139.7755332","81-3-5816-3151","2.5","JPTYO00598","Zg7Q","4997728","29083244","","2026-07-20 17:50:53","Hotellist_supplier_japan_clean.xlsx · RTX JP Hotel template_20260528.xlsx","호텔명·도시 및 실제정보 컬럼=사용자 제공 일본 호텔 자료(매칭된 호텔) / 가격·이용자평점·리뷰수·시설·재고=가상"
"H0150","Best Western Tokyo Akasaka","Tokyo","5","Tokyo 니혼바시","8.0","4733","Hotel","","","","","","","","","","","","","","","","호텔명·도시 및 실제정보 컬럼=사용자 제공 일본 호텔 자료(매칭된 호텔) / 가격·이용자평점·리뷰수·시설·재고=가상"
"H0151","Best Western Tokyo Nishikasai Grande","Tokyo","3","Tokyo 신주쿠","8.1","4830","Hotel","","","","","","","","","","","","","","","","호텔명·도시 및 실제정보 컬럼=사용자 제공 일본 호텔 자료(매칭된 호텔) / 가격·이용자평점·리뷰수·시설·재고=가상"
"H0152","Bettei.Zen墨田","Tokyo","4","Tokyo 시부야","8.2","4927","Hotel","","","","","","","","","","","","","","","","호텔명·도시 및 실제정보 컬럼=사용자 제공 일본 호텔 자료(매칭된 호텔) / 가격·이용자평점·리뷰수·시설·재고=가상"
"H0153","Big Hills 21","Tokyo","5","Tokyo 긴자·도쿄역","8.299999999999999","124","Ryokan","","","","","","","","","","","","","","","","호텔명·도시 및 실제정보 컬럼=사용자 제공 일본 호텔 자료(매칭된 호텔) / 가격·이용자평점·리뷰수·시설·재고=가상"
"H0154","Block Room","Tokyo","3","Tokyo 아사쿠사","8.4","221","Hotel","","","","","","","","","","","","","","","","호텔명·도시 및 실제정보 컬럼=사용자 제공 일본 호텔 자료(매칭된 호텔) / 가격·이용자평점·리뷰수·시설·재고=가상"
"H0155","Blossom Shinjuku","Tokyo","4","Tokyo 우에노","8.5","318","Resort","","","","","","","","","","","","","","","","호텔명·도시 및 실제정보 컬럼=사용자 제공 일본 호텔 자료(매칭된 호텔) / 가격·이용자평점·리뷰수·시설·재고=가상"
"H0156","BLUMEN HEIM","Tokyo","5","Tokyo 롯폰기","8.6","415","Hotel","","","","","","","","","","","","","","","","호텔명·도시 및 실제정보 컬럼=사용자 제공 일본 호텔 자료(매칭된 호텔) / 가격·이용자평점·리뷰수·시설·재고=가상"
"H0157","bmj Hyakunincho","Tokyo","3","2-11-12 Hyakunincho ","8.7","512","Hotel","2-11-12 Hyakunincho ","Shinjuku-ku","","","35.7027","139.699","81-50-5444-6618","","JPSJK00034","","","","","2024-12-19 10:10:17","Hotellist_supplier_japan_clean.xlsx","호텔명·도시 및 실제정보 컬럼=사용자 제공 일본 호텔 자료(매칭된 호텔) / 가격·이용자평점·리뷰수·시설·재고=가상"
"H0158","BnA_WALL - The BnA ART HOTEL","Tokyo","4","Tokyo 시나가와","8.799999999999999","609","Hotel","","","","","","","","","","","","","","","","호텔명·도시 및 실제정보 컬럼=사용자 제공 일본 호텔 자료(매칭된 호텔) / 가격·이용자평점·리뷰수·시설·재고=가상"
"H0159","Book and Bed Shinjuku","Tokyo","5","Tokyo 이케부쿠로","8.9","706","Hotel","","","","","","","","","","","","","","","","호텔명·도시 및 실제정보 컬럼=사용자 제공 일본 호텔 자료(매칭된 호텔) / 가격·이용자평점·리뷰수·시설·재고=가상"
"H0160","Borderless House Honkomagome1","Tokyo","3","Tokyo 니혼바시","9.0","803","Hotel","","","","","","","","","","","","","","","","호텔명·도시 및 실제정보 컬럼=사용자 제공 일본 호텔 자료(매칭된 호텔) / 가격·이용자평점·리뷰수·시설·재고=가상"
"H0161","Borderless House Shinjuku-Honancho1","Tokyo","4","Tokyo 신주쿠","9.1","900","Hotel","","","","","","","","","","","","","","","","호텔명·도시 및 실제정보 컬럼=사용자 제공 일본 호텔 자료(매칭된 호텔) / 가격·이용자평점·리뷰수·시설·재고=가상"
"H0162","buc","Tokyo","5","Tokyo 시부야","9.2","997","Hotel","","","","","","","","","","","","","","","","호텔명·도시 및 실제정보 컬럼=사용자 제공 일본 호텔 자료(매칭된 호텔) / 가격·이용자평점·리뷰수·시설·재고=가상"
"H0163","Bulgari Hotel Tokyo","Tokyo","3","2-2-1 Yaesu","9.3","1094","Hotel","2-2-1 Yaesu","Chuo-ku","Tokyo","104-0028","35.6794084","139.7689311","81-3-6262-3333","5.0","JPCJU00028","HkgZ","37961128","","","2025-07-16 15:02:40","Hotellist_supplier_japan_clean.xlsx · RTX JP Hotel template_20260528.xlsx","호텔명·도시 및 실제정보 컬럼=사용자 제공 일본 호텔 자료(매칭된 호텔) / 가격·이용자평점·리뷰수·시설·재고=가상"
"H0164","BUNKA HOSTEL TOKYO","Tokyo","4","1-13-5 Asakusa  Taito","9.399999999999999","1191","Hotel","1-13-5 Asakusa  Taito","Tokyo","","","35.712088","139.7932472","04-2339233","","JPTYO01190","","","","","2025-07-18 16:18:10","Hotellist_supplier_japan_clean.xlsx","호텔명·도시 및 실제정보 컬럼=사용자 제공 일본 호텔 자료(매칭된 호텔) / 가격·이용자평점·리뷰수·시설·재고=가상"
"H0165","Bureau Kioicho","Tokyo","5","Tokyo 우에노","9.5","1288","Hotel","","","","","","","","","","","","","","","","호텔명·도시 및 실제정보 컬럼=사용자 제공 일본 호텔 자료(매칭된 호텔) / 가격·이용자평점·리뷰수·시설·재고=가상"
"H0166","Business Hotel Inamoto","Tokyo","3","Tokyo 롯폰기","9.6","1385","Resort","","","","","","","","","","","","","","","","호텔명·도시 및 실제정보 컬럼=사용자 제공 일본 호텔 자료(매칭된 호텔) / 가격·이용자평점·리뷰수·시설·재고=가상"
"H0167","Business Hotel Legato","Tokyo","4","3-17-12 Morishita","9.7","1482","Hotel","3-17-12 Morishita","Koto-ku","Tokyo","135-0004","35.68670913","139.8030626","81-3-3846-2874","3.0","JPTYO01681","kjbr","55140415","","","2025-09-11 11:02:58","Hotellist_supplier_japan_clean.xlsx · RTX JP Hotel template_20260528.xlsx","호텔명·도시 및 실제정보 컬럼=사용자 제공 일본 호텔 자료(매칭된 호텔) / 가격·이용자평점·리뷰수·시설·재고=가상"
"H0168","Business Hotel Sunlight","Tokyo","5","Tokyo 시나가와","9.8","1579","Hotel","","","","","","","","","","","","","","","","호텔명·도시 및 실제정보 컬럼=사용자 제공 일본 호텔 자료(매칭된 호텔) / 가격·이용자평점·리뷰수·시설·재고=가상"
"H0169","BUSINESS HOTEL サンライト 別館","Tokyo","3","Tokyo 이케부쿠로","7.1","1676","Hotel","","","","","","","","","","","","","","","","호텔명·도시 및 실제정보 컬럼=사용자 제공 일본 호텔 자료(매칭된 호텔) / 가격·이용자평점·리뷰수·시설·재고=가상"
"H0170","Business Inn Ryogetsu","Tokyo","4","Tokyo 니혼바시","7.199999999999999","1773","Hotel","","","","","","","","","","","","","","","","호텔명·도시 및 실제정보 컬럼=사용자 제공 일본 호텔 자료(매칭된 호텔) / 가격·이용자평점·리뷰수·시설·재고=가상"
"H0171","BusinessHotel Fukudaya","Tokyo","5","Tokyo 신주쿠","7.3","1870","Hotel","","","","","","","","","","","","","","","","호텔명·도시 및 실제정보 컬럼=사용자 제공 일본 호텔 자료(매칭된 호텔) / 가격·이용자평점·리뷰수·시설·재고=가상"
"H0172","C’est la vie Room 101","Tokyo","3","Tokyo 시부야","7.3999999999999995","1967","Ryokan","","","","","","","","","","","","","","","","호텔명·도시 및 실제정보 컬럼=사용자 제공 일본 호텔 자료(매칭된 호텔) / 가격·이용자평점·리뷰수·시설·재고=가상"
"H0173","C201","Tokyo","4","Tokyo 긴자·도쿄역","7.5","2064","Hotel","","","","","","","","","","","","","","","","호텔명·도시 및 실제정보 컬럼=사용자 제공 일본 호텔 자료(매칭된 호텔) / 가격·이용자평점·리뷰수·시설·재고=가상"
"H0174","Canal","Tokyo","5","Tokyo 아사쿠사","7.6","2161","Hotel","","","","","","","","","","","","","","","","호텔명·도시 및 실제정보 컬럼=사용자 제공 일본 호텔 자료(매칭된 호텔) / 가격·이용자평점·리뷰수·시설·재고=가상"
"H0175","Candeo Hotel","Tokyo","3","Tokyo 우에노","7.699999999999999","2258","Hotel","","","","","","","","","","","","","","","","호텔명·도시 및 실제정보 컬럼=사용자 제공 일본 호텔 자료(매칭된 호텔) / 가격·이용자평점·리뷰수·시설·재고=가상"
"H0176","Candeo Hotels","Tokyo","4","Tokyo 롯폰기","7.8","2355","Hotel","","","","","","","","","","","","","","","","호텔명·도시 및 실제정보 컬럼=사용자 제공 일본 호텔 자료(매칭된 호텔) / 가격·이용자평점·리뷰수·시설·재고=가상"
"H0177","Candeo Hotels Tokyo Shimbashi","Tokyo","5","3-6-8 Shinbashi","7.8999999999999995","2452","Resort","3-6-8 Shinbashi","Minato-ku","Tokyo","105-0004","35.66580893","139.7551318","81-3-5510-3400","3.0","JPTYO00845","8xvz","2996856","20361324","1631","2025-12-05 23:03:04","Hotellist_supplier_japan_clean.xlsx · RTX JP Hotel template_20260528.xlsx","호텔명·도시 및 실제정보 컬럼=사용자 제공 일본 호텔 자료(매칭된 호텔) / 가격·이용자평점·리뷰수·시설·재고=가상"
"H0178","Capsule Hotel & Sauna: Cosmo Plaza Akabane","Tokyo","3","15-0045 Tokyo, Kita City, Akabane, 1 Chome?39?3","8.0","2549","Hotel","15-0045 Tokyo, Kita City, Akabane, 1 Chome?39?3","Tokyo","","","35.7808446","139.7203486","81-3-3902-7770","","JPTYO01394","","","","","2025-07-18 16:18:10","Hotellist_supplier_japan_clean.xlsx","호텔명·도시 및 실제정보 컬럼=사용자 제공 일본 호텔 자료(매칭된 호텔) / 가격·이용자평점·리뷰수·시설·재고=가상"
"H0179","Capsule Hotel Anshin Oyado","Tokyo","4","Tokyo 이케부쿠로","8.1","2646","Hotel","","","","","","","","","","","","","","","","호텔명·도시 및 실제정보 컬럼=사용자 제공 일본 호텔 자료(매칭된 호텔) / 가격·이용자평점·리뷰수·시설·재고=가상"
"H0180","capsule hotel et sauna","Tokyo","5","Tokyo 니혼바시","8.2","2743","Hotel","","","","","","","","","","","","","","","","호텔명·도시 및 실제정보 컬럼=사용자 제공 일본 호텔 자료(매칭된 호텔) / 가격·이용자평점·리뷰수·시설·재고=가상"
"H0181","Capsule hotel FK","Tokyo","3","Tokyo 신주쿠","8.299999999999999","2840","Hotel","","","","","","","","","","","","","","","","호텔명·도시 및 실제정보 컬럼=사용자 제공 일본 호텔 자료(매칭된 호텔) / 가격·이용자평점·리뷰수·시설·재고=가상"
"H0182","CaPsuLe Inn Akasaka","Tokyo","4","Tokyo 시부야","8.4","2937","Hotel","","","","","","","","","","","","","","","","호텔명·도시 및 실제정보 컬럼=사용자 제공 일본 호텔 자료(매칭된 호텔) / 가격·이용자평점·리뷰수·시설·재고=가상"
"H0183","Capsule Inn Hamamatsucho","Tokyo","5","1 Chome-16-6 Shibadaimon  Minato","8.5","3034","Hotel","1 Chome-16-6 Shibadaimon  Minato","Tokyo","","","35.65707778671317","139.7545106416988","81-3-3432-4312","","JPTYO01188","","","","","2025-12-05 23:03:04","Hotellist_supplier_japan_clean.xlsx","호텔명·도시 및 실제정보 컬럼=사용자 제공 일본 호텔 자료(매칭된 호텔) / 가격·이용자평점·리뷰수·시설·재고=가상"
"H0184","Capsule Inn Tamachi","Tokyo","3","Tokyo 아사쿠사","8.6","3131","Hotel","","","","","","","","","","","","","","","","호텔명·도시 및 실제정보 컬럼=사용자 제공 일본 호텔 자료(매칭된 호텔) / 가격·이용자평점·리뷰수·시설·재고=가상"
"H0185","Capsule Land Yushima","Tokyo","4","3-36-6 Yushima","8.7","3228","Hotel","3-36-6 Yushima","Bunkyo-ku","Tokyo","113-0034","35.70765866","139.7701451","81-3-5807-7771","1.0","","ajh9","339832","","1122","","RTX JP Hotel template_20260528.xlsx","호텔명·도시 및 실제정보 컬럼=사용자 제공 일본 호텔 자료(매칭된 호텔) / 가격·이용자평점·리뷰수·시설·재고=가상"
"H0186","capsule net OMOTENASHI no OYADO","Tokyo","5","Tokyo 롯폰기","8.799999999999999","3325","Hotel","","","","","","","","","","","","","","","","호텔명·도시 및 실제정보 컬럼=사용자 제공 일본 호텔 자료(매칭된 호텔) / 가격·이용자평점·리뷰수·시설·재고=가상"
"H0187","Capsule Value Kanda","Tokyo","3","1 4 5 KAJI CHO,   TOKYO","8.9","3422","Hotel","1 4 5 KAJI CHO,   TOKYO","Tokyo","","","35.6897","139.771","+81362060724","","JPTYO00852","","","","","2021-08-25 15:05:38","Hotellist_supplier_japan_clean.xlsx","호텔명·도시 및 실제정보 컬럼=사용자 제공 일본 호텔 자료(매칭된 호텔) / 가격·이용자평점·리뷰수·시설·재고=가상"
"H0188","Casa de Eigo - depto 606","Tokyo","4","Tokyo 시나가와","9.0","3519","Resort","","","","","","","","","","","","","","","","호텔명·도시 및 실제정보 컬럼=사용자 제공 일본 호텔 자료(매칭된 호텔) / 가격·이용자평점·리뷰수·시설·재고=가상"
"H0189","Celestine Hotel","Tokyo","5","Tokyo 이케부쿠로","9.1","3616","Hotel","","","","","","","","","","","","","","","","호텔명·도시 및 실제정보 컬럼=사용자 제공 일본 호텔 자료(매칭된 호텔) / 가격·이용자평점·리뷰수·시설·재고=가상"
"H0190","Centurion Hotel","Tokyo","3","Tokyo 니혼바시","9.2","3713","Hotel","","","","","","","","","","","","","","","","호텔명·도시 및 실제정보 컬럼=사용자 제공 일본 호텔 자료(매칭된 호텔) / 가격·이용자평점·리뷰수·시설·재고=가상"
"H0191","Centurion Hotel Grand","Tokyo","4","Tokyo 신주쿠","9.3","3810","Ryokan","","","","","","","","","","","","","","","","호텔명·도시 및 실제정보 컬럼=사용자 제공 일본 호텔 자료(매칭된 호텔) / 가격·이용자평점·리뷰수·시설·재고=가상"
"H0192","Centurion Hotel Tower","Tokyo","5","Tokyo 시부야","9.399999999999999","3907","Hotel","","","","","","","","","","","","","","","","호텔명·도시 및 실제정보 컬럼=사용자 제공 일본 호텔 자료(매칭된 호텔) / 가격·이용자평점·리뷰수·시설·재고=가상"
"H0193","Centurion Hotel Ueno","Tokyo","3","2-3-4 Ueno","9.5","4004","Hotel","2-3-4 Ueno","Taito-ku","Tokyo","110-0005","35.70833363","139.7715811","81-3-3836-5111","3.5","JPUEN00002","wZ9u","548506","7217492","205","2025-11-17 18:15:22","Hotellist_supplier_japan_clean.xlsx · RTX JP Hotel template_20260528.xlsx","호텔명·도시 및 실제정보 컬럼=사용자 제공 일본 호텔 자료(매칭된 호텔) / 가격·이용자평점·리뷰수·시설·재고=가상"
"H0194","Centurion Hotel Vintage","Tokyo","4","Tokyo 아사쿠사","9.6","4101","Hotel","","","","","","","","","","","","","","","","호텔명·도시 및 실제정보 컬럼=사용자 제공 일본 호텔 자료(매칭된 호텔) / 가격·이용자평점·리뷰수·시설·재고=가상"
"H0195","CENTURION LADIES HOSTEL","Tokyo","5","Tokyo 우에노","9.7","4198","Hotel","","","","","","","","","","","","","","","","호텔명·도시 및 실제정보 컬럼=사용자 제공 일본 호텔 자료(매칭된 호텔) / 가격·이용자평점·리뷰수·시설·재고=가상"
"H0196","Century Southern Tower Hotel","Tokyo","3","2-2-1 Yoyogi","9.8","4295","Hotel","2-2-1 Yoyogi","Shibuya-ku","Tokyo","151-8583","35.68647583999999","139.7004213","81-3-5354-0111","4.5","JPSJK00006","hYjB","648748","200088","1475","2025-12-05 23:03:04","Hotellist_supplier_japan_clean.xlsx · RTX JP Hotel template_20260528.xlsx","호텔명·도시 및 실제정보 컬럼=사용자 제공 일본 호텔 자료(매칭된 호텔) / 가격·이용자평점·리뷰수·시설·재고=가상"
"H0197","Cerulean Tower Tokyo Hotel","Tokyo","4","Tokyo 오다이바","7.1","4392","Hotel","","","","","","","","","","","","","","","","호텔명·도시 및 실제정보 컬럼=사용자 제공 일본 호텔 자료(매칭된 호텔) / 가격·이용자평점·리뷰수·시설·재고=가상"
"H0198","Charire","Tokyo","5","Tokyo 시나가와","7.199999999999999","4489","Hotel","","","","","","","","","","","","","","","","호텔명·도시 및 실제정보 컬럼=사용자 제공 일본 호텔 자료(매칭된 호텔) / 가격·이용자평점·리뷰수·시설·재고=가상"
"H0199","Chinsan-zo","Tokyo","3","Tokyo 이케부쿠로","7.3","4586","Resort","","","","","","","","","","","","","","","","호텔명·도시 및 실제정보 컬럼=사용자 제공 일본 호텔 자료(매칭된 호텔) / 가격·이용자평점·리뷰수·시설·재고=가상"
"H0200","Chisun Hotel","Tokyo","4","Tokyo 니혼바시","7.3999999999999995","4683","Hotel","","","","","","","","","","","","","","","","호텔명·도시 및 실제정보 컬럼=사용자 제공 일본 호텔 자료(매칭된 호텔) / 가격·이용자평점·리뷰수·시설·재고=가상"
"H0201","Hotel Granvia Osaka","Osaka","5","3-1-1 Umeda, Kita-ku","7.5","4780","Hotel","3-1-1 Umeda, Kita-ku","Osaka","Osaka","530-0001","34.70170696","135.4959928","81-6-6344-1235","4.0","JPOSA00118","B1gR","42788","45941","","2026-06-17 17:24:42","Hotellist_supplier_japan_clean.xlsx · RTX JP Hotel template_20260528.xlsx","호텔명·도시 및 실제정보 컬럼=사용자 제공 일본 호텔 자료(매칭된 호텔) / 가격·이용자평점·리뷰수·시설·재고=가상"
"H0202","InterContinental Osaka","Osaka","3","3-60, Ofukacho, Kita-ku, Osaka-shi, Osaka, Japan","7.6","4877","Hotel","3-60, Ofukacho, Kita-ku, Osaka-shi, Osaka, Japan","Osaka","","","34.70639708021703","135.49428337909853","81-6-63745700","","JPOSA00006","","","","","2025-09-15 12:31:43","Hotellist_supplier_japan_clean.xlsx","호텔명·도시 및 실제정보 컬럼=사용자 제공 일본 호텔 자료(매칭된 호텔) / 가격·이용자평점·리뷰수·시설·재고=가상"
"H0203","Conrad Osaka","Osaka","4","3-2-4 Nakanoshima Kita-ku","7.699999999999999","4974","Hotel","3-2-4 Nakanoshima Kita-ku","Osaka","Osaka","530-0005","34.69312299","135.4956527","81-6-6222-0111","5.0","JPOSA00275","5jGm","2190881","","","2026-01-15 16:33:27","Hotellist_supplier_japan_clean.xlsx · RTX JP Hotel template_20260528.xlsx","호텔명·도시 및 실제정보 컬럼=사용자 제공 일본 호텔 자료(매칭된 호텔) / 가격·이용자평점·리뷰수·시설·재고=가상"
"H0204","Osaka Marriott Miyako Hotel","Osaka","5","1-1-43 Abenosuji, Abeno-ku","7.8","171","Hotel","1-1-43 Abenosuji, Abeno-ku","Osaka","Osaka","545-0052","34.645949","135.514269","81-6-6628-6111","5.0","JPOSA00062","cT2T","611445","6963659","","2026-07-20 17:50:53","Hotellist_supplier_japan_clean.xlsx · RTX JP Hotel template_20260528.xlsx","호텔명·도시 및 실제정보 컬럼=사용자 제공 일본 호텔 자료(매칭된 호텔) / 가격·이용자평점·리뷰수·시설·재고=가상"
"H0205","The Ritz-Carlton Osaka","Osaka","3","2-5-25 Umeda, Kita-ku","7.8999999999999995","268","Hotel","2-5-25 Umeda, Kita-ku","Osaka","Osaka","530-0001","34.69836004","135.4924933","81-6-6343-7000","5.0","JPOSA00007","3WsK","8000","199119","","2025-12-06 23:00:24","Hotellist_supplier_japan_clean.xlsx · RTX JP Hotel template_20260528.xlsx","호텔명·도시 및 실제정보 컬럼=사용자 제공 일본 호텔 자료(매칭된 호텔) / 가격·이용자평점·리뷰수·시설·재고=가상"
"H0206","Imperial Hotel Osaka","Osaka","4","1-8-50 Tenmabashi, Kita-ku","8.0","365","Hotel","1-8-50 Tenmabashi, Kita-ku","Osaka","Osaka","530-0042","34.70097980999999","135.519463","81-6-6881-1111","5.0","JPOSA00095","PtMb","2027","45948","","2026-01-06 12:21:44","Hotellist_supplier_japan_clean.xlsx · RTX JP Hotel template_20260528.xlsx","호텔명·도시 및 실제정보 컬럼=사용자 제공 일본 호텔 자료(매칭된 호텔) / 가격·이용자평점·리뷰수·시설·재고=가상"
"H0207","RIHGA Royal Hotel Osaka","Osaka","5","Osaka 오사카성","8.1","462","Hotel","","","","","","","","","","","","","","","","호텔명·도시 및 실제정보 컬럼=사용자 제공 일본 호텔 자료(매칭된 호텔) / 가격·이용자평점·리뷰수·시설·재고=가상"
"H0208","Hilton Osaka","Osaka","3","1-8-8, Umeda, Kita-ku, Osaka-shi, Osaka, Japan","8.2","559","Hotel","1-8-8, Umeda, Kita-ku, Osaka-shi, Osaka, Japan","Osaka","","","34.699834124370305","135.49592637238732","81-6-63477111","","JPOSA00094","","","","","2025-11-17 18:15:22","Hotellist_supplier_japan_clean.xlsx","호텔명·도시 및 실제정보 컬럼=사용자 제공 일본 호텔 자료(매칭된 호텔) / 가격·이용자평점·리뷰수·시설·재고=가상"
"H0209","Swissotel Nankai Osaka","Osaka","4","5-1-60, Namba, Chuo-ku, Osaka-shi, Osaka, Japan","8.299999999999999","656","Hotel","5-1-60, Namba, Chuo-ku, Osaka-shi, Osaka, Japan","Osaka","","","34.6640549","135.5014466","81-6-6646-1111","","JPONS00011","","","","","2025-12-15 16:07:21","Hotellist_supplier_japan_clean.xlsx","호텔명·도시 및 실제정보 컬럼=사용자 제공 일본 호텔 자료(매칭된 호텔) / 가격·이용자평점·리뷰수·시설·재고=가상"
"H0210","Hotel New Otani Osaka","Osaka","5","1-4-1, Shiromi, Chuo-ku, Osaka-shi, Osaka,  Japan","8.4","753","Ryokan","1-4-1, Shiromi, Chuo-ku, Osaka-shi, Osaka,  Japan","Osaka","","","34.690956729916785","135.53291712764735","81-6-69411111","","JPOSA00126","","","","","2025-12-06 23:00:24","Hotellist_supplier_japan_clean.xlsx","호텔명·도시 및 실제정보 컬럼=사용자 제공 일본 호텔 자료(매칭된 호텔) / 가격·이용자평점·리뷰수·시설·재고=가상"
"H0211","Cross Hotel Osaka","Osaka","3","2-5-15, Shinsaibashisuji, Chuo-ku Osaka-shi, Osaka, 542-0085, Japan","8.5","850","Hotel","2-5-15, Shinsaibashisuji, Chuo-ku Osaka-shi, Osaka, 542-0085, Japan","Osaka","","","34.6697148","135.5007625","81-6-62138281","","JPOSA00022","","","","","2026-01-08 23:09:27","Hotellist_supplier_japan_clean.xlsx","호텔명·도시 및 실제정보 컬럼=사용자 제공 일본 호텔 자료(매칭된 호텔) / 가격·이용자평점·리뷰수·시설·재고=가상"
"H0212","Hotel Nikko Osaka","Osaka","4","1-3-3, Nishi-shinsaibashi, Chuo-ku, Osaka-shi, Osaka, Japan","8.6","947","Hotel","1-3-3, Nishi-shinsaibashi, Chuo-ku, Osaka-shi, Osaka, Japan","Osaka","","","34.6738876242918","135.49971981349185","81-6-6244-1111","","JPONS00025","","","","","2025-11-17 18:15:22","Hotellist_supplier_japan_clean.xlsx","호텔명·도시 및 실제정보 컬럼=사용자 제공 일본 호텔 자료(매칭된 호텔) / 가격·이용자평점·리뷰수·시설·재고=가상"
"H0213","Centara Grand Hotel Osaka","Osaka","5","2-11-50 Nanbanaka, Naniwa-ku","8.7","1044","Hotel","2-11-50 Nanbanaka, Naniwa-ku","Osaka","Osaka","556-0011","34.66032187","135.5023412","81-6-6616-9945","5.0","JPOSA00714","hvkb","35245085","","1420","2026-06-17 14:54:25","Hotellist_supplier_japan_clean.xlsx · RTX JP Hotel template_20260528.xlsx","호텔명·도시 및 실제정보 컬럼=사용자 제공 일본 호텔 자료(매칭된 호텔) / 가격·이용자평점·리뷰수·시설·재고=가상"
"H0214","W Osaka","Osaka","3","4-1-3 Minami Senba, Chuo-ku","8.799999999999999","1141","Hotel","4-1-3 Minami Senba, Chuo-ku","Osaka","Osaka","542-0081","34.67790762","135.5002158","81-6-6484-5355","5.0","JPOSA01344","svvo","20664132","","1993","2026-07-20 17:50:53","Hotellist_supplier_japan_clean.xlsx · RTX JP Hotel template_20260528.xlsx","호텔명·도시 및 실제정보 컬럼=사용자 제공 일본 호텔 자료(매칭된 호텔) / 가격·이용자평점·리뷰수·시설·재고=가상"
"H0215","Zentis Osaka","Osaka","4","1-4-26 Doujimahama , Kita-ku","8.9","1238","Hotel","1-4-26 Doujimahama , Kita-ku","Osaka","Osaka","530-0004","34.6955647","135.4965556","81-6-4796-0111","4.0","JPOSA00702","8GpS","15437737","","2196","2025-12-07 23:00:24","Hotellist_supplier_japan_clean.xlsx · RTX JP Hotel template_20260528.xlsx","호텔명·도시 및 실제정보 컬럼=사용자 제공 일본 호텔 자료(매칭된 호텔) / 가격·이용자평점·리뷰수·시설·재고=가상"
"H0216","The Royal Park Hotel Iconic Osaka Midosuji","Osaka","5","4-2-3 Hiranomachi Chuo-ku","9.0","1335","Hotel","4-2-3 Hiranomachi Chuo-ku","Osaka","Osaka","541-0046","34.68711951","135.5001972","81-6-4707-1111","3.0","JPOSA00634","qjTP","9383238","39192278","","2025-12-06 23:00:24","Hotellist_supplier_japan_clean.xlsx · RTX JP Hotel template_20260528.xlsx","호텔명·도시 및 실제정보 컬럼=사용자 제공 일본 호텔 자료(매칭된 호텔) / 가격·이용자평점·리뷰수·시설·재고=가상"
"H0217","Mitsui Garden Hotel Osaka Premier","Osaka","3","3-4-15 Nakanoshima, Kita-ku","9.1","1432","Hotel","3-4-15 Nakanoshima, Kita-ku","Osaka","Osaka","530-0005","34.692291","135.493318","81-6-6444-1131","3.5","JPOSA00101","KBrz","546064","7063747","","2025-12-06 23:00:24","Hotellist_supplier_japan_clean.xlsx · RTX JP Hotel template_20260528.xlsx","호텔명·도시 및 실제정보 컬럼=사용자 제공 일본 호텔 자료(매칭된 호텔) / 가격·이용자평점·리뷰수·시설·재고=가상"
"H0218","Hotel Monterey Grasmere Osaka","Osaka","4","1-2-3 Minatomachi, Naniwa-ku","9.2","1529","Hotel","1-2-3 Minatomachi, Naniwa-ku","Osaka","Osaka","556-0017","34.67","135.5","81-6-6645-7111","4.0","JPONS00014","vPyd","161798","2492916","2693","2025-09-15 12:31:43","Hotellist_supplier_japan_clean.xlsx · RTX JP Hotel template_20260528.xlsx","호텔명·도시 및 실제정보 컬럼=사용자 제공 일본 호텔 자료(매칭된 호텔) / 가격·이용자평점·리뷰수·시설·재고=가상"
"H0219","Hotel Monterey Le Frere Osaka","Osaka","5","1-12-8 Sonezakishinchi, Kita-ku","9.3","1626","Hotel","1-12-8 Sonezakishinchi, Kita-ku","Osaka","Osaka","530-0002","34.699999999999996","135.5","81-6-6346-7111","3.5","JPOSA00336","m2mg","3733356","22632204","1389","2026-07-08 16:26:10","Hotellist_supplier_japan_clean.xlsx · RTX JP Hotel template_20260528.xlsx","호텔명·도시 및 실제정보 컬럼=사용자 제공 일본 호텔 자료(매칭된 호텔) / 가격·이용자평점·리뷰수·시설·재고=가상"
"H0220","Hotel Hankyu Respire Osaka","Osaka","3","1-1 Ofukacho Kita Ward, Osaka, 530-0011","9.399999999999999","1723","Hotel","1-1 Ofukacho Kita Ward, Osaka, 530-0011","Osaka","","","34.7047014","135.4961473","06-6372-8006","","JPOSA00355","","","","","2025-09-15 12:31:43","Hotellist_supplier_japan_clean.xlsx","호텔명·도시 및 실제정보 컬럼=사용자 제공 일본 호텔 자료(매칭된 호텔) / 가격·이용자평점·리뷰수·시설·재고=가상"
"H0221","Hotel Intergate Osaka Umeda","Osaka","4","2-5-2 Umeda, Kita-ku","9.5","1820","Resort","2-5-2 Umeda, Kita-ku","Osaka","Osaka","530-0001","34.6982414","135.49326","81-6-6344-8800","3.0","JPOSA00711","YgW4","13862639","","","2025-12-06 23:00:24","Hotellist_supplier_japan_clean.xlsx · RTX JP Hotel template_20260528.xlsx","호텔명·도시 및 실제정보 컬럼=사용자 제공 일본 호텔 자료(매칭된 호텔) / 가격·이용자평점·리뷰수·시설·재고=가상"
"H0222","Hotel Vischio Osaka","Osaka","5","Osaka 난바","9.6","1917","Hotel","","","","","","","","","","","","","","","","호텔명·도시 및 실제정보 컬럼=사용자 제공 일본 호텔 자료(매칭된 호텔) / 가격·이용자평점·리뷰수·시설·재고=가상"
"H0223","Hearton Hotel Nishi Umeda","Osaka","3","Osaka 신사이바시","9.7","2014","Hotel","","","","","","","","","","","","","","","","호텔명·도시 및 실제정보 컬럼=사용자 제공 일본 호텔 자료(매칭된 호텔) / 가격·이용자평점·리뷰수·시설·재고=가상"
"H0224","Daiwa Roynet Hotel Osaka Kitahama","Osaka","4","2-2-14 Koraibashi, Chuo-ku","9.8","2111","Hotel","2-2-14 Koraibashi, Chuo-ku","Osaka","Osaka","541-0043","34.68939188","135.5063678","81-6-6228-1255","3.5","JPOSA00276","vF4W","446076","6075606","","2025-12-05 23:03:04","Hotellist_supplier_japan_clean.xlsx · RTX JP Hotel template_20260528.xlsx","호텔명·도시 및 실제정보 컬럼=사용자 제공 일본 호텔 자료(매칭된 호텔) / 가격·이용자평점·리뷰수·시설·재고=가상"
"H0225","Hotel Sun White","Osaka","5","3-7-6, Tanimachi, Chuo-ku, Osaka-shi, Osaka, Japan","7.1","2208","Hotel","3-7-6, Tanimachi, Chuo-ku, Osaka-shi, Osaka, Japan","Osaka","","","34.68412690299455","135.51703241899108","81 06-6942-3711","","JPOSA00152","","","","","2025-11-17 18:15:22","Hotellist_supplier_japan_clean.xlsx","호텔명·도시 및 실제정보 컬럼=사용자 제공 일본 호텔 자료(매칭된 호텔) / 가격·이용자평점·리뷰수·시설·재고=가상"
"H0226","Hotel Hillarys","Osaka","3","3-4-10 Nipponbashi, Naniwa-ku","7.199999999999999","2305","Hotel","3-4-10 Nipponbashi, Naniwa-ku","Osaka","Osaka","556-0006","34.66137844","135.5061405","81-6-6633-0600","4.0","JPONS00022","b3C7","175191","2790955","","2025-12-29 11:48:18","Hotellist_supplier_japan_clean.xlsx · RTX JP Hotel template_20260528.xlsx","호텔명·도시 및 실제정보 컬럼=사용자 제공 일본 호텔 자료(매칭된 호텔) / 가격·이용자평점·리뷰수·시설·재고=가상"
"H0227","Travelodge Honmachi Osaka","Osaka","4","3-2-6 Azuchimachi Chuo-ku Osaka 541-0052, Japan","7.3","2402","Hotel","3-2-6 Azuchimachi Chuo-ku Osaka 541-0052, Japan","Osaka","","","34.684228","135.5028992","+81-649632196","","JPOSA00703","","","","","2025-12-07 23:00:24","Hotellist_supplier_japan_clean.xlsx","호텔명·도시 및 실제정보 컬럼=사용자 제공 일본 호텔 자료(매칭된 호텔) / 가격·이용자평점·리뷰수·시설·재고=가상"
"H0228","Hotel Trusty Osaka Abeno","Osaka","5","1-5-10-300 Abenosuji, Abeno-ku","7.3999999999999995","2499","Hotel","1-5-10-300 Abenosuji, Abeno-ku","Osaka","Osaka","545-0052","34.64622991","135.5122913","81-6-6530-0011","3.0","JPOSA00640","PSB0","400287","5374193","375","2025-12-06 23:00:24","Hotellist_supplier_japan_clean.xlsx · RTX JP Hotel template_20260528.xlsx","호텔명·도시 및 실제정보 컬럼=사용자 제공 일본 호텔 자료(매칭된 호텔) / 가격·이용자평점·리뷰수·시설·재고=가상"
"H0229","Dormy Inn Premium Osaka Kitahama","Osaka","3","1-6-7 Koraibashi, Chuo-ku","7.5","2596","Ryokan","1-6-7 Koraibashi, Chuo-ku","Osaka","Osaka","541-0043","34.68929215","135.5079689","81-6-6201-5489","3.0","","iczs","5573319","28445797","","","RTX JP Hotel template_20260528.xlsx","호텔명·도시 및 실제정보 컬럼=사용자 제공 일본 호텔 자료(매칭된 호텔) / 가격·이용자평점·리뷰수·시설·재고=가상"
"H0230","Rihga Place Higobashi","Osaka","4","1-13-10, Edobori, Nishi-ku, Osaka-shi, Osaka, Japan","7.6","2693","Hotel","1-13-10, Edobori, Nishi-ku, Osaka-shi, Osaka, Japan","Osaka","","","34.69178199417903","135.49599896627046","81-6-64471122","","JPOSA00009","","","","","2026-06-17 17:24:42","Hotellist_supplier_japan_clean.xlsx","호텔명·도시 및 실제정보 컬럼=사용자 제공 일본 호텔 자료(매칭된 호텔) / 가격·이용자평점·리뷰수·시설·재고=가상"
"H0231","Osaka Excel Hotel Tokyu","Osaka","5","4-1-15 Kyutaromachi, Chuo-ku","7.699999999999999","2790","Hotel","4-1-15 Kyutaromachi, Chuo-ku","Osaka","Osaka","541-0056","34.68036696","135.50013730000003","81-6-6252-0109","3.5","JPOSA00419","dhWF","7258551","","","2025-12-06 23:00:24","Hotellist_supplier_japan_clean.xlsx · RTX JP Hotel template_20260528.xlsx","호텔명·도시 및 실제정보 컬럼=사용자 제공 일본 호텔 자료(매칭된 호텔) / 가격·이용자평점·리뷰수·시설·재고=가상"
"H0232","Courtyard by Marriott Shin-Osaka Station","Osaka","3","1-2-70 Miyahara, Yodogawa-ku","7.8","2887","Resort","1-2-70 Miyahara, Yodogawa-ku","Osaka","Osaka","532-0003","34.734235700000006","135.4991512","81-6-6350-5703","4.5","","7shn","1093955","11966450","","","RTX JP Hotel template_20260528.xlsx","호텔명·도시 및 실제정보 컬럼=사용자 제공 일본 호텔 자료(매칭된 호텔) / 가격·이용자평점·리뷰수·시설·재고=가상"
"H0233","karaksa hotel grande Shin-Osaka Tower","Osaka","4","3-3-24 Miyahara, Yodogawa-ku","7.8999999999999995","2984","Hotel","3-3-24 Miyahara, Yodogawa-ku","Osaka","Osaka","532-0003","34.7332564887188","135.495100499448","81-6-6391-6602","2.5","JPKIX00022","O5wr","6749878","36031943","529","2025-03-12 11:14:25","Hotellist_supplier_japan_clean.xlsx · RTX JP Hotel template_20260528.xlsx","호텔명·도시 및 실제정보 컬럼=사용자 제공 일본 호텔 자료(매칭된 호텔) / 가격·이용자평점·리뷰수·시설·재고=가상"
"H0234","Holiday Inn Express Osaka City Centre Midosuji","Osaka","5","4-1-12 Kitakyuhojimachi, Chuo Ward ","8.0","3081","Hotel","4-1-12 Kitakyuhojimachi, Chuo Ward ","Osaka","","","34.67975348828078","135.5001884251833","+81 6-4963-2422","","JPOSA00740","","","","","2026-05-19 12:08:31","Hotellist_supplier_japan_clean.xlsx","호텔명·도시 및 실제정보 컬럼=사용자 제공 일본 호텔 자료(매칭된 호텔) / 가격·이용자평점·리뷰수·시설·재고=가상"
"H0235","Citadines Namba Osaka","Osaka","3","3-5-25 Nipponbashi, Naniwa-ku","8.1","3178","Hotel","3-5-25 Nipponbashi, Naniwa-ku","Osaka","Osaka","556-0005","34.6623602","135.5063626","81-6-6695-7150","3.5","JPOSA00411","Mrmb","11089504","44458626","606","2026-06-17 18:10:37","Hotellist_supplier_japan_clean.xlsx · RTX JP Hotel template_20260528.xlsx","호텔명·도시 및 실제정보 컬럼=사용자 제공 일본 호텔 자료(매칭된 호텔) / 가격·이용자평점·리뷰수·시설·재고=가상"
"H0236","Fraser Residence Nankai Osaka","Osaka","4","1-17-11, Nambanaka, Naniwa-ku, Osaka, Japan","8.2","3275","Hotel","1-17-11, Nambanaka, Naniwa-ku, Osaka, Japan","Osaka","","","34.66299","135.50051","81-6-66357111","","JPOSA00171","","","","","2025-12-06 23:00:24","Hotellist_supplier_japan_clean.xlsx","호텔명·도시 및 실제정보 컬럼=사용자 제공 일본 호텔 자료(매칭된 호텔) / 가격·이용자평점·리뷰수·시설·재고=가상"
"H0237","Hotel Keihan Namba Grande","Osaka","5","2-11-13 Nanbanaka","8.299999999999999","3372","Hotel","2-11-13 Nanbanaka","Naniwa-ku","Osaka","556-0011","34.65950909","135.5025099","81-6-6646-0321","3.0","JPOSA00754","keIN","34644737","","","2025-09-15 12:31:43","Hotellist_supplier_japan_clean.xlsx · RTX JP Hotel template_20260528.xlsx","호텔명·도시 및 실제정보 컬럼=사용자 제공 일본 호텔 자료(매칭된 호텔) / 가격·이용자평점·리뷰수·시설·재고=가상"
"H0238","Candeo Hotels Osaka Namba","Osaka","3","2 Chome-2-5 Higashishinsaibashi Chuo Ward, Osaka, 542-0083, Japan","8.4","3469","Hotel","2 Chome-2-5 Higashishinsaibashi Chuo Ward, Osaka, 542-0083, Japan","Osaka","","","34.67058297901093","135.50604447672117","06-6212-2200","","JPOSA00267","","","","","2025-12-05 23:03:04","Hotellist_supplier_japan_clean.xlsx","호텔명·도시 및 실제정보 컬럼=사용자 제공 일본 호텔 자료(매칭된 호텔) / 가격·이용자평점·리뷰수·시설·재고=가상"
"H0239","Agora Place Osaka Namba","Osaka","4","Osaka 베이 에어리어","8.5","3566","Hotel","","","","","","","","","","","","","","","","호텔명·도시 및 실제정보 컬럼=사용자 제공 일본 호텔 자료(매칭된 호텔) / 가격·이용자평점·리뷰수·시설·재고=가상"
"H0240","Sotetsu Grand Fresa Osaka Namba","Osaka","5","1-1-13 Nipponbashi, Chuo-ku, Osaka City, Osaka, Japan","8.6","3663","Hotel","1-1-13 Nipponbashi, Chuo-ku, Osaka City, Osaka, Japan","Osaka","","","34.6682834","135.50638520000007","81-6-62113610","","JPONS00188","","","","","2025-12-05 23:03:04","Hotellist_supplier_japan_clean.xlsx","호텔명·도시 및 실제정보 컬럼=사용자 제공 일본 호텔 자료(매칭된 호텔) / 가격·이용자평점·리뷰수·시설·재고=가상"
"H0241","Mercure Tokyu Stay Osaka Namba","Osaka","3","2-2-4 Nishishinsaibashi Chuo-ku, Osaka-shi, Osaka-fu 542-0086 Japan","8.7","3760","Hotel","2-2-4 Nishishinsaibashi Chuo-ku, Osaka-shi, Osaka-fu 542-0086 Japan","Osaka","","","34.670843","135.499711","+81-662140109","","JPOSA00710","","","","","2026-04-10 14:20:04","Hotellist_supplier_japan_clean.xlsx","호텔명·도시 및 실제정보 컬럼=사용자 제공 일본 호텔 자료(매칭된 호텔) / 가격·이용자평점·리뷰수·시설·재고=가상"
"H0242","The Lively Osaka Honmachi","Osaka","4","Osaka 난바","8.799999999999999","3857","Hotel","","","","","","","","","","","","","","","","호텔명·도시 및 실제정보 컬럼=사용자 제공 일본 호텔 자료(매칭된 호텔) / 가격·이용자평점·리뷰수·시설·재고=가상"
"H0243","Moxy Osaka Honmachi","Osaka","5","2-2-9 Kawaramachi Chuo-ku Osaka 5410048 Japan Japan","8.9","3954","Resort","2-2-9 Kawaramachi Chuo-ku Osaka 5410048 Japan Japan","Osaka","","","34.685837","135.506143","81-6-62045200","","JPOSA00312","","","","","2026-07-20 17:50:53","Hotellist_supplier_japan_clean.xlsx","호텔명·도시 및 실제정보 컬럼=사용자 제공 일본 호텔 자료(매칭된 호텔) / 가격·이용자평점·리뷰수·시설·재고=가상"
"H0244","Moxy Osaka Shin Umeda","Osaka","3","7-22-1 Fukushima, Fukushima-ku","9.0","4051","Hotel","7-22-1 Fukushima, Fukushima-ku","Osaka","Osaka","553-0003","34.70071449999999","135.4868132","81-6-6743-4971","3.5","","t66H","16535817","","","","RTX JP Hotel template_20260528.xlsx","호텔명·도시 및 실제정보 컬럼=사용자 제공 일본 호텔 자료(매칭된 호텔) / 가격·이용자평점·리뷰수·시설·재고=가상"
"H0245","Aloft Osaka Dojima","Osaka","4","2-1-31 Dojimahama, Kita-ku","9.1","4148","Hotel","2-1-31 Dojimahama, Kita-ku","Osaka","Osaka","530-0004","34.69546480000001","135.4952856","81-6-4796-6662","3.5","JPOSA01878","Pvau","25057795","","","2026-07-16 17:15:11","Hotellist_supplier_japan_clean.xlsx · RTX JP Hotel template_20260528.xlsx","호텔명·도시 및 실제정보 컬럼=사용자 제공 일본 호텔 자료(매칭된 호텔) / 가격·이용자평점·리뷰수·시설·재고=가상"
"H0246","Hotel Universal Port","Osaka","5","1-1-111 Sakurajima, Konohana-ku","9.2","4245","Hotel","1-1-111 Sakurajima, Konohana-ku","Osaka","Osaka","554-0031","34.66617353","135.43770190000004","81-6-6463-5000","3.5","JPOSA00051","gKMK","73114","","2196","2025-12-31 13:07:42","Hotellist_supplier_japan_clean.xlsx · RTX JP Hotel template_20260528.xlsx","호텔명·도시 및 실제정보 컬럼=사용자 제공 일본 호텔 자료(매칭된 호텔) / 가격·이용자평점·리뷰수·시설·재고=가상"
"H0247","The Park Front Hotel at Universal Studios Japan","Osaka","3","6-2-52, Shimaya, Konohana-ku, Osaka-shi, Osaka","9.3","4342","Hotel","6-2-52, Shimaya, Konohana-ku, Osaka-shi, Osaka","Osaka","","","34.6678592","135.4372285","81-6-64600109","","JPOSA00192","","","","","2025-12-06 23:00:24","Hotellist_supplier_japan_clean.xlsx","호텔명·도시 및 실제정보 컬럼=사용자 제공 일본 호텔 자료(매칭된 호텔) / 가격·이용자평점·리뷰수·시설·재고=가상"
"H0248","Liber Hotel Osaka","Osaka","4","1-1-35 Sakurajima, Konohana-ku","9.399999999999999","4439","Ryokan","1-1-35 Sakurajima, Konohana-ku","Osaka","Osaka","554-0031","34.6614789143707","135.432383788608","81-6-6462-3333","4.5","JPOSA00560","aqs6","9953894","35057638","3","2025-09-15 12:31:43","Hotellist_supplier_japan_clean.xlsx · RTX JP Hotel template_20260528.xlsx","호텔명·도시 및 실제정보 컬럼=사용자 제공 일본 호텔 자료(매칭된 호텔) / 가격·이용자평점·리뷰수·시설·재고=가상"
"H0249","Quintessa Hotel Osaka Bay","Osaka","5","1-13-65 Nankokita, Suminoe-ku","9.5","4536","Hotel","1-13-65 Nankokita, Suminoe-ku","Osaka","Osaka","559-0034","34.6376336","135.4167177","81-6-6613-7007","3.0","","fq4q","2100514","18071050","1746","","RTX JP Hotel template_20260528.xlsx","호텔명·도시 및 실제정보 컬럼=사용자 제공 일본 호텔 자료(매칭된 호텔) / 가격·이용자평점·리뷰수·시설·재고=가상"
"H0250","Art Hotel Osaka Bay Tower","Osaka","3","1-2-1 Benten, Minato, Bay Area, Osaka, Japan, 552-0007								","9.6","4633","Hotel","1-2-1 Benten, Minato, Bay Area, Osaka, Japan, 552-0007								","Osaka","","","34.669542080821614","135.46096954785042","06-6577-1111","","JPOSA00652","","","","","2026-01-04 10:48:38","Hotellist_supplier_japan_clean.xlsx","호텔명·도시 및 실제정보 컬럼=사용자 제공 일본 호텔 자료(매칭된 호텔) / 가격·이용자평점·리뷰수·시설·재고=가상"
"H0251","-桜時雨- 新大阪","Osaka","4","Osaka 우메다","9.7","4730","Hotel","","","","","","","","","","","","","","","","호텔명·도시 및 실제정보 컬럼=사용자 제공 일본 호텔 자료(매칭된 호텔) / 가격·이용자평점·리뷰수·시설·재고=가상"
"H0252","&Here OSAKA NAMBA","Osaka","5","Osaka 난바","9.8","4827","Hotel","","","","","","","","","","","","","","","","호텔명·도시 및 실제정보 컬럼=사용자 제공 일본 호텔 자료(매칭된 호텔) / 가격·이용자평점·리뷰수·시설·재고=가상"
"H0253","1 Chome-7-5 Ōmiya, Asahi-ku, Ōsaka-shi, Ōsaka-fu","Osaka","3","Osaka 신사이바시","7.1","4924","Hotel","","","","","","","","","","","","","","","","호텔명·도시 및 실제정보 컬럼=사용자 제공 일본 호텔 자료(매칭된 호텔) / 가격·이용자평점·리뷰수·시설·재고=가상"
"H0254","373グループハウス","Osaka","4","Osaka 도톤보리","7.199999999999999","121","Resort","","","","","","","","","","","","","","","","호텔명·도시 및 실제정보 컬럼=사용자 제공 일본 호텔 자료(매칭된 호텔) / 가격·이용자평점·리뷰수·시설·재고=가상"
"H0255","AB HOTEL","Osaka","5","2-11-3 Nishijimacho, Fukaya 366-0824Saitama, Fukayacho, 366-0824, Japan","7.3","218","Hotel","2-11-3 Nishijimacho, Fukaya 366-0824Saitama, Fukayacho, 366-0824, Japan","Fukaya","","","36.192819","139.281855","+81485731005","","JPFKA00003","","","","","2025-09-11 11:02:58","Hotellist_supplier_japan_clean.xlsx","호텔명·도시 및 실제정보 컬럼=사용자 제공 일본 호텔 자료(매칭된 호텔) / 가격·이용자평점·리뷰수·시설·재고=가상"
"H0256","ACRO Capsule Hotel","Osaka","3","Osaka 텐노지","7.3999999999999995","315","Hotel","","","","","","","","","","","","","","","","호텔명·도시 및 실제정보 컬럼=사용자 제공 일본 호텔 자료(매칭된 호텔) / 가격·이용자평점·리뷰수·시설·재고=가상"
"H0257","Air Osaka Hostel","Osaka","4","Osaka 오사카성","7.5","412","Hotel","","","","","","","","","","","","","","","","호텔명·도시 및 실제정보 컬럼=사용자 제공 일본 호텔 자료(매칭된 호텔) / 가격·이용자평점·리뷰수·시설·재고=가상"
"H0258","Airbnb","Osaka","5","Osaka 신오사카","7.6","509","Hotel","","","","","","","","","","","","","","","","호텔명·도시 및 실제정보 컬럼=사용자 제공 일본 호텔 자료(매칭된 호텔) / 가격·이용자평점·리뷰수·시설·재고=가상"
"H0259","AManTo guest house","Osaka","3","Osaka 베이 에어리어","7.699999999999999","606","Hotel","","","","","","","","","","","","","","","","호텔명·도시 및 실제정보 컬럼=사용자 제공 일본 호텔 자료(매칭된 호텔) / 가격·이용자평점·리뷰수·시설·재고=가상"
"H0260","Amemura","Osaka","4","Osaka 교바시","7.8","703","Hotel","","","","","","","","","","","","","","","","호텔명·도시 및 실제정보 컬럼=사용자 제공 일본 호텔 자료(매칭된 호텔) / 가격·이용자평점·리뷰수·시설·재고=가상"
"H0261","AMZA","Osaka","5","Osaka 우메다","7.8999999999999995","800","Hotel","","","","","","","","","","","","","","","","호텔명·도시 및 실제정보 컬럼=사용자 제공 일본 호텔 자료(매칭된 호텔) / 가격·이용자평점·리뷰수·시설·재고=가상"
"H0262","APA Hotel","Osaka","3","Osaka 난바","8.0","897","Hotel","","","","","","","","","","","","","","","","호텔명·도시 및 실제정보 컬럼=사용자 제공 일본 호텔 자료(매칭된 호텔) / 가격·이용자평점·리뷰수·시설·재고=가상"
"H0263","APA Hotel & Resort Osaka Namba Ekimae Tower","Osaka","4","1-2-13 Minatomachi, Naniwa-ku","8.1","994","Hotel","1-2-13 Minatomachi, Naniwa-ku","Osaka","","","34.66610433334584","135.49586479642252","81-570-010-711","","JPOSA01519","","","","","2025-07-16 18:03:26","Hotellist_supplier_japan_clean.xlsx","호텔명·도시 및 실제정보 컬럼=사용자 제공 일본 호텔 자료(매칭된 호텔) / 가격·이용자평점·리뷰수·시설·재고=가상"
"H0264","APA Hotel & Resort Osaka Umeda Eki Tower","Osaka","5","2-8-32 Sonezaki, Kita-ku","8.2","1091","Hotel","2-8-32 Sonezaki, Kita-ku","Osaka","Osaka","530-0057","34.69989606","135.5015911","81-570-070-411","3.0","JPOSA01329","63td","33494376","","12","2025-07-16 18:15:14","Hotellist_supplier_japan_clean.xlsx · RTX JP Hotel template_20260528.xlsx","호텔명·도시 및 실제정보 컬럼=사용자 제공 일본 호텔 자료(매칭된 호텔) / 가격·이용자평점·리뷰수·시설·재고=가상"
"H0265","APA hotel <Osaka Higobashi Ekimae>","Osaka","3","1-2-1 Tosabori, Nishi-ku","8.299999999999999","1188","Resort","1-2-1 Tosabori, Nishi-ku","Osaka","Osaka","550-0001","34.69213026","135.4953932","81-570-099-111","4.0","JPOSA00011","fZib","104955","3895692","","2025-07-16 18:03:26","Hotellist_supplier_japan_clean.xlsx · RTX JP Hotel template_20260528.xlsx","호텔명·도시 및 실제정보 컬럼=사용자 제공 일본 호텔 자료(매칭된 호텔) / 가격·이용자평점·리뷰수·시설·재고=가상"
"H0266","APA Hotel Namba Shinsaibashi","Osaka","4","2-7-12 Nishishinsaibashi, Chuo-ku","8.4","1285","Hotel","2-7-12 Nishishinsaibashi, Chuo-ku","Osaka","Osaka","542-0086","34.6694218","135.4985159","81-6-6214-0111","2.5","JPONS00004","EZ8c","297770","","977","2025-12-05 23:03:04","Hotellist_supplier_japan_clean.xlsx · RTX JP Hotel template_20260528.xlsx","호텔명·도시 및 실제정보 컬럼=사용자 제공 일본 호텔 자료(매칭된 호텔) / 가격·이용자평점·리뷰수·시설·재고=가상"
"H0267","APA Hotel Namba-Ekihigashi","Osaka","5","4-29 Namba sennichimae, Chuo-ku","8.5","1382","Ryokan","4-29 Namba sennichimae, Chuo-ku","Osaka","Osaka","542-0075","34.66452088","135.5044883","81-570-088-411","2.5","JPOSA00467","ktWX","1723671","17669678","","2025-05-05 11:31:53","Hotellist_supplier_japan_clean.xlsx · RTX JP Hotel template_20260528.xlsx","호텔명·도시 및 실제정보 컬럼=사용자 제공 일본 호텔 자료(매칭된 호텔) / 가격·이용자평점·리뷰수·시설·재고=가상"
"H0268","APA Hotel Namba-Shinsaibashi-Nishi","Osaka","3","2-14-8 Nishishinsaibashi, Chuo-ku","8.6","1479","Hotel","2-14-8 Nishishinsaibashi, Chuo-ku","Osaka","Osaka","542-0086","34.66944511","135.4976015","81-6-6484-2611","3.0","","fBjB","22995346","69260672","455","","RTX JP Hotel template_20260528.xlsx","호텔명·도시 및 실제정보 컬럼=사용자 제공 일본 호텔 자료(매칭된 호텔) / 가격·이용자평점·리뷰수·시설·재고=가상"
"H0269","APA Hotel Tennoji Ekimae","Osaka","4","1-4-11 Abenosuji, Abeno-ku","8.7","1576","Hotel","1-4-11 Abenosuji, Abeno-ku","Osaka","Osaka","545-0052","34.64717732","135.5119868","81-6-6645-9111","4.0","","m1UC","240287","3894549","","","RTX JP Hotel template_20260528.xlsx","호텔명·도시 및 실제정보 컬럼=사용자 제공 일본 호텔 자료(매칭된 호텔) / 가격·이용자평점·리뷰수·시설·재고=가상"
"H0270","APA Hotel Yodoyabashi Ekimae","Osaka","5","3-1-9 Fushimimachi Chuo-ku","8.799999999999999","1673","Hotel","3-1-9 Fushimimachi Chuo-ku","Osaka","Osaka","541-0044","34.68935575","135.5030315","81-6-6228-4111","4.0","","H1bH","90117","3895697","1297","","RTX JP Hotel template_20260528.xlsx","호텔명·도시 및 실제정보 컬럼=사용자 제공 일본 호텔 자료(매칭된 호텔) / 가격·이용자평점·리뷰수·시설·재고=가상"
"H0271","Apa Vila hotel","Osaka","3","Osaka 우메다","8.9","1770","Hotel","","","","","","","","","","","","","","","","호텔명·도시 및 실제정보 컬럼=사용자 제공 일본 호텔 자료(매칭된 호텔) / 가격·이용자평점·리뷰수·시설·재고=가상"
"H0272","Apartment Hotel 11 Namba Minami 5","Osaka","4","Daikoku, 3-ch?me?4?16","9.0","1867","Hotel","Daikoku, 3-ch?me?4?16","Osaka","","","34.656186","135.493594","81-5017924484","","JPOSA01863","","","","","2026-05-11 10:45:29","Hotellist_supplier_japan_clean.xlsx","호텔명·도시 및 실제정보 컬럼=사용자 제공 일본 호텔 자료(매칭된 호텔) / 가격·이용자평점·리뷰수·시설·재고=가상"
"H0273","Apartment Hotel 11 Namba Minami Shin-Imamiya","Osaka","5","2-9-3 Ebisuhonmachi","9.1","1964","Hotel","2-9-3 Ebisuhonmachi","Osaka","","","34.6511229","135.4992827","81-5017209987","","JPOSA01794","","","","","2026-03-19 11:29:32","Hotellist_supplier_japan_clean.xlsx","호텔명·도시 및 실제정보 컬럼=사용자 제공 일본 호텔 자료(매칭된 호텔) / 가격·이용자평점·리뷰수·시설·재고=가상"
"H0274","Arashi","Osaka","3","Osaka 도톤보리","9.2","2061","Hotel","","","","","","","","","","","","","","","","호텔명·도시 및 실제정보 컬럼=사용자 제공 일본 호텔 자료(매칭된 호텔) / 가격·이용자평점·리뷰수·시설·재고=가상"
"H0275","Ashiya Baycourt Club Hotel & Spa Resort","Osaka","4","Osaka 혼마치","9.3","2158","Hotel","","","","","","","","","","","","","","","","호텔명·도시 및 실제정보 컬럼=사용자 제공 일본 호텔 자료(매칭된 호텔) / 가격·이용자평점·리뷰수·시설·재고=가상"
"H0276","ASTIL HOTEL","Osaka","5","Osaka 텐노지","9.399999999999999","2255","Resort","","","","","","","","","","","","","","","","호텔명·도시 및 실제정보 컬럼=사용자 제공 일본 호텔 자료(매칭된 호텔) / 가격·이용자평점·리뷰수·시설·재고=가상"
"H0277","Backstage Osaka Hostel & Bar","Osaka","3","Osaka 오사카성","9.5","2352","Hotel","","","","","","","","","","","","","","","","호텔명·도시 및 실제정보 컬럼=사용자 제공 일본 호텔 자료(매칭된 호텔) / 가격·이용자평점·리뷰수·시설·재고=가상"
"H0278","BAL","Osaka","4","Osaka 신오사카","9.6","2449","Hotel","","","","","","","","","","","","","","","","호텔명·도시 및 실제정보 컬럼=사용자 제공 일본 호텔 자료(매칭된 호텔) / 가격·이용자평점·리뷰수·시설·재고=가상"
"H0279","Bali An RESORT","Osaka","5","Osaka 베이 에어리어","9.7","2546","Hotel","","","","","","","","","","","","","","","","호텔명·도시 및 실제정보 컬럼=사용자 제공 일본 호텔 자료(매칭된 호텔) / 가격·이용자평점·리뷰수·시설·재고=가상"
"H0280","Bali Tower","Osaka","3","Osaka 교바시","9.8","2643","Hotel","","","","","","","","","","","","","","","","호텔명·도시 및 실제정보 컬럼=사용자 제공 일본 호텔 자료(매칭된 호텔) / 가격·이용자평점·리뷰수·시설·재고=가상"
"H0281","BANDE HOTEL OSAKA","Osaka","4","2-1-24 Tamadenaka, Nishinari-ku ","7.1","2740","Hotel","2-1-24 Tamadenaka, Nishinari-ku ","Osaka","","","34.62631765699357","135.493227317214","81-6-4703-3977","","JPOSA01506","","","","","2025-07-18 16:18:10","Hotellist_supplier_japan_clean.xlsx","호텔명·도시 및 실제정보 컬럼=사용자 제공 일본 호텔 자료(매칭된 호텔) / 가격·이용자평점·리뷰수·시설·재고=가상"
"H0282","BANDE HOTEL TENPOZAN","Osaka","5","Osaka 난바","7.199999999999999","2837","Hotel","","","","","","","","","","","","","","","","호텔명·도시 및 실제정보 컬럼=사용자 제공 일본 호텔 자료(매칭된 호텔) / 가격·이용자평점·리뷰수·시설·재고=가상"
"H0283","Blue Bee Sakuragawaekimae","Osaka","3","Osaka 신사이바시","7.3","2934","Hotel","","","","","","","","","","","","","","","","호텔명·도시 및 실제정보 컬럼=사용자 제공 일본 호텔 자료(매칭된 호텔) / 가격·이용자평점·리뷰수·시설·재고=가상"
"H0284","Brackets Hotel","Osaka","4","Osaka 도톤보리","7.3999999999999995","3031","Hotel","","","","","","","","","","","","","","","","호텔명·도시 및 실제정보 컬럼=사용자 제공 일본 호텔 자료(매칭된 호텔) / 가격·이용자평점·리뷰수·시설·재고=가상"
"H0285","Business hotel Lucky","Osaka","5","Osaka 혼마치","7.5","3128","Hotel","","","","","","","","","","","","","","","","호텔명·도시 및 실제정보 컬럼=사용자 제공 일본 호텔 자료(매칭된 호텔) / 가격·이용자평점·리뷰수·시설·재고=가상"
"H0286","Business Hotel New Ohama","Osaka","3","Osaka 텐노지","7.6","3225","Ryokan","","","","","","","","","","","","","","","","호텔명·도시 및 실제정보 컬럼=사용자 제공 일본 호텔 자료(매칭된 호텔) / 가격·이용자평점·리뷰수·시설·재고=가상"
"H0287","Business Hotel Taiyo","Osaka","4","2-17-28 Honcho Aoba-ku","7.699999999999999","3322","Resort","2-17-28 Honcho Aoba-ku","Sendai","Miyagi","980-0014","38.26534828","140.8734777","81-22-221-1955","3.0","","6dv4","15804833","","","","RTX JP Hotel template_20260528.xlsx","호텔명·도시 및 실제정보 컬럼=사용자 제공 일본 호텔 자료(매칭된 호텔) / 가격·이용자평점·리뷰수·시설·재고=가상"
"H0288","Business Hotel Takasagoya","Osaka","5","Osaka 신오사카","7.8","3419","Hotel","","","","","","","","","","","","","","","","호텔명·도시 및 실제정보 컬럼=사용자 제공 일본 호텔 자료(매칭된 호텔) / 가격·이용자평점·리뷰수·시설·재고=가상"
"H0289","Business Hotel Urbanty Nishi-Kujo","Osaka","3","Osaka 베이 에어리어","7.8999999999999995","3516","Hotel","","","","","","","","","","","","","","","","호텔명·도시 및 실제정보 컬럼=사용자 제공 일본 호텔 자료(매칭된 호텔) / 가격·이용자평점·리뷰수·시설·재고=가상"
"H0290","Business Inn Sennichimae Hoteleed","Osaka","4","Osaka 교바시","8.0","3613","Hotel","","","","","","","","","","","","","","","","호텔명·도시 및 실제정보 컬럼=사용자 제공 일본 호텔 자료(매칭된 호텔) / 가격·이용자평점·리뷰수·시설·재고=가상"
"H0291","CANDEO HOTELS","Osaka","5","Osaka 우메다","8.1","3710","Hotel","","","","","","","","","","","","","","","","호텔명·도시 및 실제정보 컬럼=사용자 제공 일본 호텔 자료(매칭된 호텔) / 가격·이용자평점·리뷰수·시설·재고=가상"
"H0292","Candeo Hotels Osaka The Tower","Osaka","3","1-1-27 Dojimahama, Kita-ku","8.2","3807","Hotel","1-1-27 Dojimahama, Kita-ku","Osaka","Osaka","530-0004","34.695682999999995","135.5004914","81-6-6131-7714","4.0","JPOSA01336","RtyB","48925496","","","2025-12-05 23:03:04","Hotellist_supplier_japan_clean.xlsx · RTX JP Hotel template_20260528.xlsx","호텔명·도시 및 실제정보 컬럼=사용자 제공 일본 호텔 자료(매칭된 호텔) / 가격·이용자평점·리뷰수·시설·재고=가상"
"H0293","Canopy by Hilton Osaka Umeda","Osaka","4","27 5300012 Osaka Prefecture, Osaka, Osaka St Kita Ofuka West District,, in the area for, Japan, Osaka, 5300012, Japan","8.299999999999999","3904","Hotel","27 5300012 Osaka Prefecture, Osaka, Osaka St Kita Ofuka West District,, in the area for, Japan, Osaka, 5300012, Japan","Osaka","","","34.7061008","135.4930223","","","JPOSA01682","","","","","2026-04-09 14:27:33","Hotellist_supplier_japan_clean.xlsx","호텔명·도시 및 실제정보 컬럼=사용자 제공 일본 호텔 자료(매칭된 호텔) / 가격·이용자평점·리뷰수·시설·재고=가상"
"H0294","Capsule Hotel Asahi Plaza","Osaka","5","Osaka 도톤보리","8.4","4001","Hotel","","","","","","","","","","","","","","","","호텔명·도시 및 실제정보 컬럼=사용자 제공 일본 호텔 자료(매칭된 호텔) / 가격·이용자평점·리뷰수·시설·재고=가상"
"H0295","Centara Grand Hotel","Osaka","3","Osaka 혼마치","8.5","4098","Hotel","","","","","","","","","","","","","","","","호텔명·도시 및 실제정보 컬럼=사용자 제공 일본 호텔 자료(매칭된 호텔) / 가격·이용자평점·리뷰수·시설·재고=가상"
"H0296","Cityplaza Osaka","Osaka","4","Osaka 텐노지","8.6","4195","Hotel","","","","","","","","","","","","","","","","호텔명·도시 및 실제정보 컬럼=사용자 제공 일본 호텔 자료(매칭된 호텔) / 가격·이용자평점·리뷰수·시설·재고=가상"
"H0297","Cityroute Hotel","Osaka","5","Osaka 오사카성","8.7","4292","Hotel","","","","","","","","","","","","","","","","호텔명·도시 및 실제정보 컬럼=사용자 제공 일본 호텔 자료(매칭된 호텔) / 가격·이용자평점·리뷰수·시설·재고=가상"
"H0298","COCOROOM","Osaka","3","Osaka 신오사카","8.799999999999999","4389","Resort","","","","","","","","","","","","","","","","호텔명·도시 및 실제정보 컬럼=사용자 제공 일본 호텔 자료(매칭된 호텔) / 가격·이용자평점·리뷰수·시설·재고=가상"
"H0299","Comfort Hotel Osaka Sinsaibashi","Osaka","4","Osaka 베이 에어리어","8.9","4486","Hotel","","","","","","","","","","","","","","","","호텔명·도시 및 실제정보 컬럼=사용자 제공 일본 호텔 자료(매칭된 호텔) / 가격·이용자평점·리뷰수·시설·재고=가상"
"H0300","Confort Hotel Shin-Osaka","Osaka","5","Osaka 교바시","9.0","4583","Hotel","","","","","","","","","","","","","","","","호텔명·도시 및 실제정보 컬럼=사용자 제공 일본 호텔 자료(매칭된 호텔) / 가격·이용자평점·리뷰수·시설·재고=가상"
"H0301","Consort","Osaka","3","1-12-7, Nishinakajima, Yodogawa-ku Osaka-shi, Osaka, Japan","9.1","4680","Hotel","1-12-7, Nishinakajima, Yodogawa-ku Osaka-shi, Osaka, Japan","Osaka","","","34.72532719698","135.49917325950722","81-6-63041511","","JPOSA00172","","","","","2026-05-21 10:46:43","Hotellist_supplier_japan_clean.xlsx","호텔명·도시 및 실제정보 컬럼=사용자 제공 일본 호텔 자료(매칭된 호텔) / 가격·이용자평점·리뷰수·시설·재고=가상"
"H0302","Cordia","Osaka","4","Osaka 난바","9.2","4777","Hotel","","","","","","","","","","","","","","","","호텔명·도시 및 실제정보 컬럼=사용자 제공 일본 호텔 자료(매칭된 호텔) / 가격·이용자평점·리뷰수·시설·재고=가상"
"H0303","Daihatsu Kouda Ryo Dormitory","Osaka","5","Osaka 신사이바시","9.3","4874","Hotel","","","","","","","","","","","","","","","","호텔명·도시 및 실제정보 컬럼=사용자 제공 일본 호텔 자료(매칭된 호텔) / 가격·이용자평점·리뷰수·시설·재고=가상"
"H0304","Daiwa Roynet Hotel","Osaka","3","Osaka 도톤보리","9.399999999999999","4971","Hotel","","","","","","","","","","","","","","","","호텔명·도시 및 실제정보 컬럼=사용자 제공 일본 호텔 자료(매칭된 호텔) / 가격·이용자평점·리뷰수·시설·재고=가상"
"H0305","Daiwa Roynet Hotel Osaka-Kitahama","Osaka","4","2-2-14 Koraibashi, Chuo-ku","9.5","168","Ryokan","2-2-14 Koraibashi, Chuo-ku","Osaka","Osaka","541-0043","34.68939188","135.5063678","81-6-6228-1255","3.5","JPOSA00276","vF4W","446076","6075606","","2025-12-05 23:03:04","Hotellist_supplier_japan_clean.xlsx · RTX JP Hotel template_20260528.xlsx","호텔명·도시 및 실제정보 컬럼=사용자 제공 일본 호텔 자료(매칭된 호텔) / 가격·이용자평점·리뷰수·시설·재고=가상"
"H0306","DEL style大阪新梅田","Osaka","5","Osaka 텐노지","9.6","265","Hotel","","","","","","","","","","","","","","","","호텔명·도시 및 실제정보 컬럼=사용자 제공 일본 호텔 자료(매칭된 호텔) / 가격·이용자평점·리뷰수·시설·재고=가상"
"H0307","DEL style大阪新梅田ANNEX","Osaka","3","Osaka 오사카성","9.7","362","Hotel","","","","","","","","","","","","","","","","호텔명·도시 및 실제정보 컬럼=사용자 제공 일본 호텔 자료(매칭된 호텔) / 가격·이용자평점·리뷰수·시설·재고=가상"
"H0308","Dojima Hotel","Osaka","4","Osaka 신오사카","9.8","459","Hotel","","","","","","","","","","","","","","","","호텔명·도시 및 실제정보 컬럼=사용자 제공 일본 호텔 자료(매칭된 호텔) / 가격·이용자평점·리뷰수·시설·재고=가상"
"H0309","dormy inn hotel","Osaka","5","Osaka 베이 에어리어","7.1","556","Resort","","","","","","","","","","","","","","","","호텔명·도시 및 실제정보 컬럼=사용자 제공 일본 호텔 자료(매칭된 호텔) / 가격·이용자평점·리뷰수·시설·재고=가상"
"H0310","Dormy Inn Osaka Tanimachi","Osaka","3","Osaka 교바시","7.199999999999999","653","Hotel","","","","","","","","","","","","","","","","호텔명·도시 및 실제정보 컬럼=사용자 제공 일본 호텔 자료(매칭된 호텔) / 가격·이용자평점·리뷰수·시설·재고=가상"
"H0311","Dormy Inn Premium Nanba","Osaka","4","Osaka 우메다","7.3","750","Hotel","","","","","","","","","","","","","","","","호텔명·도시 및 실제정보 컬럼=사용자 제공 일본 호텔 자료(매칭된 호텔) / 가격·이용자평점·리뷰수·시설·재고=가상"
"H0312","Dormy Inn Shinsaibashi","Osaka","5","2-17-3 Nishishinsaibashi","7.3999999999999995","847","Hotel","2-17-3 Nishishinsaibashi","Osaka","","","34.67089403858021","135.49743300000526","662-118100","","JPOSA01374","","","","","2025-07-27 19:59:31","Hotellist_supplier_japan_clean.xlsx","호텔명·도시 및 실제정보 컬럼=사용자 제공 일본 호텔 자료(매칭된 호텔) / 가격·이용자평점·리뷰수·시설·재고=가상"
"H0313","Dormy Inn Umeda Higashi","Osaka","3","3-5-35, Nishitemma, Kita-ku, Osaka-shi, Osaka, Japan","7.5","944","Hotel","3-5-35, Nishitemma, Kita-ku, Osaka-shi, Osaka, Japan","Osaka","","","34.6968348","135.5089227","81-6-63119001","","JPOSA00110","","","","","2025-09-15 12:31:43","Hotellist_supplier_japan_clean.xlsx","호텔명·도시 및 실제정보 컬럼=사용자 제공 일본 호텔 자료(매칭된 호텔) / 가격·이용자평점·리뷰수·시설·재고=가상"
"H0314","Dotombori Shinsaibashi Hotel","Osaka","4","Osaka 도톤보리","7.6","1041","Hotel","","","","","","","","","","","","","","","","호텔명·도시 및 실제정보 컬럼=사용자 제공 일본 호텔 자료(매칭된 호텔) / 가격·이용자평점·리뷰수·시설·재고=가상"
"H0315","DOTONBORI HOTEL","Osaka","5","2-3-25, Dotombori, Chuo-ku Osaka-shi, Osaka, 542-0071, Japan","7.699999999999999","1138","Hotel","2-3-25, Dotombori, Chuo-ku Osaka-shi, Osaka, 542-0071, Japan","Osaka","","","34.6685714","135.49880010000004","06-6213-9040","","JPONS00003","","","","","2026-06-17 17:24:42","Hotellist_supplier_japan_clean.xlsx","호텔명·도시 및 실제정보 컬럼=사용자 제공 일본 호텔 자료(매칭된 호텔) / 가격·이용자평점·리뷰수·시설·재고=가상"
"H0316","DoubleTree by Hilton Osaka Castle","Osaka","3","Osaka 1-1, Otemae 1-chome, Chuo-Ku Japan","7.8","1235","Hotel","Osaka 1-1, Otemae 1-chome, Chuo-Ku Japan","Osaka","","","34.69051650208133","135.5214529361763","81-6-6335-9801","","JPOSA01343","","","","","2026-01-23 00:27:25","Hotellist_supplier_japan_clean.xlsx","호텔명·도시 및 실제정보 컬럼=사용자 제공 일본 호텔 자료(매칭된 호텔) / 가격·이용자평점·리뷰수·시설·재고=가상"
"H0317","Dream Stays TSUKI","Osaka","4","Osaka 오사카성","7.8999999999999995","1332","Hotel","","","","","","","","","","","","","","","","호텔명·도시 및 실제정보 컬럼=사용자 제공 일본 호텔 자료(매칭된 호텔) / 가격·이용자평점·리뷰수·시설·재고=가상"
"H0318","Dynasty Hotel","Osaka","5","Osaka 신오사카","8.0","1429","Hotel","","","","","","","","","","","","","","","","호텔명·도시 및 실제정보 컬럼=사용자 제공 일본 호텔 자료(매칭된 호텔) / 가격·이용자평점·리뷰수·시설·재고=가상"
"H0319","EARTHMANS AMEMURA","Osaka","3","Osaka 베이 에어리어","8.1","1526","Hotel","","","","","","","","","","","","","","","","호텔명·도시 및 실제정보 컬럼=사용자 제공 일본 호텔 자료(매칭된 호텔) / 가격·이용자평점·리뷰수·시설·재고=가상"
"H0320","EI Building","Osaka","4","Osaka 교바시","8.2","1623","Resort","","","","","","","","","","","","","","","","호텔명·도시 및 실제정보 컬럼=사용자 제공 일본 호텔 자료(매칭된 호텔) / 가격·이용자평점·리뷰수·시설·재고=가상"
"H0321","ELEGANCE","Osaka","5","Osaka 우메다","8.299999999999999","1720","Hotel","","","","","","","","","","","","","","","","호텔명·도시 및 실제정보 컬럼=사용자 제공 일본 호텔 자료(매칭된 호텔) / 가격·이용자평점·리뷰수·시설·재고=가상"
"H0322","esports hotel e-ZONe ～電脳空間～","Osaka","3","Osaka 난바","8.4","1817","Hotel","","","","","","","","","","","","","","","","호텔명·도시 및 실제정보 컬럼=사용자 제공 일본 호텔 자료(매칭된 호텔) / 가격·이용자평점·리뷰수·시설·재고=가상"
"H0323","EXCEL HOTELTOKYU","Osaka","4","Osaka 신사이바시","8.5","1914","Hotel","","","","","","","","","","","","","","","","호텔명·도시 및 실제정보 컬럼=사용자 제공 일본 호텔 자료(매칭된 호텔) / 가격·이용자평점·리뷰수·시설·재고=가상"
"H0324","EXE東心斋橋","Osaka","5","Osaka 도톤보리","8.6","2011","Ryokan","","","","","","","","","","","","","","","","호텔명·도시 및 실제정보 컬럼=사용자 제공 일본 호텔 자료(매칭된 호텔) / 가격·이용자평점·리뷰수·시설·재고=가상"
"H0325","Fairfield by Marriott Osaka Namba","Osaka","3","2-3-25 Motomachi Naniwa-ku","8.7","2108","Hotel","2-3-25 Motomachi Naniwa-ku","Osaka","Osaka","556-0016","34.66243746","135.4963194","81-6-6649-4111","3.5","JPOSA01418","9yXn","14666392","","","2026-07-20 17:50:53","Hotellist_supplier_japan_clean.xlsx · RTX JP Hotel template_20260528.xlsx","호텔명·도시 및 실제정보 컬럼=사용자 제공 일본 호텔 자료(매칭된 호텔) / 가격·이용자평점·리뷰수·시설·재고=가상"
"H0326","FDS AIM (FDS エイム)","Osaka","4","Osaka 텐노지","8.799999999999999","2205","Hotel","","","","","","","","","","","","","","","","호텔명·도시 및 실제정보 컬럼=사용자 제공 일본 호텔 자료(매칭된 호텔) / 가격·이용자평점·리뷰수·시설·재고=가상"
"H0327","fine garden","Osaka","5","Osaka 오사카성","8.9","2302","Hotel","","","","","","","","","","","","","","","","호텔명·도시 및 실제정보 컬럼=사용자 제공 일본 호텔 자료(매칭된 호텔) / 가격·이용자평점·리뷰수·시설·재고=가상"
"H0328","FL Hotel Dotonbori","Osaka","3","1-3-16 East, Dotonbori, Chuo-ku","9.0","2399","Hotel","1-3-16 East, Dotonbori, Chuo-ku","Osaka","Osaka","542-0077","34.66840225000001","135.5091651","81-6-6210-3710","","JPOSA01665","58qm","42514123","","243","2025-07-16 18:03:26","Hotellist_supplier_japan_clean.xlsx · RTX JP Hotel template_20260528.xlsx","호텔명·도시 및 실제정보 컬럼=사용자 제공 일본 호텔 자료(매칭된 호텔) / 가격·이용자평점·리뷰수·시설·재고=가상"
"H0329","FLORAL HOTEL SAKAISUJI-HONMACHI","Osaka","4","1 2 9 Kyutaromachi Chuo Ku, , Osaka, 541-0056, Japan","9.1","2496","Hotel","1 2 9 Kyutaromachi Chuo Ku, , Osaka, 541-0056, Japan","Osaka","","","34.68076285145117","135.51016060978696","81-6-42562628","","JPOSA01715","","","","","2025-10-03 10:03:55","Hotellist_supplier_japan_clean.xlsx","호텔명·도시 및 실제정보 컬럼=사용자 제공 일본 호텔 자료(매칭된 호텔) / 가격·이용자평점·리뷰수·시설·재고=가상"
"H0330","FOR  LEAVES INN","Osaka","5","Osaka 교바시","9.2","2593","Hotel","","","","","","","","","","","","","","","","호텔명·도시 및 실제정보 컬럼=사용자 제공 일본 호텔 자료(매칭된 호텔) / 가격·이용자평점·리뷰수·시설·재고=가상"
"H0331","FOUR POINTS FLEX BY SHERATON","Osaka","3","Osaka 우메다","9.3","2690","Resort","","","","","","","","","","","","","","","","호텔명·도시 및 실제정보 컬럼=사용자 제공 일본 호텔 자료(매칭된 호텔) / 가격·이용자평점·리뷰수·시설·재고=가상"
"H0332","Four Seasons Hotel Osaka","Osaka","4","530-0003 Osaka Prefecture, Osaka, 2-4-32, Dojima, Kita-Ku, Japan, Osaka, 530-003, Japan","9.399999999999999","2787","Hotel","530-0003 Osaka Prefecture, Osaka, 2-4-32, Dojima, Kita-Ku, Japan, Osaka, 530-003, Japan","Osaka","","","34.6961363","135.4935424","81-6-6676-8682","","JPOSA01703","","","","","2025-12-06 23:00:24","Hotellist_supplier_japan_clean.xlsx","호텔명·도시 및 실제정보 컬럼=사용자 제공 일본 호텔 자료(매칭된 호텔) / 가격·이용자평점·리뷰수·시설·재고=가상"
"H0333","FP Hotels","Osaka","5","Osaka 신사이바시","9.5","2884","Hotel","","","","","","","","","","","","","","","","호텔명·도시 및 실제정보 컬럼=사용자 제공 일본 호텔 자료(매칭된 호텔) / 가격·이용자평점·리뷰수·시설·재고=가상"
"H0334","Fraser Residence Nankai","Osaka","3","Osaka 도톤보리","9.6","2981","Hotel","","","","","","","","","","","","","","","","호텔명·도시 및 실제정보 컬럼=사용자 제공 일본 호텔 자료(매칭된 호텔) / 가격·이용자평점·리뷰수·시설·재고=가상"
"H0335","Fuku Hostel","Osaka","4","Osaka 혼마치","9.7","3078","Hotel","","","","","","","","","","","","","","","","호텔명·도시 및 실제정보 컬럼=사용자 제공 일본 호텔 자료(매칭된 호텔) / 가격·이용자평점·리뷰수·시설·재고=가상"
"H0336","Fukunoya Ryokan","Osaka","5","Osaka 텐노지","9.8","3175","Hotel","","","","","","","","","","","","","","","","호텔명·도시 및 실제정보 컬럼=사용자 제공 일본 호텔 자료(매칭된 호텔) / 가격·이용자평점·리뷰수·시설·재고=가상"
"H0337","Galliano","Osaka","3","Osaka 오사카성","7.1","3272","Hotel","","","","","","","","","","","","","","","","호텔명·도시 및 실제정보 컬럼=사용자 제공 일본 호텔 자료(매칭된 호텔) / 가격·이용자평점·리뷰수·시설·재고=가상"
"H0338","Gemini","Osaka","4","Osaka 신오사카","7.199999999999999","3369","Hotel","","","","","","","","","","","","","","","","호텔명·도시 및 실제정보 컬럼=사용자 제공 일본 호텔 자료(매칭된 호텔) / 가격·이용자평점·리뷰수·시설·재고=가상"
"H0339","GOEMON","Osaka","5","388-2 Ubashimashinden","7.3","3466","Hotel","388-2 Ubashimashinden","Minami Uonuma","Niigata","949-6425","36.99368824","138.8238305","81-25-783-2762","","","BbFQ","","","","","RTX JP Hotel template_20260528.xlsx","호텔명·도시 및 실제정보 컬럼=사용자 제공 일본 호텔 자료(매칭된 호텔) / 가격·이용자평점·리뷰수·시설·재고=가상"
"H0340","Grand Hotel Osaka","Osaka","3","Osaka 교바시","7.3999999999999995","3563","Hotel","","","","","","","","","","","","","","","","호텔명·도시 및 실제정보 컬럼=사용자 제공 일본 호텔 자료(매칭된 호텔) / 가격·이용자평점·리뷰수·시설·재고=가상"
"H0341","Grand Prince Hotel Osaka Bay","Osaka","4","1-13-11 Nankokita, Suminoe-ku","7.5","3660","Hotel","1-13-11 Nankokita, Suminoe-ku","Osaka","Osaka","559-0034","34.64000000000001","135.42","81-6-6612-1234","4.0","JPOSA00073","cC8u","41328357","22877","21","2025-11-17 18:15:22","Hotellist_supplier_japan_clean.xlsx · RTX JP Hotel template_20260528.xlsx","호텔명·도시 및 실제정보 컬럼=사용자 제공 일본 호텔 자료(매칭된 호텔) / 가격·이용자평점·리뷰수·시설·재고=가상"
"H0342","Green Rich Hotel","Osaka","5","Osaka 난바","7.6","3757","Resort","","","","","","","","","","","","","","","","호텔명·도시 및 실제정보 컬럼=사용자 제공 일본 호텔 자료(매칭된 호텔) / 가격·이용자평점·리뷰수·시설·재고=가상"
"H0343","Green Village Katano","Osaka","3","Osaka 신사이바시","7.699999999999999","3854","Ryokan","","","","","","","","","","","","","","","","호텔명·도시 및 실제정보 컬럼=사용자 제공 일본 호텔 자료(매칭된 호텔) / 가격·이용자평점·리뷰수·시설·재고=가상"
"H0344","Guest House ANCHOR","Osaka","4","Osaka 도톤보리","7.8","3951","Hotel","","","","","","","","","","","","","","","","호텔명·도시 및 실제정보 컬럼=사용자 제공 일본 호텔 자료(매칭된 호텔) / 가격·이용자평점·리뷰수·시설·재고=가상"
"H0345","Guest House Bed&Bicycle","Osaka","5","1-2-4 Taisho","7.8999999999999995","4048","Hotel","1-2-4 Taisho","Osaka","","","34.586647751877386","135.62105967915056","81-50-5444-6618","","JPOSA01620","","","","","2025-07-16 15:02:40","Hotellist_supplier_japan_clean.xlsx","호텔명·도시 및 실제정보 컬럼=사용자 제공 일본 호텔 자료(매칭된 호텔) / 가격·이용자평점·리뷰수·시설·재고=가상"
"H0346","Guest House Kishinosato","Osaka","3","Osaka 텐노지","8.0","4145","Hotel","","","","","","","","","","","","","","","","호텔명·도시 및 실제정보 컬럼=사용자 제공 일본 호텔 자료(매칭된 호텔) / 가격·이용자평점·리뷰수·시설·재고=가상"
"H0347","Guest House Mii","Osaka","4","Osaka 오사카성","8.1","4242","Hotel","","","","","","","","","","","","","","","","호텔명·도시 및 실제정보 컬럼=사용자 제공 일본 호텔 자료(매칭된 호텔) / 가격·이용자평점·리뷰수·시설·재고=가상"
"H0348","Guest House Mutsu","Osaka","5","Osaka 신오사카","8.2","4339","Hotel","","","","","","","","","","","","","","","","호텔명·도시 및 실제정보 컬럼=사용자 제공 일본 호텔 자료(매칭된 호텔) / 가격·이용자평점·리뷰수·시설·재고=가상"
"H0349","GUEST HOUSE Rice","Osaka","3","Osaka 베이 에어리어","8.299999999999999","4436","Hotel","","","","","","","","","","","","","","","","호텔명·도시 및 실제정보 컬럼=사용자 제공 일본 호텔 자료(매칭된 호텔) / 가격·이용자평점·리뷰수·시설·재고=가상"
"H0350","Guest House Siam","Osaka","4","Osaka 교바시","8.4","4533","Hotel","","","","","","","","","","","","","","","","호텔명·도시 및 실제정보 컬럼=사용자 제공 일본 호텔 자료(매칭된 호텔) / 가격·이용자평점·리뷰수·시설·재고=가상"
"H0351","Guest House Tennoji 168","Osaka","5","Osaka 우메다","8.5","4630","Hotel","","","","","","","","","","","","","","","","호텔명·도시 및 실제정보 컬럼=사용자 제공 일본 호텔 자료(매칭된 호텔) / 가격·이용자평점·리뷰수·시설·재고=가상"
"H0352","Guesthouse En Sagisu","Osaka","3","Osaka 난바","8.6","4727","Hotel","","","","","","","","","","","","","","","","호텔명·도시 및 실제정보 컬럼=사용자 제공 일본 호텔 자료(매칭된 호텔) / 가격·이용자평점·리뷰수·시설·재고=가상"
"H0353","H2H Osaka Castle","Osaka","4","Osaka 신사이바시","8.7","4824","Resort","","","","","","","","","","","","","","","","호텔명·도시 및 실제정보 컬럼=사용자 제공 일본 호텔 자료(매칭된 호텔) / 가격·이용자평점·리뷰수·시설·재고=가상"
"H0354","Hana Hostel Osaka","Osaka","5","Osaka 도톤보리","8.799999999999999","4921","Hotel","","","","","","","","","","","","","","","","호텔명·도시 및 실제정보 컬럼=사용자 제공 일본 호텔 자료(매칭된 호텔) / 가격·이용자평점·리뷰수·시설·재고=가상"
"H0355","Hanna Country Club","Osaka","3","Osaka 혼마치","8.9","118","Hotel","","","","","","","","","","","","","","","","호텔명·도시 및 실제정보 컬럼=사용자 제공 일본 호텔 자료(매칭된 호텔) / 가격·이용자평점·리뷰수·시설·재고=가상"
"H0356","Hawk on pine tree","Osaka","4","Osaka 텐노지","9.0","215","Hotel","","","","","","","","","","","","","","","","호텔명·도시 및 실제정보 컬럼=사용자 제공 일본 호텔 자료(매칭된 호텔) / 가격·이용자평점·리뷰수·시설·재고=가상"
"H0357","Hearton Hotel","Osaka","5","Osaka 오사카성","9.1","312","Hotel","","","","","","","","","","","","","","","","호텔명·도시 및 실제정보 컬럼=사용자 제공 일본 호텔 자료(매칭된 호텔) / 가격·이용자평점·리뷰수·시설·재고=가상"
"H0358","Hearton Hotel Nishiumeda","Osaka","3","3-3-55 Umeda, Kita-ku","9.2","409","Hotel","3-3-55 Umeda, Kita-ku","Osaka","Osaka","530-0001","34.700145","135.492868","81-6-6342-1111","3.5","JPOSA00755","S0De","161804","2614652","637","2025-12-06 23:00:24","Hotellist_supplier_japan_clean.xlsx · RTX JP Hotel template_20260528.xlsx","호텔명·도시 및 실제정보 컬럼=사용자 제공 일본 호텔 자료(매칭된 호텔) / 가격·이용자평점·리뷰수·시설·재고=가상"
"H0359","Hearton Hotel Shinsaibashi","Osaka","4","1-5-24 Nishi Shinsaibashi, Chuo-ku","9.3","506","Hotel","1-5-24 Nishi Shinsaibashi, Chuo-ku","Osaka","Osaka","542-0086","34.67","135.5","81-6-6251-3711","2.5","JPONS00018","X8FQ","104270","","41","2026-06-17 17:24:42","Hotellist_supplier_japan_clean.xlsx · RTX JP Hotel template_20260528.xlsx","호텔명·도시 및 실제정보 컬럼=사용자 제공 일본 호텔 자료(매칭된 호텔) / 가격·이용자평점·리뷰수·시설·재고=가상"
"H0360","Hearton Hotel Shinsaibashi Annex","Osaka","5","Osaka 교바시","9.399999999999999","603","Hotel","","","","","","","","","","","","","","","","호텔명·도시 및 실제정보 컬럼=사용자 제공 일본 호텔 자료(매칭된 호텔) / 가격·이용자평점·리뷰수·시설·재고=가상"
"H0361","Henn na Hotel","Osaka","3","Osaka 우메다","9.5","700","Hotel","","","","","","","","","","","","","","","","호텔명·도시 및 실제정보 컬럼=사용자 제공 일본 호텔 자료(매칭된 호텔) / 가격·이용자평점·리뷰수·시설·재고=가상"
"H0362","Hikari House Shin-Osaka","Osaka","4","Osaka 난바","9.6","797","Ryokan","","","","","","","","","","","","","","","","호텔명·도시 및 실제정보 컬럼=사용자 제공 일본 호텔 자료(매칭된 호텔) / 가격·이용자평점·리뷰수·시설·재고=가상"
"H0363","Hirakata Sun Plaza Hotel","Osaka","5","11-11 Okahigashicho","9.7","894","Hotel","11-11 Okahigashicho","Hirakata","Osaka","573-0032","34.81590036","135.6503143","81-72-846-5511","4.0","","u85z","","","1605","","RTX JP Hotel template_20260528.xlsx","호텔명·도시 및 실제정보 컬럼=사용자 제공 일본 호텔 자료(매칭된 호텔) / 가격·이용자평점·리뷰수·시설·재고=가상"
"H0364","Hitsujiya Ryokan","Osaka","3","Osaka 도톤보리","9.8","991","Resort","","","","","","","","","","","","","","","","호텔명·도시 및 실제정보 컬럼=사용자 제공 일본 호텔 자료(매칭된 호텔) / 가격·이용자평점·리뷰수·시설·재고=가상"
"H0365","Hiyori Hotel","Osaka","4","Osaka 혼마치","7.1","1088","Hotel","","","","","","","","","","","","","","","","호텔명·도시 및 실제정보 컬럼=사용자 제공 일본 호텔 자료(매칭된 호텔) / 가격·이용자평점·리뷰수·시설·재고=가상"
"H0366","Hokousou","Osaka","5","Osaka 텐노지","7.199999999999999","1185","Hotel","","","","","","","","","","","","","","","","호텔명·도시 및 실제정보 컬럼=사용자 제공 일본 호텔 자료(매칭된 호텔) / 가격·이용자평점·리뷰수·시설·재고=가상"
"H0367","Holiday Inn Osaka Namba","Osaka","3","5-15, Soemoncho, Chuo-ku Osaka-shi, Osaka, Japan","7.3","1282","Hotel","5-15, Soemoncho, Chuo-ku Osaka-shi, Osaka, Japan","Osaka","","","34.66978921193409","135.50356243495298","81-6-62127999","","JPONS00021","","","","","2025-09-15 12:31:43","Hotellist_supplier_japan_clean.xlsx","호텔명·도시 및 실제정보 컬럼=사용자 제공 일본 호텔 자료(매칭된 호텔) / 가격·이용자평점·리뷰수·시설·재고=가상"
"H0368","Holiday Pearl Hotel","Osaka","4","3-22-14 Hirao Taisho-ku","7.3999999999999995","1379","Hotel","3-22-14 Hirao Taisho-ku","Osaka","Osaka","551-0012","34.639581799999995","135.4727502","81-6-6563-9318","2.0","JPOSA01530","CgoT","","","2652","2025-07-16 15:02:40","Hotellist_supplier_japan_clean.xlsx · RTX JP Hotel template_20260528.xlsx","호텔명·도시 및 실제정보 컬럼=사용자 제공 일본 호텔 자료(매칭된 호텔) / 가격·이용자평점·리뷰수·시설·재고=가상"
"H0369","Home","Osaka","5","Osaka 베이 에어리어","7.5","1476","Hotel","","","","","","","","","","","","","","","","호텔명·도시 및 실제정보 컬럼=사용자 제공 일본 호텔 자료(매칭된 호텔) / 가격·이용자평점·리뷰수·시설·재고=가상"
"H0370","HOME HOSTEL OSAKA","Osaka","3","Osaka 교바시","7.6","1573","Hotel","","","","","","","","","","","","","","","","호텔명·도시 및 실제정보 컬럼=사용자 제공 일본 호텔 자료(매칭된 호텔) / 가격·이용자평점·리뷰수·시설·재고=가상"
"H0371","Hostel Bushi","Osaka","4","1 3 6 GAMOU,   OSAKA","7.699999999999999","1670","Hotel","1 3 6 GAMOU,   OSAKA","Osaka","","","34.6978","135.537","+81661676580","","JPOSA00513","","","","","2024-02-20 10:45:09","Hotellist_supplier_japan_clean.xlsx","호텔명·도시 및 실제정보 컬럼=사용자 제공 일본 호텔 자료(매칭된 호텔) / 가격·이용자평점·리뷰수·시설·재고=가상"
"H0372","Hostel Furoya","Osaka","5","3-10-14 Nakamichi, Higashinari-ku","7.8","1767","Hotel","3-10-14 Nakamichi, Higashinari-ku","Osaka","","","34.67570318764062","135.53529419816493","81-6-7163-4287","","JPOSA01652","","","","","2025-07-18 16:18:10","Hotellist_supplier_japan_clean.xlsx","호텔명·도시 및 실제정보 컬럼=사용자 제공 일본 호텔 자료(매칭된 호텔) / 가격·이용자평점·리뷰수·시설·재고=가상"
"H0373","HOSTEL JIN","Osaka","3","Osaka 신사이바시","7.8999999999999995","1864","Hotel","","","","","","","","","","","","","","","","호텔명·도시 및 실제정보 컬럼=사용자 제공 일본 호텔 자료(매칭된 호텔) / 가격·이용자평점·리뷰수·시설·재고=가상"
"H0374","Hostel Kai Osaka","Osaka","4","Osaka 도톤보리","8.0","1961","Hotel","","","","","","","","","","","","","","","","호텔명·도시 및 실제정보 컬럼=사용자 제공 일본 호텔 자료(매칭된 호텔) / 가격·이용자평점·리뷰수·시설·재고=가상"
"H0375","Hostel MOKUMOKU","Osaka","5","Osaka 혼마치","8.1","2058","Resort","","","","","","","","","","","","","","","","호텔명·도시 및 실제정보 컬럼=사용자 제공 일본 호텔 자료(매칭된 호텔) / 가격·이용자평점·리뷰수·시설·재고=가상"
"H0376","Hostel OGK","Osaka","3","553-0003 Osaka, Fukushima Ward, Fukushima, 6 Chome 12-13 ","8.2","2155","Hotel","553-0003 Osaka, Fukushima Ward, Fukushima, 6 Chome 12-13 ","Osaka","","","34.70017684585006","135.48860571527482","81-50-5444-6620","","JPOSA01550","","","","","2025-07-16 18:03:26","Hotellist_supplier_japan_clean.xlsx","호텔명·도시 및 실제정보 컬럼=사용자 제공 일본 호텔 자료(매칭된 호텔) / 가격·이용자평점·리뷰수·시설·재고=가상"
"H0377","Hostel OSAKA","Osaka","4","6-23 Matsugaecho, Kita-ku","8.299999999999999","2252","Hotel","6-23 Matsugaecho, Kita-ku","Osaka","Osaka","530-0037","34.69853109999999","135.515449","81-6-4301-5466","2.0","JPOSA01778","kzCm","58638095","","","2026-01-27 23:31:37","Hotellist_supplier_japan_clean.xlsx · RTX JP Hotel template_20260528.xlsx","호텔명·도시 및 실제정보 컬럼=사용자 제공 일본 호텔 자료(매칭된 호텔) / 가격·이용자평점·리뷰수·시설·재고=가상"
"H0378","Hostel Osaka 64","Osaka","5","Osaka 신오사카","8.4","2349","Hotel","","","","","","","","","","","","","","","","호텔명·도시 및 실제정보 컬럼=사용자 제공 일본 호텔 자료(매칭된 호텔) / 가격·이용자평점·리뷰수·시설·재고=가상"
"H0379","Hostel Takeyado","Osaka","3","Osaka 베이 에어리어","8.5","2446","Hotel","","","","","","","","","","","","","","","","호텔명·도시 및 실제정보 컬럼=사용자 제공 일본 호텔 자료(매칭된 호텔) / 가격·이용자평점·리뷰수·시설·재고=가상"
"H0380","HostelQ","Osaka","4","Osaka 교바시","8.6","2543","Hotel","","","","","","","","","","","","","","","","호텔명·도시 및 실제정보 컬럼=사용자 제공 일본 호텔 자료(매칭된 호텔) / 가격·이용자평점·리뷰수·시설·재고=가상"
"H0381","Hotel 3 O'Clock","Osaka","5","Osaka 우메다","8.7","2640","Ryokan","","","","","","","","","","","","","","","","호텔명·도시 및 실제정보 컬럼=사용자 제공 일본 호텔 자료(매칭된 호텔) / 가격·이용자평점·리뷰수·시설·재고=가상"
"H0382","Hotel 88 Shinsaibashi","Osaka","3","2 5 4 Dotombori Chuou Ku, Chuou-kuOsaka 542-0071Osaka, Osaka, 542-0071, Japan","8.799999999999999","2737","Hotel","2 5 4 Dotombori Chuou Ku, Chuou-kuOsaka 542-0071Osaka, Osaka, 542-0071, Japan","Osaka","","","34.66820059232669","135.49782096560668","81-6-62278458","","JPOSA01710","","","","","2026-07-08 16:26:10","Hotellist_supplier_japan_clean.xlsx","호텔명·도시 및 실제정보 컬럼=사용자 제공 일본 호텔 자료(매칭된 호텔) / 가격·이용자평점·리뷰수·시설·재고=가상"
"H0383","Hotel A.P","Osaka","4","2-12-27 Hotarugaike-nishimachi","8.9","2834","Hotel","2-12-27 Hotarugaike-nishimachi","Higashiosaka","","","34.792627756162915","135.44294903802873","81-6-6843-2561","","JPIOA00003","","","","","2025-07-27 19:55:34","Hotellist_supplier_japan_clean.xlsx","호텔명·도시 및 실제정보 컬럼=사용자 제공 일본 호텔 자료(매칭된 호텔) / 가격·이용자평점·리뷰수·시설·재고=가상"
"H0384","Hotel AGORA","Osaka","5","Osaka 도톤보리","9.0","2931","Hotel","","","","","","","","","","","","","","","","호텔명·도시 및 실제정보 컬럼=사용자 제공 일본 호텔 자료(매칭된 호텔) / 가격·이용자평점·리뷰수·시설·재고=가상"
"H0385","Hotel Alexander Namba","Osaka","3","4-6-14 Namba, Chuo-ku, Osaka-shi 542-0076","9.1","3028","Hotel","4-6-14 Namba, Chuo-ku, Osaka-shi 542-0076","Osaka","","","34.666541","135.49895500000002","06-6536-8082","","JPOSA00301","","","","","2025-09-15 12:31:43","Hotellist_supplier_japan_clean.xlsx","호텔명·도시 및 실제정보 컬럼=사용자 제공 일본 호텔 자료(매칭된 호텔) / 가격·이용자평점·리뷰수·시설·재고=가상"
"H0386","Hotel Alps","Osaka","4","Osaka 텐노지","9.2","3125","Resort","","","","","","","","","","","","","","","","호텔명·도시 및 실제정보 컬럼=사용자 제공 일본 호텔 자료(매칭된 호텔) / 가격·이용자평점·리뷰수·시설·재고=가상"
"H0387","Hotel Alten","Osaka","5","1 Chome Higashi 6-12, Dotonbori Osaka 542-0077","9.3","3222","Hotel","1 Chome Higashi 6-12, Dotonbori Osaka 542-0077","Osaka","","","34.6681852","135.5082172","","","JPOSA01399","","","","","2025-07-18 16:18:10","Hotellist_supplier_japan_clean.xlsx","호텔명·도시 및 실제정보 컬럼=사용자 제공 일본 호텔 자료(매칭된 호텔) / 가격·이용자평점·리뷰수·시설·재고=가상"
"H0388","Hotel Amaterrace 縁","Osaka","3","Osaka 신오사카","9.399999999999999","3319","Hotel","","","","","","","","","","","","","","","","호텔명·도시 및 실제정보 컬럼=사용자 제공 일본 호텔 자료(매칭된 호텔) / 가격·이용자평점·리뷰수·시설·재고=가상"
"H0389","hotel androoms","Osaka","4","Osaka 베이 에어리어","9.5","3416","Hotel","","","","","","","","","","","","","","","","호텔명·도시 및 실제정보 컬럼=사용자 제공 일본 호텔 자료(매칭된 호텔) / 가격·이용자평점·리뷰수·시설·재고=가상"
"H0390","Hotel atarayo Osaka","Osaka","5","3-2-8 Minamikyuhojimachi, Chuo-ku","9.6","3513","Hotel","3-2-8 Minamikyuhojimachi, Chuo-ku","Osaka","","","34.67893860016663","135.50296915459634","81-6-6241-7770","","JPOSA01415","","","","","2026-01-23 00:27:25","Hotellist_supplier_japan_clean.xlsx","호텔명·도시 및 실제정보 컬럼=사용자 제공 일본 호텔 자료(매칭된 호텔) / 가격·이용자평점·리뷰수·시설·재고=가상"
"H0391","HOTEL ATLANTIS","Osaka","3","9 6 Ikutamacho Tennoji Ku OSAKA","9.7","3610","Hotel","9 6 Ikutamacho Tennoji Ku OSAKA","Osaka","","","34.6662","135.514","+81663512578","","JPOSA00517","","","","","2025-09-22 15:23:38","Hotellist_supplier_japan_clean.xlsx","호텔명·도시 및 실제정보 컬럼=사용자 제공 일본 호텔 자료(매칭된 호텔) / 가격·이용자평점·리뷰수·시설·재고=가상"
"H0392","HOTEL AVANCER 天満","Osaka","4","Osaka 난바","9.8","3707","Hotel","","","","","","","","","","","","","","","","호텔명·도시 및 실제정보 컬럼=사용자 제공 일본 호텔 자료(매칭된 호텔) / 가격·이용자평점·리뷰수·시설·재고=가상"
"H0393","HOTEL B Suites","Osaka","5","Osaka 신사이바시","7.1","3804","Hotel","","","","","","","","","","","","","","","","호텔명·도시 및 실제정보 컬럼=사용자 제공 일본 호텔 자료(매칭된 호텔) / 가격·이용자평점·리뷰수·시설·재고=가상"
"H0394","Hotel Balian Resort Namba Shinsaibashi","Osaka","3","Osaka 도톤보리","7.199999999999999","3901","Hotel","","","","","","","","","","","","","","","","호텔명·도시 및 실제정보 컬럼=사용자 제공 일본 호텔 자료(매칭된 호텔) / 가격·이용자평점·리뷰수·시설·재고=가상"
"H0395","HOTEL BINARIO UMEDA","Osaka","4","3-9-1 Toyosaki, Kita-ku","7.3","3998","Hotel","3-9-1 Toyosaki, Kita-ku","Osaka","Osaka","531-0072","34.709489500000004","135.4997867","81-6-6373-1111","2.5","JPOSA00157","AU18","7978","","","2025-12-17 14:10:54","Hotellist_supplier_japan_clean.xlsx · RTX JP Hotel template_20260528.xlsx","호텔명·도시 및 실제정보 컬럼=사용자 제공 일본 호텔 자료(매칭된 호텔) / 가격·이용자평점·리뷰수·시설·재고=가상"
"H0396","Hotel Brighton City Osaka Kitahama","Osaka","5","1-1 Fushimimachi, Chuo-ku","7.3999999999999995","4095","Hotel","1-1 Fushimimachi, Chuo-ku","Osaka","Osaka","541-0044","34.68901146","135.5080311","81-6-6223-7771","3.5","JPOSA00063","ePPt","186040","1984925","","2026-01-16 11:23:44","Hotellist_supplier_japan_clean.xlsx · RTX JP Hotel template_20260528.xlsx","호텔명·도시 및 실제정보 컬럼=사용자 제공 일본 호텔 자료(매칭된 호텔) / 가격·이용자평점·리뷰수·시설·재고=가상"
"H0397","Hotel C-Gran 藤井寺","Osaka","3","Osaka 오사카성","7.5","4192","Resort","","","","","","","","","","","","","","","","호텔명·도시 및 실제정보 컬럼=사용자 제공 일본 호텔 자료(매칭된 호텔) / 가격·이용자평점·리뷰수·시설·재고=가상"
"H0398","HOTEL CEEDS","Osaka","4","4-15 Taiyujicho Kita-ku","7.6","4289","Hotel","4-15 Taiyujicho Kita-ku","Osaka","Osaka","530-0051","34.701673","135.50347030000003","81-6-6360-5811","2.0","JPOSA00488","Q3hr","","","","2024-12-11 17:12:57","Hotellist_supplier_japan_clean.xlsx · RTX JP Hotel template_20260528.xlsx","호텔명·도시 및 실제정보 컬럼=사용자 제공 일본 호텔 자료(매칭된 호텔) / 가격·이용자평점·리뷰수·시설·재고=가상"
"H0399","Hotel Chuo Selene","Osaka","5","1-1-11 Taishi Nishinari-ku","7.699999999999999","4386","Hotel","1-1-11 Taishi Nishinari-ku","Osaka","Osaka","557-0002","34.64899","135.50478","81-6-6647-2758","4.0","JPOSA00489","4egL","285143","23011458","500","2026-05-09 14:50:45","Hotellist_supplier_japan_clean.xlsx · RTX JP Hotel template_20260528.xlsx","호텔명·도시 및 실제정보 컬럼=사용자 제공 일본 호텔 자료(매칭된 호텔) / 가격·이용자평점·리뷰수·시설·재고=가상"
"H0400","HOTEL CORDIA OSAKA","Osaka","3","1-3-25 Edobori, Nishi-ku","7.8","4483","Ryokan","1-3-25 Edobori, Nishi-ku","Osaka","Osaka","550-0002","34.6914018","135.4968406","81-50-5444-6618","3.5","JPSAK00175","jGg7","2108731","","","2026-07-08 16:26:10","Hotellist_supplier_japan_clean.xlsx · RTX JP Hotel template_20260528.xlsx","호텔명·도시 및 실제정보 컬럼=사용자 제공 일본 호텔 자료(매칭된 호텔) / 가격·이용자평점·리뷰수·시설·재고=가상"
"H0401","Hotel Granvia Kyoto","Kyoto","4","JRkyotoeki chuoguti, Shiokojisagaru, Karasuma-dori, Shimogyo-ku","7.8999999999999995","4580","Hotel","JRkyotoeki chuoguti, Shiokojisagaru, Karasuma-dori, Shimogyo-ku","Kyoto","Kyoto","600-8216","34.98704453","135.7600812","81-75-344-8888","4.5","JPKYT00047","sef0","81775","444770","","2025-11-17 18:15:22","Hotellist_supplier_japan_clean.xlsx · RTX JP Hotel template_20260528.xlsx","호텔명·도시 및 실제정보 컬럼=사용자 제공 일본 호텔 자료(매칭된 호텔) / 가격·이용자평점·리뷰수·시설·재고=가상"
"H0402","RIHGA Royal Hotel Kyoto","Kyoto","5","1 Taimatsucho, Higashi horikawa-dori, Shimogyo-ku","8.0","4677","Hotel","1 Taimatsucho, Higashi horikawa-dori, Shimogyo-ku","Kyoto","Kyoto","600-8237","34.98640004","135.7527355","81-75-341-1121","4.5","JPKYT00033","8PM6","4315","178521","1543","2025-09-15 12:31:43","Hotellist_supplier_japan_clean.xlsx · RTX JP Hotel template_20260528.xlsx","호텔명·도시 및 실제정보 컬럼=사용자 제공 일본 호텔 자료(매칭된 호텔) / 가격·이용자평점·리뷰수·시설·재고=가상"
"H0403","Hyatt Regency Kyoto","Kyoto","3","644-2 Sanjusangendo Mawari Higashiyama-ku Kyoto 605-0941 Japan","8.1","4774","Hotel","644-2 Sanjusangendo Mawari Higashiyama-ku Kyoto 605-0941 Japan","Kyoto","","","34.988580951978506","135.77346802652823","81-75-5411234","","JPKYT00020","","","","","2025-07-15 17:13:01","Hotellist_supplier_japan_clean.xlsx","호텔명·도시 및 실제정보 컬럼=사용자 제공 일본 호텔 자료(매칭된 호텔) / 가격·이용자평점·리뷰수·시설·재고=가상"
"H0404","Hotel Hokke Club Kyoto","Kyoto","4","Kyoto-Eki Karasuma Chuo-Guchi Shomen, Shimogyo-Ku","8.2","4871","Hotel","Kyoto-Eki Karasuma Chuo-Guchi Shomen, Shimogyo-Ku","Kyoto","Kyoto","600-8216","34.987379049999994","135.7587566","81-75-361-1251","3.5","JPKYT00089","kwTb","186959","4353423","2262","2025-07-15 17:13:01","Hotellist_supplier_japan_clean.xlsx · RTX JP Hotel template_20260528.xlsx","호텔명·도시 및 실제정보 컬럼=사용자 제공 일본 호텔 자료(매칭된 호텔) / 가격·이용자평점·리뷰수·시설·재고=가상"
"H0405","The Thousand Kyoto","Kyoto","5","570 Higashishiokojicho, Shimogyo-ku","8.299999999999999","4968","Hotel","570 Higashishiokojicho, Shimogyo-ku","Kyoto","Kyoto","600-8216","34.9861582","135.7616079","81-75-354-1000","5.0","JPKYT00183","8mna","5583852","29393917","2818","2026-07-08 16:26:10","Hotellist_supplier_japan_clean.xlsx · RTX JP Hotel template_20260528.xlsx","호텔명·도시 및 실제정보 컬럼=사용자 제공 일본 호텔 자료(매칭된 호텔) / 가격·이용자평점·리뷰수·시설·재고=가상"
"H0406","Kyoto Century Hotel","Kyoto","3","680 Higashishiokojicho, Higashinotoin-dori, Shiokojisagaru, Shimogyo-ku","8.4","165","Hotel","680 Higashishiokojicho, Higashinotoin-dori, Shiokojisagaru, Shimogyo-ku","Kyoto","Kyoto","600-8216","34.98614193","135.7612264","81-75-351-0111","4.0","JPKYT00025","HWS4","267171","6456413","1375","2026-06-17 17:24:42","Hotellist_supplier_japan_clean.xlsx · RTX JP Hotel template_20260528.xlsx","호텔명·도시 및 실제정보 컬럼=사용자 제공 일본 호텔 자료(매칭된 호텔) / 가격·이용자평점·리뷰수·시설·재고=가상"
"H0407","Hotel Keihan Kyoto Grande","Kyoto","4","31 Nishi Sannocho, Higashi 9-jo, Minami-ku","8.5","262","Hotel","31 Nishi Sannocho, Higashi 9-jo, Minami-ku","Kyoto","Kyoto","601-8003","34.98352278","135.7608655","81-75-661-0321","3.0","JPKYT00023","2lIB","169003","3903784","","2025-07-15 17:13:01","Hotellist_supplier_japan_clean.xlsx · RTX JP Hotel template_20260528.xlsx","호텔명·도시 및 실제정보 컬럼=사용자 제공 일본 호텔 자료(매칭된 호텔) / 가격·이용자평점·리뷰수·시설·재고=가상"
"H0408","Sakura Terrace","Kyoto","5","1-1 Karasuma Cho Higashi Kujo, Minami ku Kyoto 6018016 Japan","8.6","359","Resort","1-1 Karasuma Cho Higashi Kujo, Minami ku Kyoto 6018016 Japan","Kyoto","","","34.979759","135.759492","81-75-6921112","","JPKYT00149","","","","","2025-11-17 18:15:22","Hotellist_supplier_japan_clean.xlsx","호텔명·도시 및 실제정보 컬럼=사용자 제공 일본 호텔 자료(매칭된 호텔) / 가격·이용자평점·리뷰수·시설·재고=가상"
"H0409","Kyoto Tokyu Hotel","Kyoto","3","580 Kakimotocho, Horikawa-Dori Gojo Sagaru, Shimogyo-ku","8.7","456","Hotel","580 Kakimotocho, Horikawa-Dori Gojo Sagaru, Shimogyo-ku","Kyoto","Kyoto","600-8519","34.99518236","135.7522158","81-75-341-2411","4.5","JPKYT00067","ZfYK","6051","","2457","2026-06-17 17:24:42","Hotellist_supplier_japan_clean.xlsx · RTX JP Hotel template_20260528.xlsx","호텔명·도시 및 실제정보 컬럼=사용자 제공 일본 호텔 자료(매칭된 호텔) / 가격·이용자평점·리뷰수·시설·재고=가상"
"H0410","Kyoto Plaza Hotel","Kyoto","4","28, Nishikujo Zaocho, Minami-ku, Kyoto-shi, Kyoto, Japan","8.799999999999999","553","Hotel","28, Nishikujo Zaocho, Minami-ku, Kyoto-shi, Kyoto, Japan","Kyoto","","","34.9812331","135.7534685","81-75-691-0100","","JPKYT00087","","","","","2025-12-25 12:25:43","Hotellist_supplier_japan_clean.xlsx","호텔명·도시 및 실제정보 컬럼=사용자 제공 일본 호텔 자료(매칭된 호텔) / 가격·이용자평점·리뷰수·시설·재고=가상"
"H0411","Dormy Inn Premium Kyoto Ekimae","Kyoto","5","558-8, Higashishiokojicho, Shimogyo-ku Kyoto-shi, Kyoto, Japan","8.9","650","Hotel","558-8, Higashishiokojicho, Shimogyo-ku Kyoto-shi, Kyoto, Japan","Kyoto","","","34.98739625303027","135.76185922576033","81-75-3715489　","","JPKYT00076","","","","","2025-09-15 12:31:43","Hotellist_supplier_japan_clean.xlsx","호텔명·도시 및 실제정보 컬럼=사용자 제공 일본 호텔 자료(매칭된 호텔) / 가격·이용자평점·리뷰수·시설·재고=가상"
"H0412","Almont Hotel Kyoto","Kyoto","3","26-1 Iwamotocho, Higashi Ku-jo Nishi, Minami-ku","9.0","747","Hotel","26-1 Iwamotocho, Higashi Ku-jo Nishi, Minami-ku","Kyoto","Kyoto","601-8005","34.98334509","135.7638402","81-75-681-2301","4.0","JPKYT00347","VBKc","336533","","","2025-07-18 16:18:10","Hotellist_supplier_japan_clean.xlsx · RTX JP Hotel template_20260528.xlsx","호텔명·도시 및 실제정보 컬럼=사용자 제공 일본 호텔 자료(매칭된 호텔) / 가격·이용자평점·리뷰수·시설·재고=가상"
"H0413","Hotel Gracery Kyoto Sanjo","Kyoto","4","420 Sakuranocho, Higashi Iri, Teramachi, Rokkaku-dori, Nakagyo-ku","9.1","844","Hotel","420 Sakuranocho, Higashi Iri, Teramachi, Rokkaku-dori, Nakagyo-ku","Kyoto","Kyoto","604-8035","35.00782368","135.7670458","81-75-222-1111","2.5","JPKYT00170","fvi7","1161592","","","2026-06-17 17:24:42","Hotellist_supplier_japan_clean.xlsx · RTX JP Hotel template_20260528.xlsx","호텔명·도시 및 실제정보 컬럼=사용자 제공 일본 호텔 자료(매칭된 호텔) / 가격·이용자평점·리뷰수·시설·재고=가상"
"H0414","The Prince Kyoto Takaragaike","Kyoto","5","1092-2 Iwakura, Hataedacho, Sakyo-ku","9.2","941","Hotel","1092-2 Iwakura, Hataedacho, Sakyo-ku","Kyoto","Kyoto","606-0015","35.06269202","135.7811387","81-75-712-1111","4.5","","0aRG","42912","9040","","","RTX JP Hotel template_20260528.xlsx","호텔명·도시 및 실제정보 컬럼=사용자 제공 일본 호텔 자료(매칭된 호텔) / 가격·이용자평점·리뷰수·시설·재고=가상"
"H0415","Miyako City Kintetsu Kyoto Station","Kyoto","3","1-9 Higashishiokoji, Kamadonocho, Shimogyo-ku","9.3","1038","Hotel","1-9 Higashishiokoji, Kamadonocho, Shimogyo-ku","Kyoto","Kyoto","600-8215","34.98","135.76","81-75-692-2111","2.5","JPKYT00238","VG6t","3014407","9776902","151","2025-09-15 12:31:43","Hotellist_supplier_japan_clean.xlsx · RTX JP Hotel template_20260528.xlsx","호텔명·도시 및 실제정보 컬럼=사용자 제공 일본 호텔 자료(매칭된 호텔) / 가격·이용자평점·리뷰수·시설·재고=가상"
"H0416","Ibis Styles Kyoto Station","Kyoto","4","47 Kamitonodacho, Higashi Kujo Minami ku Kyoto 601-8002 Japan","9.399999999999999","1135","Hotel","47 Kamitonodacho, Higashi Kujo Minami ku Kyoto 601-8002 Japan","Kyoto","","","34.98378082773108","135.75841396350052","81-75-6938444","","JPKYT00039","","","","","2025-11-17 18:15:22","Hotellist_supplier_japan_clean.xlsx","호텔명·도시 및 실제정보 컬럼=사용자 제공 일본 호텔 자료(매칭된 호텔) / 가격·이용자평점·리뷰수·시설·재고=가상"
"H0417","Mitsui Garden Hotel Kyoto Shijo","Kyoto","5","707-1 Myodenjicho, Kamigyo-ku","9.5","1232","Hotel","707-1 Myodenjicho, Kamigyo-ku","Kyoto","Kyoto","600-8472","35.00292321","135.7548653","81-75-361-5531","2.5","JPKYT00056","K1ZT","51414","","1868","2025-12-06 23:00:24","Hotellist_supplier_japan_clean.xlsx · RTX JP Hotel template_20260528.xlsx","호텔명·도시 및 실제정보 컬럼=사용자 제공 일본 호텔 자료(매칭된 호텔) / 가격·이용자평점·리뷰수·시설·재고=가상"
"H0418","Mitsui Garden Hotel Kyoto Kawaramachi Jokyoji","Kyoto","3","620 Teianmaenocho, Shimogyo-ku","9.6","1329","Hotel","620 Teianmaenocho, Shimogyo-ku","Kyoto","Kyoto","600-8031","35.0029595","135.7672044","81-75-354-1131","2.5","JPKYT00308","xF1D","15960079","","","2025-09-15 12:31:43","Hotellist_supplier_japan_clean.xlsx · RTX JP Hotel template_20260528.xlsx","호텔명·도시 및 실제정보 컬럼=사용자 제공 일본 호텔 자료(매칭된 호텔) / 가격·이용자평점·리뷰수·시설·재고=가상"
"H0419","The Westin Miyako Kyoto","Kyoto","4","1 Kachocho, Awataguchi, Higashiyama-ku","9.7","1426","Ryokan","1 Kachocho, Awataguchi, Higashiyama-ku","Kyoto","Kyoto","605-0052","35.00840669","135.7879456","81-75-771-7111","5.0","JPKYT00029","Hisy","51415","878301","","2026-07-20 17:50:53","Hotellist_supplier_japan_clean.xlsx · RTX JP Hotel template_20260528.xlsx","호텔명·도시 및 실제정보 컬럼=사용자 제공 일본 호텔 자료(매칭된 호텔) / 가격·이용자평점·리뷰수·시설·재고=가상"
"H0420","The Ritz-Carlton Kyoto","Kyoto","5","Kamogawa, Nijo ohashi hotori, Nakagyo-ku","9.8","1523","Hotel","Kamogawa, Nijo ohashi hotori, Nakagyo-ku","Kyoto","Kyoto","604-0902","35.013925","135.7708402","81-75-746-5555","5.0","JPKYT00064","HsYT","626318","","","2025-06-27 15:37:21","Hotellist_supplier_japan_clean.xlsx · RTX JP Hotel template_20260528.xlsx","호텔명·도시 및 실제정보 컬럼=사용자 제공 일본 호텔 자료(매칭된 호텔) / 가격·이용자평점·리뷰수·시설·재고=가상"
"H0421","ROKU Kyoto LXR Hotels & Resorts","Kyoto","3","44-1 Kinugasakagamiishicho, Kita-ku","7.1","1620","Hotel","44-1 Kinugasakagamiishicho, Kita-ku","Kyoto","Kyoto","603-8451","35.0476651","135.7346765","81-75-320-0111","5.0","JPKYT00355","uawy","26862568","","","2026-06-17 17:24:42","Hotellist_supplier_japan_clean.xlsx · RTX JP Hotel template_20260528.xlsx","호텔명·도시 및 실제정보 컬럼=사용자 제공 일본 호텔 자료(매칭된 호텔) / 가격·이용자평점·리뷰수·시설·재고=가상"
"H0422","Dusit Thani Kyoto","Kyoto","4","466 Nishinotoincho, Shimogyo-ku","7.199999999999999","1717","Hotel","466 Nishinotoincho, Shimogyo-ku","Kyoto","Kyoto","600-8327","34.9921807","135.7547874","81-75-343-7150","5.0","JPKYT00344","n0k0","41201648","","2765","2026-06-17 14:54:25","Hotellist_supplier_japan_clean.xlsx · RTX JP Hotel template_20260528.xlsx","호텔명·도시 및 실제정보 컬럼=사용자 제공 일본 호텔 자료(매칭된 호텔) / 가격·이용자평점·리뷰수·시설·재고=가상"
"H0423","Park Hyatt Kyoto","Kyoto","5","360 Kodaiji, Masuyacho, Higashiyama","7.3","1814","Hotel","360 Kodaiji, Masuyacho, Higashiyama","Kyoto","Kyoto","605-0826","34.9989952","135.7808695","81-75-531-1234","5.0","JPKYT00306","prFj","7652335","37609460","","2025-09-22 15:23:38","Hotellist_supplier_japan_clean.xlsx · RTX JP Hotel template_20260528.xlsx","호텔명·도시 및 실제정보 컬럼=사용자 제공 일본 호텔 자료(매칭된 호텔) / 가격·이용자평점·리뷰수·시설·재고=가상"
"H0424","Four Seasons Hotel Kyoto","Kyoto","3","282-1 Higuchicho, Shimogyo-ku","7.3999999999999995","1911","Hotel","282-1 Higuchicho, Shimogyo-ku","Kyoto","Kyoto","600-8458","34.9976796","135.75380110000003","81-75-354-5159","1.0","JPKYT00131","pnrp","","","","2025-12-06 23:00:24","Hotellist_supplier_japan_clean.xlsx · RTX JP Hotel template_20260528.xlsx","호텔명·도시 및 실제정보 컬럼=사용자 제공 일본 호텔 자료(매칭된 호텔) / 가격·이용자평점·리뷰수·시설·재고=가상"
"H0425","Aman Kyoto","Kyoto","4","Kyoto 히가시야마","7.5","2008","Hotel","","","","","","","","","","","","","","","","호텔명·도시 및 실제정보 컬럼=사용자 제공 일본 호텔 자료(매칭된 호텔) / 가격·이용자평점·리뷰수·시설·재고=가상"
"H0426","Ace Hotel Kyoto","Kyoto","5","245-2 Kurumayacho, Nakagyo-ku","7.6","2105","Hotel","245-2 Kurumayacho, Nakagyo-ku","Kyoto","Kyoto","604-8185","35.00977400000001","135.7599798","81-75-229-9000","5.0","JPKYT00291","acHk","13482279","45895767","","2025-12-05 23:03:04","Hotellist_supplier_japan_clean.xlsx · RTX JP Hotel template_20260528.xlsx","호텔명·도시 및 실제정보 컬럼=사용자 제공 일본 호텔 자료(매칭된 호텔) / 가격·이용자평점·리뷰수·시설·재고=가상"
"H0427","Hotel Okura Kyoto","Kyoto","3","537-4 Ichinofunairicho, Chukyo-ku","7.699999999999999","2202","Hotel","537-4 Ichinofunairicho, Chukyo-ku","Kyoto","Kyoto","604-8558","35.01122261","135.7695526","81-75-211-5111","5.0","","qgjA","817","","1688","","RTX JP Hotel template_20260528.xlsx","호텔명·도시 및 실제정보 컬럼=사용자 제공 일본 호텔 자료(매칭된 호텔) / 가격·이용자평점·리뷰수·시설·재고=가상"
"H0428","ANA Crowne Plaza Hotel Kyoto","Kyoto","4","Nijo-jo-mae, Horikawa-dori, Nakagyo-ku, Kyoto-shi, Kyoto, 604-0055, Japan","7.8","2299","Hotel","Nijo-jo-mae, Horikawa-dori, Nakagyo-ku, Kyoto-shi, Kyoto, 604-0055, Japan","Kyoto","","","35.0127822","135.75290080000002","81-75-2311155","","JPKYT00004","","","","","2025-09-15 12:31:43","Hotellist_supplier_japan_clean.xlsx","호텔명·도시 및 실제정보 컬럼=사용자 제공 일본 호텔 자료(매칭된 호텔) / 가격·이용자평점·리뷰수·시설·재고=가상"
"H0429","Kyoto Brighton Hotel","Kyoto","5","Kyoto 오하라","7.8999999999999995","2396","Hotel","","","","","","","","","","","","","","","","호텔명·도시 및 실제정보 컬럼=사용자 제공 일본 호텔 자료(매칭된 호텔) / 가격·이용자평점·리뷰수·시설·재고=가상"
"H0430","Hotel Nikko Princess Kyoto","Kyoto","3","630 Karasuma, Takatsuji, Takahashicho, Kamigyo-ku","8.0","2493","Resort","630 Karasuma, Takatsuji, Takahashicho, Kamigyo-ku","Kyoto","Kyoto","600-8096","35.00021254","135.7608843","81-75-342-2111","4.0","JPKYT00050","1oz7","488381","26216","","2025-09-15 12:31:43","Hotellist_supplier_japan_clean.xlsx · RTX JP Hotel template_20260528.xlsx","호텔명·도시 및 실제정보 컬럼=사용자 제공 일본 호텔 자료(매칭된 호텔) / 가격·이용자평점·리뷰수·시설·재고=가상"
"H0431","Solaria Nishitetsu Hotel Kyoto Premier","Kyoto","4","509 Kamiosaka-cho, Kiyamachi-dori Sanjo-agaru,   Kyoto","8.1","2590","Hotel","509 Kamiosaka-cho, Kiyamachi-dori Sanjo-agaru,   Kyoto","Kyoto","","","35.010666","135.770979","008175-708-5757","","JPKYT00260","","","","","2025-12-06 23:00:24","Hotellist_supplier_japan_clean.xlsx","호텔명·도시 및 실제정보 컬럼=사용자 제공 일본 호텔 자료(매칭된 호텔) / 가격·이용자평점·리뷰수·시설·재고=가상"
"H0432","Kyoto Granbell Hotel","Kyoto","5","27 Yamatocho Higashiyama-ku","8.2","2687","Hotel","27 Yamatocho Higashiyama-ku","Kyoto","Kyoto","605-0802","35.00273194","135.7729983","81-75-277-7330","3.0","JPUKY00016","DWNf","2161327","18414583","","2026-07-08 16:26:10","Hotellist_supplier_japan_clean.xlsx · RTX JP Hotel template_20260528.xlsx","호텔명·도시 및 실제정보 컬럼=사용자 제공 일본 호텔 자료(매칭된 호텔) / 가격·이용자평점·리뷰수·시설·재고=가상"
"H0433","Kyoto Tower Hotel","Kyoto","3","721-1 Higashishiokojicho, Kamigyo-ku","8.299999999999999","2784","Hotel","721-1 Higashishiokojicho, Kamigyo-ku","Kyoto","Kyoto","600-8216","34.98755006","135.7592793","81-75-361-3212","2.5","JPKYT00079","DKRI","51412","6656790","","2025-12-23 11:44:42","Hotellist_supplier_japan_clean.xlsx · RTX JP Hotel template_20260528.xlsx","호텔명·도시 및 실제정보 컬럼=사용자 제공 일본 호텔 자료(매칭된 호텔) / 가격·이용자평점·리뷰수·시설·재고=가상"
"H0434","Kyoto Tower Hotel Annex","Kyoto","4","595-1 Higashishiokojicho, Shimogyo-ku","8.4","2881","Hotel","595-1 Higashishiokojicho, Shimogyo-ku","Kyoto","Kyoto","600-8216","34.98829049","135.756568","81-75-343-3111","3.5","JPKYT00011","vCrP","68316","6661095","1529","2026-06-17 18:10:37","Hotellist_supplier_japan_clean.xlsx · RTX JP Hotel template_20260528.xlsx","호텔명·도시 및 실제정보 컬럼=사용자 제공 일본 호텔 자료(매칭된 호텔) / 가격·이용자평점·리뷰수·시설·재고=가상"
"H0435","The Royal Park Hotel Kyoto Umekoji","Kyoto","5","9-3 Kankijicho Shimogyo-ku","8.5","2978","Hotel","9-3 Kankijicho Shimogyo-ku","Kyoto","Kyoto","600-8835","34.98839274","135.7443295","81-75-354-1111","3.0","JPKYT00361","Ml9w","14695014","","","2025-07-18 16:18:10","Hotellist_supplier_japan_clean.xlsx · RTX JP Hotel template_20260528.xlsx","호텔명·도시 및 실제정보 컬럼=사용자 제공 일본 호텔 자료(매칭된 호텔) / 가격·이용자평점·리뷰수·시설·재고=가상"
"H0436","The Royal Park Canvas Kyoto Nijo","Kyoto","3","22-7 Nishinokyo, Shokushicho, Nakagyo-ku","8.6","3075","Hotel","22-7 Nishinokyo, Shokushicho, Nakagyo-ku","Kyoto","Kyoto","604-8381","35.01072869","135.7428082","81-75-811-1112","3.0","JPKYT00315","2dh9","20759533","","","2025-12-06 23:00:24","Hotellist_supplier_japan_clean.xlsx · RTX JP Hotel template_20260528.xlsx","호텔명·도시 및 실제정보 컬럼=사용자 제공 일본 호텔 자료(매칭된 호텔) / 가격·이용자평점·리뷰수·시설·재고=가상"
"H0437","Oakwood Hotel Oike Kyoto","Kyoto","4","165-1 Moriyamacho, Nakagyo-ku","8.7","3172","Hotel","165-1 Moriyamacho, Nakagyo-ku","Kyoto","Kyoto","604-0953","35.0113968","135.7653326","81-75-241-3390","2.5","JPUKY00110","PkwK","39798985","","","2026-06-17 14:54:25","Hotellist_supplier_japan_clean.xlsx · RTX JP Hotel template_20260528.xlsx","호텔명·도시 및 실제정보 컬럼=사용자 제공 일본 호텔 자료(매칭된 호텔) / 가격·이용자평점·리뷰수·시설·재고=가상"
"H0438","Fauchon Hotel Kyoto","Kyoto","5","406 Nanbacho, Shimogyo-ku","8.799999999999999","3269","Ryokan","406 Nanbacho, Shimogyo-ku","Kyoto","Kyoto","600-8027","34.9985332","135.7676684","81-75-751-7711","4.5","JPUKY00134","Ys8O","18466563","","","2025-12-06 23:00:24","Hotellist_supplier_japan_clean.xlsx · RTX JP Hotel template_20260528.xlsx","호텔명·도시 및 실제정보 컬럼=사용자 제공 일본 호텔 자료(매칭된 호텔) / 가격·이용자평점·리뷰수·시설·재고=가상"
"H0439","Suiran a Luxury Collection Hotel Kyoto","Kyoto","3","12 Susukinobaba-cho, Saga-Tenryuji, Ukyo-ku, Kyoto Kyoto Japan","8.9","3366","Hotel","12 Susukinobaba-cho, Saga-Tenryuji, Ukyo-ku, Kyoto Kyoto Japan","Kyoto","","","35.0137742","135.6732767","81758720101","","JPKYT00140","","","","","2025-06-26 15:50:33","Hotellist_supplier_japan_clean.xlsx","호텔명·도시 및 실제정보 컬럼=사용자 제공 일본 호텔 자료(매칭된 호텔) / 가격·이용자평점·리뷰수·시설·재고=가상"
"H0440","Dhawa Yura Kyoto","Kyoto","4","84 Ohashicho Higashiyama ku,   KYOTO","9.0","3463","Hotel","84 Ohashicho Higashiyama ku,   KYOTO","Kyoto","","","35.009159","135.774096","+81753665800","","JPKYT00232","","","","","2025-12-06 23:00:24","Hotellist_supplier_japan_clean.xlsx","호텔명·도시 및 실제정보 컬럼=사용자 제공 일본 호텔 자료(매칭된 호텔) / 가격·이용자평점·리뷰수·시설·재고=가상"
"H0441","Hotel Tavinos Kyoto","Kyoto","5","612 Azuchicho, Kawaramachi-dori Gojo Agaru, Shimogyo-ku, Kyoto, 600-8040, Japan","9.1","3560","Resort","612 Azuchicho, Kawaramachi-dori Gojo Agaru, Shimogyo-ku, Kyoto, 600-8040, Japan","Kyoto","","","34.996496","135.7663133","075-320-4111","","JPKYT00289","","","","","2025-12-06 23:00:24","Hotellist_supplier_japan_clean.xlsx","호텔명·도시 및 실제정보 컬럼=사용자 제공 일본 호텔 자료(매칭된 호텔) / 가격·이용자평점·리뷰수·시설·재고=가상"
"H0442","Hotel The M's Kyoto","Kyoto","3","6 Higashisannocho, Higashikujo, Minami-ku","9.2","3657","Hotel","6 Higashisannocho, Higashikujo, Minami-ku","Kyoto","Kyoto","601-8004","34.98219424","135.7612523","81-75-330-9300","2.0","JPUKY00129","Mk7b","21951014","61628354","","2025-12-06 23:00:24","Hotellist_supplier_japan_clean.xlsx · RTX JP Hotel template_20260528.xlsx","호텔명·도시 및 실제정보 컬럼=사용자 제공 일본 호텔 자료(매칭된 호텔) / 가격·이용자평점·리뷰수·시설·재고=가상"
"H0443","Hotel M's Plus Shijo Omiya","Kyoto","4","114 Nishikiomiyacho, Omiya Nishiiru, Shijo-dori, Nakagyo-ku","9.3","3754","Hotel","114 Nishikiomiyacho, Omiya Nishiiru, Shijo-dori, Nakagyo-ku","Kyoto","Kyoto","604-8365","35.0040068","135.7476387","81-75-813-0258","3.0","JPKYT00147","srj2","1618153","","","2025-07-18 16:46:51","Hotellist_supplier_japan_clean.xlsx · RTX JP Hotel template_20260528.xlsx","호텔명·도시 및 실제정보 컬럼=사용자 제공 일본 호텔 자료(매칭된 호텔) / 가격·이용자평점·리뷰수·시설·재고=가상"
"H0444","Sequence Kyoto Gojo","Kyoto","5","409 Gojo, Karasumacho, Shimogyo-ku","9.399999999999999","3851","Hotel","409 Gojo, Karasumacho, Shimogyo-ku","Kyoto","Kyoto","600-8418","34.99795360000001","135.7594617","81-75-353-0031","3.0","JPKYT00309","YOoB","12506406","","","2025-12-06 23:00:24","Hotellist_supplier_japan_clean.xlsx · RTX JP Hotel template_20260528.xlsx","호텔명·도시 및 실제정보 컬럼=사용자 제공 일본 호텔 자료(매칭된 호텔) / 가격·이용자평점·리뷰수·시설·재고=가상"
"H0445","Oriental Hotel Kyoto Rokujo","Kyoto","3","181 Bokumikanabutsucho, Shimogyo-ku","9.5","3948","Hotel","181 Bokumikanabutsucho, Shimogyo-ku","Kyoto","Kyoto","600-8333","34.99442581","135.7535855","81-75-343-8111","2.5","JPSMT00001","6bpH","8351424","37325068","","2025-12-06 23:00:24","Hotellist_supplier_japan_clean.xlsx · RTX JP Hotel template_20260528.xlsx","호텔명·도시 및 실제정보 컬럼=사용자 제공 일본 호텔 자료(매칭된 호텔) / 가격·이용자평점·리뷰수·시설·재고=가상"
"H0446","Karaksa Hotel Kyoto I","Kyoto","4","Kyoto 니조성","9.6","4045","Hotel","","","","","","","","","","","","","","","","호텔명·도시 및 실제정보 컬럼=사용자 제공 일본 호텔 자료(매칭된 호텔) / 가격·이용자평점·리뷰수·시설·재고=가상"
"H0447","Urban Hotel Kyoto Shijo Premium","Kyoto","5","272-6 Shijohorikawacho, Shimogyo-ku","9.7","4142","Hotel","272-6 Shijohorikawacho, Shimogyo-ku","Kyoto","Kyoto","600-8481","35.00279817999999","135.7524358","81-75-406-1835","3.0","JPKYT00294","jr5m","","","752","2026-01-07 12:35:19","Hotellist_supplier_japan_clean.xlsx · RTX JP Hotel template_20260528.xlsx","호텔명·도시 및 실제정보 컬럼=사용자 제공 일본 호텔 자료(매칭된 호텔) / 가격·이용자평점·리뷰수·시설·재고=가상"
"H0448","Kyoto Hot Spring Hatoya Zuihokaku Hotel","Kyoto","3","802 Minami fudondocho, Kamigyo-ku","9.8","4239","Hotel","802 Minami fudondocho, Kamigyo-ku","Kyoto","Kyoto","600-8234","34.98692225","135.7550186","81-75-361-1231","4.5","JPKYT00094","Pkba","179076","7803718","","2025-09-15 12:31:43","Hotellist_supplier_japan_clean.xlsx · RTX JP Hotel template_20260528.xlsx","호텔명·도시 및 실제정보 컬럼=사용자 제공 일본 호텔 자료(매칭된 호텔) / 가격·이용자평점·리뷰수·시설·재고=가상"
"H0449","Mimaru Kyoto Station","Kyoto","4","15-1 Higashikujo-higashisannocho Minami-ku","7.1","4336","Hotel","15-1 Higashikujo-higashisannocho Minami-ku","Kyoto","Kyoto","601-8004","34.98431289999999","135.7616765","81-75-585-9291","2.0","JPKYT00325","63du","6992283","","","2025-12-06 23:00:24","Hotellist_supplier_japan_clean.xlsx · RTX JP Hotel template_20260528.xlsx","호텔명·도시 및 실제정보 컬럼=사용자 제공 일본 호텔 자료(매칭된 호텔) / 가격·이용자평점·리뷰수·시설·재고=가상"
"H0450","Mimaru Suites Kyoto Central","Kyoto","5","154-3 Nagahamacho, Nakagyo-ku","7.199999999999999","4433","Hotel","154-3 Nagahamacho, Nakagyo-ku","Kyoto","Kyoto","604-8201","35.01030618000001","135.7571674","81-75-585-4321","2.0","JPKYT00767","KVSS","26956778","","","2025-12-05 23:03:04","Hotellist_supplier_japan_clean.xlsx · RTX JP Hotel template_20260528.xlsx","호텔명·도시 및 실제정보 컬럼=사용자 제공 일본 호텔 자료(매칭된 호텔) / 가격·이용자평점·리뷰수·시설·재고=가상"
"H0451","&haku","Kyoto","3","Kyoto 교토역","7.3","4530","Hotel","","","","","","","","","","","","","","","","호텔명·도시 및 실제정보 컬럼=사용자 제공 일본 호텔 자료(매칭된 호텔) / 가격·이용자평점·리뷰수·시설·재고=가상"
"H0452","519 Kitakinomotochō","Kyoto","4","Kyoto 기온","7.3999999999999995","4627","Resort","","","","","","","","","","","","","","","","호텔명·도시 및 실제정보 컬럼=사용자 제공 일본 호텔 자료(매칭된 호텔) / 가격·이용자평점·리뷰수·시설·재고=가상"
"H0453","828 Kyoto","Kyoto","5","Kyoto 가와라마치","7.5","4724","Hotel","","","","","","","","","","","","","","","","호텔명·도시 및 실제정보 컬럼=사용자 제공 일본 호텔 자료(매칭된 호텔) / 가격·이용자평점·리뷰수·시설·재고=가상"
"H0454","9hours Kyoto","Kyoto","3","Kyoto 아라시야마","7.6","4821","Hotel","","","","","","","","","","","","","","","","호텔명·도시 및 실제정보 컬럼=사용자 제공 일본 호텔 자료(매칭된 호텔) / 가격·이용자평점·리뷰수·시설·재고=가상"
"H0455","ABホテル 京都四条堀川","Kyoto","4","Kyoto 히가시야마","7.699999999999999","4918","Hotel","","","","","","","","","","","","","","","","호텔명·도시 및 실제정보 컬럼=사용자 제공 일본 호텔 자료(매칭된 호텔) / 가격·이용자평점·리뷰수·시설·재고=가상"
"H0456","add.hostel","Kyoto","5","Kyoto 니조성","7.8","115","Hotel","","","","","","","","","","","","","","","","호텔명·도시 및 실제정보 컬럼=사용자 제공 일본 호텔 자료(매칭된 호텔) / 가격·이용자평점·리뷰수·시설·재고=가상"
"H0457","AKARI二条城","Kyoto","3","Kyoto 가라스마","7.8999999999999995","212","Ryokan","","","","","","","","","","","","","","","","호텔명·도시 및 실제정보 컬럼=사용자 제공 일본 호텔 자료(매칭된 호텔) / 가격·이용자평점·리뷰수·시설·재고=가상"
"H0458","Amber House Gion","Kyoto","4","Kyoto 후시미","8.0","309","Hotel","","","","","","","","","","","","","","","","호텔명·도시 및 실제정보 컬럼=사용자 제공 일본 호텔 자료(매칭된 호텔) / 가격·이용자평점·리뷰수·시설·재고=가상"
"H0459","ANA Crowne Plaza Kyoto","Kyoto","5","Nijo-jo-mae, Horikawa-dori, Nakagyo-ku, Kyoto-shi, Kyoto, 604-0055, Japan","8.1","406","Hotel","Nijo-jo-mae, Horikawa-dori, Nakagyo-ku, Kyoto-shi, Kyoto, 604-0055, Japan","Kyoto","","","35.0127822","135.75290080000002","81-75-2311155","","JPKYT00004","","","","","2025-09-15 12:31:43","Hotellist_supplier_japan_clean.xlsx","호텔명·도시 및 실제정보 컬럼=사용자 제공 일본 호텔 자료(매칭된 호텔) / 가격·이용자평점·리뷰수·시설·재고=가상"
"H0460","ANGO","Kyoto","3","Kyoto 교토고쇼","8.2","503","Hotel","","","","","","","","","","","","","","","","호텔명·도시 및 실제정보 컬럼=사용자 제공 일본 호텔 자료(매칭된 호텔) / 가격·이용자평점·리뷰수·시설·재고=가상"
"H0461","Aoi Hotel Kyoto","Kyoto","4","146 Tenno Cho Shimogyo Ku Kiyamachidori, Bukkoji Agaru, Tenno-choBukkoji AgaruKyoto 600-8013, Kyoto, 600-8013, Japan","8.299999999999999","600","Hotel","146 Tenno Cho Shimogyo Ku Kiyamachidori, Bukkoji Agaru, Tenno-choBukkoji AgaruKyoto 600-8013, Kyoto, 600-8013, Japan","Kyoto","","","35.001504397297005","135.76996443684007","+81 75 3547770","","JPKYT00702","","","","","2026-07-08 16:26:10","Hotellist_supplier_japan_clean.xlsx","호텔명·도시 및 실제정보 컬럼=사용자 제공 일본 호텔 자료(매칭된 호텔) / 가격·이용자평점·리뷰수·시설·재고=가상"
"H0462","APA GARDEN COURT 烏丸錦","Kyoto","5","Kyoto 기온","8.4","697","Hotel","","","","","","","","","","","","","","","","호텔명·도시 및 실제정보 컬럼=사용자 제공 일본 호텔 자료(매칭된 호텔) / 가격·이용자평점·리뷰수·시설·재고=가상"
"H0463","APA Hotel","Kyoto","3","Kyoto 가와라마치","8.5","794","Resort","","","","","","","","","","","","","","","","호텔명·도시 및 실제정보 컬럼=사용자 제공 일본 호텔 자료(매칭된 호텔) / 가격·이용자평점·리뷰수·시설·재고=가상"
"H0464","APA Hotel Gion","Kyoto","4","Kyoto 아라시야마","8.6","891","Hotel","","","","","","","","","","","","","","","","호텔명·도시 및 실제정보 컬럼=사용자 제공 일본 호텔 자료(매칭된 호텔) / 가격·이용자평점·리뷰수·시설·재고=가상"
"H0465","APA Hotel Horikawadori","Kyoto","5","Kyoto 히가시야마","8.7","988","Hotel","","","","","","","","","","","","","","","","호텔명·도시 및 실제정보 컬럼=사용자 제공 일본 호텔 자료(매칭된 호텔) / 가격·이용자평점·리뷰수·시설·재고=가상"
"H0466","APA Hotel Kyoto Gojo Omiya","Kyoto","3","467 Minami monzencho, Shimogyo-ku","8.799999999999999","1085","Hotel","467 Minami monzencho, Shimogyo-ku","Kyoto","Kyoto","600-8372","34.9968021","135.7495304","81-75-406-7616","","JPKYT00692","HmSw","55910054","","","2025-12-06 23:00:24","Hotellist_supplier_japan_clean.xlsx · RTX JP Hotel template_20260528.xlsx","호텔명·도시 및 실제정보 컬럼=사용자 제공 일본 호텔 자료(매칭된 호텔) / 가격·이용자평점·리뷰수·시설·재고=가상"
"H0467","Apartment","Kyoto","4","Kyoto 가라스마","8.9","1182","Hotel","","","","","","","","","","","","","","","","호텔명·도시 및 실제정보 컬럼=사용자 제공 일본 호텔 자료(매칭된 호텔) / 가격·이용자평점·리뷰수·시설·재고=가상"
"H0468","APAホテル京都駅前中央口","Kyoto","5","Kyoto 후시미","9.0","1279","Hotel","","","","","","","","","","","","","","","","호텔명·도시 및 실제정보 컬럼=사용자 제공 일본 호텔 자료(매칭된 호텔) / 가격·이용자평점·리뷰수·시설·재고=가상"
"H0469","Arashiyama Benkei hotel","Kyoto","3","34 Susukinobaba-cho, Sagatenryuji , Ukyo-ku,   Kyoto","9.1","1376","Hotel","34 Susukinobaba-cho, Sagatenryuji , Ukyo-ku,   Kyoto","Kyoto","","","35.013806","135.675162","008175-872-3355","","JPKYT00185","","","","","2025-07-16 18:15:14","Hotellist_supplier_japan_clean.xlsx","호텔명·도시 및 실제정보 컬럼=사용자 제공 일본 호텔 자료(매칭된 호텔) / 가격·이용자평점·리뷰수·시설·재고=가상"
"H0470","Arc Hotel","Kyoto","4","Kyoto 교토고쇼","9.2","1473","Hotel","","","","","","","","","","","","","","","","호텔명·도시 및 실제정보 컬럼=사용자 제공 일본 호텔 자료(매칭된 호텔) / 가격·이용자평점·리뷰수·시설·재고=가상"
"H0471","ASAI Kyoto Shijo","Kyoto","5","444 Shunzeicho, Shimogyo-ku","9.3","1570","Hotel","444 Shunzeicho, Shimogyo-ku","Kyoto","","","34.99865","135.76036","81-75-371-1808","","JPKYT00419","","","","","2026-06-17 14:54:25","Hotellist_supplier_japan_clean.xlsx","호텔명·도시 및 실제정보 컬럼=사용자 제공 일본 호텔 자료(매칭된 호텔) / 가격·이용자평점·리뷰수·시설·재고=가상"
"H0472","Atagoya guest house","Kyoto","3","Kyoto 기온","9.399999999999999","1667","Hotel","","","","","","","","","","","","","","","","호텔명·도시 및 실제정보 컬럼=사용자 제공 일본 호텔 자료(매칭된 호텔) / 가격·이용자평점·리뷰수·시설·재고=가상"
"H0473","Ayaha Lake Side Hotel","Kyoto","4","Kyoto 가와라마치","9.5","1764","Hotel","","","","","","","","","","","","","","","","호텔명·도시 및 실제정보 컬럼=사용자 제공 일본 호텔 자료(매칭된 호텔) / 가격·이용자평점·리뷰수·시설·재고=가상"
"H0474","Ayome 文月","Kyoto","5","Kyoto 아라시야마","9.6","1861","Resort","","","","","","","","","","","","","","","","호텔명·도시 및 실제정보 컬럼=사용자 제공 일본 호텔 자료(매칭된 호텔) / 가격·이용자평점·리뷰수·시설·재고=가상"
"H0475","Azure Nijo Kyoto House","Kyoto","3","Kyoto 히가시야마","9.7","1958","Hotel","","","","","","","","","","","","","","","","호텔명·도시 및 실제정보 컬럼=사용자 제공 일본 호텔 자료(매칭된 호텔) / 가격·이용자평점·리뷰수·시설·재고=가상"
"H0476","Banyan Tree Higashiyama Kyoto","Kyoto","4","7 Ryozancho, Seikanji, Higashiyama-ku","9.8","2055","Ryokan","7 Ryozancho, Seikanji, Higashiyama-ku","Kyoto","Kyoto","605-0861","34.99822879999999","135.7834638","81-75-531-0500","5.0","JPKYT00208","HsCg","55605084","","2503","2025-12-05 23:03:04","Hotellist_supplier_japan_clean.xlsx · RTX JP Hotel template_20260528.xlsx","호텔명·도시 및 실제정보 컬럼=사용자 제공 일본 호텔 자료(매칭된 호텔) / 가격·이용자평점·리뷰수·시설·재고=가상"
"H0477","Biwako Hotel","Kyoto","5","2-40 Hamamachi","7.1","2152","Hotel","2-40 Hamamachi","Otsu","Shiga","520-0041","35.01045280000001","135.8680079","81-77-524-7111","4.5","JPSHF00009","D5Tc","186489","6237155","","2025-07-15 17:13:01","Hotellist_supplier_japan_clean.xlsx · RTX JP Hotel template_20260528.xlsx","호텔명·도시 및 실제정보 컬럼=사용자 제공 일본 호텔 자료(매칭된 호텔) / 가격·이용자평점·리뷰수·시설·재고=가상"
"H0478","Biwako Raken Hotel Izutsu","Kyoto","3","Kyoto 후시미","7.199999999999999","2249","Hotel","","","","","","","","","","","","","","","","호텔명·도시 및 실제정보 컬럼=사용자 제공 일본 호텔 자료(매칭된 호텔) / 가격·이용자평점·리뷰수·시설·재고=가상"
"H0479","BJ Family House","Kyoto","4","345 Sumiyoshicho, Shimogyo Ward, Kyoto, 600-8143, , Kyoto, 600-8143, Japan","7.3","2346","Hotel","345 Sumiyoshicho, Shimogyo Ward, Kyoto, 600-8143, , Kyoto, 600-8143, Japan","Kyoto","","","34.9901343","135.7644004","+81 75 344 0622","","JPKYT00556","","","","","2025-12-05 23:03:04","Hotellist_supplier_japan_clean.xlsx","호텔명·도시 및 실제정보 컬럼=사용자 제공 일본 호텔 자료(매칭된 호텔) / 가격·이용자평점·리뷰수·시설·재고=가상"
"H0480","Bochi bochi karasuma","Kyoto","5","Kyoto 교토고쇼","7.3999999999999995","2443","Hotel","","","","","","","","","","","","","","","","호텔명·도시 및 실제정보 컬럼=사용자 제공 일본 호텔 자료(매칭된 호텔) / 가격·이용자평점·리뷰수·시설·재고=가상"
"H0481","Brighton Hotel Kyoto","Kyoto","3","Shinmachi-Nakadachiuridori Kamigyo-ku Kyoto 602-8071 Japan","7.5","2540","Hotel","Shinmachi-Nakadachiuridori Kamigyo-ku Kyoto 602-8071 Japan","Kyoto","","","35.0243475890887","135.75589400912327","81-75-4414411","","JPKYT00059","","","","","2025-07-15 17:13:01","Hotellist_supplier_japan_clean.xlsx","호텔명·도시 및 실제정보 컬럼=사용자 제공 일본 호텔 자료(매칭된 호텔) / 가격·이용자평점·리뷰수·시설·재고=가상"
"H0482","Briller Kyoto Tambaguchi","Kyoto","4","Kyoto 기온","7.6","2637","Hotel","","","","","","","","","","","","","","","","호텔명·도시 및 실제정보 컬럼=사용자 제공 일본 호텔 자료(매칭된 호텔) / 가격·이용자평점·리뷰수·시설·재고=가상"
"H0483","Buddha House","Kyoto","5","462-20 Hachikencho Shimogyo-ku","7.699999999999999","2734","Hotel","462-20 Hachikencho Shimogyo-ku","Kyoto","Kyoto","600-8196","34.992382600000006","135.7637966","81-75-344-0204","2.0","","gg3w","24120523","26491661","","","RTX JP Hotel template_20260528.xlsx","호텔명·도시 및 실제정보 컬럼=사용자 제공 일본 호텔 자료(매칭된 호텔) / 가격·이용자평점·리뷰수·시설·재고=가상"
"H0484","Budget Inn Kyoto","Kyoto","3","Kyoto 아라시야마","7.8","2831","Hotel","","","","","","","","","","","","","","","","호텔명·도시 및 실제정보 컬럼=사용자 제공 일본 호텔 자료(매칭된 호텔) / 가격·이용자평점·리뷰수·시설·재고=가상"
"H0485","Caesar Gion Kyoto","Kyoto","4","Kyoto 히가시야마","7.8999999999999995","2928","Resort","","","","","","","","","","","","","","","","호텔명·도시 및 실제정보 컬럼=사용자 제공 일본 호텔 자료(매칭된 호텔) / 가격·이용자평점·리뷰수·시설·재고=가상"
"H0486","CANDEO Hotels","Kyoto","5","Kyoto 니조성","8.0","3025","Hotel","","","","","","","","","","","","","","","","호텔명·도시 및 실제정보 컬럼=사용자 제공 일본 호텔 자료(매칭된 호텔) / 가격·이용자평점·리뷰수·시설·재고=가상"
"H0487","Capsule Ryokan Kyoto","Kyoto","3","Kyoto 가라스마","8.1","3122","Hotel","","","","","","","","","","","","","","","","호텔명·도시 및 실제정보 컬럼=사용자 제공 일본 호텔 자료(매칭된 호텔) / 가격·이용자평점·리뷰수·시설·재고=가상"
"H0488","Chion-In Wajun-Kaikan","Kyoto","4","400-2 Rinkacho Higashiyama-ku","8.2","3219","Hotel","400-2 Rinkacho Higashiyama-ku","Kyoto","Kyoto","605-0062","35.0045764","135.7806491","81-75-205-5013","2.0","JPKYT00003","5HZH","302097","31823456","","2026-07-08 16:26:10","Hotellist_supplier_japan_clean.xlsx · RTX JP Hotel template_20260528.xlsx","호텔명·도시 및 실제정보 컬럼=사용자 제공 일본 호텔 자료(매칭된 호텔) / 가격·이용자평점·리뷰수·시설·재고=가상"
"H0489","Chisun Premium Kyoto Kujo","Kyoto","5","15-1 Kamigoryocho, Higashi 9-jo, Minami-ku","8.299999999999999","3316","Hotel","15-1 Kamigoryocho, Higashi 9-jo, Minami-ku","Kyoto","Kyoto","601-8015","34.98058824","135.7639269","81-75-672-6180","2.0","JPUKY00021","0bzb","33088311","","1455","2025-07-29 15:46:30","Hotellist_supplier_japan_clean.xlsx · RTX JP Hotel template_20260528.xlsx","호텔명·도시 및 실제정보 컬럼=사용자 제공 일본 호텔 자료(매칭된 호텔) / 가격·이용자평점·리뷰수·시설·재고=가상"
"H0490","Chloris","Kyoto","3","Kyoto 교토고쇼","8.4","3413","Hotel","","","","","","","","","","","","","","","","호텔명·도시 및 실제정보 컬럼=사용자 제공 일본 호텔 자료(매칭된 호텔) / 가격·이용자평점·리뷰수·시설·재고=가상"
"H0491","CHO-AN","Kyoto","4","Kyoto 교토역","8.5","3510","Hotel","","","","","","","","","","","","","","","","호텔명·도시 및 실제정보 컬럼=사용자 제공 일본 호텔 자료(매칭된 호텔) / 가격·이용자평점·리뷰수·시설·재고=가상"
"H0492","CMM Monthly Mansions Horikawa Sanjou 堀川三条","Kyoto","5","Kyoto 기온","8.6","3607","Hotel","","","","","","","","","","","","","","","","호텔명·도시 및 실제정보 컬럼=사용자 제공 일본 호텔 자료(매칭된 호텔) / 가격·이용자평점·리뷰수·시설·재고=가상"
"H0493","cocoon Kyoto 東山七条","Kyoto","3","Kyoto 가와라마치","8.7","3704","Hotel","","","","","","","","","","","","","","","","호텔명·도시 및 실제정보 컬럼=사용자 제공 일본 호텔 자료(매칭된 호텔) / 가격·이용자평점·리뷰수·시설·재고=가상"
"H0494","Comfort Hotel ERA Kyoto Toji","Kyoto","4","54-1 Shimamachi, Nishikujo, Minami-ku","8.799999999999999","3801","Hotel","54-1 Shimamachi, Nishikujo, Minami-ku","Kyoto","Kyoto","601-8431","34.979099100000006","135.7528759","81-75-662-0311","2.0","","TKqZ","18931451","59208208","1935","","RTX JP Hotel template_20260528.xlsx","호텔명·도시 및 실제정보 컬럼=사용자 제공 일본 호텔 자료(매칭된 호텔) / 가격·이용자평점·리뷰수·시설·재고=가상"
"H0495","Comfort Hotel Kyoto Horigawagojo","Kyoto","5","Kyoto 히가시야마","8.9","3898","Ryokan","","","","","","","","","","","","","","","","호텔명·도시 및 실제정보 컬럼=사용자 제공 일본 호텔 자료(매칭된 호텔) / 가격·이용자평점·리뷰수·시설·재고=가상"
"H0496","Comfort INN","Kyoto","3","Kyoto 니조성","9.0","3995","Resort","","","","","","","","","","","","","","","","호텔명·도시 및 실제정보 컬럼=사용자 제공 일본 호텔 자료(매칭된 호텔) / 가격·이용자평점·리뷰수·시설·재고=가상"
"H0497","Comicap Kyoto","Kyoto","4","Kyoto 가라스마","9.1","4092","Hotel","","","","","","","","","","","","","","","","호텔명·도시 및 실제정보 컬럼=사용자 제공 일본 호텔 자료(매칭된 호텔) / 가격·이용자평점·리뷰수·시설·재고=가상"
"H0498","Connect inn 京都東山","Kyoto","5","Kyoto 후시미","9.2","4189","Hotel","","","","","","","","","","","","","","","","호텔명·도시 및 실제정보 컬럼=사용자 제공 일본 호텔 자료(매칭된 호텔) / 가격·이용자평점·리뷰수·시설·재고=가상"
"H0499","CROSS HOTEL KYOTO","Kyoto","3","71-1 Daikokucho, Kawaramachi-dori, Sanjo-sagaru,   Kyoto","9.3","4286","Hotel","71-1 Daikokucho, Kawaramachi-dori, Sanjo-sagaru,   Kyoto","Kyoto","","","35.008249","135.76985","008175-231-8833","","JPKYT00189","","","","","2025-12-05 23:03:04","Hotellist_supplier_japan_clean.xlsx","호텔명·도시 및 실제정보 컬럼=사용자 제공 일본 호텔 자료(매칭된 호텔) / 가격·이용자평점·리뷰수·시설·재고=가상"
"H0500","Daiwa Roynet Hotel","Kyoto","4","Kyoto 교토고쇼","9.399999999999999","4383","Hotel","","","","","","","","","","","","","","","","호텔명·도시 및 실제정보 컬럼=사용자 제공 일본 호텔 자료(매칭된 호텔) / 가격·이용자평점·리뷰수·시설·재고=가상"
"H0501","Daiwa Roynet Hotel Kyoto Shijo Karasuma","Kyoto","5","678 Omandokorocho, Bukkojisagaru, Karasuma-dori, Kamigyo-ku","9.5","4480","Hotel","678 Omandokorocho, Bukkojisagaru, Karasuma-dori, Kamigyo-ku","Kyoto","Kyoto","600-8413","35.00076802","135.7600094","81-75-342-1166","3.5","JPKYT00054","dJqS","400288","","","2026-05-14 14:31:08","Hotellist_supplier_japan_clean.xlsx · RTX JP Hotel template_20260528.xlsx","호텔명·도시 및 실제정보 컬럼=사용자 제공 일본 호텔 자료(매칭된 호텔) / 가격·이용자평점·리뷰수·시설·재고=가상"
"H0502","Daiya ryokan","Kyoto","3","Kyoto 기온","9.6","4577","Hotel","","","","","","","","","","","","","","","","호텔명·도시 및 실제정보 컬럼=사용자 제공 일본 호텔 자료(매칭된 호텔) / 가격·이용자평점·리뷰수·시설·재고=가상"
"H0503","Discover Nagaokakyo","Kyoto","4","Kyoto 가와라마치","9.7","4674","Hotel","","","","","","","","","","","","","","","","호텔명·도시 및 실제정보 컬럼=사용자 제공 일본 호텔 자료(매칭된 호텔) / 가격·이용자평점·리뷰수·시설·재고=가상"
"H0504","Dorm Kamogawa","Kyoto","5","Kyoto 아라시야마","9.8","4771","Hotel","","","","","","","","","","","","","","","","호텔명·도시 및 실제정보 컬럼=사용자 제공 일본 호텔 자료(매칭된 호텔) / 가격·이용자평점·리뷰수·시설·재고=가상"
"H0505","DoubleTree by Hilton Kyoto Higashiyama","Kyoto","3","1-45, Honmachi Higashiyama-Ku Kyoto, 6050981, Japan","7.1","4868","Hotel","1-45, Honmachi Higashiyama-Ku Kyoto, 6050981, Japan","UKY","","","34.99514","135.769621","(+81)755337070","","JPUKY00018","","","","","2025-07-16 18:15:14","Hotellist_supplier_japan_clean.xlsx","호텔명·도시 및 실제정보 컬럼=사용자 제공 일본 호텔 자료(매칭된 호텔) / 가격·이용자평점·리뷰수·시설·재고=가상"
"H0506","DoubleTree by Hilton Kyoto Station","Kyoto","4","15 Higashi Kujo Nishi Iwamotocho","7.199999999999999","4965","Hotel","15 Higashi Kujo Nishi Iwamotocho","Kyoto","","","34.984055","135.762833","81-75-6061320","","JPKYT00820","","","","","2026-03-24 10:27:09","Hotellist_supplier_japan_clean.xlsx","호텔명·도시 및 실제정보 컬럼=사용자 제공 일본 호텔 자료(매칭된 호텔) / 가격·이용자평점·리뷰수·시설·재고=가상"
"H0507","Ebisu Ryokan","Kyoto","5","Minami Ku Higashikujyo Nakatonoda Cho 16 2 Minami-ku, NakatonodachoMinami-kuKyoto 601-8048, Kyoto, 601-8048, Japan","7.3","162","Resort","Minami Ku Higashikujyo Nakatonoda Cho 16 2 Minami-ku, NakatonodachoMinami-kuKyoto 601-8048, Kyoto, 601-8048, Japan","Kyoto","","","34.981293648229396","135.75690426686478","+81 75 5747100","","JPKYT00587","","","","","2025-09-22 15:23:38","Hotellist_supplier_japan_clean.xlsx","호텔명·도시 및 실제정보 컬럼=사용자 제공 일본 호텔 자료(매칭된 호텔) / 가격·이용자평점·리뷰수·시설·재고=가상"
"H0508","Econo inn","Kyoto","3","Kyoto 후시미","7.3999999999999995","259","Hotel","","","","","","","","","","","","","","","","호텔명·도시 및 실제정보 컬럼=사용자 제공 일본 호텔 자료(매칭된 호텔) / 가격·이용자평점·리뷰수·시설·재고=가상"
"H0509","EHON HOUSE","Kyoto","4","Kyoto 오하라","7.5","356","Hotel","","","","","","","","","","","","","","","","호텔명·도시 및 실제정보 컬럼=사용자 제공 일본 호텔 자료(매칭된 호텔) / 가격·이용자평점·리뷰수·시설·재고=가상"
"H0510","Elite Inn Kyoto Station","Kyoto","5","4 Higashikujo Kawanishicho, Minami Ward, Kyoto","7.6","453","Hotel","4 Higashikujo Kawanishicho, Minami Ward, Kyoto","Kyoto","","","34.980345","135.764298","81-756818885","","JPKYT00835","","","","","2026-04-20 12:36:01","Hotellist_supplier_japan_clean.xlsx","호텔명·도시 및 실제정보 컬럼=사용자 제공 일본 호텔 자료(매칭된 호텔) / 가격·이용자평점·리뷰수·시설·재고=가상"
"H0511","Enryakuji Kaikan","Kyoto","3","Sakamotohonmachi 4220 Shiga JAPAN","7.699999999999999","550","Hotel","Sakamotohonmachi 4220 Shiga JAPAN","Otsu","","","35.0709","135.842998","077-578-0047","","JPQOO00004","","","","","2024-04-25 12:10:08","Hotellist_supplier_japan_clean.xlsx","호텔명·도시 및 실제정보 컬럼=사용자 제공 일본 호텔 자료(매칭된 호텔) / 가격·이용자평점·리뷰수·시설·재고=가상"
"H0512","Enso Machiya","Kyoto","4","Kyoto 기온","7.8","647","Hotel","","","","","","","","","","","","","","","","호텔명·도시 및 실제정보 컬럼=사용자 제공 일본 호텔 자료(매칭된 호텔) / 가격·이용자평점·리뷰수·시설·재고=가상"
"H0513","Epoch Inn Fushimi Inari","Kyoto","5","Kyoto 가와라마치","7.8999999999999995","744","Hotel","","","","","","","","","","","","","","","","호텔명·도시 및 실제정보 컬럼=사용자 제공 일본 호텔 자료(매칭된 호텔) / 가격·이용자평점·리뷰수·시설·재고=가상"
"H0514","Fauchon L’Hôtel Kyoto","Kyoto","3","Kyoto 아라시야마","8.0","841","Ryokan","","","","","","","","","","","","","","","","호텔명·도시 및 실제정보 컬럼=사용자 제공 일본 호텔 자료(매칭된 호텔) / 가격·이용자평점·리뷰수·시설·재고=가상"
"H0515","First cabin","Kyoto","4","Kyoto 히가시야마","8.1","938","Hotel","","","","","","","","","","","","","","","","호텔명·도시 및 실제정보 컬럼=사용자 제공 일본 호텔 자료(매칭된 호텔) / 가격·이용자평점·리뷰수·시설·재고=가상"
"H0516","First Cabin Kyoto Kawaramachi Sanyo","Kyoto","5","Kyoto 니조성","8.2","1035","Hotel","","","","","","","","","","","","","","","","호텔명·도시 및 실제정보 컬럼=사용자 제공 일본 호텔 자료(매칭된 호텔) / 가격·이용자평점·리뷰수·시설·재고=가상"
"H0517","First Cabin Kyoto-Karasuma","Kyoto","3","Kyoto 가라스마","8.299999999999999","1132","Hotel","","","","","","","","","","","","","","","","호텔명·도시 및 실제정보 컬럼=사용자 제공 일본 호텔 자료(매칭된 호텔) / 가격·이용자평점·리뷰수·시설·재고=가상"
"H0518","Four Seasons Hotel","Kyoto","4","Kyoto 후시미","8.4","1229","Resort","","","","","","","","","","","","","","","","호텔명·도시 및 실제정보 컬럼=사용자 제공 일본 호텔 자료(매칭된 호텔) / 가격·이용자평점·리뷰수·시설·재고=가상"
"H0519","FRESA INN","Kyoto","5","Kyoto 오하라","8.5","1326","Hotel","","","","","","","","","","","","","","","","호텔명·도시 및 실제정보 컬럼=사용자 제공 일본 호텔 자료(매칭된 호텔) / 가격·이용자평점·리뷰수·시설·재고=가상"
"H0520","FUFU Kyoto","Kyoto","3","41 Nanzenjikusagawacho, Sakyo-ku","8.6","1423","Hotel","41 Nanzenjikusagawacho, Sakyo-ku","Kyoto","Kyoto","606-8437","35.0113178","135.7861495","81-570-0117-22","5.0","JPKYT00768","01do","","","2734","2025-12-05 23:03:04","Hotellist_supplier_japan_clean.xlsx · RTX JP Hotel template_20260528.xlsx","호텔명·도시 및 실제정보 컬럼=사용자 제공 일본 호텔 자료(매칭된 호텔) / 가격·이용자평점·리뷰수·시설·재고=가상"
"H0521","Fujitaya BnB","Kyoto","4","Kyoto 교토역","8.7","1520","Hotel","","","","","","","","","","","","","","","","호텔명·도시 및 실제정보 컬럼=사용자 제공 일본 호텔 자료(매칭된 호텔) / 가격·이용자평점·리뷰수·시설·재고=가상"
"H0522","Fujiya ryokan","Kyoto","5","359 Miyanoshita Hakonemachi ","8.799999999999999","1617","Hotel","359 Miyanoshita Hakonemachi ","Ashigarashimo-gun","Kanagawa","250-0404","35.24445019","139.05894600000002","81-460-82-2211","5.0","JPKYT00700","cpsg","45575","48627","","2025-12-06 23:00:24","Hotellist_supplier_japan_clean.xlsx · RTX JP Hotel template_20260528.xlsx","호텔명·도시 및 실제정보 컬럼=사용자 제공 일본 호텔 자료(매칭된 호텔) / 가격·이용자평점·리뷰수·시설·재고=가상"
"H0523","Garden Ryokan Yachiyo","Kyoto","3","Kyoto 가와라마치","8.9","1714","Hotel","","","","","","","","","","","","","","","","호텔명·도시 및 실제정보 컬럼=사용자 제공 일본 호텔 자료(매칭된 호텔) / 가격·이용자평점·리뷰수·시설·재고=가상"
"H0524","Garner Hotel Kyoto Shijo Karasuma by IHG","Kyoto","4","438 Shunzeicho","9.0","1811","Hotel","438 Shunzeicho","Kyoto","","","34.998753","135.759892","81-75-3521717","","JPKYT00862","","","","","2026-05-19 12:14:22","Hotellist_supplier_japan_clean.xlsx","호텔명·도시 및 실제정보 컬럼=사용자 제공 일본 호텔 자료(매칭된 호텔) / 가격·이용자평점·리뷰수·시설·재고=가상"
"H0525","Gate 80","Kyoto","5","Kyoto 히가시야마","9.1","1908","Hotel","","","","","","","","","","","","","","","","호텔명·도시 및 실제정보 컬럼=사용자 제공 일본 호텔 자료(매칭된 호텔) / 가격·이용자평점·리뷰수·시설·재고=가상"
"H0526","Genji Kyoto","Kyoto","3","600-8113 Kyoto, Gionmachi, 362-3 Hatudonomachi, Shimogyo-ku, Kyoto, Japan, Kyoto, 600-8113, Japan","9.2","2005","Hotel","600-8113 Kyoto, Gionmachi, 362-3 Hatudonomachi, Shimogyo-ku, Kyoto, Japan, Kyoto, 600-8113, Japan","Kyoto","","","34.9933479","135.7667443","81-0-753653001","","JPKYT00590","","","","","2025-07-16 18:03:26","Hotellist_supplier_japan_clean.xlsx","호텔명·도시 및 실제정보 컬럼=사용자 제공 일본 호텔 자료(매칭된 호텔) / 가격·이용자평점·리뷰수·시설·재고=가상"
"H0527","Gino","Kyoto","4","Kyoto 가라스마","9.3","2102","Hotel","","","","","","","","","","","","","","","","호텔명·도시 및 실제정보 컬럼=사용자 제공 일본 호텔 자료(매칭된 호텔) / 가격·이용자평점·리뷰수·시설·재고=가상"
"H0528","Gion Misen","Kyoto","5","219-2 Nishinocho, Yamatooji Higashi Iri, Shinmonzen-dori, Higashiyama-ku","9.399999999999999","2199","Hotel","219-2 Nishinocho, Yamatooji Higashi Iri, Shinmonzen-dori, Higashiyama-ku","Kyoto","Kyoto","605-0088","35.006343529999995","135.7731044","81-75-708-7858","2.5","JPKYT00550","t6rv","3279679","","","2025-12-05 23:03:04","Hotellist_supplier_japan_clean.xlsx · RTX JP Hotel template_20260528.xlsx","호텔명·도시 및 실제정보 컬럼=사용자 제공 일본 호텔 자료(매칭된 호텔) / 가격·이용자평점·리뷰수·시설·재고=가상"
"H0529","Gion united hotel","Kyoto","3","Kyoto 오하라","9.5","2296","Resort","","","","","","","","","","","","","","","","호텔명·도시 및 실제정보 컬럼=사용자 제공 일본 호텔 자료(매칭된 호텔) / 가격·이용자평점·리뷰수·시설·재고=가상"
"H0530","GLANZKEI Kyoto Station","Kyoto","4","Kyoto 교토고쇼","9.6","2393","Hotel","","","","","","","","","","","","","","","","호텔명·도시 및 실제정보 컬럼=사용자 제공 일본 호텔 자료(매칭된 호텔) / 가격·이용자평점·리뷰수·시설·재고=가상"
"H0531","GO","Kyoto","5","Kyoto 교토역","9.7","2490","Hotel","","","","","","","","","","","","","","","","호텔명·도시 및 실제정보 컬럼=사용자 제공 일본 호텔 자료(매칭된 호텔) / 가격·이용자평점·리뷰수·시설·재고=가상"
"H0532","Gojo guest house annex","Kyoto","3","Kyoto 기온","9.8","2587","Hotel","","","","","","","","","","","","","","","","호텔명·도시 및 실제정보 컬럼=사용자 제공 일본 호텔 자료(매칭된 호텔) / 가격·이용자평점·리뷰수·시설·재고=가상"
"H0533","Gojo-Muromachi Japan Hotel","Kyoto","4","Kyoto 가와라마치","7.1","2684","Ryokan","","","","","","","","","","","","","","","","호텔명·도시 및 실제정보 컬럼=사용자 제공 일본 호텔 자료(매칭된 호텔) / 가격·이용자평점·리뷰수·시설·재고=가상"
"H0534","Good day kyoto","Kyoto","5","Kyoto 아라시야마","7.199999999999999","2781","Hotel","","","","","","","","","","","","","","","","호텔명·도시 및 실제정보 컬럼=사용자 제공 일본 호텔 자료(매칭된 호텔) / 가격·이용자평점·리뷰수·시설·재고=가상"
"H0535","GOOD NATURE STATION","Kyoto","3","Kyoto 히가시야마","7.3","2878","Hotel","","","","","","","","","","","","","","","","호텔명·도시 및 실제정보 컬럼=사용자 제공 일본 호텔 자료(매칭된 호텔) / 가격·이용자평점·리뷰수·시설·재고=가상"
"H0536","Gozan hotel","Kyoto","4","Kyoto 니조성","7.3999999999999995","2975","Hotel","","","","","","","","","","","","","","","","호텔명·도시 및 실제정보 컬럼=사용자 제공 일본 호텔 자료(매칭된 호텔) / 가격·이용자평점·리뷰수·시설·재고=가상"
"H0537","Green Rich Hotel","Kyoto","5","Kyoto 가라스마","7.5","3072","Hotel","","","","","","","","","","","","","","","","호텔명·도시 및 실제정보 컬럼=사용자 제공 일본 호텔 자료(매칭된 호텔) / 가격·이용자평점·리뷰수·시설·재고=가상"
"H0538","GRIDS Kawaramachi","Kyoto","3","Kyoto 후시미","7.6","3169","Hotel","","","","","","","","","","","","","","","","호텔명·도시 및 실제정보 컬럼=사용자 제공 일본 호텔 자료(매칭된 호텔) / 가격·이용자평점·리뷰수·시설·재고=가상"
"H0539","Guest House Bokuyado","Kyoto","4","Kyoto 오하라","7.699999999999999","3266","Hotel","","","","","","","","","","","","","","","","호텔명·도시 및 실제정보 컬럼=사용자 제공 일본 호텔 자료(매칭된 호텔) / 가격·이용자평점·리뷰수·시설·재고=가상"
"H0540","Guest house Jiyu-jin","Kyoto","5","Kyoto 교토고쇼","7.8","3363","Resort","","","","","","","","","","","","","","","","호텔명·도시 및 실제정보 컬럼=사용자 제공 일본 호텔 자료(매칭된 호텔) / 가격·이용자평점·리뷰수·시설·재고=가상"
"H0541","Guest House Kioto","Kyoto","3","Kyoto 교토역","7.8999999999999995","3460","Hotel","","","","","","","","","","","","","","","","호텔명·도시 및 실제정보 컬럼=사용자 제공 일본 호텔 자료(매칭된 호텔) / 가격·이용자평점·리뷰수·시설·재고=가상"
"H0542","GUEST HOUSE KYO-KOI NISHIKI","Kyoto","4","Kyoto 기온","8.0","3557","Hotel","","","","","","","","","","","","","","","","호텔명·도시 및 실제정보 컬럼=사용자 제공 일본 호텔 자료(매칭된 호텔) / 가격·이용자평점·리뷰수·시설·재고=가상"
"H0543","Guest House Kyoto","Kyoto","5","15-8 Sujakushokaicho","8.1","3654","Hotel","15-8 Sujakushokaicho","Kyoto","","","34.990043","135.743158","81-9082071763","","JPKYT00793","","","","","2025-12-18 10:28:58","Hotellist_supplier_japan_clean.xlsx","호텔명·도시 및 실제정보 컬럼=사용자 제공 일본 호텔 자료(매칭된 호텔) / 가격·이용자평점·리뷰수·시설·재고=가상"
"H0544","GUEST HOUSE KYOTO UJIGAWA","Kyoto","3","Kyoto 아라시야마","8.2","3751","Hotel","","","","","","","","","","","","","","","","호텔명·도시 및 실제정보 컬럼=사용자 제공 일본 호텔 자료(매칭된 호텔) / 가격·이용자평점·리뷰수·시설·재고=가상"
"H0545","GUEST HOUSE YAMATO","Kyoto","4","Kyoto 히가시야마","8.299999999999999","3848","Hotel","","","","","","","","","","","","","","","","호텔명·도시 및 실제정보 컬럼=사용자 제공 일본 호텔 자료(매칭된 호텔) / 가격·이용자평점·리뷰수·시설·재고=가상"
"H0546","Guest-inn ちた (Guest Inn Chita)","Kyoto","5","Kyoto 니조성","8.4","3945","Hotel","","","","","","","","","","","","","","","","호텔명·도시 및 실제정보 컬럼=사용자 제공 일본 호텔 자료(매칭된 호텔) / 가격·이용자평점·리뷰수·시설·재고=가상"
"H0547","Guesthouse Gekkousou","Kyoto","3","Kyoto 가라스마","8.5","4042","Hotel","","","","","","","","","","","","","","","","호텔명·도시 및 실제정보 컬럼=사용자 제공 일본 호텔 자료(매칭된 호텔) / 가격·이용자평점·리뷰수·시설·재고=가상"
"H0548","Guesthouse Hyakumanben Cross","Kyoto","4","157 Tanaka-oicho, Sakyo-ku","8.6","4139","Hotel","157 Tanaka-oicho, Sakyo-ku","Kyoto","Kyoto","606-8202","35.029432480000004","135.7778268","81-75-708-2523","1.5","JPKYT00804","Ai5M","813227","6321932","","2026-01-28 23:25:32","Hotellist_supplier_japan_clean.xlsx · RTX JP Hotel template_20260528.xlsx","호텔명·도시 및 실제정보 컬럼=사용자 제공 일본 호텔 자료(매칭된 호텔) / 가격·이용자평점·리뷰수·시설·재고=가상"
"H0549","Guesthouse Itoya","Kyoto","5","Kyoto 오하라","8.7","4236","Hotel","","","","","","","","","","","","","","","","호텔명·도시 및 실제정보 컬럼=사용자 제공 일본 호텔 자료(매칭된 호텔) / 가격·이용자평점·리뷰수·시설·재고=가상"
"H0550","Guesthouse Kingyo-ya","Kyoto","3","Kyoto 교토고쇼","8.799999999999999","4333","Hotel","","","","","","","","","","","","","","","","호텔명·도시 및 실제정보 컬럼=사용자 제공 일본 호텔 자료(매칭된 호텔) / 가격·이용자평점·리뷰수·시설·재고=가상"
"H0551","Guesthouse Kyoto Ekimae","Kyoto","4","Kyoto 교토역","8.9","4430","Resort","","","","","","","","","","","","","","","","호텔명·도시 및 실제정보 컬럼=사용자 제공 일본 호텔 자료(매칭된 호텔) / 가격·이용자평점·리뷰수·시설·재고=가상"
"H0552","Guesthouse Mew","Kyoto","5","Kyoto 기온","9.0","4527","Ryokan","","","","","","","","","","","","","","","","호텔명·도시 및 실제정보 컬럼=사용자 제공 일본 호텔 자료(매칭된 호텔) / 가격·이용자평점·리뷰수·시설·재고=가상"
"H0553","Guesthouse Mundo","Kyoto","3","Kyoto 가와라마치","9.1","4624","Hotel","","","","","","","","","","","","","","","","호텔명·도시 및 실제정보 컬럼=사용자 제공 일본 호텔 자료(매칭된 호텔) / 가격·이용자평점·리뷰수·시설·재고=가상"
"H0554","Guesthouse OKI's Inn","Kyoto","4","Kyoto 아라시야마","9.2","4721","Hotel","","","","","","","","","","","","","","","","호텔명·도시 및 실제정보 컬럼=사용자 제공 일본 호텔 자료(매칭된 호텔) / 가격·이용자평점·리뷰수·시설·재고=가상"
"H0555","Guesthouse Origami","Kyoto","5","Kyoto 히가시야마","9.3","4818","Hotel","","","","","","","","","","","","","","","","호텔명·도시 및 실제정보 컬럼=사용자 제공 일본 호텔 자료(매칭된 호텔) / 가격·이용자평점·리뷰수·시설·재고=가상"
"H0556","Guesthouse Oumi","Kyoto","3","Kyoto 니조성","9.399999999999999","4915","Hotel","","","","","","","","","","","","","","","","호텔명·도시 및 실제정보 컬럼=사용자 제공 일본 호텔 자료(매칭된 호텔) / 가격·이용자평점·리뷰수·시설·재고=가상"
"H0557","Guesthouse Rakutendo","Kyoto","4","Kyoto 가라스마","9.5","112","Hotel","","","","","","","","","","","","","","","","호텔명·도시 및 실제정보 컬럼=사용자 제공 일본 호텔 자료(매칭된 호텔) / 가격·이용자평점·리뷰수·시설·재고=가상"
"H0558","Guesthouse Venten","Kyoto","5","Kyoto 후시미","9.6","209","Hotel","","","","","","","","","","","","","","","","호텔명·도시 및 실제정보 컬럼=사용자 제공 일본 호텔 자료(매칭된 호텔) / 가격·이용자평점·리뷰수·시설·재고=가상"
"H0559","GUESTHOUSE地球号","Kyoto","3","Kyoto 오하라","9.7","306","Hotel","","","","","","","","","","","","","","","","호텔명·도시 및 실제정보 컬럼=사용자 제공 일본 호텔 자료(매칭된 호텔) / 가격·이용자평점·리뷰수·시설·재고=가상"
"H0560","HANA HOTEL","Kyoto","4","1-78 Sowamachi","9.8","403","Hotel","1-78 Sowamachi","Takayama","Gifu","506-0007","36.14373786","137.2541476","81-577-32-8700","3.0","JPGIF00130","9bXr","296083","16757300","","2024-02-04 16:36:17","Hotellist_supplier_japan_clean.xlsx · RTX JP Hotel template_20260528.xlsx","호텔명·도시 및 실제정보 컬럼=사용자 제공 일본 호텔 자료(매칭된 호텔) / 가격·이용자평점·리뷰수·시설·재고=가상"
"H0561","Hanayashiki Ukifune-En","Kyoto","5","Kyoto 교토역","7.1","500","Hotel","","","","","","","","","","","","","","","","호텔명·도시 및 실제정보 컬럼=사용자 제공 일본 호텔 자료(매칭된 호텔) / 가격·이용자평점·리뷰수·시설·재고=가상"
"H0562","Hanazono Kaikan","Kyoto","3","1-5 Hanazono kitsujikitamachi, Ukyo-ku","7.199999999999999","597","Resort","1-5 Hanazono kitsujikitamachi, Ukyo-ku","Kyoto","Kyoto","616-8034","35.02130923","135.72204810000002","81-75-461-5500","2.5","JPKYT00118","cazk","","","","2025-07-16 15:02:40","Hotellist_supplier_japan_clean.xlsx · RTX JP Hotel template_20260528.xlsx","호텔명·도시 및 실제정보 컬럼=사용자 제공 일본 호텔 자료(매칭된 호텔) / 가격·이용자평점·리뷰수·시설·재고=가상"
"H0563","Hat'n Hat Hostel","Kyoto","4","Kyoto 가와라마치","7.3","694","Hotel","","","","","","","","","","","","","","","","호텔명·도시 및 실제정보 컬럼=사용자 제공 일본 호텔 자료(매칭된 호텔) / 가격·이용자평점·리뷰수·시설·재고=가상"
"H0564","HATSUNE GUESTHOUSE","Kyoto","5","Kyoto 아라시야마","7.3999999999999995","791","Hotel","","","","","","","","","","","","","","","","호텔명·도시 및 실제정보 컬럼=사용자 제공 일본 호텔 자료(매칭된 호텔) / 가격·이용자평점·리뷰수·시설·재고=가상"
"H0565","Hearton Hotel Kyoto","Kyoto","3","405 Funayacho, Oikeagaru, Higashino toin-dori, Nakagyo-ku","7.5","888","Hotel","405 Funayacho, Oikeagaru, Higashino toin-dori, Nakagyo-ku","Kyoto","Kyoto","604-0836","35.01178623","135.7607867","81-75-222-1300","4.0","JPKYT00060","Ds51","69276","1452244","","2026-02-09 10:37:35","Hotellist_supplier_japan_clean.xlsx · RTX JP Hotel template_20260528.xlsx","호텔명·도시 및 실제정보 컬럼=사용자 제공 일본 호텔 자료(매칭된 호텔) / 가격·이용자평점·리뷰수·시설·재고=가상"
"H0566","Henn na Hotel Premier Kyoto Gojo Karasuma","Kyoto","4","195 Daikokucho, Shimogyo-ku","7.6","985","Hotel","195 Daikokucho, Shimogyo-ku","Kyoto","Kyoto","600-8161","34.99598822","135.7579939","81-50-5210-5333","2.5","JPKYT00534","oWYl","16282101","","","2025-12-07 23:00:24","Hotellist_supplier_japan_clean.xlsx · RTX JP Hotel template_20260528.xlsx","호텔명·도시 및 실제정보 컬럼=사용자 제공 일본 호텔 자료(매칭된 호텔) / 가격·이용자평점·리뷰수·시설·재고=가상"
"H0567","Hiei Mountain House","Kyoto","5","Kyoto 가라스마","7.699999999999999","1082","Hotel","","","","","","","","","","","","","","","","호텔명·도시 및 실제정보 컬럼=사용자 제공 일본 호텔 자료(매칭된 호텔) / 가격·이용자평점·리뷰수·시설·재고=가상"
"H0568","Hifumi ryokan","Kyoto","3","711 Higashishiokojicho Shimogyo-ku","7.8","1179","Hotel","711 Higashishiokojicho Shimogyo-ku","Kyoto","Kyoto","600-8216","34.988444099999995","135.7605385","81-75-371-1238","3.0","JPKYT00196","ykgd","41193094","","","2025-12-06 23:00:24","Hotellist_supplier_japan_clean.xlsx · RTX JP Hotel template_20260528.xlsx","호텔명·도시 및 실제정보 컬럼=사용자 제공 일본 호텔 자료(매칭된 호텔) / 가격·이용자평점·리뷰수·시설·재고=가상"
"H0569","HIGASHIYAMA 恵庵","Kyoto","4","Kyoto 오하라","7.8999999999999995","1276","Hotel","","","","","","","","","","","","","","","","호텔명·도시 및 실제정보 컬럼=사용자 제공 일본 호텔 자료(매칭된 호텔) / 가격·이용자평점·리뷰수·시설·재고=가상"
"H0570","Hilton Garden Inn Kyoto Shijo Karasuma","Kyoto","5","600-8418 Kyoto, Kyoto, 397 Gojo Karasuma Cho,, Karasuma-dori, Japan, Kyoto, 600-8418, Japan","8.0","1373","Hotel","600-8418 Kyoto, Kyoto, 397 Gojo Karasuma Cho,, Karasuma-dori, Japan, Kyoto, 600-8418, Japan","Kyoto","","","34.99848","135.75991","","","JPKYT00533","","","","","2025-12-06 23:00:24","Hotellist_supplier_japan_clean.xlsx","호텔명·도시 및 실제정보 컬럼=사용자 제공 일본 호텔 자료(매칭된 호텔) / 가격·이용자평점·리뷰수·시설·재고=가상"
"H0571","Hilton Kyoto","Kyoto","3","416 Shimomaruyacho, Nakagyo-ku, Kyoto,, Kyoto Prefecture, 604-8006, Kyoto, 604-8006, Japan","8.1","1470","Ryokan","416 Shimomaruyacho, Nakagyo-ku, Kyoto,, Kyoto Prefecture, 604-8006, Kyoto, 604-8006, Japan","Kyoto","","","35.010072","135.769465","1-800-4458667","","JPKYT00559","","","","","2026-06-17 17:24:42","Hotellist_supplier_japan_clean.xlsx","호텔명·도시 및 실제정보 컬럼=사용자 제공 일본 호텔 자료(매칭된 호텔) / 가격·이용자평점·리뷰수·시설·재고=가상"
"H0572","Hiroya","Kyoto","4","Kyoto 기온","8.2","1567","Hotel","","","","","","","","","","","","","","","","호텔명·도시 및 실제정보 컬럼=사용자 제공 일본 호텔 자료(매칭된 호텔) / 가격·이용자평점·리뷰수·시설·재고=가상"
"H0573","HIYORI STAY KYOTO KAMOGAWA","Kyoto","5","485 Kagiyacho, Higashiyama-ku","8.299999999999999","1664","Resort","485 Kagiyacho, Higashiyama-ku","Kyoto","Kyoto","605-0909","34.9925728","135.7682188","81-75-551-0210","1.5","","SjRB","47942572","","","","RTX JP Hotel template_20260528.xlsx","호텔명·도시 및 실제정보 컬럼=사용자 제공 일본 호텔 자료(매칭된 호텔) / 가격·이용자평점·리뷰수·시설·재고=가상"
"H0574","HIZ","Kyoto","3","Kyoto 아라시야마","8.4","1761","Hotel","","","","","","","","","","","","","","","","호텔명·도시 및 실제정보 컬럼=사용자 제공 일본 호텔 자료(매칭된 호텔) / 가격·이용자평점·리뷰수·시설·재고=가상"
"H0575","Holiday Inn Kyoto Gojo by IHG","Kyoto","4","179 Higashi Kazariyacho, Shimogyo-ku","8.5","1858","Hotel","179 Higashi Kazariyacho, Shimogyo-ku","Kyoto","","","34.9966315","135.7575698","81-75-365-5111","","JPKYT00736","","","","","2025-11-07 12:10:20","Hotellist_supplier_japan_clean.xlsx","호텔명·도시 및 실제정보 컬럼=사용자 제공 일본 호텔 자료(매칭된 호텔) / 가격·이용자평점·리뷰수·시설·재고=가상"
"H0576","HOMANN CONCEPT KYOTO","Kyoto","5","Kyoto 니조성","8.6","1955","Hotel","","","","","","","","","","","","","","","","호텔명·도시 및 실제정보 컬럼=사용자 제공 일본 호텔 자료(매칭된 호텔) / 가격·이용자평점·리뷰수·시설·재고=가상"
"H0577","Homm Stay Nagi Arashiyama Kyoto","Kyoto","3","17-4 Wakamiya cho, Sagatenryuji, Ukyo-ku ","8.7","2052","Hotel","17-4 Wakamiya cho, Sagatenryuji, Ukyo-ku ","Kyoto","","","35.0204","135.681","81-75-863-1515","","JPKYT00397","","","","","2025-07-18 16:18:10","Hotellist_supplier_japan_clean.xlsx","호텔명·도시 및 실제정보 컬럼=사용자 제공 일본 호텔 자료(매칭된 호텔) / 가격·이용자평점·리뷰수·시설·재고=가상"
"H0578","Homm Stay Nagi Sanjo Kyoto","Kyoto","4","Kyoto 후시미","8.799999999999999","2149","Hotel","","","","","","","","","","","","","","","","호텔명·도시 및 실제정보 컬럼=사용자 제공 일본 호텔 자료(매칭된 호텔) / 가격·이용자평점·리뷰수·시설·재고=가상"
"H0579","Homm Stay Nagi Shijo Kyoto","Kyoto","5","Kyoto 오하라","8.9","2246","Hotel","","","","","","","","","","","","","","","","호텔명·도시 및 실제정보 컬럼=사용자 제공 일본 호텔 자료(매칭된 호텔) / 가격·이용자평점·리뷰수·시설·재고=가상"
"H0580","Hop Inn Kyoto Shijo Omiya","Kyoto","3","14-2 Mibubojocho, Nakagyo-ku","9.0","2343","Hotel","14-2 Mibubojocho, Nakagyo-ku","Kyoto","Kyoto","604-8804","35.00379480000001","135.74649940000003","81-75-813-1101","2.5","JPKYT00271","Hlyn","47134674","","","2025-12-06 23:00:24","Hotellist_supplier_japan_clean.xlsx · RTX JP Hotel template_20260528.xlsx","호텔명·도시 및 실제정보 컬럼=사용자 제공 일본 호텔 자료(매칭된 호텔) / 가격·이용자평점·리뷰수·시설·재고=가상"
"H0581","HOPE TREE 京都","Kyoto","4","Kyoto 교토역","9.1","2440","Hotel","","","","","","","","","","","","","","","","호텔명·도시 및 실제정보 컬럼=사용자 제공 일본 호텔 자료(매칭된 호텔) / 가격·이용자평점·리뷰수·시설·재고=가상"
"H0582","HOSHINO OMO5 Kyoto sanjo","Kyoto","5","Kyoto 기온","9.2","2537","Hotel","","","","","","","","","","","","","","","","호텔명·도시 및 실제정보 컬럼=사용자 제공 일본 호텔 자료(매칭된 호텔) / 가격·이용자평점·리뷰수·시설·재고=가상"
"H0583","HOSHINOYA Kyoto","Kyoto","3","Kyoto 가와라마치","9.3","2634","Hotel","","","","","","","","","","","","","","","","호텔명·도시 및 실제정보 컬럼=사용자 제공 일본 호텔 자료(매칭된 호텔) / 가격·이용자평점·리뷰수·시설·재고=가상"
"H0584","HOSHINOYA Kyoto Boat Landing","Kyoto","4","Kyoto 아라시야마","9.399999999999999","2731","Resort","","","","","","","","","","","","","","","","호텔명·도시 및 실제정보 컬럼=사용자 제공 일본 호텔 자료(매칭된 호텔) / 가격·이용자평점·리뷰수·시설·재고=가상"
"H0585","Hostel Ginkakujiホステル銀閣寺","Kyoto","5","Kyoto 히가시야마","9.5","2828","Hotel","","","","","","","","","","","","","","","","호텔명·도시 및 실제정보 컬럼=사용자 제공 일본 호텔 자료(매칭된 호텔) / 가격·이용자평점·리뷰수·시설·재고=가상"
"H0586","Hostel HARUYA Aqua","Kyoto","3","Kyoto 니조성","9.6","2925","Hotel","","","","","","","","","","","","","","","","호텔명·도시 및 실제정보 컬럼=사용자 제공 일본 호텔 자료(매칭된 호텔) / 가격·이용자평점·리뷰수·시설·재고=가상"
"H0587","Hostel HARUYA KYOTO","Kyoto","4","Kyoto 가라스마","9.7","3022","Hotel","","","","","","","","","","","","","","","","호텔명·도시 및 실제정보 컬럼=사용자 제공 일본 호텔 자료(매칭된 호텔) / 가격·이용자평점·리뷰수·시설·재고=가상"
"H0588","Hostel Kyotokko","Kyoto","5","Kyoto 후시미","9.8","3119","Hotel","","","","","","","","","","","","","","","","호텔명·도시 및 실제정보 컬럼=사용자 제공 일본 호텔 자료(매칭된 호텔) / 가격·이용자평점·리뷰수·시설·재고=가상"
"H0589","Hostel Otro Mundo","Kyoto","3","Kyoto 오하라","7.1","3216","Hotel","","","","","","","","","","","","","","","","호텔명·도시 및 실제정보 컬럼=사용자 제공 일본 호텔 자료(매칭된 호텔) / 가격·이용자평점·리뷰수·시설·재고=가상"
"H0590","Hostel Sui Kyoto","Kyoto","4","732 Makuracho","7.199999999999999","3313","Ryokan","732 Makuracho","Kyoto","","","35.033879","135.744718","81-75-4315400","","JPKYT00863","","","","","2026-05-19 14:30:12","Hotellist_supplier_japan_clean.xlsx","호텔명·도시 및 실제정보 컬럼=사용자 제공 일본 호텔 자료(매칭된 호텔) / 가격·이용자평점·리뷰수·시설·재고=가상"
"H0591","Hotel ABEST Grande Kyoto Kiyomizu","Kyoto","5","Kyoto 교토역","7.3","3410","Hotel","","","","","","","","","","","","","","","","호텔명·도시 및 실제정보 컬럼=사용자 제공 일본 호텔 자료(매칭된 호텔) / 가격·이용자평점·리뷰수·시설·재고=가상"
"H0592","HOTEL ALFA LUXURY SWEET","Kyoto","3","Kyoto 기온","7.3999999999999995","3507","Hotel","","","","","","","","","","","","","","","","호텔명·도시 및 실제정보 컬럼=사용자 제공 일본 호텔 자료(매칭된 호텔) / 가격·이용자평점·리뷰수·시설·재고=가상"
"H0593","Hotel Androoms","Kyoto","4","Kyoto 가와라마치","7.5","3604","Hotel","","","","","","","","","","","","","","","","호텔명·도시 및 실제정보 컬럼=사용자 제공 일본 호텔 자료(매칭된 호텔) / 가격·이용자평점·리뷰수·시설·재고=가상"
"H0594","Hotel Anteroom Kyoto","Kyoto","5","7 Aketacho, Higashiku-jo, Minami-ku","7.6","3701","Hotel","7 Aketacho, Higashiku-jo, Minami-ku","Kyoto","Kyoto","601-8044","34.97602344","135.7590849","81-75-681-5656","2.5","JPKYT00058","vntJ","281271","29989797","1086","2026-05-14 11:20:16","Hotellist_supplier_japan_clean.xlsx · RTX JP Hotel template_20260528.xlsx","호텔명·도시 및 실제정보 컬럼=사용자 제공 일본 호텔 자료(매칭된 호텔) / 가격·이용자평점·리뷰수·시설·재고=가상"
"H0595","HOTEL ARU KYOTO 三条木屋町通り","Kyoto","3","Kyoto 히가시야마","7.699999999999999","3798","Resort","","","","","","","","","","","","","","","","호텔명·도시 및 실제정보 컬럼=사용자 제공 일본 호텔 자료(매칭된 호텔) / 가격·이용자평점·리뷰수·시설·재고=가상"
"H0596","hotel Bell・Kyoto（ホテルベル京都）","Kyoto","4","Kyoto 니조성","7.8","3895","Hotel","","","","","","","","","","","","","","","","호텔명·도시 및 실제정보 컬럼=사용자 제공 일본 호텔 자료(매칭된 호텔) / 가격·이용자평점·리뷰수·시설·재고=가상"
"H0597","Hotel Binario Saga Arashiyama","Kyoto","5","3-4 Sagatenryuji-hiromichicho Ukyo-ku","7.8999999999999995","3992","Hotel","3-4 Sagatenryuji-hiromichicho Ukyo-ku","Kyoto","Kyoto","616-8372","35.01833748","135.681827","81-75-871-9711","3.5","JPKYT00141","1pQ9","813260","21965724","","2026-07-08 16:26:10","Hotellist_supplier_japan_clean.xlsx · RTX JP Hotel template_20260528.xlsx","호텔명·도시 및 실제정보 컬럼=사용자 제공 일본 호텔 자료(매칭된 호텔) / 가격·이용자평점·리뷰수·시설·재고=가상"
"H0598","Hotel Blue Lake Otsu","Kyoto","3","Kyoto 후시미","8.0","4089","Hotel","","","","","","","","","","","","","","","","호텔명·도시 및 실제정보 컬럼=사용자 제공 일본 호텔 자료(매칭된 호텔) / 가격·이용자평점·리뷰수·시설·재고=가상"
"H0599","Hotel Brighton City","Kyoto","4","Kyoto 오하라","8.1","4186","Hotel","","","","","","","","","","","","","","","","호텔명·도시 및 실제정보 컬럼=사용자 제공 일본 호텔 자료(매칭된 호텔) / 가격·이용자평점·리뷰수·시설·재고=가상"
"H0600","Hotel Canata Kyoto","Kyoto","5","14-1 Tsuchibashicho,  2-josagaru, Horikawa-dori, Nakagyo-ku","8.2","4283","Hotel","14-1 Tsuchibashicho,  2-josagaru, Horikawa-dori, Nakagyo-ku","Kyoto","Kyoto","604-0055","35.0126313","135.7521428","81-75-256-1181","3.0","","aOWj","7429091","36921643","","","RTX JP Hotel template_20260528.xlsx","호텔명·도시 및 실제정보 컬럼=사용자 제공 일본 호텔 자료(매칭된 호텔) / 가격·이용자평점·리뷰수·시설·재고=가상"
"H0601","Oriental Hotel Fukuoka Hakata Station","Fukuoka","3","4-23 Hakataeki chuogai, Hakata-ku","8.299999999999999","4380","Hotel","4-23 Hakataeki chuogai, Hakata-ku","Fukuoka","Fukuoka","812-0012","33.59055812","130.4219693","81-92-461-0170","4.0","JPFUK00324","8pSh","5928553","","1829","2025-12-06 23:00:24","Hotellist_supplier_japan_clean.xlsx · RTX JP Hotel template_20260528.xlsx","호텔명·도시 및 실제정보 컬럼=사용자 제공 일본 호텔 자료(매칭된 호텔) / 가격·이용자평점·리뷰수·시설·재고=가상"
"H0602","Hakata Green Hotel No.1","Fukuoka","4","4-4 Hakataekichuogai, Hakata-ku","8.4","4477","Hotel","4-4 Hakataekichuogai, Hakata-ku","Fukuoka","Fukuoka","812-0012","33.5918743","130.4219194","81-92-451-4110","3.5","JPFUK00062","s33h","782823","","","2025-07-27 19:59:31","Hotellist_supplier_japan_clean.xlsx · RTX JP Hotel template_20260528.xlsx","호텔명·도시 및 실제정보 컬럼=사용자 제공 일본 호텔 자료(매칭된 호텔) / 가격·이용자평점·리뷰수·시설·재고=가상"
"H0603","Miyako Hotel Hakata","Fukuoka","5","Fukuoka 나카스","8.5","4574","Hotel","","","","","","","","","","","","","","","","호텔명·도시 및 실제정보 컬럼=사용자 제공 일본 호텔 자료(매칭된 호텔) / 가격·이용자평점·리뷰수·시설·재고=가상"
"H0604","Hotel Clio Court Hakata","Fukuoka","3","5-3 Hakataeki chuogai, Hakata-ku","8.6","4671","Hotel","5-3 Hakataeki chuogai, Hakata-ku","Fukuoka","Fukuoka","812-0012","33.59","130.42","81-92-472-1111","2.5","JPFUK00003","yKsE","65781","9052341","58","2025-11-17 18:15:22","Hotellist_supplier_japan_clean.xlsx · RTX JP Hotel template_20260528.xlsx","호텔명·도시 및 실제정보 컬럼=사용자 제공 일본 호텔 자료(매칭된 호텔) / 가격·이용자평점·리뷰수·시설·재고=가상"
"H0605","Richmond Hotel Hakata Ekimae","Fukuoka","4","6-17 Hakata Station Chuo-gai, Hakata-ku","8.7","4768","Hotel","6-17 Hakata Station Chuo-gai, Hakata-ku","Fukuoka","Fukuoka","812-0012","33.59","130.42","81-92-433-0011","3.0","JPFUK00210","jPf5","246295","","47","2025-07-27 19:55:34","Hotellist_supplier_japan_clean.xlsx · RTX JP Hotel template_20260528.xlsx","호텔명·도시 및 실제정보 컬럼=사용자 제공 일본 호텔 자료(매칭된 호텔) / 가격·이용자평점·리뷰수·시설·재고=가상"
"H0606","Comfort Hotel Hakata","Fukuoka","5","2-1-1 Hakata ekimae, Hakata-ku","8.799999999999999","4865","Resort","2-1-1 Hakata ekimae, Hakata-ku","Fukuoka","Fukuoka","812-0011","33.59090731999999","130.4179793","81-92-431-1211","2.5","JPFUK00034","46hw","3326034","1141371","2613","2025-12-05 23:03:04","Hotellist_supplier_japan_clean.xlsx · RTX JP Hotel template_20260528.xlsx","호텔명·도시 및 실제정보 컬럼=사용자 제공 일본 호텔 자료(매칭된 호텔) / 가격·이용자평점·리뷰수·시설·재고=가상"
"H0607","Hakata Green Hotel Annex","Fukuoka","3","4-32 Hakataeki-chuogai Hakata-ku","8.9","4962","Hotel","4-32 Hakataeki-chuogai Hakata-ku","Fukuoka","Fukuoka","812-0012","33.5912518","130.4218956","81-92-451-4112","3.5","JPFUK00106","hxG8","393859","","","2026-02-11 10:17:55","Hotellist_supplier_japan_clean.xlsx · RTX JP Hotel template_20260528.xlsx","호텔명·도시 및 실제정보 컬럼=사용자 제공 일본 호텔 자료(매칭된 호텔) / 가격·이용자평점·리뷰수·시설·재고=가상"
"H0608","Yaoji Hakata Hotel","Fukuoka","4","4-9-2 Hakataekimae, Hakata-ku","9.0","159","Hotel","4-9-2 Hakataekimae, Hakata-ku","Fukuoka","Fukuoka","812-0011","33.585863","130.4175254","81-92-483-5111","3.5","JPFUK00032","ags8","178661","","1516","2025-09-15 12:31:43","Hotellist_supplier_japan_clean.xlsx · RTX JP Hotel template_20260528.xlsx","호텔명·도시 및 실제정보 컬럼=사용자 제공 일본 호텔 자료(매칭된 호텔) / 가격·이용자평점·리뷰수·시설·재고=가상"
"H0609","Solaria Nishitetsu Hotel Fukuoka","Fukuoka","5","2-2-43 Tenjin, Chuo-ku","9.1","256","Ryokan","2-2-43 Tenjin, Chuo-ku","Fukuoka","Fukuoka","810-0001","33.58893218","130.39852","81-92-761-6500","4.0","","0Cxl","393149","","1790","","RTX JP Hotel template_20260528.xlsx","호텔명·도시 및 실제정보 컬럼=사용자 제공 일본 호텔 자료(매칭된 호텔) / 가격·이용자평점·리뷰수·시설·재고=가상"
"H0610","JR Kyushu Hotel Blossom Fukuoka","Fukuoka","3","2 2 4 Hakataeki-higashi Hakata-ku","9.2","353","Hotel","2 2 4 Hakataeki-higashi Hakata-ku","Fukuoka","Fukuoka","812-0013","33.58956869","130.423526","81-92-413-8787","3.5","JPFUK00039","uddq","3008385","45256538","2924","2025-09-15 12:31:43","Hotellist_supplier_japan_clean.xlsx · RTX JP Hotel template_20260528.xlsx","호텔명·도시 및 실제정보 컬럼=사용자 제공 일본 호텔 자료(매칭된 호텔) / 가격·이용자평점·리뷰수·시설·재고=가상"
"H0611","Hotel Resol Trinity Hakata","Fukuoka","4","4-4-10 Nakasu, Hakata-ku","9.3","450","Hotel","4-4-10 Nakasu, Hakata-ku","Fukuoka","Fukuoka","810-0801","33.59287380000001","130.4060479","81-92-282-9269","3.5","JPFUK00050","79RB","276398","4562979","","2025-12-06 23:00:24","Hotellist_supplier_japan_clean.xlsx · RTX JP Hotel template_20260528.xlsx","호텔명·도시 및 실제정보 컬럼=사용자 제공 일본 호텔 자료(매칭된 호텔) / 가격·이용자평점·리뷰수·시설·재고=가상"
"H0612","Dukes Hotel Hakata","Fukuoka","5","2-3-9 Hakataekimae Hakata-ku","9.399999999999999","547","Hotel","2-3-9 Hakataekimae Hakata-ku","Fukuoka","Fukuoka","812-0011","33.589868540000005","130.4173266","81-92-472-1800","4.0","JPFUK00197","Tx4s","178117","","","2025-11-17 18:15:22","Hotellist_supplier_japan_clean.xlsx · RTX JP Hotel template_20260528.xlsx","호텔명·도시 및 실제정보 컬럼=사용자 제공 일본 호텔 자료(매칭된 호텔) / 가격·이용자평점·리뷰수·시설·재고=가상"
"H0613","S-Peria Hotel Hakata","Fukuoka","3","2-11-4 Hakata ekimae, Hakata-ku","9.5","644","Hotel","2-11-4 Hakata ekimae, Hakata-ku","Fukuoka","Fukuoka","812-0011","33.59","130.42","81-92-412-7272","2.5","JPFUK00192","3Sbp","3150501","","441","2025-11-26 12:38:13","Hotellist_supplier_japan_clean.xlsx · RTX JP Hotel template_20260528.xlsx","호텔명·도시 및 실제정보 컬럼=사용자 제공 일본 호텔 자료(매칭된 호텔) / 가격·이용자평점·리뷰수·시설·재고=가상"
"H0614","Hotel Nikko Fukuoka","Fukuoka","4","2-18-25 Hakataekimae, Hakata-ku","9.6","741","Hotel","2-18-25 Hakataekimae, Hakata-ku","Fukuoka","Fukuoka","812-0011","33.59150168","130.4171266","81-92-482-1111","4.5","JPFUK00053","vllG","9125","18766","1516","2026-06-17 17:24:42","Hotellist_supplier_japan_clean.xlsx · RTX JP Hotel template_20260528.xlsx","호텔명·도시 및 실제정보 컬럼=사용자 제공 일본 호텔 자료(매칭된 호텔) / 가격·이용자평점·리뷰수·시설·재고=가상"
"H0615","The Luigans Spa & Resort","Fukuoka","5","18-25, Saitozaki, Higashi-ku Fukuoka-shi, Fukuoka, Japan","9.7","838","Hotel","18-25, Saitozaki, Higashi-ku Fukuoka-shi, Fukuoka, Japan","Fukuoka","","","33.6607605","130.3587248","81-92-603-2525","","JPFUK00057","","","","","2025-12-05 15:20:30","Hotellist_supplier_japan_clean.xlsx","호텔명·도시 및 실제정보 컬럼=사용자 제공 일본 호텔 자료(매칭된 호텔) / 가격·이용자평점·리뷰수·시설·재고=가상"
"H0616","The Breakfast Hotel Fukuoka Nakasu","Fukuoka","3","Fukuoka 다자이후","9.8","935","Hotel","","","","","","","","","","","","","","","","호텔명·도시 및 실제정보 컬럼=사용자 제공 일본 호텔 자료(매칭된 호텔) / 가격·이용자평점·리뷰수·시설·재고=가상"
"H0617","Hotel Il Palazzo","Fukuoka","4","3-13-1 Haruyoshi, Chuo-ku","7.1","1032","Resort","3-13-1 Haruyoshi, Chuo-ku","Fukuoka","Fukuoka","810-0003","33.58982947","130.4073775","81-570-009-915","3.5","JPFUK00017","ACia","237386","475168","2693","2025-02-13 10:22:17","Hotellist_supplier_japan_clean.xlsx · RTX JP Hotel template_20260528.xlsx","호텔명·도시 및 실제정보 컬럼=사용자 제공 일본 호텔 자료(매칭된 호텔) / 가격·이용자평점·리뷰수·시설·재고=가상"
"H0618","Grand Hyatt Fukuoka","Fukuoka","5","1-2-82 Sumiyoshi, Hakata-ku","7.199999999999999","1129","Hotel","1-2-82 Sumiyoshi, Hakata-ku","Fukuoka","Fukuoka","812-0018","33.58955456","130.4104328","81-92-282-1234","5.0","JPFUK00061","GIct","2779","","","2025-11-17 18:15:22","Hotellist_supplier_japan_clean.xlsx · RTX JP Hotel template_20260528.xlsx","호텔명·도시 및 실제정보 컬럼=사용자 제공 일본 호텔 자료(매칭된 호텔) / 가격·이용자평점·리뷰수·시설·재고=가상"
"H0619","Hilton Fukuoka Sea Hawk","Fukuoka","3","2-2-3, Jigyohama, Chuo-ku Fukuoka-shi, Fukuoka, Japan","7.3","1226","Hotel","2-2-3, Jigyohama, Chuo-ku Fukuoka-shi, Fukuoka, Japan","Fukuoka","","","33.5946315","130.3593129","81-92-844-8111","","JPFUK00028","","","","","2025-12-06 23:00:24","Hotellist_supplier_japan_clean.xlsx","호텔명·도시 및 실제정보 컬럼=사용자 제공 일본 호텔 자료(매칭된 호텔) / 가격·이용자평점·리뷰수·시설·재고=가상"
"H0620","The Ritz-Carlton Fukuoka","Fukuoka","4","2-6-50 Daimyo, Chuo-ku","7.3999999999999995","1323","Hotel","2-6-50 Daimyo, Chuo-ku","Fukuoka","Fukuoka","810-0041","33.58960999999999","130.3947959","81-92-401-8888","5.0","JPFUK00501","iz3q","39786143","","","2026-01-23 00:27:25","Hotellist_supplier_japan_clean.xlsx · RTX JP Hotel template_20260528.xlsx","호텔명·도시 및 실제정보 컬럼=사용자 제공 일본 호텔 자료(매칭된 호텔) / 가격·이용자평점·리뷰수·시설·재고=가상"
"H0621","Mitsui Garden Hotel Fukuoka Gion","Fukuoka","5","2-8-15 Hakataekimae, Hakata","7.5","1420","Hotel","2-8-15 Hakataekimae, Hakata","Fukuoka","Fukuoka","812-0011","33.59069379000001","130.4135837","81-92-414-3131","3.0","JPFUK00206","v7sy","5901817","33004945","","2025-09-15 12:31:43","Hotellist_supplier_japan_clean.xlsx · RTX JP Hotel template_20260528.xlsx","호텔명·도시 및 실제정보 컬럼=사용자 제공 일본 호텔 자료(매칭된 호텔) / 가격·이용자평점·리뷰수·시설·재고=가상"
"H0622","Mitsui Garden Hotel Fukuoka Nakasu","Fukuoka","3","5-5-1 Nakasu, Hakata-ku","7.6","1517","Hotel","5-5-1 Nakasu, Hakata-ku","Fukuoka","Fukuoka","810-0801","33.5940921","130.4042872","81-92-263-5531","3.0","JPFUK00219","QtmT","10560831","","","2025-12-06 23:00:24","Hotellist_supplier_japan_clean.xlsx · RTX JP Hotel template_20260528.xlsx","호텔명·도시 및 실제정보 컬럼=사용자 제공 일본 호텔 자료(매칭된 호텔) / 가격·이용자평점·리뷰수·시설·재고=가상"
"H0623","Nishitetsu Hotel Croom Hakata","Fukuoka","4","1-17-6 Hakata ekimae, Hakata-ku","7.699999999999999","1614","Hotel","1-17-6 Hakata ekimae, Hakata-ku","Fukuoka","Fukuoka","812-0011","33.59237108","130.4199957","81-92-413-5454","3.5","JPFUK00023","2SBK","236962","4594699","2372","2025-12-06 23:00:24","Hotellist_supplier_japan_clean.xlsx · RTX JP Hotel template_20260528.xlsx","호텔명·도시 및 실제정보 컬럼=사용자 제공 일본 호텔 자료(매칭된 호텔) / 가격·이용자평점·리뷰수·시설·재고=가상"
"H0624","Nishitetsu Grand Hotel","Fukuoka","5","2-6-60 Daimyo, Chuo-ku","7.8","1711","Hotel","2-6-60 Daimyo, Chuo-ku","Fukuoka","Fukuoka","810-0041","33.58946818","130.3957313","81-92-781-0711","4.0","JPFUK00021","uDho","43054","9797444","1244","2025-12-06 23:00:24","Hotellist_supplier_japan_clean.xlsx · RTX JP Hotel template_20260528.xlsx","호텔명·도시 및 실제정보 컬럼=사용자 제공 일본 호텔 자료(매칭된 호텔) / 가격·이용자평점·리뷰수·시설·재고=가상"
"H0625","Hotel Okura Fukuoka","Fukuoka","3","3-2 Hakata-ku, Shimokawabatamachi","7.8999999999999995","1808","Hotel","3-2 Hakata-ku, Shimokawabatamachi","Fukuoka","Fukuoka","812-0027","33.59548155","130.404847","81-92-262-1111","4.5","JPFUK00022","DG4S","43080","","","2025-11-17 18:15:22","Hotellist_supplier_japan_clean.xlsx · RTX JP Hotel template_20260528.xlsx","호텔명·도시 및 실제정보 컬럼=사용자 제공 일본 호텔 자료(매칭된 호텔) / 가격·이용자평점·리뷰수·시설·재고=가상"
"H0626","The Royal Park Hotel Fukuoka","Fukuoka","4","2-14-15 Hakataekimae, Hakata-ku","8.0","1905","Hotel","2-14-15 Hakataekimae, Hakata-ku","Fukuoka","Fukuoka","812-0011","33.590460109999995","130.4157378","81-92-414-1111","4.0","JPFUK00027","irmu","339554","4547484","","2026-04-09 14:54:37","Hotellist_supplier_japan_clean.xlsx · RTX JP Hotel template_20260528.xlsx","호텔명·도시 및 실제정보 컬럼=사용자 제공 일본 호텔 자료(매칭된 호텔) / 가격·이용자평점·리뷰수·시설·재고=가상"
"H0627","Hotel Forza Hakataeki Chikushi-Guchi I","Fukuoka","5","Hakata-ku Hakataekichuogai 4-16","8.1","2002","Hotel","Hakata-ku Hakataekichuogai 4-16","Fukuoka","","","33.5911101","130.4218897","81-92-4737111","","JPFUK00585","","","","","2025-03-27 12:41:35","Hotellist_supplier_japan_clean.xlsx","호텔명·도시 및 실제정보 컬럼=사용자 제공 일본 호텔 자료(매칭된 호텔) / 가격·이용자평점·리뷰수·시설·재고=가상"
"H0628","Hotel Forza Hakataeki Hakataguchi","Fukuoka","3","2-1-15 Hakata ekimae, Hakata-ku","8.2","2099","Ryokan","2-1-15 Hakata ekimae, Hakata-ku","Fukuoka","Fukuoka","812-0011","33.59087744","130.4177566","81-92-473-7113","4.0","","5vaf","4915284","","1529","","RTX JP Hotel template_20260528.xlsx","호텔명·도시 및 실제정보 컬럼=사용자 제공 일본 호텔 자료(매칭된 호텔) / 가격·이용자평점·리뷰수·시설·재고=가상"
"H0629","Dormy Inn Premium Hakata Canal City Mae","Fukuoka","4","9-1, Giommachi, Hakata-ku Fukuoka-shi, Fukuoka, Japan","8.299999999999999","2196","Hotel","9-1, Giommachi, Hakata-ku Fukuoka-shi, Fukuoka, Japan","Fukuoka","","","33.590597187270696","130.41245470192186","81-92-2725489","","JPFUK00059","","","","","2025-09-22 15:23:38","Hotellist_supplier_japan_clean.xlsx","호텔명·도시 및 실제정보 컬럼=사용자 제공 일본 호텔 자료(매칭된 호텔) / 가격·이용자평점·리뷰수·시설·재고=가상"
"H0630","Dormy Inn Hakata Gion","Fukuoka","5","1-12 Reisenmachi Hakata-ku","8.4","2293","Hotel","1-12 Reisenmachi Hakata-ku","Fukuoka","Fukuoka","812-0039","33.593509710000006","130.4129574","81-92-271-5489","3.5","JPFUK00065","IMrS","169766","4275533","","2025-09-15 12:31:43","Hotellist_supplier_japan_clean.xlsx · RTX JP Hotel template_20260528.xlsx","호텔명·도시 및 실제정보 컬럼=사용자 제공 일본 호텔 자료(매칭된 호텔) / 가격·이용자평점·리뷰수·시설·재고=가상"
"H0631","Tokyu Stay Hakata","Fukuoka","3","1-11-11 Hakataeki minami, Hakata-ku","8.5","2390","Hotel","1-11-11 Hakataeki minami, Hakata-ku","Fukuoka","Fukuoka","812-0016","33.59","130.42","81-92-431-1091","2.5","JPFUK00166","mw4g","4592205","23127411","111","2025-09-15 12:31:43","Hotellist_supplier_japan_clean.xlsx · RTX JP Hotel template_20260528.xlsx","호텔명·도시 및 실제정보 컬럼=사용자 제공 일본 호텔 자료(매칭된 호텔) / 가격·이용자평점·리뷰수·시설·재고=가상"
"H0632","ANA Crowne Plaza Fukuoka","Fukuoka","4","3-3-3 Hakataekimae, Hakata-ku","8.6","2487","Hotel","3-3-3 Hakataekimae, Hakata-ku","Fukuoka","Fukuoka","812-0011","33.58736328","130.4177322","81-92-471-7111","4.5","JPFUK00005","aZ0e","42794","10524","","2025-09-15 12:31:43","Hotellist_supplier_japan_clean.xlsx · RTX JP Hotel template_20260528.xlsx","호텔명·도시 및 실제정보 컬럼=사용자 제공 일본 호텔 자료(매칭된 호텔) / 가격·이용자평점·리뷰수·시설·재고=가상"
"H0633","Crowne Plaza ANA Fukuoka","Fukuoka","5","Fukuoka 나카스","8.7","2584","Hotel","","","","","","","","","","","","","","","","호텔명·도시 및 실제정보 컬럼=사용자 제공 일본 호텔 자료(매칭된 호텔) / 가격·이용자평점·리뷰수·시설·재고=가상"
"H0634","The Basics Fukuoka","Fukuoka","3","2-14-1 Hakataeki higashi, Hakata-ku","8.799999999999999","2681","Hotel","2-14-1 Hakataeki higashi, Hakata-ku","Fukuoka","Fukuoka","812-0013","33.5892272","130.4269891","81-92-412-1234","3.5","JPFUK00070","9JgP","9115847","","","2025-09-15 12:31:43","Hotellist_supplier_japan_clean.xlsx · RTX JP Hotel template_20260528.xlsx","호텔명·도시 및 실제정보 컬럼=사용자 제공 일본 호텔 자료(매칭된 호텔) / 가격·이용자평점·리뷰수·시설·재고=가상"
"H0635","With The Style Fukuoka","Fukuoka","4","1-9-18 Hakataeki minami, Hakata-ku","8.9","2778","Hotel","1-9-18 Hakataeki minami, Hakata-ku","Fukuoka","Fukuoka","812-0016","33.5851269","130.4218247","81-92-433-3900","5.0","JPFUK00133","jjNo","284613","2921484","","2025-04-30 10:53:50","Hotellist_supplier_japan_clean.xlsx · RTX JP Hotel template_20260528.xlsx","호텔명·도시 및 실제정보 컬럼=사용자 제공 일본 호텔 자료(매칭된 호텔) / 가격·이용자평점·리뷰수·시설·재고=가상"
"H0636","Hotel Wing International Select Hakata Ekimae","Fukuoka","5","Fukuoka 다자이후","9.0","2875","Hotel","","","","","","","","","","","","","","","","호텔명·도시 및 실제정보 컬럼=사용자 제공 일본 호텔 자료(매칭된 호텔) / 가격·이용자평점·리뷰수·시설·재고=가상"
"H0637","Hotel Monte Hermana Fukuoka","Fukuoka","3","3-4-24 Watanabe-dori, Chuo-ku","9.1","2972","Hotel","3-4-24 Watanabe-dori, Chuo-ku","Fukuoka","Fukuoka","810-0004","33.5850164","130.4048653","81-92-735-7111","2.5","JPFUK00130","GDzh","1270365","","","2025-12-06 23:00:24","Hotellist_supplier_japan_clean.xlsx · RTX JP Hotel template_20260528.xlsx","호텔명·도시 및 실제정보 컬럼=사용자 제공 일본 호텔 자료(매칭된 호텔) / 가격·이용자평점·리뷰수·시설·재고=가상"
"H0638","Hotel Monterey La Soeur Fukuoka","Fukuoka","4","2-8-27 Daimyo, Chuo-ku","9.2","3069","Hotel","2-8-27 Daimyo, Chuo-ku","Fukuoka","Fukuoka","810-0041","33.59102077","130.3955063","81-92-726-7111","3.5","JPFUK00047","T1vo","161744","1607899","1086","2025-12-06 23:00:24","Hotellist_supplier_japan_clean.xlsx · RTX JP Hotel template_20260528.xlsx","호텔명·도시 및 실제정보 컬럼=사용자 제공 일본 호텔 자료(매칭된 호텔) / 가격·이용자평점·리뷰수·시설·재고=가상"
"H0639","Quintessa Hotel Fukuoka Tenjin","Fukuoka","5","Fukuoka 이마이즈미","9.3","3166","Resort","","","","","","","","","","","","","","","","호텔명·도시 및 실제정보 컬럼=사용자 제공 일본 호텔 자료(매칭된 호텔) / 가격·이용자평점·리뷰수·시설·재고=가상"
"H0640","Candeo Hotels Fukuoka Tenjin","Fukuoka","3","5-14-5 Watanabe-dori, Chuo-ku","9.399999999999999","3263","Hotel","5-14-5 Watanabe-dori, Chuo-ku","Fukuoka","Fukuoka","810-0004","33.586400360000006","130.4033744","81-92-738-5600","2.5","JPFUK00128","ZOPJ","866457","10424485","","2025-12-05 23:03:04","Hotellist_supplier_japan_clean.xlsx · RTX JP Hotel template_20260528.xlsx","호텔명·도시 및 실제정보 컬럼=사용자 제공 일본 호텔 자료(매칭된 호텔) / 가격·이용자평점·리뷰수·시설·재고=가상"
"H0641","lyf Tenjin Fukuoka","Fukuoka","4","1-2-13 Imaizumi, Chuo-ku","9.5","3360","Hotel","1-2-13 Imaizumi, Chuo-ku","Fukuoka","Fukuoka","810-0021","33.58478487","130.4003017","81-92-753-8695","3.0","JPFUK00304","aujS","22991913","","","2026-06-17 14:54:25","Hotellist_supplier_japan_clean.xlsx · RTX JP Hotel template_20260528.xlsx","호텔명·도시 및 실제정보 컬럼=사용자 제공 일본 호텔 자료(매칭된 호텔) / 가격·이용자평점·리뷰수·시설·재고=가상"
"H0642","Lamp Light Books Hotel Fukuoka","Fukuoka","5","1-15-22 Daimyo, Chuo-ku","9.6","3457","Hotel","1-15-22 Daimyo, Chuo-ku","Fukuoka","Fukuoka","810-0041","33.59","130.4","81-92-720-7711","2.5","JPFUK00475","044l","28162070","","215","2026-01-08 23:09:27","Hotellist_supplier_japan_clean.xlsx · RTX JP Hotel template_20260528.xlsx","호텔명·도시 및 실제정보 컬럼=사용자 제공 일본 호텔 자료(매칭된 호텔) / 가격·이용자평점·리뷰수·시설·재고=가상"
"H0643","Cross Life Hakata Tenjin","Fukuoka","3","3-chome-26-3 Haruyoshi Chuo Ward","9.7","3554","Hotel","3-chome-26-3 Haruyoshi Chuo Ward","Fukuoka","","","33.587759","130.406623","81-92-7330130","","JPFUK00564","","","","","2026-07-08 04:21:48","Hotellist_supplier_japan_clean.xlsx","호텔명·도시 및 실제정보 컬럼=사용자 제공 일본 호텔 자료(매칭된 호텔) / 가격·이용자평점·리뷰수·시설·재고=가상"
"H0644","Cross Life Hakata Yanagibashi","Fukuoka","4","1-6-5 Haruyoshi, Chuo-ku","9.8","3651","Hotel","1-6-5 Haruyoshi, Chuo-ku","Fukuoka","","","33.582777844683456","130.40814959938828","092-7333900","","JPFUK00566","","","","","2026-07-08 04:21:48","Hotellist_supplier_japan_clean.xlsx","호텔명·도시 및 실제정보 컬럼=사용자 제공 일본 호텔 자료(매칭된 호텔) / 가격·이용자평점·리뷰수·시설·재고=가상"
"H0645","Prince Smart Inn Hakata","Fukuoka","5","3-21-4 Hakata ekimae, Hakata-ku","7.1","3748","Hotel","3-21-4 Hakata ekimae, Hakata-ku","Fukuoka","Fukuoka","812-0011","33.5884633","130.4157838","81-50-3117-8027","2.0","JPFUK00499","8ohs","33229871","","","2026-01-23 00:27:25","Hotellist_supplier_japan_clean.xlsx · RTX JP Hotel template_20260528.xlsx","호텔명·도시 및 실제정보 컬럼=사용자 제공 일본 호텔 자료(매칭된 호텔) / 가격·이용자평점·리뷰수·시설·재고=가상"
"H0646","Via Inn Hakataguchi Ekimae","Fukuoka","3","2-17-11, Hakataeki Mae, Hakata-ku Fukuoka","7.199999999999999","3845","Hotel","2-17-11, Hakataeki Mae, Hakata-ku Fukuoka","Fukuoka","","","33.590921784466865","130.41672574412826","+81924525489","","JPFUK00427","","","","","2025-09-22 15:23:38","Hotellist_supplier_japan_clean.xlsx","호텔명·도시 및 실제정보 컬럼=사용자 제공 일본 호텔 자료(매칭된 호텔) / 가격·이용자평점·리뷰수·시설·재고=가상"
"H0647","JR Kyushu Hotel Blossom Hakata Central","Fukuoka","4","2-2-11 Hakataekimae Hakata-ku","7.3","3942","Ryokan","2-2-11 Hakataekimae Hakata-ku","Fukuoka","Fukuoka","812-0011","33.58982624000001","130.41792333","81-92-477-8739","3.5","","g15V","3008386","15421134","1516","","RTX JP Hotel template_20260528.xlsx","호텔명·도시 및 실제정보 컬럼=사용자 제공 일본 호텔 자료(매칭된 호텔) / 가격·이용자평점·리뷰수·시설·재고=가상"
"H0648","Hakata Tokyu REI Hotel","Fukuoka","5","1-2-23 Hakataekimae, Hakata-ku","7.3999999999999995","4039","Hotel","1-2-23 Hakataekimae, Hakata-ku","Fukuoka","Fukuoka","812-0011","33.59195443","130.4182292","81-92-451-0109","4.0","JPFUK00031","gJE2","394474","15074295","","2025-11-17 18:15:22","Hotellist_supplier_japan_clean.xlsx · RTX JP Hotel template_20260528.xlsx","호텔명·도시 및 실제정보 컬럼=사용자 제공 일본 호텔 자료(매칭된 호텔) / 가격·이용자평점·리뷰수·시설·재고=가상"
"H0649","Hotel WBF Grande Hakata","Fukuoka","3","2-2-5 Hakataeki minami, Hakata-ku","7.5","4136","Hotel","2-2-5 Hakataeki minami, Hakata-ku","Fukuoka","Fukuoka","812-0016","33.5849861","130.4255527","81-92-452-4123","2.5","JPFUK00165","p6rs","4132009","22135839","","2025-09-15 10:59:28","Hotellist_supplier_japan_clean.xlsx · RTX JP Hotel template_20260528.xlsx","호텔명·도시 및 실제정보 컬럼=사용자 제공 일본 호텔 자료(매칭된 호텔) / 가격·이용자평점·리뷰수·시설·재고=가상"
"H0650","Agora Fukuoka Hilltop Hotel & Spa","Fukuoka","4","Fukuoka 우미노나카미치","7.6","4233","Resort","","","","","","","","","","","","","","","","호텔명·도시 및 실제정보 컬럼=사용자 제공 일본 호텔 자료(매칭된 호텔) / 가격·이용자평점·리뷰수·시설·재고=가상"
"H0651","9h nine hours Hakata Station","Fukuoka","5","3-22-2 Hakata Ekimae, Hakata-ku","7.699999999999999","4330","Hotel","3-22-2 Hakata Ekimae, Hakata-ku","Fukuoka","Fukuoka","812-0011","33.58896601","130.4166548","81-50-1807-3481","1.5","","7rzl","16143404","55312875","","","RTX JP Hotel template_20260528.xlsx","호텔명·도시 및 실제정보 컬럼=사용자 제공 일본 호텔 자료(매칭된 호텔) / 가격·이용자평점·리뷰수·시설·재고=가상"
"H0652","Accord Hotel","Fukuoka","3","Fukuoka 텐진","7.8","4427","Hotel","","","","","","","","","","","","","","","","호텔명·도시 및 실제정보 컬럼=사용자 제공 일본 호텔 자료(매칭된 호텔) / 가격·이용자평점·리뷰수·시설·재고=가상"
"H0653","ANA Crowne Plaza Hotel Fukuoka","Fukuoka","4","3-3-3 Hakataekimae, Hakata-ku","7.8999999999999995","4524","Hotel","3-3-3 Hakataekimae, Hakata-ku","Fukuoka","Fukuoka","812-0011","33.58736328","130.4177322","81-92-471-7111","4.5","JPFUK00005","aZ0e","42794","10524","","2025-09-15 12:31:43","Hotellist_supplier_japan_clean.xlsx · RTX JP Hotel template_20260528.xlsx","호텔명·도시 및 실제정보 컬럼=사용자 제공 일본 호텔 자료(매칭된 호텔) / 가격·이용자평점·리뷰수·시설·재고=가상"
"H0654","APA Hotel","Fukuoka","5","Fukuoka 오호리공원","8.0","4621","Hotel","","","","","","","","","","","","","","","","호텔명·도시 및 실제정보 컬럼=사용자 제공 일본 호텔 자료(매칭된 호텔) / 가격·이용자평점·리뷰수·시설·재고=가상"
"H0655","APA Hotel Hakataeki Chikushiguchi","Fukuoka","3","1-11-11 Hakataeki higashi, Hakata-ku (West) / 1-14-1 Hakataeki higashi, Hakata-ku","8.1","4718","Hotel","1-11-11 Hakataeki higashi, Hakata-ku (West) / 1-14-1 Hakataeki higashi, Hakata-ku","Fukuoka","Fukuoka","812-0013","33.59130381","130.423611","81-92-477-6311","3.0","","hOAu","20448360","","23","","RTX JP Hotel template_20260528.xlsx","호텔명·도시 및 실제정보 컬럼=사용자 제공 일본 호텔 자료(매칭된 호텔) / 가격·이용자평점·리뷰수·시설·재고=가상"
"H0656","Best Western Plus Fukuoka Tenjin","Fukuoka","4","Fukuoka 다자이후","8.2","4815","Hotel","","","","","","","","","","","","","","","","호텔명·도시 및 실제정보 컬럼=사용자 제공 일본 호텔 자료(매칭된 호텔) / 가격·이용자평점·리뷰수·시설·재고=가상"
"H0657","Business One Tenjin","Fukuoka","5","Fukuoka 후쿠오카공항","8.299999999999999","4912","Hotel","","","","","","","","","","","","","","","","호텔명·도시 및 실제정보 컬럼=사용자 제공 일본 호텔 자료(매칭된 호텔) / 가격·이용자평점·리뷰수·시설·재고=가상"
"H0658","Candeo Hotels","Fukuoka","3","Fukuoka 야쿠인","8.4","109","Hotel","","","","","","","","","","","","","","","","호텔명·도시 및 실제정보 컬럼=사용자 제공 일본 호텔 자료(매칭된 호텔) / 가격·이용자평점·리뷰수·시설·재고=가상"
"H0659","Cloud Sharing Hotel","Fukuoka","4","Fukuoka 이마이즈미","8.5","206","Hotel","","","","","","","","","","","","","","","","호텔명·도시 및 실제정보 컬럼=사용자 제공 일본 호텔 자료(매칭된 호텔) / 가격·이용자평점·리뷰수·시설·재고=가상"
"H0660","Comfort INN","Fukuoka","5","Fukuoka 우미노나카미치","8.6","303","Hotel","","","","","","","","","","","","","","","","호텔명·도시 및 실제정보 컬럼=사용자 제공 일본 호텔 자료(매칭된 호텔) / 가격·이용자평점·리뷰수·시설·재고=가상"
"H0661","common de","Fukuoka","3","Fukuoka 하카타역","8.7","400","Resort","","","","","","","","","","","","","","","","호텔명·도시 및 실제정보 컬럼=사용자 제공 일본 호텔 자료(매칭된 호텔) / 가격·이용자평점·리뷰수·시설·재고=가상"
"H0662","CON PATIO","Fukuoka","4","Fukuoka 텐진","8.799999999999999","497","Hotel","","","","","","","","","","","","","","","","호텔명·도시 및 실제정보 컬럼=사용자 제공 일본 호텔 자료(매칭된 호텔) / 가격·이용자평점·리뷰수·시설·재고=가상"
"H0663","Court Hotel Fukuoka Tenjin","Fukuoka","5","3-21-10 Haruyoshi Chuo-ku","8.9","594","Hotel","3-21-10 Haruyoshi Chuo-ku","Fukuoka","Fukuoka","810-0003","33.58890729","130.4044944","81-50-5444-6618","2.5","JPFUK00135","XvJL","339715","","1153","2025-09-15 12:31:43","Hotellist_supplier_japan_clean.xlsx · RTX JP Hotel template_20260528.xlsx","호텔명·도시 및 실제정보 컬럼=사용자 제공 일본 호텔 자료(매칭된 호텔) / 가격·이용자평점·리뷰수·시설·재고=가상"
"H0664","Cross Life","Fukuoka","3","Fukuoka 오호리공원","9.0","691","Hotel","","","","","","","","","","","","","","","","호텔명·도시 및 실제정보 컬럼=사용자 제공 일본 호텔 자료(매칭된 호텔) / 가격·이용자평점·리뷰수·시설·재고=가상"
"H0665","CRYSTAL&RESORT FUKUOKA","Fukuoka","4","Fukuoka 모모치","9.1","788","Hotel","","","","","","","","","","","","","","","","호텔명·도시 및 실제정보 컬럼=사용자 제공 일본 호텔 자료(매칭된 호텔) / 가격·이용자평점·리뷰수·시설·재고=가상"
"H0666","Daiwa Roynet Hotel Hakata-Gion","Fukuoka","5","1-24 Gionmachi, Hakata-ku","9.2","885","Ryokan","1-24 Gionmachi, Hakata-ku","Fukuoka","Fukuoka","812-0038","33.59","130.41","81-92-281-3600","3.5","JPFUK00007","WAfd","193545","3456231","82","2025-09-15 12:31:43","Hotellist_supplier_japan_clean.xlsx · RTX JP Hotel template_20260528.xlsx","호텔명·도시 및 실제정보 컬럼=사용자 제공 일본 호텔 자료(매칭된 호텔) / 가격·이용자평점·리뷰수·시설·재고=가상"
"H0667","Dormy Inn Premium Hakata Canal City-mae","Fukuoka","3","9-1, Giommachi, Hakata-ku Fukuoka-shi, Fukuoka, Japan","9.3","982","Hotel","9-1, Giommachi, Hakata-ku Fukuoka-shi, Fukuoka, Japan","Fukuoka","","","33.590597187270696","130.41245470192186","81-92-2725489","","JPFUK00059","","","","","2025-09-22 15:23:38","Hotellist_supplier_japan_clean.xlsx","호텔명·도시 및 실제정보 컬럼=사용자 제공 일본 호텔 자료(매칭된 호텔) / 가격·이용자평점·리뷰수·시설·재고=가상"
"H0668","Dottor Hotel Hakata","Fukuoka","4","Fukuoka 야쿠인","9.399999999999999","1079","Hotel","","","","","","","","","","","","","","","","호텔명·도시 및 실제정보 컬럼=사용자 제공 일본 호텔 자료(매칭된 호텔) / 가격·이용자평점·리뷰수·시설·재고=가상"
"H0669","Dukes Hotel","Fukuoka","5","Fukuoka 이마이즈미","9.5","1176","Hotel","","","","","","","","","","","","","","","","호텔명·도시 및 실제정보 컬럼=사용자 제공 일본 호텔 자료(매칭된 호텔) / 가격·이용자평점·리뷰수·시설·재고=가상"
"H0670","FOUR POINTS FLEX","Fukuoka","3","Fukuoka 우미노나카미치","9.6","1273","Hotel","","","","","","","","","","","","","","","","호텔명·도시 및 실제정보 컬럼=사용자 제공 일본 호텔 자료(매칭된 호텔) / 가격·이용자평점·리뷰수·시설·재고=가상"
"H0671","Fukuoka Guesthouse CAMP","Fukuoka","4","Fukuoka 하카타역","9.7","1370","Hotel","","","","","","","","","","","","","","","","호텔명·도시 및 실제정보 컬럼=사용자 제공 일본 호텔 자료(매칭된 호텔) / 가격·이용자평점·리뷰수·시설·재고=가상"
"H0672","Fukuoka Guesthouse SHIP","Fukuoka","5","8-26 Taihakumachi Hakata-ku","9.8","1467","Resort","8-26 Taihakumachi Hakata-ku","Fukuoka","","","33.603230717301464","130.40639696693424","81-92-402-1908","","JPFUK00519","","","","","2025-07-16 18:03:26","Hotellist_supplier_japan_clean.xlsx","호텔명·도시 및 실제정보 컬럼=사용자 제공 일본 호텔 자료(매칭된 호텔) / 가격·이용자평점·리뷰수·시설·재고=가상"
"H0673","Fukuoka Prince Hotel Momochihama","Fukuoka","3","Fukuoka 나카스","7.1","1564","Hotel","","","","","","","","","","","","","","","","호텔명·도시 및 실제정보 컬럼=사용자 제공 일본 호텔 자료(매칭된 호텔) / 가격·이용자평점·리뷰수·시설·재고=가상"
"H0674","Fukuoka Sun Palace Hotel & Hall","Fukuoka","4","Fukuoka 오호리공원","7.199999999999999","1661","Hotel","","","","","","","","","","","","","","","","호텔명·도시 및 실제정보 컬럼=사용자 제공 일본 호텔 자료(매칭된 호텔) / 가격·이용자평점·리뷰수·시설·재고=가상"
"H0675","goomマンスリー福岡天神NS","Fukuoka","5","Fukuoka 모모치","7.3","1758","Hotel","","","","","","","","","","","","","","","","호텔명·도시 및 실제정보 컬럼=사용자 제공 일본 호텔 자료(매칭된 호텔) / 가격·이용자평점·리뷰수·시설·재고=가상"
"H0676","Grand Base 博多シティ","Fukuoka","3","Fukuoka 다자이후","7.3999999999999995","1855","Hotel","","","","","","","","","","","","","","","","호텔명·도시 및 실제정보 컬럼=사용자 제공 일본 호텔 자료(매칭된 호텔) / 가격·이용자평점·리뷰수·시설·재고=가상"
"H0677","Guest House Kaine","Fukuoka","4","Fukuoka 후쿠오카공항","7.5","1952","Hotel","","","","","","","","","","","","","","","","호텔명·도시 및 실제정보 컬럼=사용자 제공 일본 호텔 자료(매칭된 호텔) / 가격·이용자평점·리뷰수·시설·재고=가상"
"H0678","Guest House Nakaima","Fukuoka","5","6-26 Reisenmachi Hakata-ku ","7.6","2049","Hotel","6-26 Reisenmachi Hakata-ku ","Fukuoka","","","33.59413407187411","130.41125682151318","81-92-261-5070","","JPFUK00536","","","","","2025-07-18 16:18:10","Hotellist_supplier_japan_clean.xlsx","호텔명·도시 및 실제정보 컬럼=사용자 제공 일본 호텔 자료(매칭된 호텔) / 가격·이용자평점·리뷰수·시설·재고=가상"
"H0679","Guesthouse Hokorobi","Fukuoka","3","Fukuoka 이마이즈미","7.699999999999999","2146","Hotel","","","","","","","","","","","","","","","","호텔명·도시 및 실제정보 컬럼=사용자 제공 일본 호텔 자료(매칭된 호텔) / 가격·이용자평점·리뷰수·시설·재고=가상"
"H0680","Hakata Business Hotel","Fukuoka","4","2-16-3 Hakata Ekimae, Hakata-ku, Fukuoka City, Fukuoka Prefecture","7.8","2243","Hotel","2-16-3 Hakata Ekimae, Hakata-ku, Fukuoka City, Fukuoka Prefecture","Fukuoka","","","33.59043","130.41775","819-24310737","","JPFUK00471","","","","","2025-07-18 16:18:10","Hotellist_supplier_japan_clean.xlsx","호텔명·도시 및 실제정보 컬럼=사용자 제공 일본 호텔 자료(매칭된 호텔) / 가격·이용자평점·리뷰수·시설·재고=가상"
"H0681","Hakata Green Hotel Ichigokan","Fukuoka","5","Fukuoka 하카타역","7.8999999999999995","2340","Hotel","","","","","","","","","","","","","","","","호텔명·도시 및 실제정보 컬럼=사용자 제공 일본 호텔 자료(매칭된 호텔) / 가격·이용자평점·리뷰수·시설·재고=가상"
"H0682","Hakata Terminal Hotel","Fukuoka","3","2-1-26 Hakataeki higashi, Hakata-Ku","8.0","2437","Hotel","2-1-26 Hakataeki higashi, Hakata-Ku","Fukuoka","","","33.589317361127144","130.42265029141902","81-92-474-2121","","JPFUK00530","","","","","2024-12-19 13:24:42","Hotellist_supplier_japan_clean.xlsx","호텔명·도시 및 실제정보 컬럼=사용자 제공 일본 호텔 자료(매칭된 호텔) / 가격·이용자평점·리뷰수·시설·재고=가상"
"H0683","HAKOZAKI GARDEN","Fukuoka","4","1-26-17, Hakozaki Higashi-ku 812-0053 Fukuoka ´JP´","8.1","2534","Resort","1-26-17, Hakozaki Higashi-ku 812-0053 Fukuoka ´JP´","Fukuoka","","","33.616828918457","130.424331665039","","","JPFUK00268","","","","","2022-12-15 11:38:08","Hotellist_supplier_japan_clean.xlsx","호텔명·도시 및 실제정보 컬럼=사용자 제공 일본 호텔 자료(매칭된 호텔) / 가격·이용자평점·리뷰수·시설·재고=가상"
"H0684","Hana Hostel","Fukuoka","5","Fukuoka 오호리공원","8.2","2631","Hotel","","","","","","","","","","","","","","","","호텔명·도시 및 실제정보 컬럼=사용자 제공 일본 호텔 자료(매칭된 호텔) / 가격·이용자평점·리뷰수·시설·재고=가상"
"H0685","Hataka Wings","Fukuoka","3","Fukuoka 모모치","8.299999999999999","2728","Ryokan","","","","","","","","","","","","","","","","호텔명·도시 및 실제정보 컬럼=사용자 제공 일본 호텔 자료(매칭된 호텔) / 가격·이용자평점·리뷰수·시설·재고=가상"
"H0686","HEARTSカプセルホテル&スパ博多","Fukuoka","4","Fukuoka 다자이후","8.4","2825","Hotel","","","","","","","","","","","","","","","","호텔명·도시 및 실제정보 컬럼=사용자 제공 일본 호텔 자료(매칭된 호텔) / 가격·이용자평점·리뷰수·시설·재고=가상"
"H0687","Henn na Hotel","Fukuoka","5","Fukuoka 후쿠오카공항","8.5","2922","Hotel","","","","","","","","","","","","","","","","호텔명·도시 및 실제정보 컬럼=사용자 제공 일본 호텔 자료(매칭된 호텔) / 가격·이용자평점·리뷰수·시설·재고=가상"
"H0688","Hilltop resort Fukuoka","Fukuoka","3","1-1-33 Terukuni, Chuo-ku","8.6","3019","Hotel","1-1-33 Terukuni, Chuo-ku","Fukuoka","Fukuoka","810-0032","33.57270596","130.3827246","81-92-771-2131","4.0","","mduT","488158","6280010","","","RTX JP Hotel template_20260528.xlsx","호텔명·도시 및 실제정보 컬럼=사용자 제공 일본 호텔 자료(매칭된 호텔) / 가격·이용자평점·리뷰수·시설·재고=가상"
"H0689","HOTEL ACTIVE!","Fukuoka","4","Fukuoka 이마이즈미","8.7","3116","Hotel","","","","","","","","","","","","","","","","호텔명·도시 및 실제정보 컬럼=사용자 제공 일본 호텔 자료(매칭된 호텔) / 가격·이용자평점·리뷰수·시설·재고=가상"
"H0690","Hotel AZ","Fukuoka","5","Fukuoka 우미노나카미치","8.799999999999999","3213","Hotel","","","","","","","","","","","","","","","","호텔명·도시 및 실제정보 컬럼=사용자 제공 일본 호텔 자료(매칭된 호텔) / 가격·이용자평점·리뷰수·시설·재고=가상"
"H0691","HOTEL AZ 福岡金の隈店","Fukuoka","3","Fukuoka 하카타역","8.9","3310","Hotel","","","","","","","","","","","","","","","","호텔명·도시 및 실제정보 컬럼=사용자 제공 일본 호텔 자료(매칭된 호텔) / 가격·이용자평점·리뷰수·시설·재고=가상"
"H0692","Hotel Cabinas Fukuoka","Fukuoka","4","2-18-1 Hakataekimae, Hakata-ku","9.0","3407","Hotel","2-18-1 Hakataekimae, Hakata-ku","Fukuoka","","","33.59122073679757","130.4178662760574","81-92-436-8880","","JPFUK00556","","","","","2024-12-23 17:27:28","Hotellist_supplier_japan_clean.xlsx","호텔명·도시 및 실제정보 컬럼=사용자 제공 일본 호텔 자료(매칭된 호텔) / 가격·이용자평점·리뷰수·시설·재고=가상"
"H0693","Hotel Century Art","Fukuoka","5","5-15, Hakataeki Chuogai, Hakata-ku Fukuoka-shi, Fukuoka, Japan","9.1","3504","Hotel","5-15, Hakataeki Chuogai, Hakata-ku Fukuoka-shi, Fukuoka, Japan","Fukuoka","","","33.58908","130.422027","81-92-4732111","","JPFUK00105","","","","","2025-07-16 18:03:26","Hotellist_supplier_japan_clean.xlsx","호텔명·도시 및 실제정보 컬럼=사용자 제공 일본 호텔 자료(매칭된 호텔) / 가격·이용자평점·리뷰수·시설·재고=가상"
"H0694","HOTEL CULTIA DAZAIFU","Fukuoka","3","Saifu 3-3-33","9.2","3601","Resort","Saifu 3-3-33","Fukuoka","","","33.52091799292013","130.5337563705696","+81 000000000000","","JPFUK00577","","","","","2025-07-16 15:16:51","Hotellist_supplier_japan_clean.xlsx","호텔명·도시 및 실제정보 컬럼=사용자 제공 일본 호텔 자료(매칭된 호텔) / 가격·이용자평점·리뷰수·시설·재고=가상"
"H0695","HOTEL CULTIA DAZAIFU　KOUKOTEI棟 & BAIKA棟","Fukuoka","4","Fukuoka 모모치","9.3","3698","Hotel","","","","","","","","","","","","","","","","호텔명·도시 및 실제정보 컬럼=사용자 제공 일본 호텔 자료(매칭된 호텔) / 가격·이용자평점·리뷰수·시설·재고=가상"
"H0696","Hotel Dormy Inn","Fukuoka","5","Fukuoka 다자이후","9.399999999999999","3795","Hotel","","","","","","","","","","","","","","","","호텔명·도시 및 실제정보 컬럼=사용자 제공 일본 호텔 자료(매칭된 호텔) / 가격·이용자평점·리뷰수·시설·재고=가상"
"H0697","Hotel Etwas Tenjin","Fukuoka","3","3-5-18 Tenjin Chuo-ku","9.5","3892","Hotel","3-5-18 Tenjin Chuo-ku","Fukuoka","Fukuoka","810-0001","33.59237617","130.3955729","81-92-737-3233","3.0","JPFUK00282","7rjX","1703545","17158612","","2025-05-20 13:50:39","Hotellist_supplier_japan_clean.xlsx · RTX JP Hotel template_20260528.xlsx","호텔명·도시 및 실제정보 컬럼=사용자 제공 일본 호텔 자료(매칭된 호텔) / 가격·이용자평점·리뷰수·시설·재고=가상"
"H0698","Hotel Forza Hakata-Guchi","Fukuoka","4","Fukuoka 야쿠인","9.6","3989","Hotel","","","","","","","","","","","","","","","","호텔명·도시 및 실제정보 컬럼=사용자 제공 일본 호텔 자료(매칭된 호텔) / 가격·이용자평점·리뷰수·시설·재고=가상"
"H0699","Hotel Grandolce Hakata","Fukuoka","5","12-18 Nishinakasu, Chuou-ku","9.7","4086","Hotel","12-18 Nishinakasu, Chuou-ku","Fukuoka","Fukuoka","810-0002","33.59079524","130.4039342","81-92-406-1331","3.0","JPFUK00562","7LPe","29216851","36187130","","2025-07-16 18:15:14","Hotellist_supplier_japan_clean.xlsx · RTX JP Hotel template_20260528.xlsx","호텔명·도시 및 실제정보 컬럼=사용자 제공 일본 호텔 자료(매칭된 호텔) / 가격·이용자평점·리뷰수·시설·재고=가상"
"H0700","Hotel Hakata Place","Fukuoka","3","3-16 Chikkohonmachi Hakata-ku","9.8","4183","Hotel","3-16 Chikkohonmachi Hakata-ku","Fukuoka","Fukuoka","812-0021","33.601718","130.401537","81-92-404-7770","4.0","","1OkR","23707027","9130451","132","","RTX JP Hotel template_20260528.xlsx","호텔명·도시 및 실제정보 컬럼=사용자 제공 일본 호텔 자료(매칭된 호텔) / 가격·이용자평점·리뷰수·시설·재고=가상"
"H0701","HOTEL HALROTTO","Fukuoka","4","Fukuoka 하카타역","7.1","4280","Hotel","","","","","","","","","","","","","","","","호텔명·도시 및 실제정보 컬럼=사용자 제공 일본 호텔 자료(매칭된 호텔) / 가격·이용자평점·리뷰수·시설·재고=가상"
"H0702","HOTEL ICHIRAKU","Fukuoka","5","2-5-5 Kiyokawa Chuo-ku","7.199999999999999","4377","Hotel","2-5-5 Kiyokawa Chuo-ku","Fukuoka","","","33.580146","130.410685","+81 81-92-531-0561","","JPFUK00468","","","","","2025-07-18 16:18:10","Hotellist_supplier_japan_clean.xlsx","호텔명·도시 및 실제정보 컬럼=사용자 제공 일본 호텔 자료(매칭된 호텔) / 가격·이용자평점·리뷰수·시설·재고=가상"
"H0703","HOTEL JAL CITY","Fukuoka","3","Fukuoka 나카스","7.3","4474","Hotel","","","","","","","","","","","","","","","","호텔명·도시 및 실제정보 컬럼=사용자 제공 일본 호텔 자료(매칭된 호텔) / 가격·이용자평점·리뷰수·시설·재고=가상"
"H0704","HOTEL KAI","Fukuoka","4","391 Isawacho-kamihirai","7.3999999999999995","4571","Ryokan","391 Isawacho-kamihirai","Fuefuki","Yamanashi","406-0025","35.64985524","138.6602615","81-55-263-7911","3.0","JPUKU00014","5zzd","937222","","","2025-07-16 18:03:26","Hotellist_supplier_japan_clean.xlsx · RTX JP Hotel template_20260528.xlsx","호텔명·도시 및 실제정보 컬럼=사용자 제공 일본 호텔 자료(매칭된 호텔) / 가격·이용자평점·리뷰수·시설·재고=가상"
"H0705","Hotel Leopalace Hakata","Fukuoka","5","Fukuoka 모모치","7.5","4668","Resort","","","","","","","","","","","","","","","","호텔명·도시 및 실제정보 컬럼=사용자 제공 일본 호텔 자료(매칭된 호텔) / 가격·이용자평점·리뷰수·시설·재고=가상"
"H0706","HOTEL Love Joy","Fukuoka","3","Fukuoka 다자이후","7.6","4765","Hotel","","","","","","","","","","","","","","","","호텔명·도시 및 실제정보 컬럼=사용자 제공 일본 호텔 자료(매칭된 호텔) / 가격·이용자평점·리뷰수·시설·재고=가상"
"H0707","Hotel Port Hills","Fukuoka","4","Fukuoka 후쿠오카공항","7.699999999999999","4862","Hotel","","","","","","","","","","","","","","","","호텔명·도시 및 실제정보 컬럼=사용자 제공 일본 호텔 자료(매칭된 호텔) / 가격·이용자평점·리뷰수·시설·재고=가상"
"H0708","Hotel Resol Hakata","Fukuoka","5","Fukuoka 야쿠인","7.8","4959","Hotel","","","","","","","","","","","","","","","","호텔명·도시 및 실제정보 컬럼=사용자 제공 일본 호텔 자료(매칭된 호텔) / 가격·이용자평점·리뷰수·시설·재고=가상"
"H0709","Hotel Shingu","Fukuoka","3","Fukuoka 이마이즈미","7.8999999999999995","156","Hotel","","","","","","","","","","","","","","","","호텔명·도시 및 실제정보 컬럼=사용자 제공 일본 호텔 자료(매칭된 호텔) / 가격·이용자평점·리뷰수·시설·재고=가상"
"H0710","HOTEL STAR RISE","Fukuoka","4","Fukuoka 우미노나카미치","8.0","253","Hotel","","","","","","","","","","","","","","","","호텔명·도시 및 실제정보 컬럼=사용자 제공 일본 호텔 자료(매칭된 호텔) / 가격·이용자평점·리뷰수·시설·재고=가상"
"H0711","Hotel Sunroute Hakata","Fukuoka","5","Fukuoka 하카타역","8.1","350","Hotel","","","","","","","","","","","","","","","","호텔명·도시 및 실제정보 컬럼=사용자 제공 일본 호텔 자료(매칭된 호텔) / 가격·이용자평점·리뷰수·시설·재고=가상"
"H0712","Hotel Sweety","Fukuoka","3","Fukuoka 텐진","8.2","447","Hotel","","","","","","","","","","","","","","","","호텔명·도시 및 실제정보 컬럼=사용자 제공 일본 호텔 자료(매칭된 호텔) / 가격·이용자평점·리뷰수·시설·재고=가상"
"H0713","Hotel Torifito Hakata Gion","Fukuoka","4","8-24 Reisenmachi, Hakata-ku","8.299999999999999","544","Hotel","8-24 Reisenmachi, Hakata-ku","Fukuoka","Fukuoka","812-0039","33.594897700000004","130.4107679","81-92-283-7060","2.5","JPFUK00293","wREs","15964723","","664","2026-07-08 16:26:10","Hotellist_supplier_japan_clean.xlsx · RTX JP Hotel template_20260528.xlsx","호텔명·도시 및 실제정보 컬럼=사용자 제공 일본 호텔 자료(매칭된 호텔) / 가격·이용자평점·리뷰수·시설·재고=가상"
"H0714","Hotel Unizo","Fukuoka","5","Fukuoka 오호리공원","8.4","641","Hotel","","","","","","","","","","","","","","","","호텔명·도시 및 실제정보 컬럼=사용자 제공 일본 호텔 자료(매칭된 호텔) / 가격·이용자평점·리뷰수·시설·재고=가상"
"H0715","Hulaton","Fukuoka","3","2-10-18 Hakataekihigashi  812-0013 Fukuoka ´JP´","8.5","738","Hotel","2-10-18 Hakataekihigashi  812-0013 Fukuoka ´JP´","Fukuoka","","","33.5880699157715","130.424423217773","","","JPFUK00288","","","","","2025-07-16 18:15:14","Hotellist_supplier_japan_clean.xlsx","호텔명·도시 및 실제정보 컬럼=사용자 제공 일본 호텔 자료(매칭된 호텔) / 가격·이용자평점·리뷰수·시설·재고=가상"
"H0716","JR Kyusyu Hotels Blossom Hakata Chuo","Fukuoka","4","Fukuoka 다자이후","8.6","835","Resort","","","","","","","","","","","","","","","","호텔명·도시 및 실제정보 컬럼=사용자 제공 일본 호텔 자료(매칭된 호텔) / 가격·이용자평점·리뷰수·시설·재고=가상"
"H0717","JUSTINFUKUOKA","Fukuoka","5","Fukuoka 후쿠오카공항","8.7","932","Hotel","","","","","","","","","","","","","","","","호텔명·도시 및 실제정보 컬럼=사용자 제공 일본 호텔 자료(매칭된 호텔) / 가격·이용자평점·리뷰수·시설·재고=가상"
"H0718","Kashima Honkan","Fukuoka","3","3-11, Reisemmachi, Hakata-ku, Fukuoka-shi, Fukuoka, Japan","8.799999999999999","1029","Hotel","3-11, Reisemmachi, Hakata-ku, Fukuoka-shi, Fukuoka, Japan","Fukuoka","","","33.59404373","130.4123535","81-92-291-0746","","JPFUK00097","","","","","2023-11-30 16:07:12","Hotellist_supplier_japan_clean.xlsx","호텔명·도시 및 실제정보 컬럼=사용자 제공 일본 호텔 자료(매칭된 호텔) / 가격·이용자평점·리뷰수·시설·재고=가상"
"H0719","Khaosan Fukuoka","Fukuoka","4","Fukuoka 이마이즈미","8.9","1126","Hotel","","","","","","","","","","","","","","","","호텔명·도시 및 실제정보 컬럼=사용자 제공 일본 호텔 자료(매칭된 호텔) / 가격·이용자평점·리뷰수·시설·재고=가상"
"H0720","KKR Hotel Hakata","Fukuoka","5","4-21-1, Yakuin, Chuo-ku, Fukuoka-shi, Fukuoka, Japan","9.0","1223","Hotel","4-21-1, Yakuin, Chuo-ku, Fukuoka-shi, Fukuoka, Japan","Fukuoka","","","33.5789","130.393541","81-92-521-1361","","JPFUK00098","","","","","2025-09-15 12:31:43","Hotellist_supplier_japan_clean.xlsx","호텔명·도시 및 실제정보 컬럼=사용자 제공 일본 호텔 자료(매칭된 호텔) / 가격·이용자평점·리뷰수·시설·재고=가상"
"H0721","KOKO Hotel 博多駅","Fukuoka","3","Fukuoka 하카타역","9.1","1320","Hotel","","","","","","","","","","","","","","","","호텔명·도시 및 실제정보 컬럼=사용자 제공 일본 호텔 자료(매칭된 호텔) / 가격·이용자평점·리뷰수·시설·재고=가상"
"H0722","Legatio Hakata","Fukuoka","4","Fukuoka 텐진","9.2","1417","Hotel","","","","","","","","","","","","","","","","호텔명·도시 및 실제정보 컬럼=사용자 제공 일본 호텔 자료(매칭된 호텔) / 가격·이용자평점·리뷰수·시설·재고=가상"
"H0723","LILY HOUSE","Fukuoka","5","Fukuoka 나카스","9.3","1514","Ryokan","","","","","","","","","","","","","","","","호텔명·도시 및 실제정보 컬럼=사용자 제공 일본 호텔 자료(매칭된 호텔) / 가격·이용자평점·리뷰수·시설·재고=가상"
"H0724","Millenials Hakata","Fukuoka","3","Fukuoka 오호리공원","9.399999999999999","1611","Hotel","","","","","","","","","","","","","","","","호텔명·도시 및 실제정보 컬럼=사용자 제공 일본 호텔 자료(매칭된 호텔) / 가격·이용자평점·리뷰수·시설·재고=가상"
"H0725","Mistui Garden hotel","Fukuoka","4","Fukuoka 모모치","9.5","1708","Hotel","","","","","","","","","","","","","","","","호텔명·도시 및 실제정보 컬럼=사용자 제공 일본 호텔 자료(매칭된 호텔) / 가격·이용자평점·리뷰수·시설·재고=가상"
"H0726","Naraya","Fukuoka","5","8736 Toyosato, Nozawaonsen-mura, ,   Nozawaonsen","9.6","1805","Hotel","8736 Toyosato, Nozawaonsen-mura, ,   Nozawaonsen","Nagano","","","36.924614","138.447468","0081269-85-2155","","JPNNG00264","","","","","2025-12-05 23:03:04","Hotellist_supplier_japan_clean.xlsx","호텔명·도시 및 실제정보 컬럼=사용자 제공 일본 호텔 자료(매칭된 호텔) / 가격·이용자평점·리뷰수·시설·재고=가상"
"H0727","Nose Phoenix","Fukuoka","3","Fukuoka 후쿠오카공항","9.7","1902","Resort","","","","","","","","","","","","","","","","호텔명·도시 및 실제정보 컬럼=사용자 제공 일본 호텔 자료(매칭된 호텔) / 가격·이용자평점·리뷰수·시설·재고=가상"
"H0728","Oriental Hotel","Fukuoka","4","25, Kyomachi, Chuo-ku, Kobe-shi, Hyogo, Japan","9.8","1999","Hotel","25, Kyomachi, Chuo-ku, Kobe-shi, Hyogo, Japan","Kobe","","","34.687786","135.19295","81-78-326-1500","","JPUKB00023","","","","","2025-12-06 23:00:24","Hotellist_supplier_japan_clean.xlsx","호텔명·도시 및 실제정보 컬럼=사용자 제공 일본 호텔 자료(매칭된 호텔) / 가격·이용자평점·리뷰수·시설·재고=가상"
"H0729","Park Side Tenjin","Fukuoka","5","Fukuoka 이마이즈미","7.1","2096","Hotel","","","","","","","","","","","","","","","","호텔명·도시 및 실제정보 컬럼=사용자 제공 일본 호텔 자료(매칭된 호텔) / 가격·이용자평점·리뷰수·시설·재고=가상"
"H0730","Plaza Hotel Tenjin","Fukuoka","3","1-9-63 Daimyo, Chuo-ku","7.199999999999999","2193","Hotel","1-9-63 Daimyo, Chuo-ku","Fukuoka","Fukuoka","810-0041","33.58751281","130.3936982","81-570-056-663","4.0","JPFUK00035","5vEC","178523","3393725","","2024-06-28 14:52:38","Hotellist_supplier_japan_clean.xlsx · RTX JP Hotel template_20260528.xlsx","호텔명·도시 및 실제정보 컬럼=사용자 제공 일본 호텔 자료(매칭된 호텔) / 가격·이용자평점·리뷰수·시설·재고=가상"
"H0731","R&B","Fukuoka","4","Fukuoka 하카타역","7.3","2290","Hotel","","","","","","","","","","","","","","","","호텔명·도시 및 실제정보 컬럼=사용자 제공 일본 호텔 자료(매칭된 호텔) / 가격·이용자평점·리뷰수·시설·재고=가상"
"H0732","Residence Hotel","Fukuoka","5","Fukuoka 텐진","7.3999999999999995","2387","Hotel","","","","","","","","","","","","","","","","호텔명·도시 및 실제정보 컬럼=사용자 제공 일본 호텔 자료(매칭된 호텔) / 가격·이용자평점·리뷰수·시설·재고=가상"
"H0733","Riverfront Hakata","Fukuoka","3","Fukuoka 나카스","7.5","2484","Hotel","","","","","","","","","","","","","","","","호텔명·도시 및 실제정보 컬럼=사용자 제공 일본 호텔 자료(매칭된 호텔) / 가격·이용자평점·리뷰수·시설·재고=가상"
"H0734","RiviL HAKATA","Fukuoka","4","Fukuoka 오호리공원","7.6","2581","Hotel","","","","","","","","","","","","","","","","호텔명·도시 및 실제정보 컬럼=사용자 제공 일본 호텔 자료(매칭된 호텔) / 가격·이용자평점·리뷰수·시설·재고=가상"
"H0735","Route Inn Hotel","Fukuoka","5","Fukuoka 모모치","7.699999999999999","2678","Hotel","","","","","","","","","","","","","","","","호텔명·도시 및 실제정보 컬럼=사용자 제공 일본 호텔 자료(매칭된 호텔) / 가격·이용자평점·리뷰수·시설·재고=가상"
"H0736","Royal Park Hotel","Fukuoka","3","2-1-1 Kakigaracho, Nihonbashi","7.8","2775","Hotel","2-1-1 Kakigaracho, Nihonbashi","Chuo-ku","Tokyo","103-8520","35.68243416","139.7865864","81-3-3667-1111","4.0","JPTYO00135","qWIo","43235","21288","","2026-04-09 14:54:37","Hotellist_supplier_japan_clean.xlsx · RTX JP Hotel template_20260528.xlsx","호텔명·도시 및 실제정보 컬럼=사용자 제공 일본 호텔 자료(매칭된 호텔) / 가격·이용자평점·리뷰수·시설·재고=가상"
"H0737","Ryokan Masuya","Fukuoka","4","145 Okikucho, Sakyo Ward, Kyoto, 606-8376","7.8999999999999995","2872","Hotel","145 Okikucho, Sakyo Ward, Kyoto, 606-8376","Kyoto","","","35.01053716267809","135.77411765060856","008175-771-3066","","JPKYT00235","","","","","2023-11-26 12:42:39","Hotellist_supplier_japan_clean.xlsx","호텔명·도시 및 실제정보 컬럼=사용자 제공 일본 호텔 자료(매칭된 호텔) / 가격·이용자평점·리뷰수·시설·재고=가상"
"H0738","SANCEUR油山","Fukuoka","5","Fukuoka 야쿠인","8.0","2969","Resort","","","","","","","","","","","","","","","","호텔명·도시 및 실제정보 컬럼=사용자 제공 일본 호텔 자료(매칭된 호텔) / 가격·이용자평점·리뷰수·시설·재고=가상"
"H0739","Sanshainsusaki","Fukuoka","3","Fukuoka 이마이즈미","8.1","3066","Hotel","","","","","","","","","","","","","","","","호텔명·도시 및 실제정보 컬럼=사용자 제공 일본 호텔 자료(매칭된 호텔) / 가격·이용자평점·리뷰수·시설·재고=가상"
"H0740","SBホテル","Fukuoka","4","Fukuoka 우미노나카미치","8.2","3163","Hotel","","","","","","","","","","","","","","","","호텔명·도시 및 실제정보 컬럼=사용자 제공 일본 호텔 자료(매칭된 호텔) / 가격·이용자평점·리뷰수·시설·재고=가상"
"H0741","Seaside Hotel Cion","Fukuoka","5","Fukuoka 하카타역","8.299999999999999","3260","Hotel","","","","","","","","","","","","","","","","호텔명·도시 및 실제정보 컬럼=사용자 제공 일본 호텔 자료(매칭된 호텔) / 가격·이용자평점·리뷰수·시설·재고=가상"
"H0742","Sharely Style Hakata","Fukuoka","3","Fukuoka 텐진","8.4","3357","Ryokan","","","","","","","","","","","","","","","","호텔명·도시 및 실제정보 컬럼=사용자 제공 일본 호텔 자료(매칭된 호텔) / 가격·이용자평점·리뷰수·시설·재고=가상"
"H0743","Shizutetsu Hotel Prezio Hakataekimae","Fukuoka","4","Fukuoka 나카스","8.5","3454","Hotel","","","","","","","","","","","","","","","","호텔명·도시 및 실제정보 컬럼=사용자 제공 일본 호텔 자료(매칭된 호텔) / 가격·이용자평점·리뷰수·시설·재고=가상"
"H0744","Smile Hotel Hakata Ekimae","Fukuoka","5","3-8-18 Hakataekimae Hakata-ku","8.6","3551","Hotel","3-8-18 Hakataekimae Hakata-ku","Fukuoka","Fukuoka","812-0011","33.58807284","130.4168067","81-92-431-1500","2.5","JPFUK00167","4VTY","1770661","","1573","2025-09-15 12:31:43","Hotellist_supplier_japan_clean.xlsx · RTX JP Hotel template_20260528.xlsx","호텔명·도시 및 실제정보 컬럼=사용자 제공 일본 호텔 자료(매칭된 호텔) / 가격·이용자평점·리뷰수·시설·재고=가상"
"H0745","Solaria Nishitetsu","Fukuoka","3","2-2-43, Tenjin, Chuo-ku, Fukuoka-shi, Fukuoka, Japan","8.7","3648","Hotel","2-2-43, Tenjin, Chuo-ku, Fukuoka-shi, Fukuoka, Japan","Fukuoka","","","33.5890853","130.3988213","81-92-752-5555","","JPFUK00040","","","","","2025-12-06 23:00:24","Hotellist_supplier_japan_clean.xlsx","호텔명·도시 및 실제정보 컬럼=사용자 제공 일본 호텔 자료(매칭된 호텔) / 가격·이용자평점·리뷰수·시설·재고=가상"
"H0746","Stay Inn","Fukuoka","4","2-3-12 Tamachi, Kita-ku","8.799999999999999","3745","Hotel","2-3-12 Tamachi, Kita-ku","Okayama","","","34.66017059916848","133.92527894973753","81-86-207-2010","","JPOKJ00086","","","","","2025-02-20 10:08:02","Hotellist_supplier_japan_clean.xlsx","호텔명·도시 및 실제정보 컬럼=사용자 제공 일본 호텔 자료(매칭된 호텔) / 가격·이용자평점·리뷰수·시설·재고=가상"
"H0747","Sun Life Hotel 2,3","Fukuoka","5","Fukuoka 후쿠오카공항","8.9","3842","Hotel","","","","","","","","","","","","","","","","호텔명·도시 및 실제정보 컬럼=사용자 제공 일본 호텔 자료(매칭된 호텔) / 가격·이용자평점·리뷰수·시설·재고=가상"
"H0748","Tabicolle Backpackers","Fukuoka","3","3-7-14 2F Hakataeki-minami Hakata-ku 812-0016 Fukuoka ´JP´","9.0","3939","Hotel","3-7-14 2F Hakataeki-minami Hakata-ku 812-0016 Fukuoka ´JP´","Fukuoka","","","33.58203","130.42496","0081 92 473 6767","","JPFUK00351","","","","","2024-02-14 14:19:00","Hotellist_supplier_japan_clean.xlsx","호텔명·도시 및 실제정보 컬럼=사용자 제공 일본 호텔 자료(매칭된 호텔) / 가격·이용자평점·리뷰수·시설·재고=가상"
"H0749","The B Fukuoka Tenjin","Fukuoka","4","Fukuoka 이마이즈미","9.1","4036","Resort","","","","","","","","","","","","","","","","호텔명·도시 및 실제정보 컬럼=사용자 제공 일본 호텔 자료(매칭된 호텔) / 가격·이용자평점·리뷰수·시설·재고=가상"
"H0750","The B Hakata","Fukuoka","5","1-3-9 Hakataeki minami, Hakata-ku","9.2","4133","Hotel","1-3-9 Hakataeki minami, Hakata-ku","Fukuoka","Fukuoka","812-0016","33.58696065","130.4230706","81-92-415-3333","2.5","JPFUK00060","tbOz","149029","","","2025-11-17 18:15:22","Hotellist_supplier_japan_clean.xlsx · RTX JP Hotel template_20260528.xlsx","호텔명·도시 및 실제정보 컬럼=사용자 제공 일본 호텔 자료(매칭된 호텔) / 가격·이용자평점·리뷰수·시설·재고=가상"
"H0751","The Blossom Hakata Premier","Fukuoka","3","2-8-12 Hakataekimae, Hakata-ku","9.3","4230","Hotel","2-8-12 Hakataekimae, Hakata-ku","Fukuoka","Fukuoka","812-0011","33.59","130.41","81-92-431-8702","4.0","JPFUK00369","k72H","16216159","35569600","1053","2025-12-06 23:00:24","Hotellist_supplier_japan_clean.xlsx · RTX JP Hotel template_20260528.xlsx","호텔명·도시 및 실제정보 컬럼=사용자 제공 일본 호텔 자료(매칭된 호텔) / 가격·이용자평점·리뷰수·시설·재고=가상"
"H0752","The Grand Residence Hakata","Fukuoka","4","4 4 12 Higashi Hie Hakata FUKUOKA","9.399999999999999","4327","Hotel","4 4 12 Higashi Hie Hakata FUKUOKA","Fukuoka","","","33.5875","130.432","+81922609531","","JPFUK00423","","","","","2025-07-16 18:03:26","Hotellist_supplier_japan_clean.xlsx","호텔명·도시 및 실제정보 컬럼=사용자 제공 일본 호텔 자료(매칭된 호텔) / 가격·이용자평점·리뷰수·시설·재고=가상"
"H0753","THE HOTELS HAKATA Kasane Bayside","Fukuoka","5","Chikkouhonmachi 4 16 FUKUOKA","9.5","4424","Hotel","Chikkouhonmachi 4 16 FUKUOKA","Fukuoka","","","33.6013","130.401","+81922711171","","JPFUK00424","","","","","2025-07-15 17:13:01","Hotellist_supplier_japan_clean.xlsx","호텔명·도시 및 실제정보 컬럼=사용자 제공 일본 호텔 자료(매칭된 호텔) / 가격·이용자평점·리뷰수·시설·재고=가상"
"H0754","The Lively","Fukuoka","3","Fukuoka 오호리공원","9.6","4521","Hotel","","","","","","","","","","","","","","","","호텔명·도시 및 실제정보 컬럼=사용자 제공 일본 호텔 자료(매칭된 호텔) / 가격·이용자평점·리뷰수·시설·재고=가상"
"H0755","the pisces inn","Fukuoka","4","2F, Naraya-machi 10-2, Hakata-ku Yoshizumi Heights, Kokei 810-0023 Fukuoka ´JP´","9.7","4618","Hotel","2F, Naraya-machi 10-2, Hakata-ku Yoshizumi Heights, Kokei 810-0023 Fukuoka ´JP´","Fukuoka","","","33.5988693237305","130.405044555664","","","JPFUK00223","","","","","2025-09-22 15:23:38","Hotellist_supplier_japan_clean.xlsx","호텔명·도시 및 실제정보 컬럼=사용자 제공 일본 호텔 자료(매칭된 호텔) / 가격·이용자평점·리뷰수·시설·재고=가상"
"H0756","The358","Fukuoka","5","Fukuoka 다자이후","9.8","4715","Hotel","","","","","","","","","","","","","","","","호텔명·도시 및 실제정보 컬럼=사용자 제공 일본 호텔 자료(매칭된 호텔) / 가격·이용자평점·리뷰수·시설·재고=가상"
"H0757","Toho hotel Nakasu","Fukuoka","3","Fukuoka 후쿠오카공항","7.1","4812","Hotel","","","","","","","","","","","","","","","","호텔명·도시 및 실제정보 컬럼=사용자 제공 일본 호텔 자료(매칭된 호텔) / 가격·이용자평점·리뷰수·시설·재고=가상"
"H0758","Tokyo Stay Hakata","Fukuoka","4","Fukuoka 야쿠인","7.199999999999999","4909","Hotel","","","","","","","","","","","","","","","","호텔명·도시 및 실제정보 컬럼=사용자 제공 일본 호텔 자료(매칭된 호텔) / 가격·이용자평점·리뷰수·시설·재고=가상"
"H0759","TOKYU STAY","Fukuoka","5","Fukuoka 이마이즈미","7.3","106","Hotel","","","","","","","","","","","","","","","","호텔명·도시 및 실제정보 컬럼=사용자 제공 일본 호텔 자료(매칭된 호텔) / 가격·이용자평점·리뷰수·시설·재고=가상"
"H0760","Toyo Hotel","Fukuoka","3","1-9-36, Hakataeki Higashi, Hakata-ku Fukuoka-shi, Fukuoka, Japan","7.3999999999999995","203","Resort","1-9-36, Hakataeki Higashi, Hakata-ku Fukuoka-shi, Fukuoka, Japan","Fukuoka","","","33.591904","130.422902","81-92-474-1121","","JPFUK00044","","","","","2025-11-17 18:15:22","Hotellist_supplier_japan_clean.xlsx","호텔명·도시 및 실제정보 컬럼=사용자 제공 일본 호텔 자료(매칭된 호텔) / 가격·이용자평점·리뷰수·시설·재고=가상"
"H0761","Toyoko Inn","Fukuoka","4","Fukuoka 하카타역","7.5","300","Ryokan","","","","","","","","","","","","","","","","호텔명·도시 및 실제정보 컬럼=사용자 제공 일본 호텔 자료(매칭된 호텔) / 가격·이용자평점·리뷰수·시설·재고=가상"
"H0762","Toyoko Inn Fukuoka Tenjin","Fukuoka","5","5-15-14, Watanabedori, Chuo-ku Fukuoka-shi, Fukuoka, Japan","7.6","397","Hotel","5-15-14, Watanabedori, Chuo-ku Fukuoka-shi, Fukuoka, Japan","Fukuoka","","","33.5816808","130.421965","81-92-725-1045","","JPFUK00080","","","","","2025-07-16 13:45:48","Hotellist_supplier_japan_clean.xlsx","호텔명·도시 및 실제정보 컬럼=사용자 제공 일본 호텔 자료(매칭된 호텔) / 가격·이용자평점·리뷰수·시설·재고=가상"
"H0763","Toyoko Inn Hakata-eki Bus-Terminal Mae","Fukuoka","3","1-16-6, HAKATA EKIMAE HAKATA-KU FUKUOKA-CITY, FUKUOKA 812-0011","7.699999999999999","494","Hotel","1-16-6, HAKATA EKIMAE HAKATA-KU FUKUOKA-CITY, FUKUOKA 812-0011","Fukuoka","","","33.592308158567","130.419101187731","81-92-437-1045","","JPFUK00160","","","","","2022-08-07 14:39:32","Hotellist_supplier_japan_clean.xlsx","호텔명·도시 및 실제정보 컬럼=사용자 제공 일본 호텔 자료(매칭된 호텔) / 가격·이용자평점·리뷰수·시설·재고=가상"
"H0764","Twins Momochi","Fukuoka","4","Fukuoka 오호리공원","7.8","591","Hotel","","","","","","","","","","","","","","","","호텔명·도시 및 실제정보 컬럼=사용자 제공 일본 호텔 자료(매칭된 호텔) / 가격·이용자평점·리뷰수·시설·재고=가상"
"H0765","UNPLAN","Fukuoka","5","Fukuoka 모모치","7.8999999999999995","688","Hotel","","","","","","","","","","","","","","","","호텔명·도시 및 실제정보 컬럼=사용자 제공 일본 호텔 자료(매칭된 호텔) / 가격·이용자평점·리뷰수·시설·재고=가상"
"H0766","URUFU AKASAKA","Fukuoka","3","Fukuoka 다자이후","8.0","785","Hotel","","","","","","","","","","","","","","","","호텔명·도시 및 실제정보 컬럼=사용자 제공 일본 호텔 자료(매칭된 호텔) / 가격·이용자평점·리뷰수·시설·재고=가상"
"H0767","VESSEL INN FUKUYAMA-EKIKITAGUCHI","Fukuoka","4","Fukuoka 후쿠오카공항","8.1","882","Hotel","","","","","","","","","","","","","","","","호텔명·도시 및 실제정보 컬럼=사용자 제공 일본 호텔 자료(매칭된 호텔) / 가격·이용자평점·리뷰수·시설·재고=가상"
"H0768","Washington Hotel","Fukuoka","5","Fukuoka 야쿠인","8.2","979","Hotel","","","","","","","","","","","","","","","","호텔명·도시 및 실제정보 컬럼=사용자 제공 일본 호텔 자료(매칭된 호텔) / 가격·이용자평점·리뷰수·시설·재고=가상"
"H0769","Washington R&B Hotel Hakataekimae Daiichi","Fukuoka","3","Fukuoka 이마이즈미","8.299999999999999","1076","Hotel","","","","","","","","","","","","","","","","호텔명·도시 및 실제정보 컬럼=사용자 제공 일본 호텔 자료(매칭된 호텔) / 가격·이용자평점·리뷰수·시설·재고=가상"
"H0770","Weekly Inn南福岡","Fukuoka","4","Fukuoka 우미노나카미치","8.4","1173","Hotel","","","","","","","","","","","","","","","","호텔명·도시 및 실제정보 컬럼=사용자 제공 일본 호텔 자료(매칭된 호텔) / 가격·이용자평점·리뷰수·시설·재고=가상"
"H0771","Wellcabin Tenjin","Fukuoka","5","5-21-5 Watanabedori, Chuo-ku","8.5","1270","Resort","5-21-5 Watanabedori, Chuo-ku","Fukuoka","Fukuoka","810-0004","33.587326100000006","130.4026835","81-50-1807-3497","2.5","JPFUK00590","9l3J","37767651","","","2025-07-16 18:03:26","Hotellist_supplier_japan_clean.xlsx · RTX JP Hotel template_20260528.xlsx","호텔명·도시 및 실제정보 컬럼=사용자 제공 일본 호텔 자료(매칭된 호텔) / 가격·이용자평점·리뷰수·시설·재고=가상"
"H0772","Yamamoto Ryokan","Fukuoka","3","3-6 Reisenmachi Hakata-ku","8.6","1367","Hotel","3-6 Reisenmachi Hakata-ku","Fukuoka","Fukuoka","812-0039","33.59385132999999","130.4126519","81-92-291-1176","3.0","JPKYT00274","ZObc","286468","7240389","2016","2024-02-03 10:37:13","Hotellist_supplier_japan_clean.xlsx · RTX JP Hotel template_20260528.xlsx","호텔명·도시 및 실제정보 컬럼=사용자 제공 일본 호텔 자료(매칭된 호텔) / 가격·이용자평점·리뷰수·시설·재고=가상"
"H0773","ZONK hotel Hakata","Fukuoka","4","Fukuoka 나카스","8.7","1464","Hotel","","","","","","","","","","","","","","","","호텔명·도시 및 실제정보 컬럼=사용자 제공 일본 호텔 자료(매칭된 호텔) / 가격·이용자평점·리뷰수·시설·재고=가상"
"H0774","위클리멘션","Fukuoka","5","Fukuoka 오호리공원","8.799999999999999","1561","Hotel","","","","","","","","","","","","","","","","호텔명·도시 및 실제정보 컬럼=사용자 제공 일본 호텔 자료(매칭된 호텔) / 가격·이용자평점·리뷰수·시설·재고=가상"
"H0775","アークホテルロイヤル福岡天神","Fukuoka","3","Fukuoka 모모치","8.9","1658","Hotel","","","","","","","","","","","","","","","","호텔명·도시 및 실제정보 컬럼=사용자 제공 일본 호텔 자료(매칭된 호텔) / 가격·이용자평점·리뷰수·시설·재고=가상"
"H0776","ウイークリーイン・二日市","Fukuoka","4","Fukuoka 다자이후","9.0","1755","Hotel","","","","","","","","","","","","","","","","호텔명·도시 및 실제정보 컬럼=사용자 제공 일본 호텔 자료(매칭된 호텔) / 가격·이용자평점·리뷰수·시설·재고=가상"
"H0777","エルカーサ南福岡","Fukuoka","5","Fukuoka 후쿠오카공항","9.1","1852","Hotel","","","","","","","","","","","","","","","","호텔명·도시 및 실제정보 컬럼=사용자 제공 일본 호텔 자료(매칭된 호텔) / 가격·이용자평점·리뷰수·시설·재고=가상"
"H0778","エルスタンザ天神東","Fukuoka","3","Fukuoka 야쿠인","9.2","1949","Hotel","","","","","","","","","","","","","","","","호텔명·도시 및 실제정보 컬럼=사용자 제공 일본 호텔 자료(매칭된 호텔) / 가격·이용자평점·리뷰수·시설·재고=가상"
"H0779","クインテッサホテル","Fukuoka","4","Fukuoka 이마이즈미","9.3","2046","Hotel","","","","","","","","","","","","","","","","호텔명·도시 및 실제정보 컬럼=사용자 제공 일본 호텔 자료(매칭된 호텔) / 가격·이용자평점·리뷰수·시설·재고=가상"
"H0780","クインテッサホテル福岡天神","Fukuoka","5","Fukuoka 우미노나카미치","9.399999999999999","2143","Ryokan","","","","","","","","","","","","","","","","호텔명·도시 및 실제정보 컬럼=사용자 제공 일본 호텔 자료(매칭된 호텔) / 가격·이용자평점·리뷰수·시설·재고=가상"
"H0781","グランドエンパイアホテル","Fukuoka","3","Fukuoka 하카타역","9.5","2240","Hotel","","","","","","","","","","","","","","","","호텔명·도시 및 실제정보 컬럼=사용자 제공 일본 호텔 자료(매칭된 호텔) / 가격·이용자평점·리뷰수·시설·재고=가상"
"H0782","グランビュー福岡空港","Fukuoka","4","Fukuoka 텐진","9.6","2337","Resort","","","","","","","","","","","","","","","","호텔명·도시 및 실제정보 컬럼=사용자 제공 일본 호텔 자료(매칭된 호텔) / 가격·이용자평점·리뷰수·시설·재고=가상"
"H0783","ゲストハウス","Fukuoka","5","Fukuoka 나카스","9.7","2434","Hotel","","","","","","","","","","","","","","","","호텔명·도시 및 실제정보 컬럼=사용자 제공 일본 호텔 자료(매칭된 호텔) / 가격·이용자평점·리뷰수·시설·재고=가상"
"H0784","こみね","Fukuoka","3","Fukuoka 오호리공원","9.8","2531","Hotel","","","","","","","","","","","","","","","","호텔명·도시 및 실제정보 컬럼=사용자 제공 일본 호텔 자료(매칭된 호텔) / 가격·이용자평점·리뷰수·시설·재고=가상"
"H0785","サットンホテル","Fukuoka","4","Fukuoka 모모치","7.1","2628","Hotel","","","","","","","","","","","","","","","","호텔명·도시 및 실제정보 컬럼=사용자 제공 일본 호텔 자료(매칭된 호텔) / 가격·이용자평점·리뷰수·시설·재고=가상"
"H0786","サンコーポフジ","Fukuoka","5","Fukuoka 다자이후","7.199999999999999","2725","Hotel","","","","","","","","","","","","","","","","호텔명·도시 및 실제정보 컬럼=사용자 제공 일본 호텔 자료(매칭된 호텔) / 가격·이용자평점·리뷰수·시설·재고=가상"
"H0787","サンビジネスホテル","Fukuoka","3","Fukuoka 후쿠오카공항","7.3","2822","Hotel","","","","","","","","","","","","","","","","호텔명·도시 및 실제정보 컬럼=사용자 제공 일본 호텔 자료(매칭된 호텔) / 가격·이용자평점·리뷰수·시설·재고=가상"
"H0788","サンライズマンション東油山","Fukuoka","4","Fukuoka 야쿠인","7.3999999999999995","2919","Hotel","","","","","","","","","","","","","","","","호텔명·도시 및 실제정보 컬럼=사용자 제공 일본 호텔 자료(매칭된 호텔) / 가격·이용자평점·리뷰수·시설·재고=가상"
"H0789","スカイシャトレ柚須","Fukuoka","5","Fukuoka 이마이즈미","7.5","3016","Hotel","","","","","","","","","","","","","","","","호텔명·도시 및 실제정보 컬럼=사용자 제공 일본 호텔 자료(매칭된 호텔) / 가격·이용자평점·리뷰수·시설·재고=가상"
"H0790","スタシオン名島フォレストヒルズ","Fukuoka","3","Fukuoka 우미노나카미치","7.6","3113","Hotel","","","","","","","","","","","","","","","","호텔명·도시 및 실제정보 컬럼=사용자 제공 일본 호텔 자료(매칭된 호텔) / 가격·이용자평점·리뷰수·시설·재고=가상"
"H0791","ソロン名島","Fukuoka","4","Fukuoka 하카타역","7.699999999999999","3210","Hotel","","","","","","","","","","","","","","","","호텔명·도시 및 실제정보 컬럼=사용자 제공 일본 호텔 자료(매칭된 호텔) / 가격·이용자평점·리뷰수·시설·재고=가상"
"H0792","なお AirBnB","Fukuoka","5","Fukuoka 텐진","7.8","3307","Hotel","","","","","","","","","","","","","","","","호텔명·도시 및 실제정보 컬럼=사용자 제공 일본 호텔 자료(매칭된 호텔) / 가격·이용자평점·리뷰수·시설·재고=가상"
"H0793","ニューガイア","Fukuoka","3","Fukuoka 나카스","7.8999999999999995","3404","Resort","","","","","","","","","","","","","","","","호텔명·도시 및 실제정보 컬럼=사용자 제공 일본 호텔 자료(매칭된 호텔) / 가격·이용자평점·리뷰수·시설·재고=가상"
"H0794","ポートハウス天神","Fukuoka","4","Fukuoka 오호리공원","8.0","3501","Hotel","","","","","","","","","","","","","","","","호텔명·도시 및 실제정보 컬럼=사용자 제공 일본 호텔 자료(매칭된 호텔) / 가격·이용자평점·리뷰수·시설·재고=가상"
"H0795","ホテル ニューガイア","Fukuoka","5","Fukuoka 모모치","8.1","3598","Hotel","","","","","","","","","","","","","","","","호텔명·도시 및 실제정보 컬럼=사용자 제공 일본 호텔 자료(매칭된 호텔) / 가격·이용자평점·리뷰수·시설·재고=가상"
"H0796","ホテル フロント・イン福岡空港","Fukuoka","3","Fukuoka 다자이후","8.2","3695","Hotel","","","","","","","","","","","","","","","","호텔명·도시 및 실제정보 컬럼=사용자 제공 일본 호텔 자료(매칭된 호텔) / 가격·이용자평점·리뷰수·시설·재고=가상"
"H0797","ホテル モンテ エルマーナ福岡","Fukuoka","4","Fukuoka 후쿠오카공항","8.299999999999999","3792","Hotel","","","","","","","","","","","","","","","","호텔명·도시 및 실제정보 컬럼=사용자 제공 일본 호텔 자료(매칭된 호텔) / 가격·이용자평점·리뷰수·시설·재고=가상"
"H0798","ホテルAZ 福岡和白店","Fukuoka","5","Fukuoka 야쿠인","8.4","3889","Hotel","","","","","","","","","","","","","","","","호텔명·도시 및 실제정보 컬럼=사용자 제공 일본 호텔 자료(매칭된 호텔) / 가격·이용자평점·리뷰수·시설·재고=가상"
"H0799","ホテルコピア","Fukuoka","3","Fukuoka 이마이즈미","8.5","3986","Ryokan","","","","","","","","","","","","","","","","호텔명·도시 및 실제정보 컬럼=사용자 제공 일본 호텔 자료(매칭된 호텔) / 가격·이용자평점·리뷰수·시설·재고=가상"
"H0800","ホテルサンライン福岡","Fukuoka","4","Fukuoka 우미노나카미치","8.6","4083","Hotel","","","","","","","","","","","","","","","","호텔명·도시 및 실제정보 컬럼=사용자 제공 일본 호텔 자료(매칭된 호텔) / 가격·이용자평점·리뷰수·시설·재고=가상"
"H0801","JR Tower Hotel Nikko Sapporo","Sapporo","5","5 Nishi 2, Kita 5, Chuo-ku, Sapporo-shi, Hokkaido","8.7","4180","Hotel","5 Nishi 2, Kita 5, Chuo-ku, Sapporo-shi, Hokkaido","Sapporo","","","43.06821266108694","141.35264623874514","81-11-2512222","","JPSPK00070","","","","","2025-09-15 12:31:43","Hotellist_supplier_japan_clean.xlsx","호텔명·도시 및 실제정보 컬럼=사용자 제공 일본 호텔 자료(매칭된 호텔) / 가격·이용자평점·리뷰수·시설·재고=가상"
"H0802","Sapporo Grand Hotel","Sapporo","3","4 Kita 1-jo Nishi, Chuo-ku","8.799999999999999","4277","Hotel","4 Kita 1-jo Nishi, Chuo-ku","Sapporo","Hokkaido","060-0001","43.06288075999999","141.3505693","81-11-261-3311","4.5","JPSPK00044","gSG7","8580","1867005","1489","2026-01-15 16:38:08","Hotellist_supplier_japan_clean.xlsx · RTX JP Hotel template_20260528.xlsx","호텔명·도시 및 실제정보 컬럼=사용자 제공 일본 호텔 자료(매칭된 호텔) / 가격·이용자평점·리뷰수·시설·재고=가상"
"H0803","Sapporo Prince Hotel","Sapporo","4","11 Minami-2-jonishi Chuo-ku","8.9","4374","Hotel","11 Minami-2-jonishi Chuo-ku","Sapporo","Hokkaido","060-8615","43.05592018","141.3410178","81-11-241-1111","4.0","JPSPK00072","2ins","9026","","","2025-11-17 18:15:22","Hotellist_supplier_japan_clean.xlsx · RTX JP Hotel template_20260528.xlsx","호텔명·도시 및 실제정보 컬럼=사용자 제공 일본 호텔 자료(매칭된 호텔) / 가격·이용자평점·리뷰수·시설·재고=가상"
"H0804","Keio Plaza Hotel Sapporo","Sapporo","5","7-2-1 Kita 5 jonishi, Chuo-ku","9.0","4471","Resort","7-2-1 Kita 5 jonishi, Chuo-ku","Sapporo","Hokkaido","060-0005","43.0664496","141.3453806","81-11-271-0111","4.5","JPSPK00020","e0sV","42890","","","2025-12-06 23:00:24","Hotellist_supplier_japan_clean.xlsx · RTX JP Hotel template_20260528.xlsx","호텔명·도시 및 실제정보 컬럼=사용자 제공 일본 호텔 자료(매칭된 호텔) / 가격·이용자평점·리뷰수·시설·재고=가상"
"H0805","ANA Crowne Plaza Sapporo","Sapporo","3","1-2-9 Kita 3-Jo Nishi, Chuo-ku","9.1","4568","Hotel","1-2-9 Kita 3-Jo Nishi, Chuo-ku","Sapporo","Hokkaido","060-0003","43.06579722000001","141.3550631","81-11-221-4411","4.0","","tNtt","100122","22140","1868","","RTX JP Hotel template_20260528.xlsx","호텔명·도시 및 실제정보 컬럼=사용자 제공 일본 호텔 자료(매칭된 호텔) / 가격·이용자평점·리뷰수·시설·재고=가상"
"H0806","Mercure Sapporo","Sapporo","4","2-2-4, Minami4-jonishi, Chuo-ku, Sapporo-shi, Hokkaido, Japan","9.2","4665","Hotel","2-2-4, Minami4-jonishi, Chuo-ku, Sapporo-shi, Hokkaido, Japan","Sapporo","","","43.055826767604536","141.3557652644181","81-11-513-1100","","JPSPK00057","","","","","2025-12-06 23:00:24","Hotellist_supplier_japan_clean.xlsx","호텔명·도시 및 실제정보 컬럼=사용자 제공 일본 호텔 자료(매칭된 호텔) / 가격·이용자평점·리뷰수·시설·재고=가상"
"H0807","Cross Hotel Sapporo","Sapporo","5","2-23, Kita2-jonishi, Chuo-ku Sapporo-shi, Hokkaido, Japan","9.3","4762","Hotel","2-23, Kita2-jonishi, Chuo-ku Sapporo-shi, Hokkaido, Japan","Sapporo","","","43.06404","141.3532757","81-11-2720010","","JPSPK00038","","","","","2025-11-17 18:15:22","Hotellist_supplier_japan_clean.xlsx","호텔명·도시 및 실제정보 컬럼=사용자 제공 일본 호텔 자료(매칭된 호텔) / 가격·이용자평점·리뷰수·시설·재고=가상"
"H0808","Hotel Monterey Edelhof Sapporo","Sapporo","3","1-1 Kita 2jo nishi, Chuo-ku","9.399999999999999","4859","Hotel","1-1 Kita 2jo nishi, Chuo-ku","Sapporo","Hokkaido","060-0002","43.06466959000001","141.3554965","81-11-242-7111","4.0","","zABj","108308","","","","RTX JP Hotel template_20260528.xlsx","호텔명·도시 및 실제정보 컬럼=사용자 제공 일본 호텔 자료(매칭된 호텔) / 가격·이용자평점·리뷰수·시설·재고=가상"
"H0809","Century Royal Hotel Sapporo","Sapporo","4","Sapporo 기타구","9.5","4956","Hotel","","","","","","","","","","","","","","","","호텔명·도시 및 실제정보 컬럼=사용자 제공 일본 호텔 자료(매칭된 호텔) / 가격·이용자평점·리뷰수·시설·재고=가상"
"H0810","Solaria Nishitetsu Hotel Sapporo","Sapporo","5","5-1-2 Nishi Kita 4jo, Chuo-ku","9.6","153","Hotel","5-1-2 Nishi Kita 4jo, Chuo-ku","Sapporo","Hokkaido","060-0004","43.06575154","141.3484255","81-11-208-5555","3.5","JPSPK00247","HoKR","23070878","","104","2025-12-06 23:00:24","Hotellist_supplier_japan_clean.xlsx · RTX JP Hotel template_20260528.xlsx","호텔명·도시 및 실제정보 컬럼=사용자 제공 일본 호텔 자료(매칭된 호텔) / 가격·이용자평점·리뷰수·시설·재고=가상"
"H0811","JR Inn Sapporo","Sapporo","3","6 Kita-5-jonishi Chuo-ku","9.7","250","Hotel","6 Kita-5-jonishi Chuo-ku","Sapporo","Hokkaido","060-0005","43.06713846","141.346836","81-11-233-3009","2.5","JPSPK00056","AwhD","187085","","2097","2025-09-15 12:31:43","Hotellist_supplier_japan_clean.xlsx · RTX JP Hotel template_20260528.xlsx","호텔명·도시 및 실제정보 컬럼=사용자 제공 일본 호텔 자료(매칭된 호텔) / 가격·이용자평점·리뷰수·시설·재고=가상"
"H0812","JR Inn Sapporo South","Sapporo","4","Kita 3 Jo Nishi 1 Chome 10, Chuo-ku,   SAPPORO","9.8","347","Hotel","Kita 3 Jo Nishi 1 Chome 10, Chuo-ku,   SAPPORO","Sapporo","","","43.065356","141.355131","0081112318111","","JPSPK00139","","","","","2025-12-06 23:00:24","Hotellist_supplier_japan_clean.xlsx","호텔명·도시 및 실제정보 컬럼=사용자 제공 일본 호텔 자료(매칭된 호텔) / 가격·이용자평점·리뷰수·시설·재고=가상"
"H0813","Mitsui Garden Hotel Sapporo","Sapporo","5","6-18-3 Kita 5jo nishi, Chuo-ku","7.1","444","Hotel","6-18-3 Kita 5jo nishi, Chuo-ku","Sapporo","Hokkaido","060-0005","43.06650798","141.3470194","81-11-280-1131","2.5","JPSPK00024","1yWt","178239","","","2026-04-23 17:12:23","Hotellist_supplier_japan_clean.xlsx · RTX JP Hotel template_20260528.xlsx","호텔명·도시 및 실제정보 컬럼=사용자 제공 일본 호텔 자료(매칭된 호텔) / 가격·이용자평점·리뷰수·시설·재고=가상"
"H0814","Mitsui Garden Hotel Sapporo West","Sapporo","3","6-2-4 Kita-5-jonishi Chuo-ku","7.199999999999999","541","Hotel","6-2-4 Kita-5-jonishi Chuo-ku","Sapporo","Hokkaido","060-0005","43.06656838","141.3466126","81-11-218-2231","2.5","JPSPK00155","4fCE","10170232","","","2025-06-04 14:50:30","Hotellist_supplier_japan_clean.xlsx · RTX JP Hotel template_20260528.xlsx","호텔명·도시 및 실제정보 컬럼=사용자 제공 일본 호텔 자료(매칭된 호텔) / 가격·이용자평점·리뷰수·시설·재고=가상"
"H0815","Hotel Gracery Sapporo","Sapporo","4","4-1 Kita-4-jonishi Chuo-ku","7.3","638","Resort","4-1 Kita-4-jonishi Chuo-ku","Sapporo","Hokkaido","060-0004","43.07","141.35","81-11-251-3211","2.5","JPSPK00037","pz8F","104272","1764372","698","2026-06-17 17:24:42","Hotellist_supplier_japan_clean.xlsx · RTX JP Hotel template_20260528.xlsx","호텔명·도시 및 실제정보 컬럼=사용자 제공 일본 호텔 자료(매칭된 호텔) / 가격·이용자평점·리뷰수·시설·재고=가상"
"H0816","Tokyu Stay Sapporo","Sapporo","5","1-13-4 Minami-1-jonishi Chuo-ku","7.3999999999999995","735","Hotel","1-13-4 Minami-1-jonishi Chuo-ku","Sapporo","Hokkaido","060-0061","43.059407300000004","141.3568291","81-11-222-0109","2.5","JPSPK00123","mpsd","3036210","","37","2025-12-07 23:00:24","Hotellist_supplier_japan_clean.xlsx · RTX JP Hotel template_20260528.xlsx","호텔명·도시 및 실제정보 컬럼=사용자 제공 일본 호텔 자료(매칭된 호텔) / 가격·이용자평점·리뷰수·시설·재고=가상"
"H0817","Tokyu Stay Sapporo Odori","Sapporo","3","5-26-2 Minami-2-jonishi Chuo-ku","7.5","832","Hotel","5-26-2 Minami-2-jonishi Chuo-ku","Sapporo","Hokkaido","060-0062","43.06","141.35","81-11-200-3109","2.5","JPSPK00158","dvcg","5601110","","117","2025-12-07 23:00:24","Hotellist_supplier_japan_clean.xlsx · RTX JP Hotel template_20260528.xlsx","호텔명·도시 및 실제정보 컬럼=사용자 제공 일본 호텔 자료(매칭된 호텔) / 가격·이용자평점·리뷰수·시설·재고=가상"
"H0818","Sapporo Tokyu REI Hotel","Sapporo","4","5-1 Minami-4-jonishi Chuo-ku","7.6","929","Ryokan","5-1 Minami-4-jonishi Chuo-ku","Sapporo","Hokkaido","064-8509","43.0551234","141.3515197","81-11-531-0109","2.5","JPSPK00036","bLaj","3212","470392","","2025-11-17 18:15:22","Hotellist_supplier_japan_clean.xlsx · RTX JP Hotel template_20260528.xlsx","호텔명·도시 및 실제정보 컬럼=사용자 제공 일본 호텔 자료(매칭된 호텔) / 가격·이용자평점·리뷰수·시설·재고=가상"
"H0819","The Royal Park Canvas Sapporo Odori Park","Sapporo","5","1-12 Odori nishi, Chuo-ku","7.699999999999999","1026","Hotel","1-12 Odori nishi, Chuo-ku","Sapporo","Hokkaido","060-0042","43.0604715","141.3560313","81-11-208-1555","3.0","JPHOK00055","bOyK","25752310","","","2025-12-06 23:00:24","Hotellist_supplier_japan_clean.xlsx · RTX JP Hotel template_20260528.xlsx","호텔명·도시 및 실제정보 컬럼=사용자 제공 일본 호텔 자료(매칭된 호텔) / 가격·이용자평점·리뷰수·시설·재고=가상"
"H0820","Karaksa Hotel Sapporo","Sapporo","3","5-24 Minami-3-jonishi Chuo-ku","7.8","1123","Hotel","5-24 Minami-3-jonishi Chuo-ku","Sapporo","Hokkaido","060-0063","43.05661574","141.3502095","81-11-204-6602","3.5","JPSPK00112","YdB2","2302798","","1746","2025-09-15 12:31:43","Hotellist_supplier_japan_clean.xlsx · RTX JP Hotel template_20260528.xlsx","호텔명·도시 및 실제정보 컬럼=사용자 제공 일본 호텔 자료(매칭된 호텔) / 가격·이용자평점·리뷰수·시설·재고=가상"
"H0821","La'gent Stay Sapporo Odori Hokkaido","Sapporo","4","Sapporo 삿포로역","7.8999999999999995","1220","Hotel","","","","","","","","","","","","","","","","호텔명·도시 및 실제정보 컬럼=사용자 제공 일본 호텔 자료(매칭된 호텔) / 가격·이용자평점·리뷰수·시설·재고=가상"
"H0822","Dormy Inn Premium Sapporo","Sapporo","5","6-4-1 Minami-2-jonishi Chuo-ku","8.0","1317","Hotel","6-4-1 Minami-2-jonishi Chuo-ku","Sapporo","Hokkaido","060-0062","43.057142510000006","141.3487864","81-11-232-0011","3.5","JPSPK00064","tskv","161505","2539889","","2025-09-15 12:31:43","Hotellist_supplier_japan_clean.xlsx · RTX JP Hotel template_20260528.xlsx","호텔명·도시 및 실제정보 컬럼=사용자 제공 일본 호텔 자료(매칭된 호텔) / 가격·이용자평점·리뷰수·시설·재고=가상"
"H0823","Dormy Inn Sapporo Annex","Sapporo","3","6-10-6 Minami-3-jonishi Chuo-ku","8.1","1414","Hotel","6-10-6 Minami-3-jonishi Chuo-ku","Sapporo","Hokkaido","060-0063","43.05659536","141.3489837","81-11-232-0011","2.5","JPSPK00074","KHSv","161512","2539880","","2026-07-07 14:37:48","Hotellist_supplier_japan_clean.xlsx · RTX JP Hotel template_20260528.xlsx","호텔명·도시 및 실제정보 컬럼=사용자 제공 일본 호텔 자료(매칭된 호텔) / 가격·이용자평점·리뷰수·시설·재고=가상"
"H0824","Vessel Inn Sapporo Nakajima Park","Sapporo","4","4-1-2, Minami9-jonishi, Chuo-ku Sapporo-shi, Hokkaido, Japan","8.2","1511","Hotel","4-1-2, Minami9-jonishi, Chuo-ku Sapporo-shi, Hokkaido, Japan","Sapporo","","","43.049629036290845","141.35455318161462","81-11-5130700","","JPSPK00041","","","","","2025-12-07 23:00:24","Hotellist_supplier_japan_clean.xlsx","호텔명·도시 및 실제정보 컬럼=사용자 제공 일본 호텔 자료(매칭된 호텔) / 가격·이용자평점·리뷰수·시설·재고=가상"
"H0825","Vessel Hotel Campana Susukino","Sapporo","5","6-16-1 Minami 5jonishi, Chuo-ku","8.299999999999999","1608","Hotel","6-16-1 Minami 5jonishi, Chuo-ku","Sapporo","Hokkaido","064-0805","43.05425081819611","141.34915967516","81-11-531-8111","2.5","","5cj4","6577574","34306602","375","","RTX JP Hotel template_20260528.xlsx","호텔명·도시 및 실제정보 컬럼=사용자 제공 일본 호텔 자료(매칭된 호텔) / 가격·이용자평점·리뷰수·시설·재고=가상"
"H0826","Premier Hotel Nakajima Park Sapporo","Sapporo","3","6-1-21 Minami 10jo nishi, Chuo-ku","8.4","1705","Resort","6-1-21 Minami 10jo nishi, Chuo-ku","Sapporo","Hokkaido","064-8561","43.04749935","141.3521562","81-11-561-1000","3.5","JPSPK00071","JPHt","76378","14816383","2411","2025-09-15 12:31:43","Hotellist_supplier_japan_clean.xlsx · RTX JP Hotel template_20260528.xlsx","호텔명·도시 및 실제정보 컬럼=사용자 제공 일본 호텔 자료(매칭된 호텔) / 가격·이용자평점·리뷰수·시설·재고=가상"
"H0827","Premier Hotel Tsubaki Sapporo","Sapporo","4","1-1-1 Toyohira 4jo, Toyohira-ku","8.5","1802","Hotel","1-1-1 Toyohira 4jo, Toyohira-ku","Sapporo","Hokkaido","062-0904","43.05439437","141.3652573","81-118-21-1111","3.5","JPSPK00062","Pg1p","7830","12437749","","2025-09-15 12:31:43","Hotellist_supplier_japan_clean.xlsx · RTX JP Hotel template_20260528.xlsx","호텔명·도시 및 실제정보 컬럼=사용자 제공 일본 호텔 자료(매칭된 호텔) / 가격·이용자평점·리뷰수·시설·재고=가상"
"H0828","Ibis Styles Sapporo","Sapporo","5","3-10-10 Minami 8jonishi, Chuo-ku","8.6","1899","Hotel","3-10-10 Minami 8jonishi, Chuo-ku","Sapporo","Hokkaido","064-0808","43.05023245","141.3551029","81-11-530-4055","4.0","JPSPK00055","cBLp","765879","9259945","","2025-09-15 12:31:43","Hotellist_supplier_japan_clean.xlsx · RTX JP Hotel template_20260528.xlsx","호텔명·도시 및 실제정보 컬럼=사용자 제공 일본 호텔 자료(매칭된 호텔) / 가격·이용자평점·리뷰수·시설·재고=가상"
"H0829","Quintessa Hotel Sapporo","Sapporo","3","5 Minami 8jonishi, Chuo-ku","8.7","1996","Hotel","5 Minami 8jonishi, Chuo-ku","Sapporo","Hokkaido","064-0808","43.04989071","141.35184770000004","81-11-512-8500","3.0","JPSPK00027","TKEs","96596","12483785","","2025-12-05 23:03:04","Hotellist_supplier_japan_clean.xlsx · RTX JP Hotel template_20260528.xlsx","호텔명·도시 및 실제정보 컬럼=사용자 제공 일본 호텔 자료(매칭된 호텔) / 가격·이용자평점·리뷰수·시설·재고=가상"
"H0830","Quintessa Hotel Sapporo Susukino","Sapporo","4","4-1-2 Minami 6-jo Nishi, Chuo-ku","8.799999999999999","2093","Hotel","4-1-2 Minami 6-jo Nishi, Chuo-ku","Sapporo","Hokkaido","064-0806","43.0529318","141.3533778","81-11-530-6611","2.0","JPSPK00162","Js7g","42941521","","","2025-12-06 23:00:24","Hotellist_supplier_japan_clean.xlsx · RTX JP Hotel template_20260528.xlsx","호텔명·도시 및 실제정보 컬럼=사용자 제공 일본 호텔 자료(매칭된 호텔) / 가격·이용자평점·리뷰수·시설·재고=가상"
"H0831","Randor Residential Hotel Sapporo Suites","Sapporo","5","064-0805 Hokkaido, Sapporo, Chuo-ku, Minami 5jo Nishi 7-1-2, Japan, Sapporo, 064-0805, Japan","8.9","2190","Hotel","064-0805 Hokkaido, Sapporo, Chuo-ku, Minami 5jo Nishi 7-1-2, Japan, Sapporo, 064-0805, Japan","Sapporo","","","43.05324142357374","141.34860688095094","","","JPSPK00306","","","","","2025-12-02 09:01:36","Hotellist_supplier_japan_clean.xlsx","호텔명·도시 및 실제정보 컬럼=사용자 제공 일본 호텔 자료(매칭된 호텔) / 가격·이용자평점·리뷰수·시설·재고=가상"
"H0832","Hotel Mystays Sapporo Aspen","Sapporo","3","4-5 Kita-8jonishi, Kita-ku","9.0","2287","Hotel","4-5 Kita-8jonishi, Kita-ku","Sapporo","Hokkaido","060-0808","43.07029647","141.3487329","81-11-700-2111","2.5","JPSPK00008","6Vee","186581","2723209","","2025-09-15 12:31:43","Hotellist_supplier_japan_clean.xlsx · RTX JP Hotel template_20260528.xlsx","호텔명·도시 및 실제정보 컬럼=사용자 제공 일본 호텔 자료(매칭된 호텔) / 가격·이용자평점·리뷰수·시설·재고=가상"
"H0833","Hotel Mystays Premier Sapporo Park","Sapporo","4","Sapporo 스스키노","9.1","2384","Hotel","","","","","","","","","","","","","","","","호텔명·도시 및 실제정보 컬럼=사용자 제공 일본 호텔 자료(매칭된 호텔) / 가격·이용자평점·리뷰수·시설·재고=가상"
"H0834","Hotel Mystays Sapporo Station","Sapporo","5","4-15 Kita-8-jonishi Kita-ku","9.2","2481","Hotel","4-15 Kita-8-jonishi Kita-ku","Sapporo","Hokkaido","060-0808","43.07083531","141.34923000000003","81-11-729-4055","3.5","JPSPK00047","xmxu","193774","","1688","2025-09-15 12:31:43","Hotellist_supplier_japan_clean.xlsx · RTX JP Hotel template_20260528.xlsx","호텔명·도시 및 실제정보 컬럼=사용자 제공 일본 호텔 자료(매칭된 호텔) / 가격·이용자평점·리뷰수·시설·재고=가상"
"H0835","Hotel Emisia Sapporo","Sapporo","3","5-5-25 Atsubetsuchuo2-jo, Atsubetsu-ku","9.3","2578","Hotel","5-5-25 Atsubetsuchuo2-jo, Atsubetsu-ku","Sapporo","Hokkaido","004-0052","43.04045438","141.4732962","81-11-895-8811","3.5","JPSPK00034","nrkH","59199","402063","","2025-09-15 12:31:43","Hotellist_supplier_japan_clean.xlsx · RTX JP Hotel template_20260528.xlsx","호텔명·도시 및 실제정보 컬럼=사용자 제공 일본 호텔 자료(매칭된 호텔) / 가격·이용자평점·리뷰수·시설·재고=가상"
"H0836","Sapporo View Hotel Odori Park","Sapporo","4","Sapporo 모이와산","9.399999999999999","2675","Hotel","","","","","","","","","","","","","","","","호텔명·도시 및 실제정보 컬럼=사용자 제공 일본 호텔 자료(매칭된 호텔) / 가격·이용자평점·리뷰수·시설·재고=가상"
"H0837","Royton Sapporo","Sapporo","5","Sapporo 신삿포로","9.5","2772","Ryokan","","","","","","","","","","","","","","","","호텔명·도시 및 실제정보 컬럼=사용자 제공 일본 호텔 자료(매칭된 호텔) / 가격·이용자평점·리뷰수·시설·재고=가상"
"H0838","Sapporo Park Hotel","Sapporo","3","3-1-1 Minami 10jonishi, Chuo-ku","9.6","2869","Hotel","3-1-1 Minami 10jonishi, Chuo-ku","Sapporo","Hokkaido","064-8589","43.04761612","141.3558336","81-11-511-3131","3.5","JPSPK00051","Re89","186587","1872511","","2025-11-17 18:15:22","Hotellist_supplier_japan_clean.xlsx · RTX JP Hotel template_20260528.xlsx","호텔명·도시 및 실제정보 컬럼=사용자 제공 일본 호텔 자료(매칭된 호텔) / 가격·이용자평점·리뷰수·시설·재고=가상"
"H0839","Hotel Resol Trinity Sapporo","Sapporo","4","5-3, Odorinishi, Chuo-ku Sapporo-shi, Hokkaido, Japan","9.7","2966","Hotel","5-3, Odorinishi, Chuo-ku Sapporo-shi, Hokkaido, Japan","Sapporo","","","43.059657","141.350166","81-11-2419269","","JPSPK00076","","","","","2025-12-06 23:00:24","Hotellist_supplier_japan_clean.xlsx","호텔명·도시 및 실제정보 컬럼=사용자 제공 일본 호텔 자료(매칭된 호텔) / 가격·이용자평점·리뷰수·시설·재고=가상"
"H0840","Hotel Resol Sapporo Nakajima Park","Sapporo","5","Sapporo 도요히라","9.8","3063","Hotel","","","","","","","","","","","","","","","","호텔명·도시 및 실제정보 컬럼=사용자 제공 일본 호텔 자료(매칭된 호텔) / 가격·이용자평점·리뷰수·시설·재고=가상"
"H0841","Tenza Hotel & Skyspa at Sapporo Central","Sapporo","3","Sapporo 삿포로역","7.1","3160","Hotel","","","","","","","","","","","","","","","","호텔명·도시 및 실제정보 컬럼=사용자 제공 일본 호텔 자료(매칭된 호텔) / 가격·이용자평점·리뷰수·시설·재고=가상"
"H0842","OMO3 Sapporo Susukino by Hoshino Resorts","Sapporo","4","6 Chome-14-1 Minami 5 Jonishi, Chuo Ward, Sapporo, Hokkaido, Japan 064-0805","7.199999999999999","3257","Hotel","6 Chome-14-1 Minami 5 Jonishi, Chuo Ward, Sapporo, Hokkaido, Japan 064-0805","Sapporo","","","43.054118","141.349609","+81-5031348095","","JPSPK00266","","","","","2025-07-16 18:03:26","Hotellist_supplier_japan_clean.xlsx","호텔명·도시 및 실제정보 컬럼=사용자 제공 일본 호텔 자료(매칭된 호텔) / 가격·이용자평점·리뷰수·시설·재고=가상"
"H0843","Sapporo Excel Hotel Tokyu","Sapporo","5","5-420 Minami 8jo nishi, Chuo-ku","7.3","3354","Hotel","5-420 Minami 8jo nishi, Chuo-ku","Sapporo","Hokkaido","064-0808","43.04950465","141.3518283","81-11-533-0109","3.5","JPSPK00032","nRk0","4091","415947","","2025-12-06 23:00:24","Hotellist_supplier_japan_clean.xlsx · RTX JP Hotel template_20260528.xlsx","호텔명·도시 및 실제정보 컬럼=사용자 제공 일본 호텔 자료(매칭된 호텔) / 가격·이용자평점·리뷰수·시설·재고=가상"
"H0844","Fairfield by Marriott Sapporo","Sapporo","3","1 Minami-4-johigashi, Chuo-ku","7.3999999999999995","3451","Hotel","1 Minami-4-johigashi, Chuo-ku","Sapporo","Hokkaido","060-0054","43.05717339","141.3586744","81-11-242-0111","3.5","JPSPK00160","GCDk","182179","","","2026-07-20 17:50:53","Hotellist_supplier_japan_clean.xlsx · RTX JP Hotel template_20260528.xlsx","호텔명·도시 및 실제정보 컬럼=사용자 제공 일본 호텔 자료(매칭된 호텔) / 가격·이용자평점·리뷰수·시설·재고=가상"
"H0845","Courtyard by Marriott Sapporo","Sapporo","4","1-1-57 Minami 10-jo Nishi, Chuo-ku","7.5","3548","Hotel","1-1-57 Minami 10-jo Nishi, Chuo-ku","Sapporo","Hokkaido","064-0810","43.0485785","141.3572618","81-11-206-1892","","JPSPK00298","RvTr","58347882","","","2026-07-20 17:50:53","Hotellist_supplier_japan_clean.xlsx · RTX JP Hotel template_20260528.xlsx","호텔명·도시 및 실제정보 컬럼=사용자 제공 일본 호텔 자료(매칭된 호텔) / 가격·이용자평점·리뷰수·시설·재고=가상"
"H0846","The Knot Sapporo","Sapporo","5","3-16-2 Minami 3jonishi, Chuo-ku","7.6","3645","Hotel","3-16-2 Minami 3jonishi, Chuo-ku","Sapporo","Hokkaido","060-0063","43.05688226","141.3533205","81-570-001-415","2.5","JPSPK00163","HrYB","34178636","","2765","2025-12-06 23:00:24","Hotellist_supplier_japan_clean.xlsx · RTX JP Hotel template_20260528.xlsx","호텔명·도시 및 실제정보 컬럼=사용자 제공 일본 호텔 자료(매칭된 호텔) / 가격·이용자평점·리뷰수·시설·재고=가상"
"H0847","Stream Hotel Sapporo","Sapporo","3","Sapporo 신삿포로","7.699999999999999","3742","Hotel","","","","","","","","","","","","","","","","호텔명·도시 및 실제정보 컬럼=사용자 제공 일본 호텔 자료(매칭된 호텔) / 가격·이용자평점·리뷰수·시설·재고=가상"
"H0848","Hotel Wing International Sapporo Susukino","Sapporo","4","Sapporo 조잔케이","7.8","3839","Resort","","","","","","","","","","","","","","","","호텔명·도시 및 실제정보 컬럼=사용자 제공 일본 호텔 자료(매칭된 호텔) / 가격·이용자평점·리뷰수·시설·재고=가상"
"H0849","Comfort Hotel Sapporo Susukino","Sapporo","5","1-2-10 Minami 5-jo Nishi, Chuo-ku","7.8999999999999995","3936","Hotel","1-2-10 Minami 5-jo Nishi, Chuo-ku","Sapporo","Hokkaido","064-0805","43.0553982","141.356973","81-11-513-4111","2.5","JPSPK00114","ed6v","5547422","26766431","","2025-12-05 23:03:04","Hotellist_supplier_japan_clean.xlsx · RTX JP Hotel template_20260528.xlsx","호텔명·도시 및 실제정보 컬럼=사용자 제공 일본 호텔 자료(매칭된 호텔) / 가격·이용자평점·리뷰수·시설·재고=가상"
"H0850","Richmond Hotel Sapporo Odori","Sapporo","3","4-4-1 Minami-2-jonishi Chuo-ku","8.0","4033","Hotel","4-4-1 Minami-2-jonishi Chuo-ku","Sapporo","Hokkaido","060-0062","43.06","141.35","81-11-208-0055","3.5","JPSPK00146","vwHs","186642","34024339","519","2025-09-22 15:23:38","Hotellist_supplier_japan_clean.xlsx · RTX JP Hotel template_20260528.xlsx","호텔명·도시 및 실제정보 컬럼=사용자 제공 일본 호텔 자료(매칭된 호텔) / 가격·이용자평점·리뷰수·시설·재고=가상"
"H0851","41 PIECES","Sapporo","4","Sapporo 삿포로역","8.1","4130","Hotel","","","","","","","","","","","","","","","","호텔명·도시 및 실제정보 컬럼=사용자 제공 일본 호텔 자료(매칭된 호텔) / 가격·이용자평점·리뷰수·시설·재고=가상"
"H0852","Affetto","Sapporo","5","Sapporo 오도리","8.2","4227","Hotel","","","","","","","","","","","","","","","","호텔명·도시 및 실제정보 컬럼=사용자 제공 일본 호텔 자료(매칭된 호텔) / 가격·이용자평점·리뷰수·시설·재고=가상"
"H0853","Affetto annexe","Sapporo","3","Sapporo 스스키노","8.299999999999999","4324","Hotel","","","","","","","","","","","","","","","","호텔명·도시 및 실제정보 컬럼=사용자 제공 일본 호텔 자료(매칭된 호텔) / 가격·이용자평점·리뷰수·시설·재고=가상"
"H0854","ALPHABED INN 札幌大通公園","Sapporo","4","Sapporo 나카지마공원","8.4","4421","Hotel","","","","","","","","","","","","","","","","호텔명·도시 및 실제정보 컬럼=사용자 제공 일본 호텔 자료(매칭된 호텔) / 가격·이용자평점·리뷰수·시설·재고=가상"
"H0855","ANA Holiday Inn Sapporo Susukino","Sapporo","5","3-7, Minami 5-jonishi, Chuo-ku Sapporo-shi, Hokkaido, Japan","8.5","4518","Hotel","3-7, Minami 5-jonishi, Chuo-ku Sapporo-shi, Hokkaido, Japan","Sapporo","","","43.054854","141.35480870000004","81-11-5125533","","JPSPK00054","","","","","2025-09-15 12:31:43","Hotellist_supplier_japan_clean.xlsx","호텔명·도시 및 실제정보 컬럼=사용자 제공 일본 호텔 자료(매칭된 호텔) / 가격·이용자평점·리뷰수·시설·재고=가상"
"H0856","APA HOTEL Sapporo Odori ekimae minami","Sapporo","3","7-10-1 Minami-2-jonishi Chuo-ku","8.6","4615","Ryokan","7-10-1 Minami-2-jonishi Chuo-ku","Sapporo","Hokkaido","060-0062","43.05754241","141.3470782","81-11-281-8111","4.0","","KFyS","51921","3896371","","","RTX JP Hotel template_20260528.xlsx","호텔명·도시 및 실제정보 컬럼=사용자 제공 일본 호텔 자료(매칭된 호텔) / 가격·이용자평점·리뷰수·시설·재고=가상"
"H0857","APA Hotel Sapporo Odori ekimae nishi","Sapporo","4","9 Minami-1-jonishi Chuo-ku","8.7","4712","Hotel","9 Minami-1-jonishi Chuo-ku","Sapporo","Hokkaido","060-0061","43.058452","141.343914","81-11-261-8111","3.0","","s573","","3896389","","","RTX JP Hotel template_20260528.xlsx","호텔명·도시 및 실제정보 컬럼=사용자 제공 일본 호텔 자료(매칭된 호텔) / 가격·이용자평점·리뷰수·시설·재고=가상"
"H0858","APA HOTEL SAPPORO-SUSUKINO-EKIMAE","Sapporo","5","2-2-5 Minami 4-jo Nishi, Chuo-ku","8.799999999999999","4809","Hotel","2-2-5 Minami 4-jo Nishi, Chuo-ku","Sapporo","Hokkaido","064-0804","43.05568531","141.3563523","81-11-511-4111","4.0","JPSPK00060","fVBi","401180","","","2025-11-10 09:01:51","Hotellist_supplier_japan_clean.xlsx · RTX JP Hotel template_20260528.xlsx","호텔명·도시 및 실제정보 컬럼=사용자 제공 일본 호텔 자료(매칭된 호텔) / 가격·이용자평점·리뷰수·시설·재고=가상"
"H0859","APA HOTEL SAPPORO-SUSUKINO-EKINISHI","Sapporo","3","7-1-1 Minami-4-jonishi, Chuo-ku","8.9","4906","Resort","7-1-1 Minami-4-jonishi, Chuo-ku","Sapporo","Hokkaido","064-0804","43.054524179999994","141.3481502","81-11-511-9111","4.0","","t4Xe","401192","","","","RTX JP Hotel template_20260528.xlsx","호텔명·도시 및 실제정보 컬럼=사용자 제공 일본 호텔 자료(매칭된 호텔) / 가격·이용자평점·리뷰수·시설·재고=가상"
"H0860","APA HOTEL〈TKP SAPPOROEKI-KITAGUCHI〉EXCELLENT","Sapporo","4","Sapporo 도요히라","9.0","103","Hotel","","","","","","","","","","","","","","","","호텔명·도시 및 실제정보 컬럼=사용자 제공 일본 호텔 자료(매칭된 호텔) / 가격·이용자평점·리뷰수·시설·재고=가상"
"H0861","APA HOTEL<TKP SAPPORO-EKIMAE>","Sapporo","5","2-19 Kita-2-jonishi Chuo-ku","9.1","200","Hotel","2-19 Kita-2-jonishi Chuo-ku","Sapporo","Hokkaido","060-0002","43.06448808","141.3533251","81-11-252-3167","4.0","JPSPK00172","2awj","686563","1103506","","2025-12-05 23:03:04","Hotellist_supplier_japan_clean.xlsx · RTX JP Hotel template_20260528.xlsx","호텔명·도시 및 실제정보 컬럼=사용자 제공 일본 호텔 자료(매칭된 호텔) / 가격·이용자평점·리뷰수·시설·재고=가상"
"H0862","Arura Sapporo","Sapporo","3","Sapporo 오도리","9.2","297","Hotel","","","","","","","","","","","","","","","","호텔명·도시 및 실제정보 컬럼=사용자 제공 일본 호텔 자료(매칭된 호텔) / 가격·이용자평점·리뷰수·시설·재고=가상"
"H0863","Asano Hotel","Sapporo","4","2-9-6 Asano Kokurakita-ku","9.3","394","Hotel","2-9-6 Asano Kokurakita-ku","Kitakyushu","Fukuoka","802-0001","33.88902086000001","130.8808376","81-93-521-3366","3.5","JPSPK00324","9sZj","811706","","","2026-04-09 14:54:37","Hotellist_supplier_japan_clean.xlsx · RTX JP Hotel template_20260528.xlsx","호텔명·도시 및 실제정보 컬럼=사용자 제공 일본 호텔 자료(매칭된 호텔) / 가격·이용자평점·리뷰수·시설·재고=가상"
"H0864","Backpackers Hostel INO'S PLACE","Sapporo","5","Sapporo 나카지마공원","9.399999999999999","491","Hotel","","","","","","","","","","","","","","","","호텔명·도시 및 실제정보 컬럼=사용자 제공 일본 호텔 자료(매칭된 호텔) / 가격·이용자평점·리뷰수·시설·재고=가상"
"H0865","bespoke hotel sapporo","Sapporo","3","1-7-9 Minami 2-Jo Nishi, Chuo-ku","9.5","588","Hotel","1-7-9 Minami 2-Jo Nishi, Chuo-ku","Sapporo","Hokkaido","060-0062","43.058136","141.3562824","81-11-522-9850","2.0","JPHOK00056","ov92","23093842","","","2025-07-18 16:18:10","Hotellist_supplier_japan_clean.xlsx · RTX JP Hotel template_20260528.xlsx","호텔명·도시 및 실제정보 컬럼=사용자 제공 일본 호텔 자료(매칭된 호텔) / 가격·이용자평점·리뷰수·시설·재고=가상"
"H0866","Comfort Hotel ERA Sapporo North","Sapporo","4","5-17-1 Kita 7jo Nishi, Kita-ku","9.6","685","Hotel","5-17-1 Kita 7jo Nishi, Kita-ku","Sapporo","Hokkaido","060-0807","43.0694738","141.3468195","81-11-746-7411","","JPHOK00187","BBGJ","76101938","","","2026-06-02 18:30:31","Hotellist_supplier_japan_clean.xlsx · RTX JP Hotel template_20260528.xlsx","호텔명·도시 및 실제정보 컬럼=사용자 제공 일본 호텔 자료(매칭된 호텔) / 가격·이용자평점·리뷰수·시설·재고=가상"
"H0867","Daiwa Roynet Hotel Sapporo Nakajima Koen","Sapporo","5","Sapporo 신삿포로","9.7","782","Hotel","","","","","","","","","","","","","","","","호텔명·도시 및 실제정보 컬럼=사용자 제공 일본 호텔 자료(매칭된 호텔) / 가격·이용자평점·리뷰수·시설·재고=가상"
"H0868","Daiwa Roynet Hotel SAPPORO-SUSUKINO","Sapporo","3","1-2-1 Minami-4-jonishi, Chuo-ku","9.8","879","Hotel","1-2-1 Minami-4-jonishi, Chuo-ku","Sapporo","Hokkaido","064-0804","43.05575683","141.3569052","81-11-530-0755","3.5","JPSPK00011","N4Fo","400372","5239095","857","2025-09-15 12:31:43","Hotellist_supplier_japan_clean.xlsx · RTX JP Hotel template_20260528.xlsx","호텔명·도시 및 실제정보 컬럼=사용자 제공 일본 호텔 자료(매칭된 호텔) / 가격·이용자평점·리뷰수·시설·재고=가상"
"H0869","Dansetsu Sapporo","Sapporo","4","2-1-1 Minami 6Jo Higashi, Chuo-ku","7.1","976","Hotel","2-1-1 Minami 6Jo Higashi, Chuo-ku","Sapporo","Hokkaido","060-0056","43.054506","141.360193","81-11-590-4177","","JPSPK00319","YyDT","64503540","","106","2026-02-11 10:03:53","Hotellist_supplier_japan_clean.xlsx · RTX JP Hotel template_20260528.xlsx","호텔명·도시 및 실제정보 컬럼=사용자 제공 일본 호텔 자료(매칭된 호텔) / 가격·이용자평점·리뷰수·시설·재고=가상"
"H0870","Dreamhouse R&D Gakuenmae","Sapporo","5","Sapporo 도요히라","7.199999999999999","1073","Resort","","","","","","","","","","","","","","","","호텔명·도시 및 실제정보 컬럼=사용자 제공 일본 호텔 자료(매칭된 호텔) / 가격·이용자평점·리뷰수·시설·재고=가상"
"H0871","Ezo Run","Sapporo","3","Sapporo 삿포로역","7.3","1170","Hotel","","","","","","","","","","","","","","","","호텔명·도시 및 실제정보 컬럼=사용자 제공 일본 호텔 자료(매칭된 호텔) / 가격·이용자평점·리뷰수·시설·재고=가상"
"H0872","FRAME HOTEL SAPPORO","Sapporo","4","7-8-1 Minami-5-jonishi Chuo-ku","7.3999999999999995","1267","Hotel","7-8-1 Minami-5-jonishi Chuo-ku","Sapporo","Hokkaido","064-0805","43.0542333","141.3482994","81-50-5444-6618","4.0","JPSPK00180","ja2J","19924467","","2734","2025-11-17 18:15:22","Hotellist_supplier_japan_clean.xlsx · RTX JP Hotel template_20260528.xlsx","호텔명·도시 및 실제정보 컬럼=사용자 제공 일본 호텔 자료(매칭된 호텔) / 가격·이용자평점·리뷰수·시설·재고=가상"
"H0873","GRANBELL HOTEL TANUKI, SAPPORO","Sapporo","5","8-10-1 Minami 3-jo Nishi, Chuo-ku","7.5","1364","Hotel","8-10-1 Minami 3-jo Nishi, Chuo-ku","Sapporo","Hokkaido","060-0063","43.0558865","141.345906","81-11-522-5541","3.0","","PpMx","22001968","","","","RTX JP Hotel template_20260528.xlsx","호텔명·도시 및 실제정보 컬럼=사용자 제공 일본 호텔 자료(매칭된 호텔) / 가격·이용자평점·리뷰수·시설·재고=가상"
"H0874","Grand Mercure Sapporo Odori Park","Sapporo","3","11-1-1 Kita 1-jo Nishi, Chuo-ku","7.6","1461","Hotel","11-1-1 Kita 1-jo Nishi, Chuo-ku","Sapporo","Hokkaido","060-0001","43.06090009","141.3396898","81-3-6627-4630","3.5","JPSPK00283","u8Sh","48041443","","","2025-09-15 12:31:43","Hotellist_supplier_japan_clean.xlsx · RTX JP Hotel template_20260528.xlsx","호텔명·도시 및 실제정보 컬럼=사용자 제공 일본 호텔 자료(매칭된 호텔) / 가격·이용자평점·리뷰수·시설·재고=가상"
"H0875","GRIDS Sapporo","Sapporo","4","Sapporo 마루야마","7.699999999999999","1558","Ryokan","","","","","","","","","","","","","","","","호텔명·도시 및 실제정보 컬럼=사용자 제공 일본 호텔 자료(매칭된 호텔) / 가격·이용자평점·리뷰수·시설·재고=가상"
"H0876","Guest House On My Way","Sapporo","5","Sapporo 모이와산","7.8","1655","Hotel","","","","","","","","","","","","","","","","호텔명·도시 및 실제정보 컬럼=사용자 제공 일본 호텔 자료(매칭된 호텔) / 가격·이용자평점·리뷰수·시설·재고=가상"
"H0877","Guest House Sapporo yuyu","Sapporo","3","Sapporo 신삿포로","7.8999999999999995","1752","Hotel","","","","","","","","","","","","","","","","호텔명·도시 및 실제정보 컬럼=사용자 제공 일본 호텔 자료(매칭된 호텔) / 가격·이용자평점·리뷰수·시설·재고=가상"
"H0878","HELIO HOSTEL SAPPORO","Sapporo","4","5-26-4 Minami 2jo Nishi, Chuo-ku","8.0","1849","Hotel","5-26-4 Minami 2jo Nishi, Chuo-ku","Sapporo","Hokkaido","060-0062","43.0579246","141.3509361","81-11-205-3059","","JPSPK00316","cwhs","38499000","","","2025-12-06 23:00:24","Hotellist_supplier_japan_clean.xlsx · RTX JP Hotel template_20260528.xlsx","호텔명·도시 및 실제정보 컬럼=사용자 제공 일본 호텔 자료(매칭된 호텔) / 가격·이용자평점·리뷰수·시설·재고=가상"
"H0879","Hokkaido Christian Center","Sapporo","5","Sapporo 기타구","8.1","1946","Hotel","","","","","","","","","","","","","","","","호텔명·도시 및 실제정보 컬럼=사용자 제공 일본 호텔 자료(매칭된 호텔) / 가격·이용자평점·리뷰수·시설·재고=가상"
"H0880","Hokkaido Sun Guest House","Sapporo","3","2-21, West 6, North 23 North district 060-0042 Sapporo ´JP´","8.2","2043","Hotel","2-21, West 6, North 23 North district 060-0042 Sapporo ´JP´","Sapporo","","","43.0893096923828","141.340087890625","+81 11 7885099","","JPSPK00192","","","","","2021-07-22 10:43:30","Hotellist_supplier_japan_clean.xlsx","호텔명·도시 및 실제정보 컬럼=사용자 제공 일본 호텔 자료(매칭된 호텔) / 가격·이용자평점·리뷰수·시설·재고=가상"
"H0881","Holiday Inn & Suites Sapporo Odori Park","Sapporo","4","8-6-1 Minami 2-jo Nishi, Chuo-ku","8.299999999999999","2140","Resort","8-6-1 Minami 2-jo Nishi, Chuo-ku","Sapporo","Hokkaido","060-0062","43.0566014","141.3455831","81-120-677-651","","JPSPK00023","mBlG","","","","2026-04-09 04:22:17","Hotellist_supplier_japan_clean.xlsx · RTX JP Hotel template_20260528.xlsx","호텔명·도시 및 실제정보 컬럼=사용자 제공 일본 호텔 자료(매칭된 호텔) / 가격·이용자평점·리뷰수·시설·재고=가상"
"H0882","Hotel Abest Sapporo","Sapporo","5","6-1-1 Minami 2-Jo Nishi, Chuo-ku","8.4","2237","Hotel","6-1-1 Minami 2-Jo Nishi, Chuo-ku","Sapporo","Hokkaido","060-0062","43.057107","141.349491","81-11-251-2511","3.0","JPSPK00275","V4VX","25913689","","2372","2025-07-18 16:18:10","Hotellist_supplier_japan_clean.xlsx · RTX JP Hotel template_20260528.xlsx","호텔명·도시 및 실제정보 컬럼=사용자 제공 일본 호텔 자료(매칭된 호텔) / 가격·이용자평점·리뷰수·시설·재고=가상"
"H0883","hotel androoms Sapporo Susukino","Sapporo","3","1-1-9 Minami 7jo nishi, Chuo-ku","8.5","2334","Hotel","1-1-9 Minami 7jo nishi, Chuo-ku","Sapporo","Hokkaido","064-0807","43.05","141.36","81-11-520-7111","2.0","JPSPK00274","64yc","32360190","","1993","2025-07-16 18:03:26","Hotellist_supplier_japan_clean.xlsx · RTX JP Hotel template_20260528.xlsx","호텔명·도시 및 실제정보 컬럼=사용자 제공 일본 호텔 자료(매칭된 호텔) / 가격·이용자평점·리뷰수·시설·재고=가상"
"H0884","Hotel Bougainvillea Sapporo","Sapporo","4","7-6-1 Minami-2-jonishi Chuo-ku","8.6","2431","Hotel","7-6-1 Minami-2-jonishi Chuo-ku","Sapporo","Hokkaido","060-0062","43.05653696","141.3467756","81-11-222-1010","3.0","","Aq5b","","","","","RTX JP Hotel template_20260528.xlsx","호텔명·도시 및 실제정보 컬럼=사용자 제공 일본 호텔 자료(매칭된 호텔) / 가격·이용자평점·리뷰수·시설·재고=가상"
"H0885","Hotel Classe Stay Sapporo","Sapporo","5","2-5-90 Minami 8-jo Nishi Chuo-ku","8.7","2528","Hotel","2-5-90 Minami 8-jo Nishi Chuo-ku","Sapporo","Hokkaido","064-0808","43.05083054","141.3563764","81-11-596-8255","2.5","JPSPK00289","d93k","10946596","","","2025-07-18 16:18:10","Hotellist_supplier_japan_clean.xlsx · RTX JP Hotel template_20260528.xlsx","호텔명·도시 및 실제정보 컬럼=사용자 제공 일본 호텔 자료(매칭된 호텔) / 가격·이용자평점·리뷰수·시설·재고=가상"
"H0886","Hotel Emion Sapporo","Sapporo","3","1-4 Kita 8jo nishi, Kita-ku","8.799999999999999","2625","Hotel","1-4 Kita 8jo nishi, Kita-ku","Sapporo","Hokkaido","060-0808","43.07","141.35","81-11-374-6627","2.5","JPSPK00300","KxQj","","","240","2025-12-06 23:00:24","Hotellist_supplier_japan_clean.xlsx · RTX JP Hotel template_20260528.xlsx","호텔명·도시 및 실제정보 컬럼=사용자 제공 일본 호텔 자료(매칭된 호텔) / 가격·이용자평점·리뷰수·시설·재고=가상"
"H0887","HOTEL FORZA SAPPORO-EKIMAE","Sapporo","4","Sapporo 신삿포로","8.9","2722","Hotel","","","","","","","","","","","","","","","","호텔명·도시 및 실제정보 컬럼=사용자 제공 일본 호텔 자료(매칭된 호텔) / 가격·이용자평점·리뷰수·시설·재고=가상"
"H0888","HOTEL HAMILTON SAPPORO","Sapporo","5","1-238 MINAMI 1-JONIAHI 15-CHOME CHUOKU SAPPORO SAPPORO Japan","9.0","2819","Hotel","1-238 MINAMI 1-JONIAHI 15-CHOME CHUOKU SAPPORO SAPPORO Japan","Sapporo","","","43.05686","141.3342","0081116320080","","JPSPK00107","","","","","2024-02-04 16:36:17","Hotellist_supplier_japan_clean.xlsx","호텔명·도시 및 실제정보 컬럼=사용자 제공 일본 호텔 자료(매칭된 호텔) / 가격·이용자평점·리뷰수·시설·재고=가상"
"H0889","Hotel Hashimoto","Sapporo","3","Higashi 2-4 Minami 2Jyo Chuo-ku","9.1","2916","Hotel","Higashi 2-4 Minami 2Jyo Chuo-ku","Sapporo","Hokkaido","060-0052","43.059223149999994","141.3589437","81-11-231-1123","3.5","JPSPK00131","PHJs","734590","9803799","","2025-03-11 11:53:07","Hotellist_supplier_japan_clean.xlsx · RTX JP Hotel template_20260528.xlsx","호텔명·도시 및 실제정보 컬럼=사용자 제공 일본 호텔 자료(매칭된 호텔) / 가격·이용자평점·리뷰수·시설·재고=가상"
"H0890","Hotel Hokke Club Sapporo","Sapporo","4","3 Kita 2jonishi, Chuo-ku","9.2","3013","Hotel","3 Kita 2jonishi, Chuo-ku","Sapporo","Hokkaido","060-0002","43.064127899999995","141.3525135","81-11-221-2141","3.5","JPSPK00039","GnI4","267811","5255414","","2026-07-08 16:26:10","Hotellist_supplier_japan_clean.xlsx · RTX JP Hotel template_20260528.xlsx","호텔명·도시 및 실제정보 컬럼=사용자 제공 일본 호텔 자료(매칭된 호텔) / 가격·이용자평점·리뷰수·시설·재고=가상"
"H0891","Hotel JAL City Sapporo Nakajima Park","Sapporo","5","3-1-25 Minami-8-jonishi Chuo-ku","9.3","3110","Hotel","3-1-25 Minami-8-jonishi Chuo-ku","Sapporo","Hokkaido","064-0808","43.05025994","141.3556347","81-11-521-2580","3.0","JPSPK00194","9G9v","6992614","36284134","","2026-07-20 17:50:53","Hotellist_supplier_japan_clean.xlsx · RTX JP Hotel template_20260528.xlsx","호텔명·도시 및 실제정보 컬럼=사용자 제공 일본 호텔 자료(매칭된 호텔) / 가격·이용자평점·리뷰수·시설·재고=가상"
"H0892","HOTEL KEIHAN SAPPORO","Sapporo","3","6-1-9 Kita-6-jyo-nishi,Kita-ku","9.399999999999999","3207","Resort","6-1-9 Kita-6-jyo-nishi,Kita-ku","Sapporo","Hokkaido","060-0806","43.06772448","141.3461777","81-11-758-0321","4.0","JPSPK00049","He9o","186494","4626663","986","2025-12-06 23:00:24","Hotellist_supplier_japan_clean.xlsx · RTX JP Hotel template_20260528.xlsx","호텔명·도시 및 실제정보 컬럼=사용자 제공 일본 호텔 자료(매칭된 호텔) / 가격·이용자평점·리뷰수·시설·재고=가상"
"H0893","Hotel Kotoni Sapporo","Sapporo","4","Sapporo 스스키노","9.5","3304","Hotel","","","","","","","","","","","","","","","","호텔명·도시 및 실제정보 컬럼=사용자 제공 일본 호텔 자료(매칭된 호텔) / 가격·이용자평점·리뷰수·시설·재고=가상"
"H0894","Hotel la mer","Sapporo","5","Sapporo 나카지마공원","9.6","3401","Ryokan","","","","","","","","","","","","","","","","호텔명·도시 및 실제정보 컬럼=사용자 제공 일본 호텔 자료(매칭된 호텔) / 가격·이용자평점·리뷰수·시설·재고=가상"
"H0895","Hotel Lifort Sapporo","Sapporo","3","1 Minami-10-jonishi Chuo-ku","9.7","3498","Hotel","1 Minami-10-jonishi Chuo-ku","Sapporo","Hokkaido","064-0810","43.04704123","141.357053","81-11-521-5211","3.0","JPSPK00017","q8hm","3073016","","","2025-11-17 18:15:22","Hotellist_supplier_japan_clean.xlsx · RTX JP Hotel template_20260528.xlsx","호텔명·도시 및 실제정보 컬럼=사용자 제공 일본 호텔 자료(매칭된 호텔) / 가격·이용자평점·리뷰수·시설·재고=가상"
"H0896","HOTEL LiVEMAX","Sapporo","4","Sapporo 모이와산","9.8","3595","Hotel","","","","","","","","","","","","","","","","호텔명·도시 및 실제정보 컬럼=사용자 제공 일본 호텔 자료(매칭된 호텔) / 가격·이용자평점·리뷰수·시설·재고=가상"
"H0897","HOTEL LiVEMAX PREMIUM Sapporo Odori koen","Sapporo","5","Sapporo 신삿포로","7.1","3692","Hotel","","","","","","","","","","","","","","","","호텔명·도시 및 실제정보 컬럼=사용자 제공 일본 호텔 자료(매칭된 호텔) / 가격·이용자평점·리뷰수·시설·재고=가상"
"H0898","HOTEL LiVEMAX SAPPORO NAKAJIMA KOEN GRANDE","Sapporo","3","Sapporo 조잔케이","7.199999999999999","3789","Hotel","","","","","","","","","","","","","","","","호텔명·도시 및 실제정보 컬럼=사용자 제공 일본 호텔 자료(매칭된 호텔) / 가격·이용자평점·리뷰수·시설·재고=가상"
"H0899","Hotel LiVEMAX Sapporo-Ekimae","Sapporo","4","Sapporo 기타구","7.3","3886","Hotel","","","","","","","","","","","","","","","","호텔명·도시 및 실제정보 컬럼=사용자 제공 일본 호텔 자료(매칭된 호텔) / 가격·이용자평점·리뷰수·시설·재고=가상"
"H0900","Hotel Mystays Sapporo eki Kitaguchi","Sapporo","5","Sapporo 도요히라","7.3999999999999995","3983","Hotel","","","","","","","","","","","","","","","","호텔명·도시 및 실제정보 컬럼=사용자 제공 일본 호텔 자료(매칭된 호텔) / 가격·이용자평점·리뷰수·시설·재고=가상"
"H0901","HOTEL MYSTAYS Sapporo Nakajima Park","Sapporo","3","1-1-20 Minami 14-jo Nishi, Chuo-ku","7.5","4080","Hotel","1-1-20 Minami 14-jo Nishi, Chuo-ku","Sapporo","Hokkaido","064-0914","43.04257232","141.3566755","81-11-531-0550","3.5","","mqHa","399849","","","","RTX JP Hotel template_20260528.xlsx","호텔명·도시 및 실제정보 컬럼=사용자 제공 일본 호텔 자료(매칭된 호텔) / 가격·이용자평점·리뷰수·시설·재고=가상"
"H0902","HOTEL MYSTAYS Sapporo Nakajima Park Annex","Sapporo","4","1-4-3 Minami 11jonishi, Chuo-ku","7.6","4177","Hotel","1-4-3 Minami 11jonishi, Chuo-ku","Sapporo","Hokkaido","064-0811","43.04602303","141.3572599","81-11-563-6700","2.5","JPSPK00157","fL88","569059","7794756","","2025-12-10 15:52:43","Hotellist_supplier_japan_clean.xlsx · RTX JP Hotel template_20260528.xlsx","호텔명·도시 및 실제정보 컬럼=사용자 제공 일본 호텔 자료(매칭된 호텔) / 가격·이용자평점·리뷰수·시설·재고=가상"
"H0903","Hotel Mystays Sapporo Susukino","Sapporo","5","5-1-7 Minami 7jonishi, Chuo-ku","7.699999999999999","4274","Resort","5-1-7 Minami 7jonishi, Chuo-ku","Sapporo","Hokkaido","064-0807","43.05204899999999","141.352191","81-11-520-1500","3.0","JPSPK00197","qDkC","548995","","","2026-07-08 16:26:10","Hotellist_supplier_japan_clean.xlsx · RTX JP Hotel template_20260528.xlsx","호텔명·도시 및 실제정보 컬럼=사용자 제공 일본 호텔 자료(매칭된 호텔) / 가격·이용자평점·리뷰수·시설·재고=가상"
"H0904","Hotel Nets Sapporo","Sapporo","3","4-2-1 Minami-7-jonishi Chuo-ku","7.8","4371","Hotel","4-2-1 Minami-7-jonishi Chuo-ku","Sapporo","Hokkaido","064-0807","43.052249700000004","141.353352","81-50-5444-6618","3.0","JPSPK00133","Nwzv","2162978","18456648","","2025-04-30 10:53:50","Hotellist_supplier_japan_clean.xlsx · RTX JP Hotel template_20260528.xlsx","호텔명·도시 및 실제정보 컬럼=사용자 제공 일본 호텔 자료(매칭된 호텔) / 가격·이용자평점·리뷰수·시설·재고=가상"
"H0905","Hotel Nolte","Sapporo","4","Sapporo 마루야마","7.8999999999999995","4468","Hotel","","","","","","","","","","","","","","","","호텔명·도시 및 실제정보 컬럼=사용자 제공 일본 호텔 자료(매칭된 호텔) / 가격·이용자평점·리뷰수·시설·재고=가상"
"H0906","Hotel North City","Sapporo","5","Nishi 1 chome Minami 9 jo Chuo ku  064 0809 Sapporo ´JP´","8.0","4565","Hotel","Nishi 1 chome Minami 9 jo Chuo ku  064 0809 Sapporo ´JP´","Sapporo","","","43.0494194030762","141.357299804688","0081 11 5129748","","JPSPK00225","","","","","2024-05-31 23:11:18","Hotellist_supplier_japan_clean.xlsx","호텔명·도시 및 실제정보 컬럼=사용자 제공 일본 호텔 자료(매칭된 호텔) / 가격·이용자평점·리뷰수·시설·재고=가상"
"H0907","Hotel ONE'S RESIDENCE","Sapporo","3","2-5-67 Minami 8 jo nishi, Chuo ward, ２丁目 南８?西 中央? Sapporo, Hokkaido 064-0808, , Sapporo, 064-0808, Japan","8.1","4662","Hotel","2-5-67 Minami 8 jo nishi, Chuo ward, ２丁目 南８?西 中央? Sapporo, Hokkaido 064-0808, , Sapporo, 064-0808, Japan","Sapporo","","","43.050426","141.356453","81 92 260 9531","","JPSPK00302","","","","","2025-06-04 14:43:30","Hotellist_supplier_japan_clean.xlsx","호텔명·도시 및 실제정보 컬럼=사용자 제공 일본 호텔 자료(매칭된 호텔) / 가격·이용자평점·리뷰수·시설·재고=가상"
"H0908","Hotel Pearl City Sapporo","Sapporo","4","Kita3-jonishi, Chuo-ku Sapporo-shi, Hokkaido, 060-0003, Japan","8.2","4759","Hotel","Kita3-jonishi, Chuo-ku Sapporo-shi, Hokkaido, 060-0003, Japan","Sapporo","","","43.065268142309904","141.3528673226151","81-11-222-0511","","JPSPK00096","","","","","2025-09-15 12:31:43","Hotellist_supplier_japan_clean.xlsx","호텔명·도시 및 실제정보 컬럼=사용자 제공 일본 호텔 자료(매칭된 호텔) / 가격·이용자평점·리뷰수·시설·재고=가상"
"H0909","Hotel Polestar Sapporo","Sapporo","5","Sapporo 기타구","8.299999999999999","4856","Hotel","","","","","","","","","","","","","","","","호텔명·도시 및 실제정보 컬럼=사용자 제공 일본 호텔 자료(매칭된 호텔) / 가격·이용자평점·리뷰수·시설·재고=가상"
"H0910","Hotel Relief SAPPORO SUSUKINO","Sapporo","3","3-1-4 Minami 8jo nishi, Chuo-ku","8.4","4953","Hotel","3-1-4 Minami 8jo nishi, Chuo-ku","Sapporo","Hokkaido","064-0808","43.05085126","141.3554629","81-11-520-6550","2.5","JPSPK00101","mCon","720558","","737","2025-04-30 10:53:50","Hotellist_supplier_japan_clean.xlsx · RTX JP Hotel template_20260528.xlsx","호텔명·도시 및 실제정보 컬럼=사용자 제공 일본 호텔 자료(매칭된 호텔) / 가격·이용자평점·리뷰수·시설·재고=가상"
"H0911","HOTEL RESOL SAPPORO NAKAJIMAKOUEN","Sapporo","4","4-4-10 Minamikujyonishi, Chuo-ku","8.5","150","Hotel","4-4-10 Minamikujyonishi, Chuo-ku","Sapporo","Hokkaido","064-0809","43.04874089","141.3529727","81-11-562-9269","2.5","","2xDX","197836","","","","RTX JP Hotel template_20260528.xlsx","호텔명·도시 및 실제정보 컬럼=사용자 제공 일본 호텔 자료(매칭된 호텔) / 가격·이용자평점·리뷰수·시설·재고=가상"
"H0912","Hotel rio","Sapporo","5","Sapporo 오도리","8.6","247","Hotel","","","","","","","","","","","","","","","","호텔명·도시 및 실제정보 컬럼=사용자 제공 일본 호텔 자료(매칭된 호텔) / 가격·이용자평점·리뷰수·시설·재고=가상"
"H0913","Hotel Ronshan Sapporo","Sapporo","3","1 Minami-5-johigashi, Chuo-ku","8.7","344","Ryokan","1 Minami-5-johigashi, Chuo-ku","Sapporo","Hokkaido","060-0055","43.05545661","141.3589789","81-11-561-1131","2.5","JPSPK00134","ZZU6","200532","","","2025-07-27 19:55:34","Hotellist_supplier_japan_clean.xlsx · RTX JP Hotel template_20260528.xlsx","호텔명·도시 및 실제정보 컬럼=사용자 제공 일본 호텔 자료(매칭된 호텔) / 가격·이용자평점·리뷰수·시설·재고=가상"
"H0914","HOTEL ROUTE-INN","Sapporo","4","Sapporo 나카지마공원","8.799999999999999","441","Resort","","","","","","","","","","","","","","","","호텔명·도시 및 실제정보 컬럼=사용자 제공 일본 호텔 자료(매칭된 호텔) / 가격·이용자평점·리뷰수·시설·재고=가상"
"H0915","Hotel Route-Inn Sapporo Ekimae","Sapporo","5","Sapporo 마루야마","8.9","538","Hotel","","","","","","","","","","","","","","","","호텔명·도시 및 실제정보 컬럼=사용자 제공 일본 호텔 자료(매칭된 호텔) / 가격·이용자평점·리뷰수·시설·재고=가상"
"H0916","HOTEL ROYAL STAY SAPPORO","Sapporo","3","8-2-1 Minami 6-jo Nishi, Chuo-ku  064-0806 Sapporo ´JP´","9.0","635","Hotel","8-2-1 Minami 6-jo Nishi, Chuo-ku  064-0806 Sapporo ´JP´","Sapporo","","","43.052619934082","141.347534179688","+81 3 51568353","","JPSPK00202","","","","","2025-07-15 17:13:01","Hotellist_supplier_japan_clean.xlsx","호텔명·도시 및 실제정보 컬럼=사용자 제공 일본 호텔 자료(매칭된 호텔) / 가격·이용자평점·리뷰수·시설·재고=가상"
"H0917","Hotel Sapporo Garden Palace","Sapporo","4","6 Kita 1jonishi, Chuo-ku","9.1","732","Hotel","6 Kita 1jonishi, Chuo-ku","Sapporo","Hokkaido","060-0001","43.06226962","141.3472224","81-11-261-5311","3.5","JPSPK00013","PrXz","186801","3867344","1605","2025-03-11 11:53:07","Hotellist_supplier_japan_clean.xlsx · RTX JP Hotel template_20260528.xlsx","호텔명·도시 및 실제정보 컬럼=사용자 제공 일본 호텔 자료(매칭된 호텔) / 가격·이용자평점·리뷰수·시설·재고=가상"
"H0918","Hotel Sapporo Met's","Sapporo","5","5-2-50 Kita-17-jonishi, Kita-ku","9.2","829","Hotel","5-2-50 Kita-17-jonishi, Kita-ku","Sapporo","","","43.081083436468944","141.34504962086677","81-11-726-5511","","JPSPK00318","","","","","2025-12-05 23:03:04","Hotellist_supplier_japan_clean.xlsx","호텔명·도시 및 실제정보 컬럼=사용자 제공 일본 호텔 자료(매칭된 호텔) / 가격·이용자평점·리뷰수·시설·재고=가상"
"H0919","Hotel show sapporo","Sapporo","3","Sapporo 기타구","9.3","926","Hotel","","","","","","","","","","","","","","","","호텔명·도시 및 실제정보 컬럼=사용자 제공 일본 호텔 자료(매칭된 호텔) / 가격·이용자평점·리뷰수·시설·재고=가상"
"H0920","HOTEL Sosei Sapporo M Gallery","Sapporo","4","Sapporo 도요히라","9.399999999999999","1023","Hotel","","","","","","","","","","","","","","","","호텔명·도시 및 실제정보 컬럼=사용자 제공 일본 호텔 자료(매칭된 호텔) / 가격·이용자평점·리뷰수·시설·재고=가상"
"H0921","Hotel Tetora Split Sapporo","Sapporo","5","Sapporo 삿포로역","9.5","1120","Hotel","","","","","","","","","","","","","","","","호텔명·도시 및 실제정보 컬럼=사용자 제공 일본 호텔 자료(매칭된 호텔) / 가격·이용자평점·리뷰수·시설·재고=가상"
"H0922","Hotel Tokeidai","Sapporo","3","3 Kita-2-jonishi Chuo-ku","9.6","1217","Hotel","3 Kita-2-jonishi Chuo-ku","Sapporo","Hokkaido","060-0002","43.063844589999995","141.3523302","81-11-222-7211","2.5","JPSPK00256","2r4u","6993210","6603957","","2025-12-05 23:03:04","Hotellist_supplier_japan_clean.xlsx · RTX JP Hotel template_20260528.xlsx","호텔명·도시 및 실제정보 컬럼=사용자 제공 일본 호텔 자료(매칭된 호텔) / 가격·이용자평점·리뷰수·시설·재고=가상"
"H0923","Hotel Vista Sapporo","Sapporo","4","Sapporo 스스키노","9.7","1314","Hotel","","","","","","","","","","","","","","","","호텔명·도시 및 실제정보 컬럼=사용자 제공 일본 호텔 자료(매칭된 호텔) / 가격·이용자평점·리뷰수·시설·재고=가상"
"H0924","Hotel Vista Sapporo Odori","Sapporo","5","5-16 Minami 3 jo Nishi, Chuo-ku, Sapporo City, Hokkaido, Japan 060-0063","9.8","1411","Hotel","5-16 Minami 3 jo Nishi, Chuo-ku, Sapporo City, Hokkaido, Japan 060-0063","Sapporo","","","43.05675249999999","141.35038020000002","011-233-3151","","JPSPK00117","","","","","2025-09-15 12:31:43","Hotellist_supplier_japan_clean.xlsx","호텔명·도시 및 실제정보 컬럼=사용자 제공 일본 호텔 자료(매칭된 호텔) / 가격·이용자평점·리뷰수·시설·재고=가상"
"H0925","Hotel Water Gate Timeless Resort","Sapporo","3","Sapporo 마루야마","7.1","1508","Resort","","","","","","","","","","","","","","","","호텔명·도시 및 실제정보 컬럼=사용자 제공 일본 호텔 자료(매칭된 호텔) / 가격·이용자평점·리뷰수·시설·재고=가상"
"H0926","Hotel WBF Sapporo Chuo","Sapporo","4","1-2-2 Minami-2-jonishi Chuo-ku","7.199999999999999","1605","Hotel","1-2-2 Minami-2-jonishi Chuo-ku","Sapporo","Hokkaido","060-0062","43.05848704","141.3564884","81-11-290-3000","2.5","","N5vG","812727","","","","RTX JP Hotel template_20260528.xlsx","호텔명·도시 및 실제정보 컬럼=사용자 제공 일본 호텔 자료(매칭된 호텔) / 가격·이용자평점·리뷰수·시설·재고=가상"
"H0927","Hotel Yukita","Sapporo","5","Kita 36-jo Higashi 15-3-15, Higashi-ku","7.3","1702","Hotel","Kita 36-jo Higashi 15-3-15, Higashi-ku","Sapporo","Hokkaido","007-0836","43.10705098","141.3682261","81-11-751-3500","3.0","JPHOK00164","sjlh","","","","2025-12-05 23:03:04","Hotellist_supplier_japan_clean.xlsx · RTX JP Hotel template_20260528.xlsx","호텔명·도시 및 실제정보 컬럼=사용자 제공 일본 호텔 자료(매칭된 호텔) / 가격·이용자평점·리뷰수·시설·재고=가상"
"H0928","ＨＯＴＥＬＷｅｇｏヒラギシ","Sapporo","3","Sapporo 조잔케이","7.3999999999999995","1799","Hotel","","","","","","","","","","","","","","","","호텔명·도시 및 실제정보 컬럼=사용자 제공 일본 호텔 자료(매칭된 호텔) / 가격·이용자평점·리뷰수·시설·재고=가상"
"H0929","ＨＯＴＥＬＷＯＯＰａｒｔ－１","Sapporo","4","Sapporo 기타구","7.5","1896","Hotel","","","","","","","","","","","","","","","","호텔명·도시 및 실제정보 컬럼=사용자 제공 일본 호텔 자료(매칭된 호텔) / 가격·이용자평점·리뷰수·시설·재고=가상"
"H0930","ＨＯＴＥＬＷＯＯＰａｒｔ－2","Sapporo","5","Sapporo 도요히라","7.6","1993","Hotel","","","","","","","","","","","","","","","","호텔명·도시 및 실제정보 컬럼=사용자 제공 일본 호텔 자료(매칭된 호텔) / 가격·이용자평점·리뷰수·시설·재고=가상"
"H0931","Hoteru WBF Sapporo Susukino","Sapporo","3","Sapporo 삿포로역","7.699999999999999","2090","Hotel","","","","","","","","","","","","","","","","호텔명·도시 및 실제정보 컬럼=사용자 제공 일본 호텔 자료(매칭된 호텔) / 가격·이용자평점·리뷰수·시설·재고=가상"
"H0932","ibis Styles Sapporo hotel","Sapporo","4","3-10-10 Minami 8jonishi, Chuo-ku","7.8","2187","Ryokan","3-10-10 Minami 8jonishi, Chuo-ku","Sapporo","Hokkaido","064-0808","43.05023245","141.3551029","81-11-530-4055","4.0","JPSPK00055","cBLp","765879","9259945","","2025-09-15 12:31:43","Hotellist_supplier_japan_clean.xlsx · RTX JP Hotel template_20260528.xlsx","호텔명·도시 및 실제정보 컬럼=사용자 제공 일본 호텔 자료(매칭된 호텔) / 가격·이용자평점·리뷰수·시설·재고=가상"
"H0933","IGLOO","Sapporo","5","Sapporo 스스키노","7.8999999999999995","2284","Hotel","","","","","","","","","","","","","","","","호텔명·도시 및 실제정보 컬럼=사용자 제공 일본 호텔 자료(매칭된 호텔) / 가격·이용자평점·리뷰수·시설·재고=가상"
"H0934","InterContinental Sapporo","Sapporo","3","Minami 10-jo Nishi 1-1-48, Chuo-ku","8.0","2381","Hotel","Minami 10-jo Nishi 1-1-48, Chuo-ku","Sapporo","Hokkaido","064-0810","43.0476263","141.3583405","81-11-562-7000","","JPSPK00317","gGtz","69474050","","","2025-11-28 15:23:43","Hotellist_supplier_japan_clean.xlsx · RTX JP Hotel template_20260528.xlsx","호텔명·도시 및 실제정보 컬럼=사용자 제공 일본 호텔 자료(매칭된 호텔) / 가격·이용자평점·리뷰수·시설·재고=가상"
"H0935","Itsukiya","Sapporo","4","Sapporo 마루야마","8.1","2478","Hotel","","","","","","","","","","","","","","","","호텔명·도시 및 실제정보 컬럼=사용자 제공 일본 호텔 자료(매칭된 호텔) / 가격·이용자평점·리뷰수·시설·재고=가상"
"H0936","Jasmac Plaza Hotel","Sapporo","5","3 Nishi, Minami 7 jo,   Sapporo","8.2","2575","Resort","3 Nishi, Minami 7 jo,   Sapporo","Sapporo","","","43.05193","141.355556","81115513333","","JPSPK00136","","","","","2025-12-05 23:03:04","Hotellist_supplier_japan_clean.xlsx","호텔명·도시 및 실제정보 컬럼=사용자 제공 일본 호텔 자료(매칭된 호텔) / 가격·이용자평점·리뷰수·시설·재고=가상"
"H0937","JR East Hotel Mets Premier Sapporo","Sapporo","3","2-5-3Kita-7-jonishi Kita-ku","8.299999999999999","2672","Hotel","2-5-3Kita-7-jonishi Kita-ku","Sapporo","Hokkaido","060-0807","43.07010936","141.3527213","81-11-729-0011","2.5","","dbpw","5944027","","","","RTX JP Hotel template_20260528.xlsx","호텔명·도시 및 실제정보 컬럼=사용자 제공 일본 호텔 자료(매칭된 호텔) / 가격·이용자평점·리뷰수·시설·재고=가상"
"H0938","JR INN Sapporo N2","Sapporo","4","Sapporo 조잔케이","8.4","2769","Hotel","","","","","","","","","","","","","","","","호텔명·도시 및 실제정보 컬럼=사용자 제공 일본 호텔 자료(매칭된 호텔) / 가격·이용자평점·리뷰수·시설·재고=가상"
"H0939","Karakusa Hotel Sapporo","Sapporo","5","Sapporo 기타구","8.5","2866","Hotel","","","","","","","","","","","","","","","","호텔명·도시 및 실제정보 컬럼=사용자 제공 일본 호텔 자료(매칭된 호텔) / 가격·이용자평점·리뷰수·시설·재고=가상"
"H0940","Keikyu EX Hotel Sapporo","Sapporo","3","4-2-6 Kita 6-jo Nishi, Kita-ku","8.6","2963","Hotel","4-2-6 Kita 6-jo Nishi, Kita-ku","Sapporo","Hokkaido","060-0806","43.06882","141.34874","81-11-737-3910","2.5","JPSPK00312","nd3o","31423128","","29","2025-09-11 11:02:58","Hotellist_supplier_japan_clean.xlsx · RTX JP Hotel template_20260528.xlsx","호텔명·도시 및 실제정보 컬럼=사용자 제공 일본 호텔 자료(매칭된 호텔) / 가격·이용자평점·리뷰수·시설·재고=가상"
"H0941","Keio Prelia Hotel Sapporo","Sapporo","4","4-11-1 Kita-8-jonishi Kita-ku","8.7","3060","Hotel","4-11-1 Kita-8-jonishi Kita-ku","Sapporo","Hokkaido","060-0808","43.07019681","141.348349","81-11-205-8111","2.5","JPSPK00164","fT4s","6495367","","2372","2025-04-30 10:53:50","Hotellist_supplier_japan_clean.xlsx · RTX JP Hotel template_20260528.xlsx","호텔명·도시 및 실제정보 컬럼=사용자 제공 일본 호텔 자료(매칭된 호텔) / 가격·이용자평점·리뷰수·시설·재고=가상"
"H0942","KOKO HOTEL Sapporo ekimae","Sapporo","5","3-3-10 Kita 1Jo nishi, Chuo-ku","8.799999999999999","3157","Hotel","3-3-10 Kita 1Jo nishi, Chuo-ku","Sapporo","Hokkaido","060-0001","43.063083000000006","141.3521452","81-11-261-3489","2.5","JPSPK00092","EXbw","18166392","","2040","2025-09-15 12:31:43","Hotellist_supplier_japan_clean.xlsx · RTX JP Hotel template_20260528.xlsx","호텔명·도시 및 실제정보 컬럼=사용자 제공 일본 호텔 자료(매칭된 호텔) / 가격·이용자평점·리뷰수·시설·재고=가상"
"H0943","KOKO HOTEL Sapporo Odori","Sapporo","3","6-8-1 Minami 1 jo nishi, Chuo-ku","8.9","3254","Hotel","6-8-1 Minami 1 jo nishi, Chuo-ku","Sapporo","Hokkaido","060-0061","43.05815437","141.3483888","81-11-200-6720","2.0","","w5gs","12663026","","805","","RTX JP Hotel template_20260528.xlsx","호텔명·도시 및 실제정보 컬럼=사용자 제공 일본 호텔 자료(매칭된 호텔) / 가격·이용자평점·리뷰수·시설·재고=가상"
"H0944","La'gent Stay SAPPORO-ODORI","Sapporo","4","5-26-5 Minami-2-jonishi Chuo-ku","9.0","3351","Hotel","5-26-5 Minami-2-jonishi Chuo-ku","Sapporo","Hokkaido","060-0062","43.05780855","141.3507851","81-11-200-5507","4.0","JPSPK00093","eINa","1179583","15110395","","2026-04-27 14:04:16","Hotellist_supplier_japan_clean.xlsx · RTX JP Hotel template_20260528.xlsx","호텔명·도시 및 실제정보 컬럼=사용자 제공 일본 호텔 자료(매칭된 호텔) / 가격·이용자평점·리뷰수·시설·재고=가상"
"H0945","LAMP LIGHT BOOKS HOTEL sapporo","Sapporo","5","7-5-1 Minami 2-Jo Nishi, Chuo-ku","9.1","3448","Hotel","7-5-1 Minami 2-Jo Nishi, Chuo-ku","Sapporo","Hokkaido","060-0062","43.06","141.35","81-11-218-1511","2.0","JPSPK00268","PNS4","23172266","","1135","2025-12-06 23:00:24","Hotellist_supplier_japan_clean.xlsx · RTX JP Hotel template_20260528.xlsx","호텔명·도시 및 실제정보 컬럼=사용자 제공 일본 호텔 자료(매칭된 호텔) / 가격·이용자평점·리뷰수·시설·재고=가상"
"H0946","LEAF","Sapporo","3","Sapporo 모이와산","9.2","3545","Hotel","","","","","","","","","","","","","","","","호텔명·도시 및 실제정보 컬럼=사용자 제공 일본 호텔 자료(매칭된 호텔) / 가격·이용자평점·리뷰수·시설·재고=가상"
"H0947","Mezamashi Sandwich","Sapporo","4","9-1 Minami-4 Higashi-3, Heights Showa 1F  0600054 Sapporo ´JP´","9.3","3642","Resort","9-1 Minami-4 Higashi-3, Heights Showa 1F  0600054 Sapporo ´JP´","Sapporo","","","43.057731628418","141.360763549805","","","JPSPK00220","","","","","2022-12-15 11:38:08","Hotellist_supplier_japan_clean.xlsx","호텔명·도시 및 실제정보 컬럼=사용자 제공 일본 호텔 자료(매칭된 호텔) / 가격·이용자평점·리뷰수·시설·재고=가상"
"H0948","Mon lapin","Sapporo","5","Sapporo 조잔케이","9.399999999999999","3739","Hotel","","","","","","","","","","","","","","","","호텔명·도시 및 실제정보 컬럼=사용자 제공 일본 호텔 자료(매칭된 호텔) / 가격·이용자평점·리뷰수·시설·재고=가상"
"H0949","Nakamuraya Ryokan","Sapporo","3","4-21 Daimon-8-bancho","9.5","3836","Hotel","4-21 Daimon-8-bancho","Shiojiri","Nagano","399-0737","36.11357581","137.9506241","81-263-52-1300","3.0","JPSPK00141","Ykcz","2492797","","1274","2025-12-05 23:03:04","Hotellist_supplier_japan_clean.xlsx · RTX JP Hotel template_20260528.xlsx","호텔명·도시 및 실제정보 컬럼=사용자 제공 일본 호텔 자료(매칭된 호텔) / 가격·이용자평점·리뷰수·시설·재고=가상"
"H0950","Nest Hotel Sapporo Odori","Sapporo","4","5-26-1, Minami2-jonishi, Chuo-ku, Sapporo-shi, Hokkaido, Japan","9.6","3933","Hotel","5-26-1, Minami2-jonishi, Chuo-ku, Sapporo-shi, Hokkaido, Japan","Sapporo","","","43.057898637121866","141.35025227116398","81-11-242-1122","","JPSPK00059","","","","","2026-01-05 12:12:37","Hotellist_supplier_japan_clean.xlsx","호텔명·도시 및 실제정보 컬럼=사용자 제공 일본 호텔 자료(매칭된 호텔) / 가격·이용자평점·리뷰수·시설·재고=가상"
"H0951","New Budget Sapporo","Sapporo","5","Sapporo 삿포로역","9.7","4030","Ryokan","","","","","","","","","","","","","","","","호텔명·도시 및 실제정보 컬럼=사용자 제공 일본 호텔 자료(매칭된 호텔) / 가격·이용자평점·리뷰수·시설·재고=가상"
"H0952","New Otani Inn Sapporo","Sapporo","3","1-1-1 Kita 2jo nishi, Chuo-ku","9.8","4127","Hotel","1-1-1 Kita 2jo nishi, Chuo-ku","Sapporo","Hokkaido","060-0002","43.06457236","141.3546077","81-11-222-1111","3.5","JPSPK00046","s8Re","194618","577583","","2025-12-06 23:00:24","Hotellist_supplier_japan_clean.xlsx · RTX JP Hotel template_20260528.xlsx","호텔명·도시 및 실제정보 컬럼=사용자 제공 일본 호텔 자료(매칭된 호텔) / 가격·이용자평점·리뷰수·시설·재고=가상"
"H0953","Nikoh Refre","Sapporo","4","Nikoh Building 4F 2-14, Minami 3JO Nishi, Chuo-Ku 060-0063 Sapporo ´JP´","7.1","4224","Hotel","Nikoh Building 4F 2-14, Minami 3JO Nishi, Chuo-Ku 060-0063 Sapporo ´JP´","Sapporo","","","43.0570793151855","141.355514526367","","","JPSPK00224","","","","","2025-07-16 18:15:14","Hotellist_supplier_japan_clean.xlsx","호텔명·도시 및 실제정보 컬럼=사용자 제공 일본 호텔 자료(매칭된 호텔) / 가격·이용자평점·리뷰수·시설·재고=가상"
"H0954","Odysis Sapporo Odori Park Hotel","Sapporo","5","Sapporo 나카지마공원","7.199999999999999","4321","Hotel","","","","","","","","","","","","","","","","호텔명·도시 및 실제정보 컬럼=사용자 제공 일본 호텔 자료(매칭된 호텔) / 가격·이용자평점·리뷰수·시설·재고=가상"
"H0955","OMO3札幌すすきの","Sapporo","3","Sapporo 마루야마","7.3","4418","Hotel","","","","","","","","","","","","","","","","호텔명·도시 및 실제정보 컬럼=사용자 제공 일본 호텔 자료(매칭된 호텔) / 가격·이용자평점·리뷰수·시설·재고=가상"
"H0956","Onsen Ryokan Yuen Sapporo","Sapporo","4","7 6 Kita 1 Jonishi SAPPORO","7.3999999999999995","4515","Hotel","7 6 Kita 1 Jonishi SAPPORO","Sapporo","","","43.06217579009214","141.34564104795456","+81112711126","","JPHOK00036","","","","","2025-12-06 23:00:24","Hotellist_supplier_japan_clean.xlsx","호텔명·도시 및 실제정보 컬럼=사용자 제공 일본 호텔 자료(매칭된 호텔) / 가격·이용자평점·리뷰수·시설·재고=가상"
"H0957","plat hostel keikyu sapporo ichiba","Sapporo","5","Sapporo 신삿포로","7.5","4612","Hotel","","","","","","","","","","","","","","","","호텔명·도시 및 실제정보 컬럼=사용자 제공 일본 호텔 자료(매칭된 호텔) / 가격·이용자평점·리뷰수·시설·재고=가상"
"H0958","Premier Hotel CABIN Sapporo","Sapporo","3","7tyoume, Minami5-jonishi, Sapporo Shi Chuo Ku, Hokkaido, 064-0805, Japan","7.6","4709","Resort","7tyoume, Minami5-jonishi, Sapporo Shi Chuo Ku, Hokkaido, 064-0805, Japan","Sapporo","","","43.05312133375407","141.34768205158161","011-213-1301","","JPSPK00122","","","","","2025-09-15 12:31:43","Hotellist_supplier_japan_clean.xlsx","호텔명·도시 및 실제정보 컬럼=사용자 제공 일본 호텔 자료(매칭된 호텔) / 가격·이용자평점·리뷰수·시설·재고=가상"
"H0959","Quintessa Hotel Sapporo Susukino 63 Relax＆Spa","Sapporo","4","Sapporo 기타구","7.699999999999999","4806","Hotel","","","","","","","","","","","","","","","","호텔명·도시 및 실제정보 컬럼=사용자 제공 일본 호텔 자료(매칭된 호텔) / 가격·이용자평점·리뷰수·시설·재고=가상"
"H0960","QUINTESSA SAPPORO","Sapporo","5","5 Minami 8jonishi, Chuo-ku","7.8","4903","Hotel","5 Minami 8jonishi, Chuo-ku","Sapporo","Hokkaido","064-0808","43.04989071","141.35184770000004","81-11-512-8500","3.0","JPSPK00027","TKEs","96596","12483785","","2025-12-05 23:03:04","Hotellist_supplier_japan_clean.xlsx · RTX JP Hotel template_20260528.xlsx","호텔명·도시 및 실제정보 컬럼=사용자 제공 일본 호텔 자료(매칭된 호텔) / 가격·이용자평점·리뷰수·시설·재고=가상"
"H0961","R&B HOTEL SAPPORO KITA 3 NISHI 2","Sapporo","3","1-30 Kita 3 Jo, Nishi 2 Chome Chuo-ku, Sapporo-shi, Hokkaido","7.8999999999999995","100","Hotel","1-30 Kita 3 Jo, Nishi 2 Chome Chuo-ku, Sapporo-shi, Hokkaido","Sapporo","","","43.06478497885838","141.35293139101978","+81 011-2101515","","JPSPK00230","","","","","2025-09-15 12:31:43","Hotellist_supplier_japan_clean.xlsx","호텔명·도시 및 실제정보 컬럼=사용자 제공 일본 호텔 자료(매칭된 호텔) / 가격·이용자평점·리뷰수·시설·재고=가상"
"H0962","Richimond Hotel Sapporo Odori","Sapporo","4","Sapporo 오도리","8.0","197","Hotel","","","","","","","","","","","","","","","","호텔명·도시 및 실제정보 컬럼=사용자 제공 일본 호텔 자료(매칭된 호텔) / 가격·이용자평점·리뷰수·시설·재고=가상"
"H0963","RichmondHotel Sapporo Ekimae","Sapporo","5","Sapporo 스스키노","8.1","294","Hotel","","","","","","","","","","","","","","","","호텔명·도시 및 실제정보 컬럼=사용자 제공 일본 호텔 자료(매칭된 호텔) / 가격·이용자평점·리뷰수·시설·재고=가상"
"H0964","Riverside Hotel Sapporo","Sapporo","3","Sapporo 나카지마공원","8.2","391","Hotel","","","","","","","","","","","","","","","","호텔명·도시 및 실제정보 컬럼=사용자 제공 일본 호텔 자료(매칭된 호텔) / 가격·이용자평점·리뷰수·시설·재고=가상"
"H0965","Ryokan Fuyoukan","Sapporo","4","Sapporo 마루야마","8.299999999999999","488","Hotel","","","","","","","","","","","","","","","","호텔명·도시 및 실제정보 컬럼=사용자 제공 일본 호텔 자료(매칭된 호텔) / 가격·이용자평점·리뷰수·시설·재고=가상"
"H0966","San Gran Hotel Sapporo Odori Koen","Sapporo","5","Sapporo 모이와산","8.4","585","Hotel","","","","","","","","","","","","","","","","호텔명·도시 및 실제정보 컬럼=사용자 제공 일본 호텔 자료(매칭된 호텔) / 가격·이용자평점·리뷰수·시설·재고=가상"
"H0967","Santa island","Sapporo","3","Sapporo 신삿포로","8.5","682","Hotel","","","","","","","","","","","","","","","","호텔명·도시 및 실제정보 컬럼=사용자 제공 일본 호텔 자료(매칭된 호텔) / 가격·이용자평점·리뷰수·시설·재고=가상"
"H0968","SappoLodge","Sapporo","4","Sapporo 조잔케이","8.6","779","Hotel","","","","","","","","","","","","","","","","호텔명·도시 및 실제정보 컬럼=사용자 제공 일본 호텔 자료(매칭된 호텔) / 가격·이용자평점·리뷰수·시설·재고=가상"
"H0969","Sapporo Clark Hotel","Sapporo","5","4 1 15 Kita 13 Jonishi Kita ku  001 0013 Sapporo ´JP´","8.7","876","Resort","4 1 15 Kita 13 Jonishi Kita ku  001 0013 Sapporo ´JP´","Sapporo","","","43.0759887695313","141.346527099609","+81117167772","","JPSPK00238","","","","","2024-02-03 10:37:13","Hotellist_supplier_japan_clean.xlsx","호텔명·도시 및 실제정보 컬럼=사용자 제공 일본 호텔 자료(매칭된 호텔) / 가격·이용자평점·리뷰수·시설·재고=가상"
"H0970","Sapporo Fun Gate Hotel","Sapporo","3","9-998-6 Minami-3-jonishi, Chuo-ku","8.799999999999999","973","Ryokan","9-998-6 Minami-3-jonishi, Chuo-ku","Sapporo","Hokkaido","060-0063","43.05571306","141.3446041","81-11-280-1777","2.5","","jvfc","4945239","24279108","2097","","RTX JP Hotel template_20260528.xlsx","호텔명·도시 및 실제정보 컬럼=사용자 제공 일본 호텔 자료(매칭된 호텔) / 가격·이용자평점·리뷰수·시설·재고=가상"
"H0971","Sapporo Hotel by Granbell","Sapporo","4","2-2-2 Kita 6-Jo Higashi, Higashi-ku","8.9","1070","Hotel","2-2-2 Kita 6-Jo Higashi, Higashi-ku","Sapporo","Hokkaido","060-0906","43.0692283","141.3572301","81-11-214-0914","","JPSPK00299","dFhc","63268065","","","2025-12-06 23:00:24","Hotellist_supplier_japan_clean.xlsx · RTX JP Hotel template_20260528.xlsx","호텔명·도시 및 실제정보 컬럼=사용자 제공 일본 호텔 자료(매칭된 호텔) / 가격·이용자평점·리뷰수·시설·재고=가상"
"H0972","Sapporo Hotel Yamachi","Sapporo","5","3-3-6 Kotoni 1-jo,   Sapporo","9.0","1167","Hotel","3-3-6 Kotoni 1-jo,   Sapporo","Sapporo","","","43.077198","141.304659","81116445555","","JPSPK00149","","","","","2025-07-27 19:55:34","Hotellist_supplier_japan_clean.xlsx","호텔명·도시 및 실제정보 컬럼=사용자 제공 일본 호텔 자료(매칭된 호텔) / 가격·이용자평점·리뷰수·시설·재고=가상"
"H0973","Sapporo House Seminar Center","Sapporo","3","Sapporo 스스키노","9.1","1264","Hotel","","","","","","","","","","","","","","","","호텔명·도시 및 실제정보 컬럼=사용자 제공 일본 호텔 자료(매칭된 호텔) / 가격·이용자평점·리뷰수·시설·재고=가상"
"H0974","Sapporo International Youth Hostel","Sapporo","4","6-5-35 Toyohira-6-jo Toyohira-ku","9.2","1361","Hotel","6-5-35 Toyohira-6-jo Toyohira-ku","Sapporo","Hokkaido","062-0906","43.04760272","141.37061","81-11-825-3120","2.0","JPSPK00333","sz6y","868744","","","2026-02-04 17:07:11","Hotellist_supplier_japan_clean.xlsx · RTX JP Hotel template_20260528.xlsx","호텔명·도시 및 실제정보 컬럼=사용자 제공 일본 호텔 자료(매칭된 호텔) / 가격·이용자평점·리뷰수·시설·재고=가상"
"H0975","Sapporo Maruyama Guesthouse Tsumuri-An","Sapporo","5","Sapporo 마루야마","9.3","1458","Hotel","","","","","","","","","","","","","","","","호텔명·도시 및 실제정보 컬럼=사용자 제공 일본 호텔 자료(매칭된 호텔) / 가격·이용자평점·리뷰수·시설·재고=가상"
"H0976","Sapporo Oriental Hotel","Sapporo","3","4-422 Nishi Minami-hachijo Chuo 064-0808 Sapporo ´JP´","9.399999999999999","1555","Hotel","4-422 Nishi Minami-hachijo Chuo 064-0808 Sapporo ´JP´","Sapporo","","","43.0500602722168","141.353942871094","+81 11 5626001","","JPSPK00243","","","","","2026-01-23 00:27:25","Hotellist_supplier_japan_clean.xlsx","호텔명·도시 및 실제정보 컬럼=사용자 제공 일본 호텔 자료(매칭된 호텔) / 가격·이용자평점·리뷰수·시설·재고=가상"
"H0977","SAPPORO STREAM HOTEL","Sapporo","4","4-1-1 Minami 4 jo nishi, Chuo-Ku","9.5","1652","Hotel","4-1-1 Minami 4 jo nishi, Chuo-Ku","Sapporo","Hokkaido","064-0804","43.055133","141.352701","81-11-206-1099","4.5","JPSPK00277","BBzH","41328415","","","2025-12-06 23:00:24","Hotellist_supplier_japan_clean.xlsx · RTX JP Hotel template_20260528.xlsx","호텔명·도시 및 실제정보 컬럼=사용자 제공 일본 호텔 자료(매칭된 호텔) / 가격·이용자평점·리뷰수·시설·재고=가상"
"H0978","Sapporo Sun-Plaza","Sapporo","5","5 Kita-24-jonishi Kita-ku","9.6","1749","Hotel","5 Kita-24-jonishi Kita-ku","Sapporo","Hokkaido","001-0024","43.09063266","141.3419378","81-11-758-3112","3.5","JPSPK00150","4qwU","569057","18735614","","2025-07-16 15:02:40","Hotellist_supplier_japan_clean.xlsx · RTX JP Hotel template_20260528.xlsx","호텔명·도시 및 실제정보 컬럼=사용자 제공 일본 호텔 자료(매칭된 호텔) / 가격·이용자평점·리뷰수·시설·재고=가상"
"H0979","Smile Hotel Premium Sapporo Susukino","Sapporo","3","1-13-1 Minami 4jo nishi, Chuo-ku","9.7","1846","Hotel","1-13-1 Minami 4jo nishi, Chuo-ku","Sapporo","Hokkaido","064-0804","43.06000000000001","141.36","81-11-251-7055","3.0","JPSPK00115","TXhd","3038338","20517862","624","2025-09-15 11:43:03","Hotellist_supplier_japan_clean.xlsx · RTX JP Hotel template_20260528.xlsx","호텔명·도시 및 실제정보 컬럼=사용자 제공 일본 호텔 자료(매칭된 호텔) / 가격·이용자평점·리뷰수·시설·재고=가상"
"H0980","Smile Hotel Sapporo Susukino Minami","Sapporo","4","1-13-7 Minami 7-Jo Nishi, Chuo-ku","9.8","1943","Resort","1-13-7 Minami 7-Jo Nishi, Chuo-ku","Sapporo","Hokkaido","064-0807","43.05","141.36","81-11-351-4646","2.0","JPSPK00279","93ls","41028871","","263","2026-07-08 16:26:10","Hotellist_supplier_japan_clean.xlsx · RTX JP Hotel template_20260528.xlsx","호텔명·도시 및 실제정보 컬럼=사용자 제공 일본 호텔 자료(매칭된 호텔) / 가격·이용자평점·리뷰수·시설·재고=가상"
"H0981","SORARIA HOTEL SAPPORO","Sapporo","5","Sapporo 삿포로역","7.1","2040","Hotel","","","","","","","","","","","","","","","","호텔명·도시 및 실제정보 컬럼=사용자 제공 일본 호텔 자료(매칭된 호텔) / 가격·이용자평점·리뷰수·시설·재고=가상"
"H0982","Sotetsu FRESSA INN Sapporo Susukino","Sapporo","3","Sapporo 오도리","7.199999999999999","2137","Hotel","","","","","","","","","","","","","","","","호텔명·도시 및 실제정보 컬럼=사용자 제공 일본 호텔 자료(매칭된 호텔) / 가격·이용자평점·리뷰수·시설·재고=가상"
"H0983","SUPER HOTEL","Sapporo","4","Sapporo 스스키노","7.3","2234","Hotel","","","","","","","","","","","","","","","","호텔명·도시 및 실제정보 컬럼=사용자 제공 일본 호텔 자료(매칭된 호텔) / 가격·이용자평점·리뷰수·시설·재고=가상"
"H0984","SUPER HOTEL SAPPORO SUSUKINO","Sapporo","5","2-8-1 Minami-6-jonishi Chuo-ku","7.3999999999999995","2331","Hotel","2-8-1 Minami-6-jonishi Chuo-ku","Sapporo","Hokkaido","064-0806","43.0539493","141.3558728","81-11-521-9000","4.0","JPSPK00288","5bfj","","","","2025-07-18 16:18:10","Hotellist_supplier_japan_clean.xlsx · RTX JP Hotel template_20260528.xlsx","호텔명·도시 및 실제정보 컬럼=사용자 제공 일본 호텔 자료(매칭된 호텔) / 가격·이용자평점·리뷰수·시설·재고=가상"
"H0985","Susukino Granbell Hotel","Sapporo","3","Sapporo 마루야마","7.5","2428","Hotel","","","","","","","","","","","","","","","","호텔명·도시 및 실제정보 컬럼=사용자 제공 일본 호텔 자료(매칭된 호텔) / 가격·이용자평점·리뷰수·시설·재고=가상"
"H0986","SwankyHotel","Sapporo","4","Sapporo 모이와산","7.6","2525","Hotel","","","","","","","","","","","","","","","","호텔명·도시 및 실제정보 컬럼=사용자 제공 일본 호텔 자료(매칭된 호텔) / 가격·이용자평점·리뷰수·시설·재고=가상"
"H0987","Tabist THE GREEN SAPPORO","Sapporo","5","2-1-5 Minami3jonishi,Chuo-ku","7.699999999999999","2622","Hotel","2-1-5 Minami3jonishi,Chuo-ku","Sapporo","Hokkaido","060-0063","43.0566345","141.3561072","81-11-501-1100","2.0","JPSPK00315","cYrZ","63265878","","2097","2026-03-13 15:14:19","Hotellist_supplier_japan_clean.xlsx · RTX JP Hotel template_20260528.xlsx","호텔명·도시 및 실제정보 컬럼=사용자 제공 일본 호텔 자료(매칭된 호텔) / 가격·이용자평점·리뷰수·시설·재고=가상"
"H0988","TAKETO STAY PREMIERE SAPPORO EKI","Sapporo","3","Sapporo 조잔케이","7.8","2719","Hotel","","","","","","","","","","","","","","","","호텔명·도시 및 실제정보 컬럼=사용자 제공 일본 호텔 자료(매칭된 호텔) / 가격·이용자평점·리뷰수·시설·재고=가상"
"H0989","Ten to Ten NAKAJIMA-KOEN","Sapporo","4","Sapporo 기타구","7.8999999999999995","2816","Ryokan","","","","","","","","","","","","","","","","호텔명·도시 및 실제정보 컬럼=사용자 제공 일본 호텔 자료(매칭된 호텔) / 가격·이용자평점·리뷰수·시설·재고=가상"
"H0990","Ten to Ten SAPPORO STATION","Sapporo","5","Kitaku, Kita6Jo-nishi 8-3-4  060-0806 Sapporo ´JP´","8.0","2913","Hotel","Kitaku, Kita6Jo-nishi 8-3-4  060-0806 Sapporo ´JP´","Sapporo","","","43.0680999755859","141.343643188477","","","JPSPK00252","","","","","2025-07-16 15:02:40","Hotellist_supplier_japan_clean.xlsx","호텔명·도시 및 실제정보 컬럼=사용자 제공 일본 호텔 자료(매칭된 호텔) / 가격·이용자평점·리뷰수·시설·재고=가상"
"H0991","the b Sapporo","Sapporo","3","2-17-17 Minami-3-jonishi, Chuo-ku","8.1","3010","Resort","2-17-17 Minami-3-jonishi, Chuo-ku","Sapporo","Hokkaido","060-0063","43.05710590000001","141.354855","81-11-211-0412","2.5","JPSPK00278","Djuf","46894818","","","2025-09-15 12:31:43","Hotellist_supplier_japan_clean.xlsx · RTX JP Hotel template_20260528.xlsx","호텔명·도시 및 실제정보 컬럼=사용자 제공 일본 호텔 자료(매칭된 호텔) / 가격·이용자평점·리뷰수·시설·재고=가상"
"H0992","The B Sapporo Susukino","Sapporo","4","Minami 5-jo Nishi 6-cyome 14-1, Chuo-ku, Sapporo, Hokkaidao","8.2","3107","Hotel","Minami 5-jo Nishi 6-cyome 14-1, Chuo-ku, Sapporo, Hokkaidao","Sapporo","","","43.0540806","141.34963089999997","011-562-1122","","JPSPK00113","","","","","2025-09-22 15:23:38","Hotellist_supplier_japan_clean.xlsx","호텔명·도시 및 실제정보 컬럼=사용자 제공 일본 호텔 자료(매칭된 호텔) / 가격·이용자평점·리뷰수·시설·재고=가상"
"H0993","THE GATE HOTEL SAPPORO","Sapporo","5","Sapporo 스스키노","8.299999999999999","3204","Hotel","","","","","","","","","","","","","","","","호텔명·도시 및 실제정보 컬럼=사용자 제공 일본 호텔 자료(매칭된 호텔) / 가격·이용자평점·리뷰수·시설·재고=가상"
"H0994","The Royal Park Camvas Sapporo Odori Park","Sapporo","3","Sapporo 나카지마공원","8.4","3301","Hotel","","","","","","","","","","","","","","","","호텔명·도시 및 실제정보 컬럼=사용자 제공 일본 호텔 자료(매칭된 호텔) / 가격·이용자평점·리뷰수·시설·재고=가상"
"H0995","The Stay Sapporo","Sapporo","4","Sapporo 마루야마","8.5","3398","Hotel","","","","","","","","","","","","","","","","호텔명·도시 및 실제정보 컬럼=사용자 제공 일본 호텔 자료(매칭된 호텔) / 가격·이용자평점·리뷰수·시설·재고=가상"
"H0996","THE STAY SAPPORO ANNEX","Sapporo","5","Sapporo 모이와산","8.6","3495","Hotel","","","","","","","","","","","","","","","","호텔명·도시 및 실제정보 컬럼=사용자 제공 일본 호텔 자료(매칭된 호텔) / 가격·이용자평점·리뷰수·시설·재고=가상"
"H0997","Tiara Hotel Sapporo Susukino","Sapporo","3","Sapporo 신삿포로","8.7","3592","Hotel","","","","","","","","","","","","","","","","호텔명·도시 및 실제정보 컬럼=사용자 제공 일본 호텔 자료(매칭된 호텔) / 가격·이용자평점·리뷰수·시설·재고=가상"
"H0998","Time Peace Apartment","Sapporo","4","1 Chome-13-92 Minami 8 Jonishi Chuo Ward 064-0808 Sapporo ´JP´","8.799999999999999","3689","Hotel","1 Chome-13-92 Minami 8 Jonishi Chuo Ward 064-0808 Sapporo ´JP´","Sapporo","","","43.0511093139648","141.35856628418","","","JPSPK00255","","","","","2022-12-15 11:38:08","Hotellist_supplier_japan_clean.xlsx","호텔명·도시 및 실제정보 컬럼=사용자 제공 일본 호텔 자료(매칭된 호텔) / 가격·이용자평점·리뷰수·시설·재고=가상"
"H0999","Tmark City Hotel sapporo","Sapporo","5","Minami 7 Nishi 5, Chuo-ku 064 0807 Sapporo JP","8.9","3786","Hotel","Minami 7 Nishi 5, Chuo-ku 064 0807 Sapporo JP","Sapporo","","","43.0519490404339","141.35189807605738","81-11-5117531","","JPSPK00004","","","","","2025-04-30 10:53:50","Hotellist_supplier_japan_clean.xlsx","호텔명·도시 및 실제정보 컬럼=사용자 제공 일본 호텔 자료(매칭된 호텔) / 가격·이용자평점·리뷰수·시설·재고=가상"
"H1000","Tmark City Hotel Sapporo Odori","Sapporo","3","7-12-1 Minami-2-jonishi Chuo-ku","9.0","3883","Hotel","7-12-1 Minami-2-jonishi Chuo-ku","Sapporo","Hokkaido","060-0062","43.05716802","141.3465944","81-11-219-3300","3.0","JPSPK00167","jGOU","34125306","","358","2025-12-06 23:00:24","Hotellist_supplier_japan_clean.xlsx · RTX JP Hotel template_20260528.xlsx","호텔명·도시 및 실제정보 컬럼=사용자 제공 일본 호텔 자료(매칭된 호텔) / 가격·이용자평점·리뷰수·시설·재고=가상"
