"search_result_id","search_id","hotel_id","room_id","result_score","result_rank","price_rank","data_origin"
"XE0g7eNjiqU","Q1pfyOcPu8","H0196","R0196_1","100.0","1","16","실제 노출 로그 / 점수·순위는 실험용"
"XERCZNzqHls","Q1pfyOcPu8","H0195","R0195_1","99.0","2","11","실제 노출 로그 / 점수·순위는 실험용"
"XENOnkXNxsp","Q1pfyOcPu8","H0055","R0055_1","98.0","3","26","실제 노출 로그 / 점수·순위는 실험용"
"XEokej59SJx","Q1pfyOcPu8","H0194","R0194_1","97.0","4","6","실제 노출 로그 / 점수·순위는 실험용"
"XE16jDJ573N","Q1pfyOcPu8","H0193","R0193_1","96.0","5","1","실제 노출 로그 / 점수·순위는 실험용"
"XENgl10UVCU","Q1pfyOcPu8","H0053","R0053_1","95.0","6","21","실제 노출 로그 / 점수·순위는 실험용"
"XEmZ1zBcgcU","Q1pfyOcPu8","H0052","R0052_1","94.0","7","17","실제 노출 로그 / 점수·순위는 실험용"
"XEySQW0vqIj","Q1pfyOcPu8","H0051","R0051_1","93.0","8","12","실제 노출 로그 / 점수·순위는 실험용"
"XEXtluekV0g","Q1pfyOcPu8","H0050","R0050_1","92.0","9","7","실제 노출 로그 / 점수·순위는 실험용"
"XE5dmu2i6QH","Q1pfyOcPu8","H0049","R0049_1","91.0","10","2","실제 노출 로그 / 점수·순위는 실험용"
"XEz6HkaU466","Q1pfyOcPu8","H0103","R0103_1","90.0","11","27","실제 노출 로그 / 점수·순위는 실험용"
"XEVqOAAlfB1","Q1pfyOcPu8","H0101","R0101_1","89.0","12","22","실제 노출 로그 / 점수·순위는 실험용"
"XEHI0jwsK5R","Q1pfyOcPu8","H0100","R0100_1","88.0","13","18","실제 노출 로그 / 점수·순위는 실험용"
"XEJ7CV9G5ve","Q1pfyOcPu8","H0099","R0099_1","87.0","14","13","실제 노출 로그 / 점수·순위는 실험용"
"XENJummf3jy","Q1pfyOcPu8","H0098","R0098_1","86.0","15","8","실제 노출 로그 / 점수·순위는 실험용"
"XER4J9Hy4CZ","Q1pfyOcPu8","H0097","R0097_1","85.0","16","3","실제 노출 로그 / 점수·순위는 실험용"
"XE78xICjGwh","Q1pfyOcPu8","H0151","R0151_1","84.0","17","28","실제 노출 로그 / 점수·순위는 실험용"
"XEgq2MD4Ch5","Q1pfyOcPu8","H0149","R0149_1","83.0","18","23","실제 노출 로그 / 점수·순위는 실험용"
"XEyrsnTzivA","Q1pfyOcPu8","H0148","R0148_1","82.0","19","19","실제 노출 로그 / 점수·순위는 실험용"
"XEDy56RBz25","Q1pfyOcPu8","H0147","R0147_1","81.0","20","14","실제 노출 로그 / 점수·순위는 실험용"
"XEDbQdih4kl","Q1pfyOcPu8","H0007","R0007_1","80.0","21","29","실제 노출 로그 / 점수·순위는 실험용"
"XE9rHxXPoix","Q1pfyOcPu8","H0146","R0146_1","79.0","22","9","실제 노출 로그 / 점수·순위는 실험용"
"XExHyFCd3xV","Q1pfyOcPu8","H0145","R0145_1","78.0","23","4","실제 노출 로그 / 점수·순위는 실험용"
"XEAg2tllw2e","Q1pfyOcPu8","H0005","R0005_1","77.0","24","24","실제 노출 로그 / 점수·순위는 실험용"
"XE3rDLwLpqj","Q1pfyOcPu8","H0004","R0004_1","76.0","25","20","실제 노출 로그 / 점수·순위는 실험용"
"XEJ9fGrh36m","Q1pfyOcPu8","H0199","R0199_1","75.0","26","30","실제 노출 로그 / 점수·순위는 실험용"
"XEL1NVAXv4m","Q1pfyOcPu8","H0003","R0003_1","74.0","27","15","실제 노출 로그 / 점수·순위는 실험용"
"XEfPhiWiJsq","Q1pfyOcPu8","H0002","R0002_1","73.0","28","10","실제 노출 로그 / 점수·순위는 실험용"
"XEMJlofifcy","Q1pfyOcPu8","H0197","R0197_1","72.0","29","25","실제 노출 로그 / 점수·순위는 실험용"
"XEMJ30ts86a","Q1pfyOcPu8","H0001","R0001_1","71.0","30","5","실제 노출 로그 / 점수·순위는 실험용"
"XEFPdUwPuSN","QuiL0Coq14","H0196","R0196_1","100.0","1","16","실제 노출 로그 / 점수·순위는 실험용"
"XExVaNw53Yb","QuiL0Coq14","H0195","R0195_1","99.0","2","11","실제 노출 로그 / 점수·순위는 실험용"
"XE4AO5goYyh","QuiL0Coq14","H0055","R0055_1","98.0","3","31","실제 노출 로그 / 점수·순위는 실험용"
"XEfdY2GKnYv","QuiL0Coq14","H0194","R0194_1","97.0","4","6","실제 노출 로그 / 점수·순위는 실험용"
"XEJO9MYVLL7","QuiL0Coq14","H0054","R0054_1","96.0","5","26","실제 노출 로그 / 점수·순위는 실험용"
"XEXQnw2c7HS","QuiL0Coq14","H0193","R0193_1","95.0","6","1","실제 노출 로그 / 점수·순위는 실험용"
"XEfSSt4jCBt","QuiL0Coq14","H0053","R0053_1","94.0","7","21","실제 노출 로그 / 점수·순위는 실험용"
"XE9lUCanKAu","QuiL0Coq14","H0052","R0052_1","93.0","8","17","실제 노출 로그 / 점수·순위는 실험용"
"XEFcK5DoIhA","QuiL0Coq14","H0051","R0051_1","92.0","9","12","실제 노출 로그 / 점수·순위는 실험용"
"XE810CItcP8","QuiL0Coq14","H0050","R0050_1","91.0","10","7","실제 노출 로그 / 점수·순위는 실험용"
"XECxSUqbKAq","QuiL0Coq14","H0049","R0049_1","90.0","11","2","실제 노출 로그 / 점수·순위는 실험용"
"XEJcjx41RCD","QuiL0Coq14","H0103","R0103_1","89.0","12","32","실제 노출 로그 / 점수·순위는 실험용"
"XEDxUtaE5ZY","QuiL0Coq14","H0102","R0102_1","88.0","13","27","실제 노출 로그 / 점수·순위는 실험용"
"XERhL7zlvL5","QuiL0Coq14","H0101","R0101_1","87.0","14","22","실제 노출 로그 / 점수·순위는 실험용"
"XE44RWR3XTa","QuiL0Coq14","H0100","R0100_1","86.0","15","18","실제 노출 로그 / 점수·순위는 실험용"
"XE32Ps0Sxo0","QuiL0Coq14","H0099","R0099_1","85.0","16","13","실제 노출 로그 / 점수·순위는 실험용"
"XEoRCqtMxRS","QuiL0Coq14","H0098","R0098_1","84.0","17","8","실제 노출 로그 / 점수·순위는 실험용"
"XEhx1KEZCOf","QuiL0Coq14","H0097","R0097_1","83.0","18","3","실제 노출 로그 / 점수·순위는 실험용"
"XEFSjOztcVF","QuiL0Coq14","H0151","R0151_1","82.0","19","33","실제 노출 로그 / 점수·순위는 실험용"
"XEEJ6IS6FSC","QuiL0Coq14","H0150","R0150_1","81.0","20","28","실제 노출 로그 / 점수·순위는 실험용"
"XENr3c2k3Pw","QuiL0Coq14","H0149","R0149_1","80.0","21","23","실제 노출 로그 / 점수·순위는 실험용"
"XEFVMrBr11D","QuiL0Coq14","H0148","R0148_1","79.0","22","19","실제 노출 로그 / 점수·순위는 실험용"
"XEgdzmHLsIR","QuiL0Coq14","H0147","R0147_1","78.0","23","14","실제 노출 로그 / 점수·순위는 실험용"
"XEcI6QvJ74o","QuiL0Coq14","H0007","R0007_1","77.0","24","34","실제 노출 로그 / 점수·순위는 실험용"
"XEfvY1qNqQF","QuiL0Coq14","H0146","R0146_1","76.0","25","9","실제 노출 로그 / 점수·순위는 실험용"
"XE67vFRSS4a","QuiL0Coq14","H0006","R0006_1","75.0","26","29","실제 노출 로그 / 점수·순위는 실험용"
"XE0mTAbm0ox","QuiL0Coq14","H0145","R0145_1","74.0","27","4","실제 노출 로그 / 점수·순위는 실험용"
"XEMxqyo0B6m","QuiL0Coq14","H0005","R0005_1","73.0","28","24","실제 노출 로그 / 점수·순위는 실험용"
"XEy3UX3NXOX","QuiL0Coq14","H0004","R0004_1","72.0","29","20","실제 노출 로그 / 점수·순위는 실험용"
"XErpROaRjwU","QuiL0Coq14","H0199","R0199_1","71.0","30","35","실제 노출 로그 / 점수·순위는 실험용"
"XEhJkNpjePt","QuiL0Coq14","H0003","R0003_1","70.0","31","15","실제 노출 로그 / 점수·순위는 실험용"
"XEeJ25pb1fl","QuiL0Coq14","H0198","R0198_1","69.0","32","30","실제 노출 로그 / 점수·순위는 실험용"
"XET72unzW0u","QuiL0Coq14","H0002","R0002_1","68.0","33","10","실제 노출 로그 / 점수·순위는 실험용"
"XEh4aSb1dwA","QuiL0Coq14","H0197","R0197_1","67.0","34","25","실제 노출 로그 / 점수·순위는 실험용"
"XEyZf0bBqhp","QuiL0Coq14","H0001","R0001_1","66.0","35","5","실제 노출 로그 / 점수·순위는 실험용"
"XEjukHiL4ww","QeRkwNN3Mk","H0196","R0196_1","100.0","1","16","실제 노출 로그 / 점수·순위는 실험용"
"XE8i53K8PHJ","QeRkwNN3Mk","H0140","R0140_1","99.0","2","181","실제 노출 로그 / 점수·순위는 실험용"
"XE2OWT9gmAc","QeRkwNN3Mk","H0084","R0084_1","98.0","3","149","실제 노출 로그 / 점수·순위는 실험용"
"XE517ydeHX8","QeRkwNN3Mk","H0028","R0028_1","97.0","4","117","실제 노출 로그 / 점수·순위는 실험용"
"XEcbkf06LOc","QeRkwNN3Mk","H0168","R0168_1","96.0","5","101","실제 노출 로그 / 점수·순위는 실험용"
"XEINCcHQzWW","QeRkwNN3Mk","H0112","R0112_1","95.0","6","69","실제 노출 로그 / 점수·순위는 실험용"
"XEgnEGHuQc9","QeRkwNN3Mk","H0056","R0056_1","94.0","7","36","실제 노출 로그 / 점수·순위는 실험용"
"XEJsU2T7OZ7","QeRkwNN3Mk","H0195","R0195_1","93.0","8","11","실제 노출 로그 / 점수·순위는 실험용"
"XEwEICKf4fB","QeRkwNN3Mk","H0139","R0139_1","92.0","9","177","실제 노출 로그 / 점수·순위는 실험용"
"XE8jDAi59Nr","QeRkwNN3Mk","H0083","R0083_1","91.0","10","145","실제 노출 로그 / 점수·순위는 실험용"
"XECVbmc3fRR","QeRkwNN3Mk","H0027","R0027_1","90.0","11","113","실제 노출 로그 / 점수·순위는 실험용"
"XEUJ60Smx3T","QeRkwNN3Mk","H0167","R0167_1","89.0","12","97","실제 노출 로그 / 점수·순위는 실험용"
"XEkVl30AMs9","QeRkwNN3Mk","H0111","R0111_1","88.0","13","65","실제 노출 로그 / 점수·순위는 실험용"
"XEirx5gQz4l","QeRkwNN3Mk","H0055","R0055_1","87.0","14","31","실제 노출 로그 / 점수·순위는 실험용"
"XEX49KJIPD5","QeRkwNN3Mk","H0194","R0194_1","86.0","15","6","실제 노출 로그 / 점수·순위는 실험용"
"XECmJcEehM0","QeRkwNN3Mk","H0138","R0138_1","85.0","16","173","실제 노출 로그 / 점수·순위는 실험용"
"XEcq4lEHB3E","QeRkwNN3Mk","H0082","R0082_1","84.0","17","141","실제 노출 로그 / 점수·순위는 실험용"
"XEagOU1d2ZQ","QeRkwNN3Mk","H0026","R0026_1","83.0","18","109","실제 노출 로그 / 점수·순위는 실험용"
"XEIXChwmUbK","QeRkwNN3Mk","H0166","R0166_1","82.0","19","93","실제 노출 로그 / 점수·순위는 실험용"
"XEOjzVjvJVj","QeRkwNN3Mk","H0110","R0110_1","81.0","20","61","실제 노출 로그 / 점수·순위는 실험용"
"XEjWQh4sPW4","QeRkwNN3Mk","H0054","R0054_1","80.0","21","26","실제 노출 로그 / 점수·순위는 실험용"
"XExGxAsQdym","QeRkwNN3Mk","H0193","R0193_1","79.0","22","1","실제 노출 로그 / 점수·순위는 실험용"
"XErY6KHb84Q","QeRkwNN3Mk","H0137","R0137_1","78.0","23","169","실제 노출 로그 / 점수·순위는 실험용"
"XENDL7nQUJS","QeRkwNN3Mk","H0081","R0081_1","77.0","24","137","실제 노출 로그 / 점수·순위는 실험용"
"XEzv1mnv1O9","QeRkwNN3Mk","H0025","R0025_1","76.0","25","105","실제 노출 로그 / 점수·순위는 실험용"
"XE5q5CzhmjG","QeRkwNN3Mk","H0165","R0165_1","75.0","26","89","실제 노출 로그 / 점수·순위는 실험용"
"XEOUwSzwX3u","QeRkwNN3Mk","H0109","R0109_1","74.0","27","57","실제 노출 로그 / 점수·순위는 실험용"
"XEGclMYSgQE","QeRkwNN3Mk","H0053","R0053_1","73.0","28","21","실제 노출 로그 / 점수·순위는 실험용"
"XEGsVBsc0c7","QeRkwNN3Mk","H0192","R0192_1","72.0","29","197","실제 노출 로그 / 점수·순위는 실험용"
"XEwAJHgvgVj","QeRkwNN3Mk","H0136","R0136_1","71.0","30","165","실제 노출 로그 / 점수·순위는 실험용"
"XEq349WMj8k","QeRkwNN3Mk","H0080","R0080_1","70.0","31","133","실제 노출 로그 / 점수·순위는 실험용"
"XESp9IA8t6H","QeRkwNN3Mk","H0024","R0024_1","69.0","32","102","실제 노출 로그 / 점수·순위는 실험용"
"XESZ615eQau","QeRkwNN3Mk","H0164","R0164_1","68.0","33","85","실제 노출 로그 / 점수·순위는 실험용"
"XEbg8U5BTf9","QeRkwNN3Mk","H0108","R0108_1","67.0","34","53","실제 노출 로그 / 점수·순위는 실험용"
"XEHxPby3aPh","QeRkwNN3Mk","H0052","R0052_1","66.0","35","17","실제 노출 로그 / 점수·순위는 실험용"
"XEUjcRViL9J","QeRkwNN3Mk","H0051","R0051_1","65.0","36","12","실제 노출 로그 / 점수·순위는 실험용"
"XElv1wgPlQS","QeRkwNN3Mk","H0191","R0191_1","64.0","37","193","실제 노출 로그 / 점수·순위는 실험용"
"XEIDD8a7yUG","QeRkwNN3Mk","H0135","R0135_1","63.0","38","161","실제 노출 로그 / 점수·순위는 실험용"
"XEsp62LybLo","QeRkwNN3Mk","H0079","R0079_1","62.0","39","129","실제 노출 로그 / 점수·순위는 실험용"
"XEO91m5JH8s","QeRkwNN3Mk","H0023","R0023_1","61.0","40","98","실제 노출 로그 / 점수·순위는 실험용"
"XEishOA23Q4","QeRkwNN3Mk","H0163","R0163_1","60.0","41","81","실제 노출 로그 / 점수·순위는 실험용"
"XExhnTS2bPZ","QeRkwNN3Mk","H0107","R0107_1","59.0","42","49","실제 노출 로그 / 점수·순위는 실험용"
"XE69tn6VM1R","QeRkwNN3Mk","H0050","R0050_1","58.0","43","7","실제 노출 로그 / 점수·순위는 실험용"
"XE6E1MMdOLl","QeRkwNN3Mk","H0190","R0190_1","57.0","44","189","실제 노출 로그 / 점수·순위는 실험용"
"XEsLT6Oqa8Y","QeRkwNN3Mk","H0134","R0134_1","56.0","45","157","실제 노출 로그 / 점수·순위는 실험용"
"XE0RKTraauh","QeRkwNN3Mk","H0078","R0078_1","55.0","46","125","실제 노출 로그 / 점수·순위는 실험용"
"XEBn2wS94VJ","QeRkwNN3Mk","H0022","R0022_1","54.0","47","94","실제 노출 로그 / 점수·순위는 실험용"
"XE7aGWvx7SR","QeRkwNN3Mk","H0162","R0162_1","53.0","48","77","실제 노출 로그 / 점수·순위는 실험용"
"XEK7nAIRCmK","QeRkwNN3Mk","H0106","R0106_1","52.0","49","45","실제 노출 로그 / 점수·순위는 실험용"
"XEyPS6yZEuT","QeRkwNN3Mk","H0049","R0049_1","51.0","50","2","실제 노출 로그 / 점수·순위는 실험용"
"XE7i9wT8TUI","QeRkwNN3Mk","H0189","R0189_1","50.0","51","185","실제 노출 로그 / 점수·순위는 실험용"
"XEPc5HxAw0H","QeRkwNN3Mk","H0133","R0133_1","49.0","52","153","실제 노출 로그 / 점수·순위는 실험용"
"XExL2QUmn1A","QeRkwNN3Mk","H0077","R0077_1","48.0","53","121","실제 노출 로그 / 점수·순위는 실험용"
"XEs7a9abrqM","QeRkwNN3Mk","H0021","R0021_1","47.0","54","90","실제 노출 로그 / 점수·순위는 실험용"
"XEAeVwmONE7","QeRkwNN3Mk","H0161","R0161_1","46.0","55","73","실제 노출 로그 / 점수·순위는 실험용"
"XE5G90wDlDQ","QeRkwNN3Mk","H0105","R0105_1","45.0","56","41","실제 노출 로그 / 점수·순위는 실험용"
"XElLM6vnawI","QeRkwNN3Mk","H0048","R0048_1","44.0","57","198","실제 노출 로그 / 점수·순위는 실험용"
"XEj3JCCIZgL","QeRkwNN3Mk","H0188","R0188_1","43.0","58","182","실제 노출 로그 / 점수·순위는 실험용"
"XE6MRFlxz2M","QeRkwNN3Mk","H0132","R0132_1","42.0","59","150","실제 노출 로그 / 점수·순위는 실험용"
"XE7Kdx9TSFr","QeRkwNN3Mk","H0076","R0076_1","41.0","60","118","실제 노출 로그 / 점수·순위는 실험용"
"XEZiibFgVap","QeRkwNN3Mk","H0020","R0020_1","40.0","61","86","실제 노출 로그 / 점수·순위는 실험용"
"XE9b8S8o8xL","QeRkwNN3Mk","H0160","R0160_1","39.0","62","70","실제 노출 로그 / 점수·순위는 실험용"
"XE9OPHHAzzr","QeRkwNN3Mk","H0104","R0104_1","38.0","63","37","실제 노출 로그 / 점수·순위는 실험용"
"XEEuP0dLErU","QeRkwNN3Mk","H0047","R0047_1","37.0","64","194","실제 노출 로그 / 점수·순위는 실험용"
"XEzShZiTAQk","QeRkwNN3Mk","H0187","R0187_1","36.0","65","178","실제 노출 로그 / 점수·순위는 실험용"
"XE0cMOZ22oM","QeRkwNN3Mk","H0131","R0131_1","35.0","66","146","실제 노출 로그 / 점수·순위는 실험용"
"XEuhFtGj5cW","QeRkwNN3Mk","H0075","R0075_1","34.0","67","114","실제 노출 로그 / 점수·순위는 실험용"
"XErBe0Gt4NL","QeRkwNN3Mk","H0019","R0019_1","33.0","68","82","실제 노출 로그 / 점수·순위는 실험용"
"XELm2Dn9nwn","QeRkwNN3Mk","H0159","R0159_1","32.0","69","66","실제 노출 로그 / 점수·순위는 실험용"
"XEuJOEAICf5","QeRkwNN3Mk","H0103","R0103_1","31.0","70","32","실제 노출 로그 / 점수·순위는 실험용"
"XEIfKlDcQ8F","QeRkwNN3Mk","H0102","R0102_1","30.0","71","27","실제 노출 로그 / 점수·순위는 실험용"
"XEfQqEtkPHD","QeRkwNN3Mk","H0046","R0046_1","29.0","72","190","실제 노출 로그 / 점수·순위는 실험용"
"XEWNv5Y1ECc","QeRkwNN3Mk","H0186","R0186_1","28.0","73","174","실제 노출 로그 / 점수·순위는 실험용"
"XEmr5qnYm2s","QeRkwNN3Mk","H0130","R0130_1","27.0","74","142","실제 노출 로그 / 점수·순위는 실험용"
"XEu9qU5UoGn","QeRkwNN3Mk","H0074","R0074_1","26.0","75","110","실제 노출 로그 / 점수·순위는 실험용"
"XEG7V0suvms","QeRkwNN3Mk","H0018","R0018_1","25.0","76","78","실제 노출 로그 / 점수·순위는 실험용"
"XERbq62uIuk","QeRkwNN3Mk","H0158","R0158_1","24.0","77","62","실제 노출 로그 / 점수·순위는 실험용"
"XEsiuyd5664","QeRkwNN3Mk","H0101","R0101_1","23.0","78","22","실제 노출 로그 / 점수·순위는 실험용"
"XEz5BtKJzBs","QeRkwNN3Mk","H0045","R0045_1","22.0","79","186","실제 노출 로그 / 점수·순위는 실험용"
"XEtkI9xJa7e","QeRkwNN3Mk","H0185","R0185_1","21.0","80","170","실제 노출 로그 / 점수·순위는 실험용"
"XEQQCazuuZR","QeRkwNN3Mk","H0129","R0129_1","20.0","81","138","실제 노출 로그 / 점수·순위는 실험용"
"XERb7H5pbNS","QeRkwNN3Mk","H0073","R0073_1","19.0","82","106","실제 노출 로그 / 점수·순위는 실험용"
"XEH0GAJICoF","QeRkwNN3Mk","H0017","R0017_1","18.0","83","74","실제 노출 로그 / 점수·순위는 실험용"
"XEdSPVgy4kI","QeRkwNN3Mk","H0157","R0157_1","17.0","84","58","실제 노출 로그 / 점수·순위는 실험용"
"XEck2nUcgcu","QeRkwNN3Mk","H0100","R0100_1","16.0","85","18","실제 노출 로그 / 점수·순위는 실험용"
"XEqVhyybocg","QeRkwNN3Mk","H0044","R0044_1","15.0","86","183","실제 노출 로그 / 점수·순위는 실험용"
"XE2ZBKILQPQ","QeRkwNN3Mk","H0184","R0184_1","14.0","87","166","실제 노출 로그 / 점수·순위는 실험용"
"XEnHzH0FjEq","QeRkwNN3Mk","H0128","R0128_1","13.0","88","134","실제 노출 로그 / 점수·순위는 실험용"
"XEgz7GYUfwN","QeRkwNN3Mk","H0072","R0072_1","12.0","89","103","실제 노출 로그 / 점수·순위는 실험용"
"XEmG8WHHuI2","QeRkwNN3Mk","H0016","R0016_1","11.0","90","71","실제 노출 로그 / 점수·순위는 실험용"
"XEdjvSfxI3B","QeRkwNN3Mk","H0156","R0156_1","10.0","91","54","실제 노출 로그 / 점수·순위는 실험용"
"XEGUusDRpfM","QeRkwNN3Mk","H0099","R0099_1","9.0","92","13","실제 노출 로그 / 점수·순위는 실험용"
"XEt0YNOYQdz","QeRkwNN3Mk","H0043","R0043_1","8.0","93","179","실제 노출 로그 / 점수·순위는 실험용"
"XEFMVw01HUU","QeRkwNN3Mk","H0183","R0183_1","7.0","94","162","실제 노출 로그 / 점수·순위는 실험용"
"XExA36J4JbB","QeRkwNN3Mk","H0127","R0127_1","6.0","95","130","실제 노출 로그 / 점수·순위는 실험용"
"XELxsKQIyAG","QeRkwNN3Mk","H0071","R0071_1","5.0","96","99","실제 노출 로그 / 점수·순위는 실험용"
"XEasJ15Rfc8","QeRkwNN3Mk","H0015","R0015_1","4.0","97","67","실제 노출 로그 / 점수·순위는 실험용"
"XEE1gKE24Ng","QeRkwNN3Mk","H0155","R0155_1","3.0","98","50","실제 노출 로그 / 점수·순위는 실험용"
"XE2y4QtEg1W","QeRkwNN3Mk","H0098","R0098_1","2.0","99","8","실제 노출 로그 / 점수·순위는 실험용"
"XEKh6N8v8Xt","QeRkwNN3Mk","H0042","R0042_1","1.0","100","175","실제 노출 로그 / 점수·순위는 실험용"
"XE72P5hv6x7","QeRkwNN3Mk","H0182","R0182_1","0.0","101","158","실제 노출 로그 / 점수·순위는 실험용"
"XEfx9sQtcbK","QeRkwNN3Mk","H0126","R0126_1","0.0","102","126","실제 노출 로그 / 점수·순위는 실험용"
"XEeBkUOeea6","QeRkwNN3Mk","H0070","R0070_1","0.0","103","95","실제 노출 로그 / 점수·순위는 실험용"
"XEsDkFav5NQ","QeRkwNN3Mk","H0014","R0014_1","0.0","104","63","실제 노출 로그 / 점수·순위는 실험용"
"XEO3D6Gl9tU","QeRkwNN3Mk","H0154","R0154_1","0.0","105","46","실제 노출 로그 / 점수·순위는 실험용"
"XEiPIukulO3","QeRkwNN3Mk","H0097","R0097_1","0.0","106","3","실제 노출 로그 / 점수·순위는 실험용"
"XEMMPkhn5jP","QeRkwNN3Mk","H0041","R0041_1","0.0","107","171","실제 노출 로그 / 점수·순위는 실험용"
"XExuhSUekpQ","QeRkwNN3Mk","H0181","R0181_1","0.0","108","154","실제 노출 로그 / 점수·순위는 실험용"
"XEITlbI52uk","QeRkwNN3Mk","H0125","R0125_1","0.0","109","122","실제 노출 로그 / 점수·순위는 실험용"
"XEtecycYOw6","QeRkwNN3Mk","H0069","R0069_1","0.0","110","91","실제 노출 로그 / 점수·순위는 실험용"
"XECjYSuSK5a","QeRkwNN3Mk","H0013","R0013_1","0.0","111","59","실제 노출 로그 / 점수·순위는 실험용"
"XEvoUyLU6C6","QeRkwNN3Mk","H0153","R0153_1","0.0","112","42","실제 노출 로그 / 점수·순위는 실험용"
"XE3SkJ90zFT","QeRkwNN3Mk","H0152","R0152_1","0.0","113","38","실제 노출 로그 / 점수·순위는 실험용"
"XEq573AgV6n","QeRkwNN3Mk","H0096","R0096_1","0.0","114","199","실제 노출 로그 / 점수·순위는 실험용"
"XEu3EtJsqmk","QeRkwNN3Mk","H0040","R0040_1","0.0","115","167","실제 노출 로그 / 점수·순위는 실험용"
"XEeiRT89NNl","QeRkwNN3Mk","H0180","R0180_1","0.0","116","151","실제 노출 로그 / 점수·순위는 실험용"
"XE2vxzIRUFK","QeRkwNN3Mk","H0124","R0124_1","0.0","117","119","실제 노출 로그 / 점수·순위는 실험용"
"XE7VeOe8e5v","QeRkwNN3Mk","H0068","R0068_1","0.0","118","87","실제 노출 로그 / 점수·순위는 실험용"
"XEHOGOECz0H","QeRkwNN3Mk","H0012","R0012_1","0.0","119","55","실제 노출 로그 / 점수·순위는 실험용"
"XERig2CaByy","QeRkwNN3Mk","H0151","R0151_1","0.0","120","33","실제 노출 로그 / 점수·순위는 실험용"
"XESGAylhH0z","QeRkwNN3Mk","H0095","R0095_1","0.0","121","195","실제 노출 로그 / 점수·순위는 실험용"
"XEEIU45AgH6","QeRkwNN3Mk","H0039","R0039_1","0.0","122","163","실제 노출 로그 / 점수·순위는 실험용"
"XE5Lr69NkO3","QeRkwNN3Mk","H0179","R0179_1","0.0","123","147","실제 노출 로그 / 점수·순위는 실험용"
"XEJS9Urjecm","QeRkwNN3Mk","H0123","R0123_1","0.0","124","115","실제 노출 로그 / 점수·순위는 실험용"
"XEE2i07E5To","QeRkwNN3Mk","H0067","R0067_1","0.0","125","83","실제 노출 로그 / 점수·순위는 실험용"
"XE7mR9S9VPj","QeRkwNN3Mk","H0011","R0011_1","0.0","126","51","실제 노출 로그 / 점수·순위는 실험용"
"XEbOt6ZKru9","QeRkwNN3Mk","H0150","R0150_1","0.0","127","28","실제 노출 로그 / 점수·순위는 실험용"
"XEjXrlWNJf4","QeRkwNN3Mk","H0094","R0094_1","0.0","128","191","실제 노출 로그 / 점수·순위는 실험용"
"XE966PYvVST","QeRkwNN3Mk","H0038","R0038_1","0.0","129","159","실제 노출 로그 / 점수·순위는 실험용"
"XENZLWnCzWt","QeRkwNN3Mk","H0178","R0178_1","0.0","130","143","실제 노출 로그 / 점수·순위는 실험용"
"XEFq0XNG6pt","QeRkwNN3Mk","H0122","R0122_1","0.0","131","111","실제 노출 로그 / 점수·순위는 실험용"
"XEN1dzgwoCV","QeRkwNN3Mk","H0066","R0066_1","0.0","132","79","실제 노출 로그 / 점수·순위는 실험용"
"XEztOjF68Iv","QeRkwNN3Mk","H0010","R0010_1","0.0","133","47","실제 노출 로그 / 점수·순위는 실험용"
"XE9ybDoQcdh","QeRkwNN3Mk","H0149","R0149_1","0.0","134","23","실제 노출 로그 / 점수·순위는 실험용"
"XEzquxFU6kV","QeRkwNN3Mk","H0093","R0093_1","0.0","135","187","실제 노출 로그 / 점수·순위는 실험용"
"XEwTdKZs3Sj","QeRkwNN3Mk","H0037","R0037_1","0.0","136","155","실제 노출 로그 / 점수·순위는 실험용"
"XEGOm57Cm8K","QeRkwNN3Mk","H0177","R0177_1","0.0","137","139","실제 노출 로그 / 점수·순위는 실험용"
"XET5JYp2bqq","QeRkwNN3Mk","H0121","R0121_1","0.0","138","107","실제 노출 로그 / 점수·순위는 실험용"
"XE0QDJNyKic","QeRkwNN3Mk","H0065","R0065_1","0.0","139","75","실제 노출 로그 / 점수·순위는 실험용"
"XEIGDTtMtzf","QeRkwNN3Mk","H0009","R0009_1","0.0","140","43","실제 노출 로그 / 점수·순위는 실험용"
"XECaGqyW6nT","QeRkwNN3Mk","H0148","R0148_1","0.0","141","19","실제 노출 로그 / 점수·순위는 실험용"
"XE8yOwtl2KJ","QeRkwNN3Mk","H0092","R0092_1","0.0","142","184","실제 노출 로그 / 점수·순위는 실험용"
"XE581tWmVjG","QeRkwNN3Mk","H0036","R0036_1","0.0","143","152","실제 노출 로그 / 점수·순위는 실험용"
"XE8qXF5fT5W","QeRkwNN3Mk","H0176","R0176_1","0.0","144","135","실제 노출 로그 / 점수·순위는 실험용"
"XEOaazNfeYe","QeRkwNN3Mk","H0120","R0120_1","0.0","145","104","실제 노출 로그 / 점수·순위는 실험용"
"XEI1f83pgUD","QeRkwNN3Mk","H0064","R0064_1","0.0","146","72","실제 노출 로그 / 점수·순위는 실험용"
"XETiIrf27RT","QeRkwNN3Mk","H0008","R0008_1","0.0","147","39","실제 노출 로그 / 점수·순위는 실험용"
"XEzEojk4j5V","QeRkwNN3Mk","H0147","R0147_1","0.0","148","14","실제 노출 로그 / 점수·순위는 실험용"
"XE7zdgxZ2jP","QeRkwNN3Mk","H0091","R0091_1","0.0","149","180","실제 노출 로그 / 점수·순위는 실험용"
"XEKYjNLQhBG","QeRkwNN3Mk","H0035","R0035_1","0.0","150","148","실제 노출 로그 / 점수·순위는 실험용"
"XE1IsMYMVV1","QeRkwNN3Mk","H0175","R0175_1","0.0","151","131","실제 노출 로그 / 점수·순위는 실험용"
"XE78aJqYBxj","QeRkwNN3Mk","H0119","R0119_1","0.0","152","100","실제 노출 로그 / 점수·순위는 실험용"
"XEWQYlLiscN","QeRkwNN3Mk","H0063","R0063_1","0.0","153","68","실제 노출 로그 / 점수·순위는 실험용"
"XENasweQIZI","QeRkwNN3Mk","H0007","R0007_1","0.0","154","34","실제 노출 로그 / 점수·순위는 실험용"
"XEhg861BDL6","QeRkwNN3Mk","H0146","R0146_1","0.0","155","9","실제 노출 로그 / 점수·순위는 실험용"
"XENf5DxaEjs","QeRkwNN3Mk","H0090","R0090_1","0.0","156","176","실제 노출 로그 / 점수·순위는 실험용"
"XEX6yqeGz36","QeRkwNN3Mk","H0034","R0034_1","0.0","157","144","실제 노출 로그 / 점수·순위는 실험용"
"XE1rNsmLcL3","QeRkwNN3Mk","H0174","R0174_1","0.0","158","127","실제 노출 로그 / 점수·순위는 실험용"
"XE5hNJfkWTP","QeRkwNN3Mk","H0118","R0118_1","0.0","159","96","실제 노출 로그 / 점수·순위는 실험용"
"XEKYpAQGYJR","QeRkwNN3Mk","H0062","R0062_1","0.0","160","64","실제 노출 로그 / 점수·순위는 실험용"
"XEdLsOuv3C0","QeRkwNN3Mk","H0006","R0006_1","0.0","161","29","실제 노출 로그 / 점수·순위는 실험용"
"XE974ZJm0Lf","QeRkwNN3Mk","H0145","R0145_1","0.0","162","4","실제 노출 로그 / 점수·순위는 실험용"
"XEMmudSIbQq","QeRkwNN3Mk","H0089","R0089_1","0.0","163","172","실제 노출 로그 / 점수·순위는 실험용"
"XEujab7Bm5g","QeRkwNN3Mk","H0033","R0033_1","0.0","164","140","실제 노출 로그 / 점수·순위는 실험용"
"XErDUnqpuSa","QeRkwNN3Mk","H0173","R0173_1","0.0","165","123","실제 노출 로그 / 점수·순위는 실험용"
"XE9P1k7rvyl","QeRkwNN3Mk","H0117","R0117_1","0.0","166","92","실제 노출 로그 / 점수·순위는 실험용"
"XEqAsQOKZy8","QeRkwNN3Mk","H0061","R0061_1","0.0","167","60","실제 노출 로그 / 점수·순위는 실험용"
"XEnDoSHqGXB","QeRkwNN3Mk","H0005","R0005_1","0.0","168","24","실제 노출 로그 / 점수·순위는 실험용"
"XEvTlwLG05M","QeRkwNN3Mk","H0200","R0200_1","0.0","169","40","실제 노출 로그 / 점수·순위는 실험용"
"XEGmdSdxPhS","QeRkwNN3Mk","H0144","R0144_1","0.0","170","200","실제 노출 로그 / 점수·순위는 실험용"
"XEXDB6yX92e","QeRkwNN3Mk","H0088","R0088_1","0.0","171","168","실제 노출 로그 / 점수·순위는 실험용"
"XEy93wI36qw","QeRkwNN3Mk","H0032","R0032_1","0.0","172","136","실제 노출 로그 / 점수·순위는 실험용"
"XEjYLcQvBDX","QeRkwNN3Mk","H0172","R0172_1","0.0","173","120","실제 노출 로그 / 점수·순위는 실험용"
"XENstkgrbDo","QeRkwNN3Mk","H0116","R0116_1","0.0","174","88","실제 노출 로그 / 점수·순위는 실험용"
"XEuFBQpDKyR","QeRkwNN3Mk","H0060","R0060_1","0.0","175","56","실제 노출 로그 / 점수·순위는 실험용"
"XE4VD900bui","QeRkwNN3Mk","H0004","R0004_1","0.0","176","20","실제 노출 로그 / 점수·순위는 실험용"
"XE6V7jz1g1F","QeRkwNN3Mk","H0199","R0199_1","0.0","177","35","실제 노출 로그 / 점수·순위는 실험용"
"XEDRC71xBVB","QeRkwNN3Mk","H0143","R0143_1","0.0","178","196","실제 노출 로그 / 점수·순위는 실험용"
"XElPkE9vDBz","QeRkwNN3Mk","H0087","R0087_1","0.0","179","164","실제 노출 로그 / 점수·순위는 실험용"
"XE71ZTZvFos","QeRkwNN3Mk","H0031","R0031_1","0.0","180","132","실제 노출 로그 / 점수·순위는 실험용"
"XE0F0K80E4D","QeRkwNN3Mk","H0171","R0171_1","0.0","181","116","실제 노출 로그 / 점수·순위는 실험용"
"XE2zmFp2NkP","QeRkwNN3Mk","H0115","R0115_1","0.0","182","84","실제 노출 로그 / 점수·순위는 실험용"
"XEVE6A69gKh","QeRkwNN3Mk","H0059","R0059_1","0.0","183","52","실제 노출 로그 / 점수·순위는 실험용"
"XECrJ1Gg1n5","QeRkwNN3Mk","H0003","R0003_1","0.0","184","15","실제 노출 로그 / 점수·순위는 실험용"
"XEyR1XhJ9XB","QeRkwNN3Mk","H0198","R0198_1","0.0","185","30","실제 노출 로그 / 점수·순위는 실험용"
"XEUZOK0qK2w","QeRkwNN3Mk","H0142","R0142_1","0.0","186","192","실제 노출 로그 / 점수·순위는 실험용"
"XEEw3zEcBHl","QeRkwNN3Mk","H0086","R0086_1","0.0","187","160","실제 노출 로그 / 점수·순위는 실험용"
"XEnH8K4j5l5","QeRkwNN3Mk","H0030","R0030_1","0.0","188","128","실제 노출 로그 / 점수·순위는 실험용"
"XEF2A0UrNyW","QeRkwNN3Mk","H0170","R0170_1","0.0","189","112","실제 노출 로그 / 점수·순위는 실험용"
"XEo6qZOivnc","QeRkwNN3Mk","H0114","R0114_1","0.0","190","80","실제 노출 로그 / 점수·순위는 실험용"
"XEuy31O7ddR","QeRkwNN3Mk","H0058","R0058_1","0.0","191","48","실제 노출 로그 / 점수·순위는 실험용"
"XEwEQSm41Kz","QeRkwNN3Mk","H0002","R0002_1","0.0","192","10","실제 노출 로그 / 점수·순위는 실험용"
"XEmrXjqtgtE","QeRkwNN3Mk","H0197","R0197_1","0.0","193","25","실제 노출 로그 / 점수·순위는 실험용"
"XEmiUaow37E","QeRkwNN3Mk","H0141","R0141_1","0.0","194","188","실제 노출 로그 / 점수·순위는 실험용"
"XEzQ1jCDArR","QeRkwNN3Mk","H0085","R0085_1","0.0","195","156","실제 노출 로그 / 점수·순위는 실험용"
"XEm2GFuseRL","QeRkwNN3Mk","H0029","R0029_1","0.0","196","124","실제 노출 로그 / 점수·순위는 실험용"
"XErwLRJ4nRe","QeRkwNN3Mk","H0169","R0169_1","0.0","197","108","실제 노출 로그 / 점수·순위는 실험용"
"XEzFLzNBr4s","QeRkwNN3Mk","H0113","R0113_1","0.0","198","76","실제 노출 로그 / 점수·순위는 실험용"
"XEWF2v0dVzt","QeRkwNN3Mk","H0057","R0057_1","0.0","199","44","실제 노출 로그 / 점수·순위는 실험용"
"XEnWaMr1RTr","QeRkwNN3Mk","H0001","R0001_1","0.0","200","5","실제 노출 로그 / 점수·순위는 실험용"
"XECh7VHQkVH","Q333t6naRT","H0196","R0196_1","100.0","1","10","실제 노출 로그 / 점수·순위는 실험용"
"XE6dUIkYSN1","Q333t6naRT","H0195","R0195_1","99.0","2","7","실제 노출 로그 / 점수·순위는 실험용"
"XE8J1tt6EIp","Q333t6naRT","H0194","R0194_1","98.0","3","4","실제 노출 로그 / 점수·순위는 실험용"
"XEnjBYDxFkH","Q333t6naRT","H0193","R0193_1","97.0","4","1","실제 노출 로그 / 점수·순위는 실험용"
"XERNS72TGxR","Q333t6naRT","H0102","R0102_1","96.0","5","16","실제 노출 로그 / 점수·순위는 실험용"
"XERKgrMAhIu","Q333t6naRT","H0101","R0101_1","95.0","6","13","실제 노출 로그 / 점수·순위는 실험용"
"XE8wwqanFkC","Q333t6naRT","H0100","R0100_1","94.0","7","11","실제 노출 로그 / 점수·순위는 실험용"
"XEXce42UK8p","Q333t6naRT","H0099","R0099_1","93.0","8","8","실제 노출 로그 / 점수·순위는 실험용"
"XEx5o4UrKMx","Q333t6naRT","H0098","R0098_1","92.0","9","5","실제 노출 로그 / 점수·순위는 실험용"
"XEfdCNJxZE2","Q333t6naRT","H0097","R0097_1","91.0","10","2","실제 노출 로그 / 점수·순위는 실험용"
"XEtTgsy6Cg1","Q333t6naRT","H0006","R0006_1","90.0","11","17","실제 노출 로그 / 점수·순위는 실험용"
"XEjVZ46leBG","Q333t6naRT","H0005","R0005_1","89.0","12","14","실제 노출 로그 / 점수·순위는 실험용"
"XEfdedS5hZd","Q333t6naRT","H0004","R0004_1","88.0","13","12","실제 노출 로그 / 점수·순위는 실험용"
"XEbjoeKTK1B","Q333t6naRT","H0003","R0003_1","87.0","14","9","실제 노출 로그 / 점수·순위는 실험용"
"XEj6uUdHEgC","Q333t6naRT","H0198","R0198_1","86.0","15","18","실제 노출 로그 / 점수·순위는 실험용"
"XEggw5KVk6Q","Q333t6naRT","H0002","R0002_1","85.0","16","6","실제 노출 로그 / 점수·순위는 실험용"
"XEGJRPQN2IZ","Q333t6naRT","H0197","R0197_1","84.0","17","15","실제 노출 로그 / 점수·순위는 실험용"
"XE4cLbr03VX","Q333t6naRT","H0001","R0001_1","83.0","18","3","실제 노출 로그 / 점수·순위는 실험용"
"XEr0orQfhiO","QdPLnzMcro","H0196","R0196_1","100.0","1","16","실제 노출 로그 / 점수·순위는 실험용"
"XE28KSQsJ90","QdPLnzMcro","H0140","R0140_1","99.0","2","181","실제 노출 로그 / 점수·순위는 실험용"
"XEib4U39DnV","QdPLnzMcro","H0084","R0084_1","98.0","3","149","실제 노출 로그 / 점수·순위는 실험용"
"XE91cEpXKJR","QdPLnzMcro","H0028","R0028_1","97.0","4","117","실제 노출 로그 / 점수·순위는 실험용"
"XEZHSjx7uhv","QdPLnzMcro","H0168","R0168_1","96.0","5","101","실제 노출 로그 / 점수·순위는 실험용"
"XEexDrX5xQq","QdPLnzMcro","H0112","R0112_1","95.0","6","69","실제 노출 로그 / 점수·순위는 실험용"
"XEg10Wdo6aQ","QdPLnzMcro","H0056","R0056_1","94.0","7","36","실제 노출 로그 / 점수·순위는 실험용"
"XE1IgICf368","QdPLnzMcro","H0195","R0195_1","93.0","8","11","실제 노출 로그 / 점수·순위는 실험용"
"XEBit45oMhj","QdPLnzMcro","H0139","R0139_1","92.0","9","177","실제 노출 로그 / 점수·순위는 실험용"
"XENgRqo5ixI","QdPLnzMcro","H0083","R0083_1","91.0","10","145","실제 노출 로그 / 점수·순위는 실험용"
"XE9DPaYp4Pz","QdPLnzMcro","H0027","R0027_1","90.0","11","113","실제 노출 로그 / 점수·순위는 실험용"
"XEwwpmYGVzy","QdPLnzMcro","H0167","R0167_1","89.0","12","97","실제 노출 로그 / 점수·순위는 실험용"
"XEgZrhAfS7i","QdPLnzMcro","H0111","R0111_1","88.0","13","65","실제 노출 로그 / 점수·순위는 실험용"
"XEAZLN74AdN","QdPLnzMcro","H0055","R0055_1","87.0","14","31","실제 노출 로그 / 점수·순위는 실험용"
"XEkQXut3v9J","QdPLnzMcro","H0194","R0194_1","86.0","15","6","실제 노출 로그 / 점수·순위는 실험용"
"XENxULEPd5I","QdPLnzMcro","H0138","R0138_1","85.0","16","173","실제 노출 로그 / 점수·순위는 실험용"
"XEIX4J3Vld1","QdPLnzMcro","H0082","R0082_1","84.0","17","141","실제 노출 로그 / 점수·순위는 실험용"
"XETZ9KiGYVf","QdPLnzMcro","H0026","R0026_1","83.0","18","109","실제 노출 로그 / 점수·순위는 실험용"
"XEGle5xZ52j","QdPLnzMcro","H0166","R0166_1","82.0","19","93","실제 노출 로그 / 점수·순위는 실험용"
"XEfSegSUCV8","QdPLnzMcro","H0110","R0110_1","81.0","20","61","실제 노출 로그 / 점수·순위는 실험용"
"XE1WzrXvAb5","QdPLnzMcro","H0054","R0054_1","80.0","21","26","실제 노출 로그 / 점수·순위는 실험용"
"XEPu4UDvxR3","QdPLnzMcro","H0193","R0193_1","79.0","22","1","실제 노출 로그 / 점수·순위는 실험용"
"XE6AMZLmaV3","QdPLnzMcro","H0137","R0137_1","78.0","23","169","실제 노출 로그 / 점수·순위는 실험용"
"XEjb9ZKU0Zm","QdPLnzMcro","H0081","R0081_1","77.0","24","137","실제 노출 로그 / 점수·순위는 실험용"
"XEfiQf5McMW","QdPLnzMcro","H0025","R0025_1","76.0","25","105","실제 노출 로그 / 점수·순위는 실험용"
"XEy5ULjZLIi","QdPLnzMcro","H0165","R0165_1","75.0","26","89","실제 노출 로그 / 점수·순위는 실험용"
"XE3vH8FDco3","QdPLnzMcro","H0109","R0109_1","74.0","27","57","실제 노출 로그 / 점수·순위는 실험용"
"XE3mz5A631k","QdPLnzMcro","H0053","R0053_1","73.0","28","21","실제 노출 로그 / 점수·순위는 실험용"
"XE6tSHpSBtL","QdPLnzMcro","H0192","R0192_1","72.0","29","197","실제 노출 로그 / 점수·순위는 실험용"
"XE4UP5dyz3n","QdPLnzMcro","H0136","R0136_1","71.0","30","165","실제 노출 로그 / 점수·순위는 실험용"
"XEHNakTIYG6","QdPLnzMcro","H0080","R0080_1","70.0","31","133","실제 노출 로그 / 점수·순위는 실험용"
"XEX5PGVhkyc","QdPLnzMcro","H0024","R0024_1","69.0","32","102","실제 노출 로그 / 점수·순위는 실험용"
"XEYnQNsodB3","QdPLnzMcro","H0164","R0164_1","68.0","33","85","실제 노출 로그 / 점수·순위는 실험용"
"XE3ISFQuE9G","QdPLnzMcro","H0108","R0108_1","67.0","34","53","실제 노출 로그 / 점수·순위는 실험용"
"XEzjabzgK4x","QdPLnzMcro","H0052","R0052_1","66.0","35","17","실제 노출 로그 / 점수·순위는 실험용"
"XEWCJLeRdYL","QdPLnzMcro","H0051","R0051_1","65.0","36","12","실제 노출 로그 / 점수·순위는 실험용"
"XEGitX3lBAc","QdPLnzMcro","H0191","R0191_1","64.0","37","193","실제 노출 로그 / 점수·순위는 실험용"
"XEWLiuIHoOn","QdPLnzMcro","H0135","R0135_1","63.0","38","161","실제 노출 로그 / 점수·순위는 실험용"
"XEe35MZO7dD","QdPLnzMcro","H0079","R0079_1","62.0","39","129","실제 노출 로그 / 점수·순위는 실험용"
"XEQMz82gBLr","QdPLnzMcro","H0023","R0023_1","61.0","40","98","실제 노출 로그 / 점수·순위는 실험용"
"XEk7SBNZINt","QdPLnzMcro","H0163","R0163_1","60.0","41","81","실제 노출 로그 / 점수·순위는 실험용"
"XEjYSA135rX","QdPLnzMcro","H0107","R0107_1","59.0","42","49","실제 노출 로그 / 점수·순위는 실험용"
"XEWmuluhvhu","QdPLnzMcro","H0050","R0050_1","58.0","43","7","실제 노출 로그 / 점수·순위는 실험용"
"XEbVDlUbJ4r","QdPLnzMcro","H0190","R0190_1","57.0","44","189","실제 노출 로그 / 점수·순위는 실험용"
"XEdefy3NVRg","QdPLnzMcro","H0134","R0134_1","56.0","45","157","실제 노출 로그 / 점수·순위는 실험용"
"XEKhvtEdExK","QdPLnzMcro","H0078","R0078_1","55.0","46","125","실제 노출 로그 / 점수·순위는 실험용"
"XE7RzvF3kE1","QdPLnzMcro","H0022","R0022_1","54.0","47","94","실제 노출 로그 / 점수·순위는 실험용"
"XE7PyQOLTNi","QdPLnzMcro","H0162","R0162_1","53.0","48","77","실제 노출 로그 / 점수·순위는 실험용"
"XEh05Or4zc1","QdPLnzMcro","H0106","R0106_1","52.0","49","45","실제 노출 로그 / 점수·순위는 실험용"
"XE72cy8Z5Ib","QdPLnzMcro","H0049","R0049_1","51.0","50","2","실제 노출 로그 / 점수·순위는 실험용"
"XEvX9Dvyb9e","QdPLnzMcro","H0189","R0189_1","50.0","51","185","실제 노출 로그 / 점수·순위는 실험용"
"XEVLrSkZQjc","QdPLnzMcro","H0133","R0133_1","49.0","52","153","실제 노출 로그 / 점수·순위는 실험용"
"XE6z5IaYKPq","QdPLnzMcro","H0077","R0077_1","48.0","53","121","실제 노출 로그 / 점수·순위는 실험용"
"XEcuPbbAIZJ","QdPLnzMcro","H0021","R0021_1","47.0","54","90","실제 노출 로그 / 점수·순위는 실험용"
"XEBaIeaLljT","QdPLnzMcro","H0161","R0161_1","46.0","55","73","실제 노출 로그 / 점수·순위는 실험용"
"XEDPHGCUPVm","QdPLnzMcro","H0105","R0105_1","45.0","56","41","실제 노출 로그 / 점수·순위는 실험용"
"XE3tN6vWZ2o","QdPLnzMcro","H0048","R0048_1","44.0","57","198","실제 노출 로그 / 점수·순위는 실험용"
"XESboqB9xUP","QdPLnzMcro","H0188","R0188_1","43.0","58","182","실제 노출 로그 / 점수·순위는 실험용"
"XEMY7K945Hq","QdPLnzMcro","H0132","R0132_1","42.0","59","150","실제 노출 로그 / 점수·순위는 실험용"
"XEmye27ensU","QdPLnzMcro","H0076","R0076_1","41.0","60","118","실제 노출 로그 / 점수·순위는 실험용"
"XEtBdLIALxi","QdPLnzMcro","H0020","R0020_1","40.0","61","86","실제 노출 로그 / 점수·순위는 실험용"
"XEl3CgbSvHd","QdPLnzMcro","H0160","R0160_1","39.0","62","70","실제 노출 로그 / 점수·순위는 실험용"
"XEGSjZS87S8","QdPLnzMcro","H0104","R0104_1","38.0","63","37","실제 노출 로그 / 점수·순위는 실험용"
"XEfLXm030Ss","QdPLnzMcro","H0047","R0047_1","37.0","64","194","실제 노출 로그 / 점수·순위는 실험용"
"XEYwd7qcp6y","QdPLnzMcro","H0187","R0187_1","36.0","65","178","실제 노출 로그 / 점수·순위는 실험용"
"XE2z7BlXw8m","QdPLnzMcro","H0131","R0131_1","35.0","66","146","실제 노출 로그 / 점수·순위는 실험용"
"XEdxmXA0NZj","QdPLnzMcro","H0075","R0075_1","34.0","67","114","실제 노출 로그 / 점수·순위는 실험용"
"XEd0rl8fr0U","QdPLnzMcro","H0019","R0019_1","33.0","68","82","실제 노출 로그 / 점수·순위는 실험용"
"XEA4QW9xzHM","QdPLnzMcro","H0159","R0159_1","32.0","69","66","실제 노출 로그 / 점수·순위는 실험용"
"XEaPapMNAEM","QdPLnzMcro","H0103","R0103_1","31.0","70","32","실제 노출 로그 / 점수·순위는 실험용"
"XE7Q3pZESKe","QdPLnzMcro","H0102","R0102_1","30.0","71","27","실제 노출 로그 / 점수·순위는 실험용"
"XE9NvMWIcvu","QdPLnzMcro","H0046","R0046_1","29.0","72","190","실제 노출 로그 / 점수·순위는 실험용"
"XEzFovbN1hr","QdPLnzMcro","H0186","R0186_1","28.0","73","174","실제 노출 로그 / 점수·순위는 실험용"
"XEmD8wKEseF","QdPLnzMcro","H0130","R0130_1","27.0","74","142","실제 노출 로그 / 점수·순위는 실험용"
"XE8KB0bKepM","QdPLnzMcro","H0074","R0074_1","26.0","75","110","실제 노출 로그 / 점수·순위는 실험용"
"XEzp2ApXW6D","QdPLnzMcro","H0018","R0018_1","25.0","76","78","실제 노출 로그 / 점수·순위는 실험용"
"XEIpC3P0qhX","QdPLnzMcro","H0158","R0158_1","24.0","77","62","실제 노출 로그 / 점수·순위는 실험용"
"XE2AqazYrj9","QdPLnzMcro","H0101","R0101_1","23.0","78","22","실제 노출 로그 / 점수·순위는 실험용"
"XEaOnIe47qr","QdPLnzMcro","H0045","R0045_1","22.0","79","186","실제 노출 로그 / 점수·순위는 실험용"
"XEgwd1CtOyo","QdPLnzMcro","H0185","R0185_1","21.0","80","170","실제 노출 로그 / 점수·순위는 실험용"
"XEQjHlr6AYO","QdPLnzMcro","H0129","R0129_1","20.0","81","138","실제 노출 로그 / 점수·순위는 실험용"
"XER78L6iqnb","QdPLnzMcro","H0073","R0073_1","19.0","82","106","실제 노출 로그 / 점수·순위는 실험용"
"XE7jYnBuu9K","QdPLnzMcro","H0017","R0017_1","18.0","83","74","실제 노출 로그 / 점수·순위는 실험용"
"XEyLKDSq782","QdPLnzMcro","H0157","R0157_1","17.0","84","58","실제 노출 로그 / 점수·순위는 실험용"
"XENyNE8ts4o","QdPLnzMcro","H0100","R0100_1","16.0","85","18","실제 노출 로그 / 점수·순위는 실험용"
"XE8CS6gi7Qp","QdPLnzMcro","H0044","R0044_1","15.0","86","183","실제 노출 로그 / 점수·순위는 실험용"
"XESO1aQAo7J","QdPLnzMcro","H0184","R0184_1","14.0","87","166","실제 노출 로그 / 점수·순위는 실험용"
"XEND4rxKeMf","QdPLnzMcro","H0128","R0128_1","13.0","88","134","실제 노출 로그 / 점수·순위는 실험용"
"XE3E933oznL","QdPLnzMcro","H0072","R0072_1","12.0","89","103","실제 노출 로그 / 점수·순위는 실험용"
"XElEgUixM6d","QdPLnzMcro","H0016","R0016_1","11.0","90","71","실제 노출 로그 / 점수·순위는 실험용"
"XEr4hAxaU75","QdPLnzMcro","H0156","R0156_1","10.0","91","54","실제 노출 로그 / 점수·순위는 실험용"
"XE5iesSAvq5","QdPLnzMcro","H0099","R0099_1","9.0","92","13","실제 노출 로그 / 점수·순위는 실험용"
"XE5lcKtAr6h","QdPLnzMcro","H0043","R0043_1","8.0","93","179","실제 노출 로그 / 점수·순위는 실험용"
"XEWlnSvDQvu","QdPLnzMcro","H0183","R0183_1","7.0","94","162","실제 노출 로그 / 점수·순위는 실험용"
"XE6BVtHkZsK","QdPLnzMcro","H0127","R0127_1","6.0","95","130","실제 노출 로그 / 점수·순위는 실험용"
"XEzJ24cqdOh","QdPLnzMcro","H0071","R0071_1","5.0","96","99","실제 노출 로그 / 점수·순위는 실험용"
"XE4929o6C2t","QdPLnzMcro","H0015","R0015_1","4.0","97","67","실제 노출 로그 / 점수·순위는 실험용"
"XEOaUJGEd08","QdPLnzMcro","H0155","R0155_1","3.0","98","50","실제 노출 로그 / 점수·순위는 실험용"
"XExLJrvBEZo","QdPLnzMcro","H0098","R0098_1","2.0","99","8","실제 노출 로그 / 점수·순위는 실험용"
"XED4XnLzJGG","QdPLnzMcro","H0042","R0042_1","1.0","100","175","실제 노출 로그 / 점수·순위는 실험용"
"XEtLq3jN3J8","QdPLnzMcro","H0182","R0182_1","0.0","101","158","실제 노출 로그 / 점수·순위는 실험용"
"XEuVd2UgwHg","QdPLnzMcro","H0126","R0126_1","0.0","102","126","실제 노출 로그 / 점수·순위는 실험용"
"XE1n1GXSJig","QdPLnzMcro","H0070","R0070_1","0.0","103","95","실제 노출 로그 / 점수·순위는 실험용"
"XEZ5c1CCK3Y","QdPLnzMcro","H0014","R0014_1","0.0","104","63","실제 노출 로그 / 점수·순위는 실험용"
"XEG5hRoYW59","QdPLnzMcro","H0154","R0154_1","0.0","105","46","실제 노출 로그 / 점수·순위는 실험용"
"XEoeGGzvTHX","QdPLnzMcro","H0097","R0097_1","0.0","106","3","실제 노출 로그 / 점수·순위는 실험용"
"XET9dS8GV8M","QdPLnzMcro","H0041","R0041_1","0.0","107","171","실제 노출 로그 / 점수·순위는 실험용"
"XE15loyWzFv","QdPLnzMcro","H0181","R0181_1","0.0","108","154","실제 노출 로그 / 점수·순위는 실험용"
"XEIQdHpEwEg","QdPLnzMcro","H0125","R0125_1","0.0","109","122","실제 노출 로그 / 점수·순위는 실험용"
"XEQWsSgfcob","QdPLnzMcro","H0069","R0069_1","0.0","110","91","실제 노출 로그 / 점수·순위는 실험용"
"XESJqnIhMf6","QdPLnzMcro","H0013","R0013_1","0.0","111","59","실제 노출 로그 / 점수·순위는 실험용"
"XEmb3kRv0wZ","QdPLnzMcro","H0153","R0153_1","0.0","112","42","실제 노출 로그 / 점수·순위는 실험용"
"XEMMTkDzoVC","QdPLnzMcro","H0152","R0152_1","0.0","113","38","실제 노출 로그 / 점수·순위는 실험용"
"XE2ehRL7uie","QdPLnzMcro","H0096","R0096_1","0.0","114","199","실제 노출 로그 / 점수·순위는 실험용"
"XEMYYKbGQZG","QdPLnzMcro","H0040","R0040_1","0.0","115","167","실제 노출 로그 / 점수·순위는 실험용"
"XEL1IL2Bnu2","QdPLnzMcro","H0180","R0180_1","0.0","116","151","실제 노출 로그 / 점수·순위는 실험용"
"XEX8fqZiRY3","QdPLnzMcro","H0124","R0124_1","0.0","117","119","실제 노출 로그 / 점수·순위는 실험용"
"XE7E8c7Bza4","QdPLnzMcro","H0068","R0068_1","0.0","118","87","실제 노출 로그 / 점수·순위는 실험용"
"XEZ10gfCjzY","QdPLnzMcro","H0012","R0012_1","0.0","119","55","실제 노출 로그 / 점수·순위는 실험용"
"XE09yvJVXRN","QdPLnzMcro","H0151","R0151_1","0.0","120","33","실제 노출 로그 / 점수·순위는 실험용"
"XEeeIg7uvkb","QdPLnzMcro","H0095","R0095_1","0.0","121","195","실제 노출 로그 / 점수·순위는 실험용"
"XEjxG23epY0","QdPLnzMcro","H0039","R0039_1","0.0","122","163","실제 노출 로그 / 점수·순위는 실험용"
"XEJKc1udVM3","QdPLnzMcro","H0179","R0179_1","0.0","123","147","실제 노출 로그 / 점수·순위는 실험용"
"XEjHNUvUzv4","QdPLnzMcro","H0123","R0123_1","0.0","124","115","실제 노출 로그 / 점수·순위는 실험용"
"XEmb6jJsys1","QdPLnzMcro","H0067","R0067_1","0.0","125","83","실제 노출 로그 / 점수·순위는 실험용"
"XEdNf3lzHWD","QdPLnzMcro","H0011","R0011_1","0.0","126","51","실제 노출 로그 / 점수·순위는 실험용"
"XE4oE8iidj1","QdPLnzMcro","H0150","R0150_1","0.0","127","28","실제 노출 로그 / 점수·순위는 실험용"
"XEKwDpZg73S","QdPLnzMcro","H0094","R0094_1","0.0","128","191","실제 노출 로그 / 점수·순위는 실험용"
"XEreWjIUr3S","QdPLnzMcro","H0038","R0038_1","0.0","129","159","실제 노출 로그 / 점수·순위는 실험용"
"XEDUjI1YSrt","QdPLnzMcro","H0178","R0178_1","0.0","130","143","실제 노출 로그 / 점수·순위는 실험용"
"XEjjw8d1twE","QdPLnzMcro","H0122","R0122_1","0.0","131","111","실제 노출 로그 / 점수·순위는 실험용"
"XEXlWd2j3id","QdPLnzMcro","H0066","R0066_1","0.0","132","79","실제 노출 로그 / 점수·순위는 실험용"
"XEhoo1t5cdS","QdPLnzMcro","H0010","R0010_1","0.0","133","47","실제 노출 로그 / 점수·순위는 실험용"
"XEd5gFMQMRQ","QdPLnzMcro","H0149","R0149_1","0.0","134","23","실제 노출 로그 / 점수·순위는 실험용"
"XE95Le6NufL","QdPLnzMcro","H0093","R0093_1","0.0","135","187","실제 노출 로그 / 점수·순위는 실험용"
"XE8KQxTN0A3","QdPLnzMcro","H0037","R0037_1","0.0","136","155","실제 노출 로그 / 점수·순위는 실험용"
"XErIlfKVfeJ","QdPLnzMcro","H0177","R0177_1","0.0","137","139","실제 노출 로그 / 점수·순위는 실험용"
"XEe6mjqomps","QdPLnzMcro","H0121","R0121_1","0.0","138","107","실제 노출 로그 / 점수·순위는 실험용"
"XEeGntoNPaK","QdPLnzMcro","H0065","R0065_1","0.0","139","75","실제 노출 로그 / 점수·순위는 실험용"
"XEiyfBMWJLY","QdPLnzMcro","H0009","R0009_1","0.0","140","43","실제 노출 로그 / 점수·순위는 실험용"
"XEAvcVBPSGk","QdPLnzMcro","H0148","R0148_1","0.0","141","19","실제 노출 로그 / 점수·순위는 실험용"
"XEL3EouiNLC","QdPLnzMcro","H0092","R0092_1","0.0","142","184","실제 노출 로그 / 점수·순위는 실험용"
"XEwwtJtXfFG","QdPLnzMcro","H0036","R0036_1","0.0","143","152","실제 노출 로그 / 점수·순위는 실험용"
"XEa7d3XDJ5H","QdPLnzMcro","H0176","R0176_1","0.0","144","135","실제 노출 로그 / 점수·순위는 실험용"
"XE0Dcfr3PSm","QdPLnzMcro","H0120","R0120_1","0.0","145","104","실제 노출 로그 / 점수·순위는 실험용"
"XEyApkgNlyl","QdPLnzMcro","H0064","R0064_1","0.0","146","72","실제 노출 로그 / 점수·순위는 실험용"
"XEe2ocMPOFb","QdPLnzMcro","H0008","R0008_1","0.0","147","39","실제 노출 로그 / 점수·순위는 실험용"
"XEu7A0Z2LsH","QdPLnzMcro","H0147","R0147_1","0.0","148","14","실제 노출 로그 / 점수·순위는 실험용"
"XEfVS4vZwX6","QdPLnzMcro","H0091","R0091_1","0.0","149","180","실제 노출 로그 / 점수·순위는 실험용"
"XE8mtx52z0Q","QdPLnzMcro","H0035","R0035_1","0.0","150","148","실제 노출 로그 / 점수·순위는 실험용"
"XElBk1ksBLY","QdPLnzMcro","H0175","R0175_1","0.0","151","131","실제 노출 로그 / 점수·순위는 실험용"
"XESVoR0RFXX","QdPLnzMcro","H0119","R0119_1","0.0","152","100","실제 노출 로그 / 점수·순위는 실험용"
"XEGRSnzwfIw","QdPLnzMcro","H0063","R0063_1","0.0","153","68","실제 노출 로그 / 점수·순위는 실험용"
"XEW0XnZkG8o","QdPLnzMcro","H0007","R0007_1","0.0","154","34","실제 노출 로그 / 점수·순위는 실험용"
"XEqUlzjDurK","QdPLnzMcro","H0146","R0146_1","0.0","155","9","실제 노출 로그 / 점수·순위는 실험용"
"XEElWmQ32cu","QdPLnzMcro","H0090","R0090_1","0.0","156","176","실제 노출 로그 / 점수·순위는 실험용"
"XEmsoJDiHUy","QdPLnzMcro","H0034","R0034_1","0.0","157","144","실제 노출 로그 / 점수·순위는 실험용"
"XECIp608K3u","QdPLnzMcro","H0174","R0174_1","0.0","158","127","실제 노출 로그 / 점수·순위는 실험용"
"XE7fbAusBxL","QdPLnzMcro","H0118","R0118_1","0.0","159","96","실제 노출 로그 / 점수·순위는 실험용"
"XEDxIg8tb7H","QdPLnzMcro","H0062","R0062_1","0.0","160","64","실제 노출 로그 / 점수·순위는 실험용"
"XEps5xV6rVM","QdPLnzMcro","H0006","R0006_1","0.0","161","29","실제 노출 로그 / 점수·순위는 실험용"
"XE3IcdfaT8u","QdPLnzMcro","H0145","R0145_1","0.0","162","4","실제 노출 로그 / 점수·순위는 실험용"
"XE2pnIb1nJb","QdPLnzMcro","H0089","R0089_1","0.0","163","172","실제 노출 로그 / 점수·순위는 실험용"
"XEnw7pZRZbv","QdPLnzMcro","H0033","R0033_1","0.0","164","140","실제 노출 로그 / 점수·순위는 실험용"
"XE3I7s8ZpHZ","QdPLnzMcro","H0173","R0173_1","0.0","165","123","실제 노출 로그 / 점수·순위는 실험용"
"XEDvjwNpImP","QdPLnzMcro","H0117","R0117_1","0.0","166","92","실제 노출 로그 / 점수·순위는 실험용"
"XEBqakwdBoP","QdPLnzMcro","H0061","R0061_1","0.0","167","60","실제 노출 로그 / 점수·순위는 실험용"
"XESQMKMJiy6","QdPLnzMcro","H0005","R0005_1","0.0","168","24","실제 노출 로그 / 점수·순위는 실험용"
"XEiNDxlOGwI","QdPLnzMcro","H0200","R0200_1","0.0","169","40","실제 노출 로그 / 점수·순위는 실험용"
"XEXXsrNoYw5","QdPLnzMcro","H0144","R0144_1","0.0","170","200","실제 노출 로그 / 점수·순위는 실험용"
"XEmAo8ovnN3","QdPLnzMcro","H0088","R0088_1","0.0","171","168","실제 노출 로그 / 점수·순위는 실험용"
"XEIWAXd9Ae8","QdPLnzMcro","H0032","R0032_1","0.0","172","136","실제 노출 로그 / 점수·순위는 실험용"
"XE6kF17Vhql","QdPLnzMcro","H0172","R0172_1","0.0","173","120","실제 노출 로그 / 점수·순위는 실험용"
"XE7NIkbgJzl","QdPLnzMcro","H0116","R0116_1","0.0","174","88","실제 노출 로그 / 점수·순위는 실험용"
"XEhqvpgC6LB","QdPLnzMcro","H0060","R0060_1","0.0","175","56","실제 노출 로그 / 점수·순위는 실험용"
"XE8Sf2TOr1S","QdPLnzMcro","H0004","R0004_1","0.0","176","20","실제 노출 로그 / 점수·순위는 실험용"
"XEPCzSdlWuU","QdPLnzMcro","H0199","R0199_1","0.0","177","35","실제 노출 로그 / 점수·순위는 실험용"
"XESaRbLQdvl","QdPLnzMcro","H0143","R0143_1","0.0","178","196","실제 노출 로그 / 점수·순위는 실험용"
"XE5V6dTiJhM","QdPLnzMcro","H0087","R0087_1","0.0","179","164","실제 노출 로그 / 점수·순위는 실험용"
"XEgtWMfJCWe","QdPLnzMcro","H0031","R0031_1","0.0","180","132","실제 노출 로그 / 점수·순위는 실험용"
"XEQYHrgSgR1","QdPLnzMcro","H0171","R0171_1","0.0","181","116","실제 노출 로그 / 점수·순위는 실험용"
"XE0uRGH1hsA","QdPLnzMcro","H0115","R0115_1","0.0","182","84","실제 노출 로그 / 점수·순위는 실험용"
"XEs45rEml7Z","QdPLnzMcro","H0059","R0059_1","0.0","183","52","실제 노출 로그 / 점수·순위는 실험용"
"XEKw3BjlZRz","QdPLnzMcro","H0003","R0003_1","0.0","184","15","실제 노출 로그 / 점수·순위는 실험용"
"XEPzvm5IVhS","QdPLnzMcro","H0198","R0198_1","0.0","185","30","실제 노출 로그 / 점수·순위는 실험용"
"XEN6dp0xeWE","QdPLnzMcro","H0142","R0142_1","0.0","186","192","실제 노출 로그 / 점수·순위는 실험용"
"XEdrKHw0TEx","QdPLnzMcro","H0086","R0086_1","0.0","187","160","실제 노출 로그 / 점수·순위는 실험용"
"XEI0kOm3ndD","QdPLnzMcro","H0030","R0030_1","0.0","188","128","실제 노출 로그 / 점수·순위는 실험용"
"XEjF7JFFAAq","QdPLnzMcro","H0170","R0170_1","0.0","189","112","실제 노출 로그 / 점수·순위는 실험용"
"XEPni1EhWS5","QdPLnzMcro","H0114","R0114_1","0.0","190","80","실제 노출 로그 / 점수·순위는 실험용"
"XEcVx6kcnNH","QdPLnzMcro","H0058","R0058_1","0.0","191","48","실제 노출 로그 / 점수·순위는 실험용"
"XEk3MRMiMtA","QdPLnzMcro","H0002","R0002_1","0.0","192","10","실제 노출 로그 / 점수·순위는 실험용"
"XEUEkmzfX2S","QdPLnzMcro","H0197","R0197_1","0.0","193","25","실제 노출 로그 / 점수·순위는 실험용"
"XE7BLS4Lw0m","QdPLnzMcro","H0141","R0141_1","0.0","194","188","실제 노출 로그 / 점수·순위는 실험용"
"XETP7jfi3cl","QdPLnzMcro","H0085","R0085_1","0.0","195","156","실제 노출 로그 / 점수·순위는 실험용"
"XE5w9ACKejV","QdPLnzMcro","H0029","R0029_1","0.0","196","124","실제 노출 로그 / 점수·순위는 실험용"
"XEOIdxpu9r4","QdPLnzMcro","H0169","R0169_1","0.0","197","108","실제 노출 로그 / 점수·순위는 실험용"
"XE3xTimKb1v","QdPLnzMcro","H0113","R0113_1","0.0","198","76","실제 노출 로그 / 점수·순위는 실험용"
"XEkerCabCGp","QdPLnzMcro","H0057","R0057_1","0.0","199","44","실제 노출 로그 / 점수·순위는 실험용"
"XEqPp5ZmJ4W","QdPLnzMcro","H0001","R0001_1","0.0","200","5","실제 노출 로그 / 점수·순위는 실험용"
"XEhbcT2xqcR","Q0CqLhuf7C","H0196","R0196_1","100.0","1","16","실제 노출 로그 / 점수·순위는 실험용"
"XETq2vJyBay","Q0CqLhuf7C","H0140","R0140_1","99.0","2","181","실제 노출 로그 / 점수·순위는 실험용"
"XEkThdVR0Ch","Q0CqLhuf7C","H0084","R0084_1","98.0","3","149","실제 노출 로그 / 점수·순위는 실험용"
"XEfeVrwkl4A","Q0CqLhuf7C","H0028","R0028_1","97.0","4","117","실제 노출 로그 / 점수·순위는 실험용"
"XE2wtO4FxO4","Q0CqLhuf7C","H0168","R0168_1","96.0","5","101","실제 노출 로그 / 점수·순위는 실험용"
"XEglN1lV3SC","Q0CqLhuf7C","H0112","R0112_1","95.0","6","69","실제 노출 로그 / 점수·순위는 실험용"
"XExTrdDrIkW","Q0CqLhuf7C","H0056","R0056_1","94.0","7","36","실제 노출 로그 / 점수·순위는 실험용"
"XElHOYBdrAO","Q0CqLhuf7C","H0195","R0195_1","93.0","8","11","실제 노출 로그 / 점수·순위는 실험용"
"XEhPFL7L7T4","Q0CqLhuf7C","H0139","R0139_1","92.0","9","177","실제 노출 로그 / 점수·순위는 실험용"
"XEji1lJk9TJ","Q0CqLhuf7C","H0083","R0083_1","91.0","10","145","실제 노출 로그 / 점수·순위는 실험용"
"XEUgWeQyeGL","Q0CqLhuf7C","H0027","R0027_1","90.0","11","113","실제 노출 로그 / 점수·순위는 실험용"
"XEFHBGEDmKr","Q0CqLhuf7C","H0167","R0167_1","89.0","12","97","실제 노출 로그 / 점수·순위는 실험용"
"XEZk7SrV4rN","Q0CqLhuf7C","H0111","R0111_1","88.0","13","65","실제 노출 로그 / 점수·순위는 실험용"
"XEWN76bVl0t","Q0CqLhuf7C","H0055","R0055_1","87.0","14","31","실제 노출 로그 / 점수·순위는 실험용"
"XErScCSV7B3","Q0CqLhuf7C","H0194","R0194_1","86.0","15","6","실제 노출 로그 / 점수·순위는 실험용"
"XEycbr5Hvlg","Q0CqLhuf7C","H0138","R0138_1","85.0","16","173","실제 노출 로그 / 점수·순위는 실험용"
"XEh6H43Kpoh","Q0CqLhuf7C","H0082","R0082_1","84.0","17","141","실제 노출 로그 / 점수·순위는 실험용"
"XED7PRlbb0q","Q0CqLhuf7C","H0026","R0026_1","83.0","18","109","실제 노출 로그 / 점수·순위는 실험용"
"XE1CnyjDq0a","Q0CqLhuf7C","H0166","R0166_1","82.0","19","93","실제 노출 로그 / 점수·순위는 실험용"
"XEHaeJDYs5E","Q0CqLhuf7C","H0110","R0110_1","81.0","20","61","실제 노출 로그 / 점수·순위는 실험용"
"XE2pCMOC5Zw","Q0CqLhuf7C","H0054","R0054_1","80.0","21","26","실제 노출 로그 / 점수·순위는 실험용"
"XEPVadBki5D","Q0CqLhuf7C","H0193","R0193_1","79.0","22","1","실제 노출 로그 / 점수·순위는 실험용"
"XEDqkQQ1xck","Q0CqLhuf7C","H0137","R0137_1","78.0","23","169","실제 노출 로그 / 점수·순위는 실험용"
"XEil0UqI97b","Q0CqLhuf7C","H0081","R0081_1","77.0","24","137","실제 노출 로그 / 점수·순위는 실험용"
"XEMBrZ0d2Nd","Q0CqLhuf7C","H0025","R0025_1","76.0","25","105","실제 노출 로그 / 점수·순위는 실험용"
"XEzfOvf7dmf","Q0CqLhuf7C","H0165","R0165_1","75.0","26","89","실제 노출 로그 / 점수·순위는 실험용"
"XEfbb5D2K6f","Q0CqLhuf7C","H0109","R0109_1","74.0","27","57","실제 노출 로그 / 점수·순위는 실험용"
"XE6xm7Wajyo","Q0CqLhuf7C","H0053","R0053_1","73.0","28","21","실제 노출 로그 / 점수·순위는 실험용"
"XE6AF2hh2f7","Q0CqLhuf7C","H0192","R0192_1","72.0","29","197","실제 노출 로그 / 점수·순위는 실험용"
"XEKqLQMduYr","Q0CqLhuf7C","H0136","R0136_1","71.0","30","165","실제 노출 로그 / 점수·순위는 실험용"
"XEcHc47fffu","Q0CqLhuf7C","H0080","R0080_1","70.0","31","133","실제 노출 로그 / 점수·순위는 실험용"
"XEuyZLsMuej","Q0CqLhuf7C","H0024","R0024_1","69.0","32","102","실제 노출 로그 / 점수·순위는 실험용"
"XE03A2rR7zD","Q0CqLhuf7C","H0164","R0164_1","68.0","33","85","실제 노출 로그 / 점수·순위는 실험용"
"XEQgmJLj4oS","Q0CqLhuf7C","H0108","R0108_1","67.0","34","53","실제 노출 로그 / 점수·순위는 실험용"
"XE8XftwxB7N","Q0CqLhuf7C","H0052","R0052_1","66.0","35","17","실제 노출 로그 / 점수·순위는 실험용"
"XEKeHvrTvZj","Q0CqLhuf7C","H0051","R0051_1","65.0","36","12","실제 노출 로그 / 점수·순위는 실험용"
"XEnSJWBZuKM","Q0CqLhuf7C","H0191","R0191_1","64.0","37","193","실제 노출 로그 / 점수·순위는 실험용"
"XEq2DNT3R22","Q0CqLhuf7C","H0135","R0135_1","63.0","38","161","실제 노출 로그 / 점수·순위는 실험용"
"XEdnXTPDTtb","Q0CqLhuf7C","H0079","R0079_1","62.0","39","129","실제 노출 로그 / 점수·순위는 실험용"
"XE33oCIz2YV","Q0CqLhuf7C","H0023","R0023_1","61.0","40","98","실제 노출 로그 / 점수·순위는 실험용"
"XERz4TeUkcO","Q0CqLhuf7C","H0163","R0163_1","60.0","41","81","실제 노출 로그 / 점수·순위는 실험용"
"XEdludEfYED","Q0CqLhuf7C","H0107","R0107_1","59.0","42","49","실제 노출 로그 / 점수·순위는 실험용"
"XEVQaN7RnjI","Q0CqLhuf7C","H0050","R0050_1","58.0","43","7","실제 노출 로그 / 점수·순위는 실험용"
"XEgLA2wUxQ1","Q0CqLhuf7C","H0190","R0190_1","57.0","44","189","실제 노출 로그 / 점수·순위는 실험용"
"XEenfVhle82","Q0CqLhuf7C","H0134","R0134_1","56.0","45","157","실제 노출 로그 / 점수·순위는 실험용"
"XElOgDdKFt7","Q0CqLhuf7C","H0078","R0078_1","55.0","46","125","실제 노출 로그 / 점수·순위는 실험용"
"XEI22uXK4fq","Q0CqLhuf7C","H0022","R0022_1","54.0","47","94","실제 노출 로그 / 점수·순위는 실험용"
"XE7hQf06MWf","Q0CqLhuf7C","H0162","R0162_1","53.0","48","77","실제 노출 로그 / 점수·순위는 실험용"
"XEwGGS4y5tL","Q0CqLhuf7C","H0106","R0106_1","52.0","49","45","실제 노출 로그 / 점수·순위는 실험용"
"XEFQt7yS49u","Q0CqLhuf7C","H0049","R0049_1","51.0","50","2","실제 노출 로그 / 점수·순위는 실험용"
"XE1YAa6Klh0","Q0CqLhuf7C","H0189","R0189_1","50.0","51","185","실제 노출 로그 / 점수·순위는 실험용"
"XE3RYpmRYCu","Q0CqLhuf7C","H0133","R0133_1","49.0","52","153","실제 노출 로그 / 점수·순위는 실험용"
"XEueee18onD","Q0CqLhuf7C","H0077","R0077_1","48.0","53","121","실제 노출 로그 / 점수·순위는 실험용"
"XEhx7hgD0ha","Q0CqLhuf7C","H0021","R0021_1","47.0","54","90","실제 노출 로그 / 점수·순위는 실험용"
"XECkK3hLJ7U","Q0CqLhuf7C","H0161","R0161_1","46.0","55","73","실제 노출 로그 / 점수·순위는 실험용"
"XEkmIMR2zXU","Q0CqLhuf7C","H0105","R0105_1","45.0","56","41","실제 노출 로그 / 점수·순위는 실험용"
"XERQcBLIkas","Q0CqLhuf7C","H0048","R0048_1","44.0","57","198","실제 노출 로그 / 점수·순위는 실험용"
"XEK1x2vWRTv","Q0CqLhuf7C","H0188","R0188_1","43.0","58","182","실제 노출 로그 / 점수·순위는 실험용"
"XEAB0Bdo4O0","Q0CqLhuf7C","H0132","R0132_1","42.0","59","150","실제 노출 로그 / 점수·순위는 실험용"
"XEQ2EP7Q8bU","Q0CqLhuf7C","H0076","R0076_1","41.0","60","118","실제 노출 로그 / 점수·순위는 실험용"
"XEQjQmvaC5O","Q0CqLhuf7C","H0020","R0020_1","40.0","61","86","실제 노출 로그 / 점수·순위는 실험용"
"XE99bFJBn77","Q0CqLhuf7C","H0160","R0160_1","39.0","62","70","실제 노출 로그 / 점수·순위는 실험용"
"XElFak5GRGG","Q0CqLhuf7C","H0104","R0104_1","38.0","63","37","실제 노출 로그 / 점수·순위는 실험용"
"XEWb40ALDT6","Q0CqLhuf7C","H0047","R0047_1","37.0","64","194","실제 노출 로그 / 점수·순위는 실험용"
"XEcqQfOYB9Z","Q0CqLhuf7C","H0187","R0187_1","36.0","65","178","실제 노출 로그 / 점수·순위는 실험용"
"XEqJ4ItmMAr","Q0CqLhuf7C","H0131","R0131_1","35.0","66","146","실제 노출 로그 / 점수·순위는 실험용"
"XEMjK6boFJ9","Q0CqLhuf7C","H0075","R0075_1","34.0","67","114","실제 노출 로그 / 점수·순위는 실험용"
"XEGePx04cpe","Q0CqLhuf7C","H0019","R0019_1","33.0","68","82","실제 노출 로그 / 점수·순위는 실험용"
"XEWH308EQlk","Q0CqLhuf7C","H0159","R0159_1","32.0","69","66","실제 노출 로그 / 점수·순위는 실험용"
"XEoYULcZpoI","Q0CqLhuf7C","H0103","R0103_1","31.0","70","32","실제 노출 로그 / 점수·순위는 실험용"
"XEO5N1IWoEW","Q0CqLhuf7C","H0102","R0102_1","30.0","71","27","실제 노출 로그 / 점수·순위는 실험용"
"XEwPBlbAhC5","Q0CqLhuf7C","H0046","R0046_1","29.0","72","190","실제 노출 로그 / 점수·순위는 실험용"
"XE588CbTDDc","Q0CqLhuf7C","H0186","R0186_1","28.0","73","174","실제 노출 로그 / 점수·순위는 실험용"
"XEAzDOSpUFh","Q0CqLhuf7C","H0130","R0130_1","27.0","74","142","실제 노출 로그 / 점수·순위는 실험용"
"XEYcTI0nq7S","Q0CqLhuf7C","H0074","R0074_1","26.0","75","110","실제 노출 로그 / 점수·순위는 실험용"
"XEn7FF2on4L","Q0CqLhuf7C","H0018","R0018_1","25.0","76","78","실제 노출 로그 / 점수·순위는 실험용"
"XEKyTKdQLVc","Q0CqLhuf7C","H0158","R0158_1","24.0","77","62","실제 노출 로그 / 점수·순위는 실험용"
"XERcnH04359","Q0CqLhuf7C","H0101","R0101_1","23.0","78","22","실제 노출 로그 / 점수·순위는 실험용"
"XEuYRqHdYsl","Q0CqLhuf7C","H0045","R0045_1","22.0","79","186","실제 노출 로그 / 점수·순위는 실험용"
"XEt4yfXz91R","Q0CqLhuf7C","H0185","R0185_1","21.0","80","170","실제 노출 로그 / 점수·순위는 실험용"
"XE2GmSh9Deg","Q0CqLhuf7C","H0129","R0129_1","20.0","81","138","실제 노출 로그 / 점수·순위는 실험용"
"XEju6QTfqaA","Q0CqLhuf7C","H0073","R0073_1","19.0","82","106","실제 노출 로그 / 점수·순위는 실험용"
"XEx6u8LZ4YS","Q0CqLhuf7C","H0017","R0017_1","18.0","83","74","실제 노출 로그 / 점수·순위는 실험용"
"XEiYPAFI1sS","Q0CqLhuf7C","H0157","R0157_1","17.0","84","58","실제 노출 로그 / 점수·순위는 실험용"
"XEgliSpD33J","Q0CqLhuf7C","H0100","R0100_1","16.0","85","18","실제 노출 로그 / 점수·순위는 실험용"
"XEruLrKVddA","Q0CqLhuf7C","H0044","R0044_1","15.0","86","183","실제 노출 로그 / 점수·순위는 실험용"
"XEnIuqO3eXM","Q0CqLhuf7C","H0184","R0184_1","14.0","87","166","실제 노출 로그 / 점수·순위는 실험용"
"XEAj1qq8bsR","Q0CqLhuf7C","H0128","R0128_1","13.0","88","134","실제 노출 로그 / 점수·순위는 실험용"
"XEDzSUDrS3N","Q0CqLhuf7C","H0072","R0072_1","12.0","89","103","실제 노출 로그 / 점수·순위는 실험용"
"XEgO6zpa8kJ","Q0CqLhuf7C","H0016","R0016_1","11.0","90","71","실제 노출 로그 / 점수·순위는 실험용"
"XEwQKi1aUoS","Q0CqLhuf7C","H0156","R0156_1","10.0","91","54","실제 노출 로그 / 점수·순위는 실험용"
"XETz4JBLvs2","Q0CqLhuf7C","H0099","R0099_1","9.0","92","13","실제 노출 로그 / 점수·순위는 실험용"
"XERTaycQLCn","Q0CqLhuf7C","H0043","R0043_1","8.0","93","179","실제 노출 로그 / 점수·순위는 실험용"
"XEPqmx2NwXq","Q0CqLhuf7C","H0183","R0183_1","7.0","94","162","실제 노출 로그 / 점수·순위는 실험용"
"XEwinXxrmv8","Q0CqLhuf7C","H0127","R0127_1","6.0","95","130","실제 노출 로그 / 점수·순위는 실험용"
"XEndihgoU0o","Q0CqLhuf7C","H0071","R0071_1","5.0","96","99","실제 노출 로그 / 점수·순위는 실험용"
"XEknxOhNSvq","Q0CqLhuf7C","H0015","R0015_1","4.0","97","67","실제 노출 로그 / 점수·순위는 실험용"
"XEM5HduyTCt","Q0CqLhuf7C","H0155","R0155_1","3.0","98","50","실제 노출 로그 / 점수·순위는 실험용"
"XESfg0yg6su","Q0CqLhuf7C","H0098","R0098_1","2.0","99","8","실제 노출 로그 / 점수·순위는 실험용"
"XEjMy7ojM9s","Q0CqLhuf7C","H0042","R0042_1","1.0","100","175","실제 노출 로그 / 점수·순위는 실험용"
"XEvqbYlSqXe","Q0CqLhuf7C","H0182","R0182_1","0.0","101","158","실제 노출 로그 / 점수·순위는 실험용"
"XEKjhxzcGKn","Q0CqLhuf7C","H0126","R0126_1","0.0","102","126","실제 노출 로그 / 점수·순위는 실험용"
"XExbG1KilW6","Q0CqLhuf7C","H0070","R0070_1","0.0","103","95","실제 노출 로그 / 점수·순위는 실험용"
"XEwOMGa53q4","Q0CqLhuf7C","H0014","R0014_1","0.0","104","63","실제 노출 로그 / 점수·순위는 실험용"
"XEMx52hoWU8","Q0CqLhuf7C","H0154","R0154_1","0.0","105","46","실제 노출 로그 / 점수·순위는 실험용"
"XEr3SgbZDi5","Q0CqLhuf7C","H0097","R0097_1","0.0","106","3","실제 노출 로그 / 점수·순위는 실험용"
"XEUk8CZI3GI","Q0CqLhuf7C","H0041","R0041_1","0.0","107","171","실제 노출 로그 / 점수·순위는 실험용"
"XEcTd7v9rv2","Q0CqLhuf7C","H0181","R0181_1","0.0","108","154","실제 노출 로그 / 점수·순위는 실험용"
"XEO56TYJ0em","Q0CqLhuf7C","H0125","R0125_1","0.0","109","122","실제 노출 로그 / 점수·순위는 실험용"
"XEXQtd7R1Jj","Q0CqLhuf7C","H0069","R0069_1","0.0","110","91","실제 노출 로그 / 점수·순위는 실험용"
"XEJYDQxAlNf","Q0CqLhuf7C","H0013","R0013_1","0.0","111","59","실제 노출 로그 / 점수·순위는 실험용"
"XEZ31pWZNUR","Q0CqLhuf7C","H0153","R0153_1","0.0","112","42","실제 노출 로그 / 점수·순위는 실험용"
"XEENZUqL5Pl","Q0CqLhuf7C","H0152","R0152_1","0.0","113","38","실제 노출 로그 / 점수·순위는 실험용"
"XEFtubfgjoT","Q0CqLhuf7C","H0096","R0096_1","0.0","114","199","실제 노출 로그 / 점수·순위는 실험용"
"XEz0AXOZsTQ","Q0CqLhuf7C","H0040","R0040_1","0.0","115","167","실제 노출 로그 / 점수·순위는 실험용"
"XEyU83tVY7d","Q0CqLhuf7C","H0180","R0180_1","0.0","116","151","실제 노출 로그 / 점수·순위는 실험용"
"XED28sXJyqU","Q0CqLhuf7C","H0124","R0124_1","0.0","117","119","실제 노출 로그 / 점수·순위는 실험용"
"XEOqturm8El","Q0CqLhuf7C","H0068","R0068_1","0.0","118","87","실제 노출 로그 / 점수·순위는 실험용"
"XEW8Dpdz8s4","Q0CqLhuf7C","H0012","R0012_1","0.0","119","55","실제 노출 로그 / 점수·순위는 실험용"
"XErTJx93L8k","Q0CqLhuf7C","H0151","R0151_1","0.0","120","33","실제 노출 로그 / 점수·순위는 실험용"
"XEa5wWP9t6Z","Q0CqLhuf7C","H0095","R0095_1","0.0","121","195","실제 노출 로그 / 점수·순위는 실험용"
"XErqHx6feqt","Q0CqLhuf7C","H0039","R0039_1","0.0","122","163","실제 노출 로그 / 점수·순위는 실험용"
"XEJjExqxQb4","Q0CqLhuf7C","H0179","R0179_1","0.0","123","147","실제 노출 로그 / 점수·순위는 실험용"
"XEYG1wBWOQ8","Q0CqLhuf7C","H0123","R0123_1","0.0","124","115","실제 노출 로그 / 점수·순위는 실험용"
"XECzTfq9Ygw","Q0CqLhuf7C","H0067","R0067_1","0.0","125","83","실제 노출 로그 / 점수·순위는 실험용"
"XE60yOOrqnA","Q0CqLhuf7C","H0011","R0011_1","0.0","126","51","실제 노출 로그 / 점수·순위는 실험용"
"XEh3wHmzHtw","Q0CqLhuf7C","H0150","R0150_1","0.0","127","28","실제 노출 로그 / 점수·순위는 실험용"
"XEQov7RxoAj","Q0CqLhuf7C","H0094","R0094_1","0.0","128","191","실제 노출 로그 / 점수·순위는 실험용"
"XEAkNNjA8ou","Q0CqLhuf7C","H0038","R0038_1","0.0","129","159","실제 노출 로그 / 점수·순위는 실험용"
"XELHRV2AOx6","Q0CqLhuf7C","H0178","R0178_1","0.0","130","143","실제 노출 로그 / 점수·순위는 실험용"
"XEdZoldXeC9","Q0CqLhuf7C","H0122","R0122_1","0.0","131","111","실제 노출 로그 / 점수·순위는 실험용"
"XEw7u8pcAEy","Q0CqLhuf7C","H0066","R0066_1","0.0","132","79","실제 노출 로그 / 점수·순위는 실험용"
"XEXLUWFvEW9","Q0CqLhuf7C","H0010","R0010_1","0.0","133","47","실제 노출 로그 / 점수·순위는 실험용"
"XEZDv1AQbx0","Q0CqLhuf7C","H0149","R0149_1","0.0","134","23","실제 노출 로그 / 점수·순위는 실험용"
"XELn5xZiRSJ","Q0CqLhuf7C","H0093","R0093_1","0.0","135","187","실제 노출 로그 / 점수·순위는 실험용"
"XEy0YO528Wt","Q0CqLhuf7C","H0037","R0037_1","0.0","136","155","실제 노출 로그 / 점수·순위는 실험용"
"XEa0CucMKSn","Q0CqLhuf7C","H0177","R0177_1","0.0","137","139","실제 노출 로그 / 점수·순위는 실험용"
"XEyHZITm41W","Q0CqLhuf7C","H0121","R0121_1","0.0","138","107","실제 노출 로그 / 점수·순위는 실험용"
"XEAh9rD4ZVK","Q0CqLhuf7C","H0065","R0065_1","0.0","139","75","실제 노출 로그 / 점수·순위는 실험용"
"XEbdiy9l4T0","Q0CqLhuf7C","H0009","R0009_1","0.0","140","43","실제 노출 로그 / 점수·순위는 실험용"
"XEJroxzU4tD","Q0CqLhuf7C","H0148","R0148_1","0.0","141","19","실제 노출 로그 / 점수·순위는 실험용"
"XEUA5BcYBKt","Q0CqLhuf7C","H0092","R0092_1","0.0","142","184","실제 노출 로그 / 점수·순위는 실험용"
"XEyHzFUFHEb","Q0CqLhuf7C","H0036","R0036_1","0.0","143","152","실제 노출 로그 / 점수·순위는 실험용"
"XE3ySkj12mj","Q0CqLhuf7C","H0176","R0176_1","0.0","144","135","실제 노출 로그 / 점수·순위는 실험용"
"XEOkt41kLb8","Q0CqLhuf7C","H0120","R0120_1","0.0","145","104","실제 노출 로그 / 점수·순위는 실험용"
"XENbNYn6t51","Q0CqLhuf7C","H0064","R0064_1","0.0","146","72","실제 노출 로그 / 점수·순위는 실험용"
"XEqpkY4DI92","Q0CqLhuf7C","H0008","R0008_1","0.0","147","39","실제 노출 로그 / 점수·순위는 실험용"
"XE1wF666ewg","Q0CqLhuf7C","H0147","R0147_1","0.0","148","14","실제 노출 로그 / 점수·순위는 실험용"
"XEZb67Ny5iG","Q0CqLhuf7C","H0091","R0091_1","0.0","149","180","실제 노출 로그 / 점수·순위는 실험용"
"XEb7x1Qjkpl","Q0CqLhuf7C","H0035","R0035_1","0.0","150","148","실제 노출 로그 / 점수·순위는 실험용"
"XEFexaf4rJk","Q0CqLhuf7C","H0175","R0175_1","0.0","151","131","실제 노출 로그 / 점수·순위는 실험용"
"XESs38M4KHP","Q0CqLhuf7C","H0119","R0119_1","0.0","152","100","실제 노출 로그 / 점수·순위는 실험용"
"XEHyBmLheSy","Q0CqLhuf7C","H0063","R0063_1","0.0","153","68","실제 노출 로그 / 점수·순위는 실험용"
"XEsBwRUoaw9","Q0CqLhuf7C","H0007","R0007_1","0.0","154","34","실제 노출 로그 / 점수·순위는 실험용"
"XEuu3zYEYh5","Q0CqLhuf7C","H0146","R0146_1","0.0","155","9","실제 노출 로그 / 점수·순위는 실험용"
"XELTGEd5RNY","Q0CqLhuf7C","H0090","R0090_1","0.0","156","176","실제 노출 로그 / 점수·순위는 실험용"
"XEG1esUzJZU","Q0CqLhuf7C","H0034","R0034_1","0.0","157","144","실제 노출 로그 / 점수·순위는 실험용"
"XEcgDo3KLll","Q0CqLhuf7C","H0174","R0174_1","0.0","158","127","실제 노출 로그 / 점수·순위는 실험용"
"XEhhN2iHFgM","Q0CqLhuf7C","H0118","R0118_1","0.0","159","96","실제 노출 로그 / 점수·순위는 실험용"
"XEqxKKYdiDj","Q0CqLhuf7C","H0062","R0062_1","0.0","160","64","실제 노출 로그 / 점수·순위는 실험용"
"XEm3Lku2eTf","Q0CqLhuf7C","H0006","R0006_1","0.0","161","29","실제 노출 로그 / 점수·순위는 실험용"
"XE4aZmXoQmb","Q0CqLhuf7C","H0145","R0145_1","0.0","162","4","실제 노출 로그 / 점수·순위는 실험용"
"XEx520iOaIX","Q0CqLhuf7C","H0089","R0089_1","0.0","163","172","실제 노출 로그 / 점수·순위는 실험용"
"XEA2eOlWFVf","Q0CqLhuf7C","H0033","R0033_1","0.0","164","140","실제 노출 로그 / 점수·순위는 실험용"
"XEGM97ek64q","Q0CqLhuf7C","H0173","R0173_1","0.0","165","123","실제 노출 로그 / 점수·순위는 실험용"
"XELEE7dLYuU","Q0CqLhuf7C","H0117","R0117_1","0.0","166","92","실제 노출 로그 / 점수·순위는 실험용"
"XE60GawnLli","Q0CqLhuf7C","H0061","R0061_1","0.0","167","60","실제 노출 로그 / 점수·순위는 실험용"
"XEtkbi5OCp1","Q0CqLhuf7C","H0005","R0005_1","0.0","168","24","실제 노출 로그 / 점수·순위는 실험용"
"XEFYgWyRabf","Q0CqLhuf7C","H0200","R0200_1","0.0","169","40","실제 노출 로그 / 점수·순위는 실험용"
"XE2csrtpQ5u","Q0CqLhuf7C","H0144","R0144_1","0.0","170","200","실제 노출 로그 / 점수·순위는 실험용"
"XEecPejIlAV","Q0CqLhuf7C","H0088","R0088_1","0.0","171","168","실제 노출 로그 / 점수·순위는 실험용"
"XEKSssWXV7L","Q0CqLhuf7C","H0032","R0032_1","0.0","172","136","실제 노출 로그 / 점수·순위는 실험용"
"XEl3swhqNmD","Q0CqLhuf7C","H0172","R0172_1","0.0","173","120","실제 노출 로그 / 점수·순위는 실험용"
"XEjOPwuScOw","Q0CqLhuf7C","H0116","R0116_1","0.0","174","88","실제 노출 로그 / 점수·순위는 실험용"
"XEa1KMgm6v9","Q0CqLhuf7C","H0060","R0060_1","0.0","175","56","실제 노출 로그 / 점수·순위는 실험용"
"XECdD60Vfy2","Q0CqLhuf7C","H0004","R0004_1","0.0","176","20","실제 노출 로그 / 점수·순위는 실험용"
"XEvIE5s2poz","Q0CqLhuf7C","H0199","R0199_1","0.0","177","35","실제 노출 로그 / 점수·순위는 실험용"
"XE4dz7ZgDoo","Q0CqLhuf7C","H0143","R0143_1","0.0","178","196","실제 노출 로그 / 점수·순위는 실험용"
"XEKtnmsrsd6","Q0CqLhuf7C","H0087","R0087_1","0.0","179","164","실제 노출 로그 / 점수·순위는 실험용"
"XEdJdm3u2qo","Q0CqLhuf7C","H0031","R0031_1","0.0","180","132","실제 노출 로그 / 점수·순위는 실험용"
"XEQDEEAeiJg","Q0CqLhuf7C","H0171","R0171_1","0.0","181","116","실제 노출 로그 / 점수·순위는 실험용"
"XE7YWBOaWIx","Q0CqLhuf7C","H0115","R0115_1","0.0","182","84","실제 노출 로그 / 점수·순위는 실험용"
"XExH9GiQwkw","Q0CqLhuf7C","H0059","R0059_1","0.0","183","52","실제 노출 로그 / 점수·순위는 실험용"
"XEHXh5idVoK","Q0CqLhuf7C","H0003","R0003_1","0.0","184","15","실제 노출 로그 / 점수·순위는 실험용"
"XEKBg1oAaag","Q0CqLhuf7C","H0198","R0198_1","0.0","185","30","실제 노출 로그 / 점수·순위는 실험용"
"XEj21501ki9","Q0CqLhuf7C","H0142","R0142_1","0.0","186","192","실제 노출 로그 / 점수·순위는 실험용"
"XE8I5Q2WQn1","Q0CqLhuf7C","H0086","R0086_1","0.0","187","160","실제 노출 로그 / 점수·순위는 실험용"
"XEbGY7MaqHQ","Q0CqLhuf7C","H0030","R0030_1","0.0","188","128","실제 노출 로그 / 점수·순위는 실험용"
"XE1oT9IY0ZC","Q0CqLhuf7C","H0170","R0170_1","0.0","189","112","실제 노출 로그 / 점수·순위는 실험용"
"XE1LNhRzXZ6","Q0CqLhuf7C","H0114","R0114_1","0.0","190","80","실제 노출 로그 / 점수·순위는 실험용"
"XEF618SW1gw","Q0CqLhuf7C","H0058","R0058_1","0.0","191","48","실제 노출 로그 / 점수·순위는 실험용"
"XEwhvwIEi9d","Q0CqLhuf7C","H0002","R0002_1","0.0","192","10","실제 노출 로그 / 점수·순위는 실험용"
"XEVBzfrfgy8","Q0CqLhuf7C","H0197","R0197_1","0.0","193","25","실제 노출 로그 / 점수·순위는 실험용"
"XEXegCkCOIW","Q0CqLhuf7C","H0141","R0141_1","0.0","194","188","실제 노출 로그 / 점수·순위는 실험용"
"XEvVfe4iEQY","Q0CqLhuf7C","H0085","R0085_1","0.0","195","156","실제 노출 로그 / 점수·순위는 실험용"
"XE5JL7BU92I","Q0CqLhuf7C","H0029","R0029_1","0.0","196","124","실제 노출 로그 / 점수·순위는 실험용"
"XEu2HcAsxxt","Q0CqLhuf7C","H0169","R0169_1","0.0","197","108","실제 노출 로그 / 점수·순위는 실험용"
"XEVWl7y0CzK","Q0CqLhuf7C","H0113","R0113_1","0.0","198","76","실제 노출 로그 / 점수·순위는 실험용"
"XEOrE0ZQ0hR","Q0CqLhuf7C","H0057","R0057_1","0.0","199","44","실제 노출 로그 / 점수·순위는 실험용"
"XE4KzDsI6b3","Q0CqLhuf7C","H0001","R0001_1","0.0","200","5","실제 노출 로그 / 점수·순위는 실험용"
"XEjXAjXmiNn","QDX2vny39Z","H0050","R0050_1","100.0","1","1","실제 노출 로그 / 점수·순위는 실험용"
"XEtgbYmjXqA","QDX2vny39Z","H0098","R0098_1","99.0","2","2","실제 노출 로그 / 점수·순위는 실험용"
"XE7wYKKrUZm","QDX2vny39Z","H0146","R0146_1","98.0","3","3","실제 노출 로그 / 점수·순위는 실험용"
"XE1jc2koghU","QDX2vny39Z","H0194","R0194_1","97.0","4","4","실제 노출 로그 / 점수·순위는 실험용"
"XEM7mXLshO0","QDX2vny39Z","H0002","R0002_1","96.0","5","5","실제 노출 로그 / 점수·순위는 실험용"
"XEXsCFRZmr0","Qj5hOg14KD","H0252","R0252_1","100.0","1","232","실제 노출 로그 / 점수·순위는 실험용"
"XEfbqCTSReM","Qj5hOg14KD","H0504","R0504_1","99.0","2","484","실제 노출 로그 / 점수·순위는 실험용"
"XECcW2ZB0F8","Qj5hOg14KD","H0756","R0756_1","98.0","3","736","실제 노출 로그 / 점수·순위는 실험용"
"XEIadfCH5xh","Qj5hOg14KD","H0196","R0196_1","97.0","4","64","실제 노출 로그 / 점수·순위는 실험용"
"XE1cRCblRxt","Qj5hOg14KD","H0448","R0448_1","96.0","5","316","실제 노출 로그 / 점수·순위는 실험용"
"XEutP8JyrSk","Qj5hOg14KD","H0700","R0700_1","95.0","6","568","실제 노출 로그 / 점수·순위는 실험용"
"XEEDypgjj91","Qj5hOg14KD","H0952","R0952_1","94.0","7","820","실제 노출 로그 / 점수·순위는 실험용"
"XEVasqsvgH4","Qj5hOg14KD","H0140","R0140_1","93.0","8","901","실제 노출 로그 / 점수·순위는 실험용"
"XEPG6GHakmX","Qj5hOg14KD","H0392","R0392_1","92.0","9","148","실제 노출 로그 / 점수·순위는 실험용"
"XEBO6C4Z73y","Qj5hOg14KD","H0644","R0644_1","91.0","10","400","실제 노출 로그 / 점수·순위는 실험용"
"XEpCmmXgthK","Qj5hOg14KD","H0896","R0896_1","90.0","11","652","실제 노출 로그 / 점수·순위는 실험용"
"XEf4ZZBUWXP","Qj5hOg14KD","H0084","R0084_1","89.0","12","737","실제 노출 로그 / 점수·순위는 실험용"
"XEiJHApTfy4","Qj5hOg14KD","H0336","R0336_1","88.0","13","981","실제 노출 로그 / 점수·순위는 실험용"
"XEXfyowytNL","Qj5hOg14KD","H0588","R0588_1","87.0","14","233","실제 노출 로그 / 점수·순위는 실험용"
"XEbWeM09lg8","Qj5hOg14KD","H0840","R0840_1","86.0","15","485","실제 노출 로그 / 점수·순위는 실험용"
"XE66rSMiYCb","Qj5hOg14KD","H0028","R0028_1","85.0","16","569","실제 노출 로그 / 점수·순위는 실험용"
"XEetfd2v2Vl","Qj5hOg14KD","H0280","R0280_1","84.0","17","821","실제 노출 로그 / 점수·순위는 실험용"
"XEqI2PMOb6Y","Qj5hOg14KD","H0532","R0532_1","83.0","18","65","실제 노출 로그 / 점수·순위는 실험용"
"XEEz7PKsd0i","Qj5hOg14KD","H0784","R0784_1","82.0","19","317","실제 노출 로그 / 점수·순위는 실험용"
"XE0pDApHO3l","Qj5hOg14KD","H0224","R0224_1","81.0","20","653","실제 노출 로그 / 점수·순위는 실험용"
"XEUv4rTkwkR","Qj5hOg14KD","H0476","R0476_1","80.0","21","902","실제 노출 로그 / 점수·순위는 실험용"
"XEj5w1HWNTp","Qj5hOg14KD","H0728","R0728_1","79.0","22","149","실제 노출 로그 / 점수·순위는 실험용"
"XEb0T4HDFGL","Qj5hOg14KD","H0980","R0980_1","78.0","23","401","실제 노출 로그 / 점수·순위는 실험용"
"XEWo3ckRxN9","Qj5hOg14KD","H0168","R0168_1","77.0","24","486","실제 노출 로그 / 점수·순위는 실험용"
"XEuVuHyeDTB","Qj5hOg14KD","H0420","R0420_1","76.0","25","738","실제 노출 로그 / 점수·순위는 실험용"
"XEm237dYK7Y","Qj5hOg14KD","H0672","R0672_1","75.0","26","982","실제 노출 로그 / 점수·순위는 실험용"
"XEtHYiKypxQ","Qj5hOg14KD","H0924","R0924_1","74.0","27","234","실제 노출 로그 / 점수·순위는 실험용"
"XEV0HYyv9b8","Qj5hOg14KD","H0112","R0112_1","73.0","28","318","실제 노출 로그 / 점수·순위는 실험용"
"XEHH0rr16HM","Qj5hOg14KD","H0364","R0364_1","72.0","29","570","실제 노출 로그 / 점수·순위는 실험용"
"XEe2FZqaxqE","Qj5hOg14KD","H0616","R0616_1","71.0","30","822","실제 노출 로그 / 점수·순위는 실험용"
"XExvfHhSxcP","Qj5hOg14KD","H0868","R0868_1","70.0","31","66","실제 노출 로그 / 점수·순위는 실험용"
"XE4na2Ym8jI","Qj5hOg14KD","H0056","R0056_1","69.0","32","150","실제 노출 로그 / 점수·순위는 실험용"
"XEN3A8OW9AJ","Qj5hOg14KD","H0308","R0308_1","68.0","33","402","실제 노출 로그 / 점수·순위는 실험용"
"XEweOYTTv6a","Qj5hOg14KD","H0560","R0560_1","67.0","34","654","실제 노출 로그 / 점수·순위는 실험용"
"XEi79hklcvq","Qj5hOg14KD","H0812","R0812_1","66.0","35","903","실제 노출 로그 / 점수·순위는 실험용"
"XEouAgpNlfY","Qj5hOg14KD","H0251","R0251_1","65.0","36","211","실제 노출 로그 / 점수·순위는 실험용"
"XEeONJkbHI1","Qj5hOg14KD","H0503","R0503_1","64.0","37","463","실제 노출 로그 / 점수·순위는 실험용"
"XEWAfqHU1mO","Qj5hOg14KD","H0755","R0755_1","63.0","38","715","실제 노출 로그 / 점수·순위는 실험용"
"XEpBIFblTwE","Qj5hOg14KD","H0195","R0195_1","62.0","39","43","실제 노출 로그 / 점수·순위는 실험용"
"XEO1axjcsCB","Qj5hOg14KD","H0447","R0447_1","61.0","40","295","실제 노출 로그 / 점수·순위는 실험용"
"XEi1arJksmU","Qj5hOg14KD","H0699","R0699_1","60.0","41","547","실제 노출 로그 / 점수·순위는 실험용"
"XERS5PnxAtO","Qj5hOg14KD","H0951","R0951_1","59.0","42","799","실제 노출 로그 / 점수·순위는 실험용"
"XEiwMDx8u4p","Qj5hOg14KD","H0139","R0139_1","58.0","43","881","실제 노출 로그 / 점수·순위는 실험용"
"XEOUSzSMKw4","Qj5hOg14KD","H0391","R0391_1","57.0","44","127","실제 노출 로그 / 점수·순위는 실험용"
"XE4HGI2ujHk","Qj5hOg14KD","H0643","R0643_1","56.0","45","379","실제 노출 로그 / 점수·순위는 실험용"
"XEk5hKs7w2H","Qj5hOg14KD","H0895","R0895_1","55.0","46","631","실제 노출 로그 / 점수·순위는 실험용"
"XEudWcqsbFj","Qj5hOg14KD","H0083","R0083_1","54.0","47","716","실제 노출 로그 / 점수·순위는 실험용"
"XEvwCJ5l9O4","Qj5hOg14KD","H0335","R0335_1","53.0","48","961","실제 노출 로그 / 점수·순위는 실험용"
"XEMmefmeZW2","Qj5hOg14KD","H0587","R0587_1","52.0","49","212","실제 노출 로그 / 점수·순위는 실험용"
"XEiOcDJ1SfR","Qj5hOg14KD","H0839","R0839_1","51.0","50","464","실제 노출 로그 / 점수·순위는 실험용"
"XE9oAbMHaqx","Qj5hOg14KD","H0027","R0027_1","50.0","51","548","실제 노출 로그 / 점수·순위는 실험용"
"XE3Oqz5GZW1","Qj5hOg14KD","H0279","R0279_1","49.0","52","800","실제 노출 로그 / 점수·순위는 실험용"
"XEifa1hnL35","Qj5hOg14KD","H0531","R0531_1","48.0","53","44","실제 노출 로그 / 점수·순위는 실험용"
"XEoeZPa6bb4","Qj5hOg14KD","H0783","R0783_1","47.0","54","296","실제 노출 로그 / 점수·순위는 실험용"
"XEneWbV9pNJ","Qj5hOg14KD","H0223","R0223_1","46.0","55","632","실제 노출 로그 / 점수·순위는 실험용"
"XEVZPtISqa2","Qj5hOg14KD","H0475","R0475_1","45.0","56","882","실제 노출 로그 / 점수·순위는 실험용"
"XE6ov7z7uQT","Qj5hOg14KD","H0727","R0727_1","44.0","57","128","실제 노출 로그 / 점수·순위는 실험용"
"XEoDYFuGNZZ","Qj5hOg14KD","H0979","R0979_1","43.0","58","380","실제 노출 로그 / 점수·순위는 실험용"
"XElwltcZW3i","Qj5hOg14KD","H0167","R0167_1","42.0","59","465","실제 노출 로그 / 점수·순위는 실험용"
"XE3vdwl4y74","Qj5hOg14KD","H0419","R0419_1","41.0","60","717","실제 노출 로그 / 점수·순위는 실험용"
"XEkIbP81WHC","Qj5hOg14KD","H0671","R0671_1","40.0","61","962","실제 노출 로그 / 점수·순위는 실험용"
"XE58rkWOKmY","Qj5hOg14KD","H0923","R0923_1","39.0","62","213","실제 노출 로그 / 점수·순위는 실험용"
"XEu2zX17iGT","Qj5hOg14KD","H0111","R0111_1","38.0","63","297","실제 노출 로그 / 점수·순위는 실험용"
"XEQOxCJ7oYw","Qj5hOg14KD","H0363","R0363_1","37.0","64","549","실제 노출 로그 / 점수·순위는 실험용"
"XEbXOJnAhpD","Qj5hOg14KD","H0615","R0615_1","36.0","65","801","실제 노출 로그 / 점수·순위는 실험용"
"XE7Ofx8HM7h","Qj5hOg14KD","H0867","R0867_1","35.0","66","45","실제 노출 로그 / 점수·순위는 실험용"
"XEPDBkmcV7B","Qj5hOg14KD","H0055","R0055_1","34.0","67","129","실제 노출 로그 / 점수·순위는 실험용"
"XEjkHcZdhbX","Qj5hOg14KD","H0307","R0307_1","33.0","68","381","실제 노출 로그 / 점수·순위는 실험용"
"XEP50JPH6QC","Qj5hOg14KD","H0559","R0559_1","32.0","69","633","실제 노출 로그 / 점수·순위는 실험용"
"XEfyz0qbmDT","Qj5hOg14KD","H0811","R0811_1","31.0","70","883","실제 노출 로그 / 점수·순위는 실험용"
"XEEHC7PPM2p","Qj5hOg14KD","H0250","R0250_1","30.0","71","190","실제 노출 로그 / 점수·순위는 실험용"
"XEN7epM3iLp","Qj5hOg14KD","H0502","R0502_1","29.0","72","442","실제 노출 로그 / 점수·순위는 실험용"
"XEpPmZNMF3q","Qj5hOg14KD","H0754","R0754_1","28.0","73","694","실제 노출 로그 / 점수·순위는 실험용"
"XEV8qxDIVwV","Qj5hOg14KD","H0194","R0194_1","27.0","74","22","실제 노출 로그 / 점수·순위는 실험용"
"XEjwGJaUfbr","Qj5hOg14KD","H0446","R0446_1","26.0","75","274","실제 노출 로그 / 점수·순위는 실험용"
"XECTyOctybJ","Qj5hOg14KD","H0698","R0698_1","25.0","76","526","실제 노출 로그 / 점수·순위는 실험용"
"XEnfXoZ5SKL","Qj5hOg14KD","H0950","R0950_1","24.0","77","778","실제 노출 로그 / 점수·순위는 실험용"
"XEZUer2mHPV","Qj5hOg14KD","H0138","R0138_1","23.0","78","861","실제 노출 로그 / 점수·순위는 실험용"
"XEyhBgbUW6A","Qj5hOg14KD","H0390","R0390_1","22.0","79","106","실제 노출 로그 / 점수·순위는 실험용"
"XE2xmEcXtGm","Qj5hOg14KD","H0642","R0642_1","21.0","80","358","실제 노출 로그 / 점수·순위는 실험용"
"XEyjJ94y6o0","Qj5hOg14KD","H0894","R0894_1","20.0","81","610","실제 노출 로그 / 점수·순위는 실험용"
"XEC0Pp60ZKE","Qj5hOg14KD","H0082","R0082_1","19.0","82","695","실제 노출 로그 / 점수·순위는 실험용"
"XEoSNxmg62d","Qj5hOg14KD","H0334","R0334_1","18.0","83","941","실제 노출 로그 / 점수·순위는 실험용"
"XEZXTYOyyxk","Qj5hOg14KD","H0586","R0586_1","17.0","84","191","실제 노출 로그 / 점수·순위는 실험용"
"XEenHgQpgwQ","Qj5hOg14KD","H0838","R0838_1","16.0","85","443","실제 노출 로그 / 점수·순위는 실험용"
"XEM2aHYJRZy","Qj5hOg14KD","H0026","R0026_1","15.0","86","527","실제 노출 로그 / 점수·순위는 실험용"
"XEREZKKjUGi","Qj5hOg14KD","H0278","R0278_1","14.0","87","779","실제 노출 로그 / 점수·순위는 실험용"
"XE2ewTd73Xa","Qj5hOg14KD","H0530","R0530_1","13.0","88","23","실제 노출 로그 / 점수·순위는 실험용"
"XELnne1ZcGP","Qj5hOg14KD","H0782","R0782_1","12.0","89","275","실제 노출 로그 / 점수·순위는 실험용"
"XE2Nndt9fGp","Qj5hOg14KD","H0222","R0222_1","11.0","90","611","실제 노출 로그 / 점수·순위는 실험용"
"XEBoj6833Uj","Qj5hOg14KD","H0474","R0474_1","10.0","91","862","실제 노출 로그 / 점수·순위는 실험용"
"XEvJxixRieE","Qj5hOg14KD","H0726","R0726_1","9.0","92","107","실제 노출 로그 / 점수·순위는 실험용"
"XEEv7EpZcOS","Qj5hOg14KD","H0978","R0978_1","8.0","93","359","실제 노출 로그 / 점수·순위는 실험용"
"XEXrl7TEQni","Qj5hOg14KD","H0166","R0166_1","7.0","94","444","실제 노출 로그 / 점수·순위는 실험용"
"XEj6dhgtRsq","Qj5hOg14KD","H0418","R0418_1","6.0","95","696","실제 노출 로그 / 점수·순위는 실험용"
"XECA1Iw0nQc","Qj5hOg14KD","H0670","R0670_1","5.0","96","942","실제 노출 로그 / 점수·순위는 실험용"
"XEIXpF3EMHW","Qj5hOg14KD","H0922","R0922_1","4.0","97","192","실제 노출 로그 / 점수·순위는 실험용"
"XE9kE0Ww3kg","Qj5hOg14KD","H0110","R0110_1","3.0","98","276","실제 노출 로그 / 점수·순위는 실험용"
"XEUsjDwC11N","Qj5hOg14KD","H0362","R0362_1","2.0","99","528","실제 노출 로그 / 점수·순위는 실험용"
"XE3Xy5B66Z0","Qj5hOg14KD","H0614","R0614_1","1.0","100","780","실제 노출 로그 / 점수·순위는 실험용"
"XEqk5sXCiOy","Qj5hOg14KD","H0866","R0866_1","0.0","101","24","실제 노출 로그 / 점수·순위는 실험용"
"XEQVCdwFsz6","Qj5hOg14KD","H0054","R0054_1","0.0","102","108","실제 노출 로그 / 점수·순위는 실험용"
"XEiSz5CDYjS","Qj5hOg14KD","H0306","R0306_1","0.0","103","360","실제 노출 로그 / 점수·순위는 실험용"
"XEnzmUxBsvI","Qj5hOg14KD","H0558","R0558_1","0.0","104","612","실제 노출 로그 / 점수·순위는 실험용"
"XEVwLdSDXn0","Qj5hOg14KD","H0810","R0810_1","0.0","105","863","실제 노출 로그 / 점수·순위는 실험용"
"XEuUQ3F07X0","Qj5hOg14KD","H0809","R0809_1","0.0","106","841","실제 노출 로그 / 점수·순위는 실험용"
"XEK9kLNYh2s","Qj5hOg14KD","H0249","R0249_1","0.0","107","169","실제 노출 로그 / 점수·순위는 실험용"
"XE1KJIBcw5Y","Qj5hOg14KD","H0501","R0501_1","0.0","108","421","실제 노출 로그 / 점수·순위는 실험용"
"XEDT6YSa550","Qj5hOg14KD","H0753","R0753_1","0.0","109","673","실제 노출 로그 / 점수·순위는 실험용"
"XE3A9F1g1B8","Qj5hOg14KD","H0193","R0193_1","0.0","110","1","실제 노출 로그 / 점수·순위는 실험용"
"XEWgQ793Kyl","Qj5hOg14KD","H0445","R0445_1","0.0","111","253","실제 노출 로그 / 점수·순위는 실험용"
"XEgsxxRA1sj","Qj5hOg14KD","H0697","R0697_1","0.0","112","505","실제 노출 로그 / 점수·순위는 실험용"
"XEUfiY5WXei","Qj5hOg14KD","H0949","R0949_1","0.0","113","757","실제 노출 로그 / 점수·순위는 실험용"
"XEGci1F7z7W","Qj5hOg14KD","H0137","R0137_1","0.0","114","842","실제 노출 로그 / 점수·순위는 실험용"
"XEWAv8JKyLC","Qj5hOg14KD","H0389","R0389_1","0.0","115","85","실제 노출 로그 / 점수·순위는 실험용"
"XEy2DSH1C2Q","Qj5hOg14KD","H0641","R0641_1","0.0","116","337","실제 노출 로그 / 점수·순위는 실험용"
"XEiq1qB2AGR","Qj5hOg14KD","H0893","R0893_1","0.0","117","589","실제 노출 로그 / 점수·순위는 실험용"
"XE8pxPT700g","Qj5hOg14KD","H0081","R0081_1","0.0","118","674","실제 노출 로그 / 점수·순위는 실험용"
"XE05Hu2DC7V","Qj5hOg14KD","H0333","R0333_1","0.0","119","921","실제 노출 로그 / 점수·순위는 실험용"
"XEZSkbs0HK3","Qj5hOg14KD","H0585","R0585_1","0.0","120","170","실제 노출 로그 / 점수·순위는 실험용"
"XE2GbWBBTLw","Qj5hOg14KD","H0837","R0837_1","0.0","121","422","실제 노출 로그 / 점수·순위는 실험용"
"XEoh0I3Mq37","Qj5hOg14KD","H0025","R0025_1","0.0","122","506","실제 노출 로그 / 점수·순위는 실험용"
"XEmyWDXHsdQ","Qj5hOg14KD","H0277","R0277_1","0.0","123","758","실제 노출 로그 / 점수·순위는 실험용"
"XEMfRfMgELH","Qj5hOg14KD","H0529","R0529_1","0.0","124","2","실제 노출 로그 / 점수·순위는 실험용"
"XEHe6EdId2m","Qj5hOg14KD","H0781","R0781_1","0.0","125","254","실제 노출 로그 / 점수·순위는 실험용"
"XErSIzOU70o","Qj5hOg14KD","H0221","R0221_1","0.0","126","590","실제 노출 로그 / 점수·순위는 실험용"
"XESwMfU5Ol4","Qj5hOg14KD","H0473","R0473_1","0.0","127","843","실제 노출 로그 / 점수·순위는 실험용"
"XElGIu6Dfam","Qj5hOg14KD","H0725","R0725_1","0.0","128","86","실제 노출 로그 / 점수·순위는 실험용"
"XEwaVdxqyTP","Qj5hOg14KD","H0977","R0977_1","0.0","129","338","실제 노출 로그 / 점수·순위는 실험용"
"XEi7LCIdeAf","Qj5hOg14KD","H0165","R0165_1","0.0","130","423","실제 노출 로그 / 점수·순위는 실험용"
"XExnebj6nkV","Qj5hOg14KD","H0417","R0417_1","0.0","131","675","실제 노출 로그 / 점수·순위는 실험용"
"XEtoVxVxz5X","Qj5hOg14KD","H0669","R0669_1","0.0","132","922","실제 노출 로그 / 점수·순위는 실험용"
"XEV5HMAsO57","Qj5hOg14KD","H0921","R0921_1","0.0","133","171","실제 노출 로그 / 점수·순위는 실험용"
"XEm3Yw6PUt7","Qj5hOg14KD","H0109","R0109_1","0.0","134","255","실제 노출 로그 / 점수·순위는 실험용"
"XEV0q9m3ib3","Qj5hOg14KD","H0361","R0361_1","0.0","135","507","실제 노출 로그 / 점수·순위는 실험용"
"XEHQAAaGis3","Qj5hOg14KD","H0613","R0613_1","0.0","136","759","실제 노출 로그 / 점수·순위는 실험용"
"XENAWke9Dms","Qj5hOg14KD","H0865","R0865_1","0.0","137","3","실제 노출 로그 / 점수·순위는 실험용"
"XEApTDh9FOv","Qj5hOg14KD","H0053","R0053_1","0.0","138","87","실제 노출 로그 / 점수·순위는 실험용"
"XExI2nX7ShV","Qj5hOg14KD","H0305","R0305_1","0.0","139","339","실제 노출 로그 / 점수·순위는 실험용"
"XEJAJ4MXeoK","Qj5hOg14KD","H0557","R0557_1","0.0","140","591","실제 노출 로그 / 점수·순위는 실험용"
"XEayd7E5jIG","Qj5hOg14KD","H0304","R0304_1","0.0","141","319","실제 노출 로그 / 점수·순위는 실험용"
"XEa67nYBgVT","Qj5hOg14KD","H0556","R0556_1","0.0","142","571","실제 노출 로그 / 점수·순위는 실험용"
"XEmhpfM7hqz","Qj5hOg14KD","H0808","R0808_1","0.0","143","823","실제 노출 로그 / 점수·순위는 실험용"
"XE619nDkEL5","Qj5hOg14KD","H0248","R0248_1","0.0","144","151","실제 노출 로그 / 점수·순위는 실험용"
"XEdZCYPhEGv","Qj5hOg14KD","H0500","R0500_1","0.0","145","403","실제 노출 로그 / 점수·순위는 실험용"
"XEo719kCJLG","Qj5hOg14KD","H0752","R0752_1","0.0","146","655","실제 노출 로그 / 점수·순위는 실험용"
"XEk0Pv7UaiU","Qj5hOg14KD","H0192","R0192_1","0.0","147","983","실제 노출 로그 / 점수·순위는 실험용"
"XE9LhNbdC7o","Qj5hOg14KD","H0444","R0444_1","0.0","148","235","실제 노출 로그 / 점수·순위는 실험용"
"XEnuuHyHqAt","Qj5hOg14KD","H0696","R0696_1","0.0","149","487","실제 노출 로그 / 점수·순위는 실험용"
"XE7uijRduAc","Qj5hOg14KD","H0948","R0948_1","0.0","150","739","실제 노출 로그 / 점수·순위는 실험용"
"XEieRjXWCsp","Qj5hOg14KD","H0136","R0136_1","0.0","151","824","실제 노출 로그 / 점수·순위는 실험용"
"XEbGAzUqCY4","Qj5hOg14KD","H0388","R0388_1","0.0","152","67","실제 노출 로그 / 점수·순위는 실험용"
"XEEdj4AG1Y2","Qj5hOg14KD","H0640","R0640_1","0.0","153","320","실제 노출 로그 / 점수·순위는 실험용"
"XE6NAln3rgd","Qj5hOg14KD","H0892","R0892_1","0.0","154","572","실제 노출 로그 / 점수·순위는 실험용"
"XEgQqJSoVWT","Qj5hOg14KD","H0080","R0080_1","0.0","155","656","실제 노출 로그 / 점수·순위는 실험용"
"XEKY88jAD6X","Qj5hOg14KD","H0332","R0332_1","0.0","156","904","실제 노출 로그 / 점수·순위는 실험용"
"XEIHLDkZsPO","Qj5hOg14KD","H0584","R0584_1","0.0","157","152","실제 노출 로그 / 점수·순위는 실험용"
"XEDK4HVlw54","Qj5hOg14KD","H0836","R0836_1","0.0","158","404","실제 노출 로그 / 점수·순위는 실험용"
"XE0eeEGM1TD","Qj5hOg14KD","H0024","R0024_1","0.0","159","488","실제 노출 로그 / 점수·순위는 실험용"
"XETxU2oloIz","Qj5hOg14KD","H0276","R0276_1","0.0","160","740","실제 노출 로그 / 점수·순위는 실험용"
"XEatFV8CrwL","Qj5hOg14KD","H0528","R0528_1","0.0","161","984","실제 노출 로그 / 점수·순위는 실험용"
"XEkWuKSUXPV","Qj5hOg14KD","H0780","R0780_1","0.0","162","236","실제 노출 로그 / 점수·순위는 실험용"
"XEyVgKquNAp","Qj5hOg14KD","H0220","R0220_1","0.0","163","573","실제 노출 로그 / 점수·순위는 실험용"
"XE4yO0z1pbu","Qj5hOg14KD","H0472","R0472_1","0.0","164","825","실제 노출 로그 / 점수·순위는 실험용"
"XEZARG09uyL","Qj5hOg14KD","H0724","R0724_1","0.0","165","68","실제 노출 로그 / 점수·순위는 실험용"
"XEEtBLNz2aW","Qj5hOg14KD","H0976","R0976_1","0.0","166","321","실제 노출 로그 / 점수·순위는 실험용"
"XEJSeXwr4Xm","Qj5hOg14KD","H0164","R0164_1","0.0","167","405","실제 노출 로그 / 점수·순위는 실험용"
"XExrNyu4IrD","Qj5hOg14KD","H0416","R0416_1","0.0","168","657","실제 노출 로그 / 점수·순위는 실험용"
"XEkmxN9aFwH","Qj5hOg14KD","H0668","R0668_1","0.0","169","905","실제 노출 로그 / 점수·순위는 실험용"
"XEOkvQzkm38","Qj5hOg14KD","H0920","R0920_1","0.0","170","153","실제 노출 로그 / 점수·순위는 실험용"
"XE4gY8x1Hrg","Qj5hOg14KD","H0108","R0108_1","0.0","171","237","실제 노출 로그 / 점수·순위는 실험용"
"XE07BI7dh86","Qj5hOg14KD","H0360","R0360_1","0.0","172","489","실제 노출 로그 / 점수·순위는 실험용"
"XES3gcD4k19","Qj5hOg14KD","H0612","R0612_1","0.0","173","741","실제 노출 로그 / 점수·순위는 실험용"
"XEMztM7Loem","Qj5hOg14KD","H0864","R0864_1","0.0","174","985","실제 노출 로그 / 점수·순위는 실험용"
"XEkJjbA6XIa","Qj5hOg14KD","H0052","R0052_1","0.0","175","69","실제 노출 로그 / 점수·순위는 실험용"
"XEEW4G5p3fp","Qj5hOg14KD","H0051","R0051_1","0.0","176","46","실제 노출 로그 / 점수·순위는 실험용"
"XEGrUIFSLUG","Qj5hOg14KD","H0303","R0303_1","0.0","177","298","실제 노출 로그 / 점수·순위는 실험용"
"XEKqnVtIpEX","Qj5hOg14KD","H0555","R0555_1","0.0","178","550","실제 노출 로그 / 점수·순위는 실험용"
"XE9v3556i6V","Qj5hOg14KD","H0807","R0807_1","0.0","179","802","실제 노출 로그 / 점수·순위는 실험용"
"XEzkcA6CeVy","Qj5hOg14KD","H0247","R0247_1","0.0","180","130","실제 노출 로그 / 점수·순위는 실험용"
"XEJ0fFko9ol","Qj5hOg14KD","H0499","R0499_1","0.0","181","382","실제 노출 로그 / 점수·순위는 실험용"
"XEJFr3YeHb6","Qj5hOg14KD","H0751","R0751_1","0.0","182","634","실제 노출 로그 / 점수·순위는 실험용"
"XE4AZqGi9nM","Qj5hOg14KD","H0191","R0191_1","0.0","183","963","실제 노출 로그 / 점수·순위는 실험용"
"XE67mDlNf4q","Qj5hOg14KD","H0443","R0443_1","0.0","184","214","실제 노출 로그 / 점수·순위는 실험용"
"XE8I8qkPj78","Qj5hOg14KD","H0695","R0695_1","0.0","185","466","실제 노출 로그 / 점수·순위는 실험용"
"XEZwuQ9PhJs","Qj5hOg14KD","H0947","R0947_1","0.0","186","718","실제 노출 로그 / 점수·순위는 실험용"
"XE0bG9gXI1B","Qj5hOg14KD","H0135","R0135_1","0.0","187","803","실제 노출 로그 / 점수·순위는 실험용"
"XE5DdaNAdcb","Qj5hOg14KD","H0387","R0387_1","0.0","188","47","실제 노출 로그 / 점수·순위는 실험용"
"XEuZrKluhLS","Qj5hOg14KD","H0639","R0639_1","0.0","189","299","실제 노출 로그 / 점수·순위는 실험용"
"XECeC47RiVp","Qj5hOg14KD","H0891","R0891_1","0.0","190","551","실제 노출 로그 / 점수·순위는 실험용"
"XEpzMxb1DVO","Qj5hOg14KD","H0079","R0079_1","0.0","191","635","실제 노출 로그 / 점수·순위는 실험용"
"XE7aA1K9RAb","Qj5hOg14KD","H0331","R0331_1","0.0","192","884","실제 노출 로그 / 점수·순위는 실험용"
"XEqyAOw6Q2M","Qj5hOg14KD","H0583","R0583_1","0.0","193","131","실제 노출 로그 / 점수·순위는 실험용"
"XE3hGF2SSjG","Qj5hOg14KD","H0835","R0835_1","0.0","194","383","실제 노출 로그 / 점수·순위는 실험용"
"XEqRqXbnfAu","Qj5hOg14KD","H0023","R0023_1","0.0","195","467","실제 노출 로그 / 점수·순위는 실험용"
"XEdqP2pRbii","Qj5hOg14KD","H0275","R0275_1","0.0","196","719","실제 노출 로그 / 점수·순위는 실험용"
"XEysmt0Rx5Y","Qj5hOg14KD","H0527","R0527_1","0.0","197","964","실제 노출 로그 / 점수·순위는 실험용"
"XEDxM305ghJ","Qj5hOg14KD","H0779","R0779_1","0.0","198","215","실제 노출 로그 / 점수·순위는 실험용"
"XECvlROw0R7","Qj5hOg14KD","H0219","R0219_1","0.0","199","552","실제 노출 로그 / 점수·순위는 실험용"
"XE5h8jQB6Yj","Qj5hOg14KD","H0471","R0471_1","0.0","200","804","실제 노출 로그 / 점수·순위는 실험용"
"XE4smdU01hU","Qj5hOg14KD","H0723","R0723_1","0.0","201","48","실제 노출 로그 / 점수·순위는 실험용"
"XEiHtqPMBHd","Qj5hOg14KD","H0975","R0975_1","0.0","202","300","실제 노출 로그 / 점수·순위는 실험용"
"XEUJe2AGlI8","Qj5hOg14KD","H0163","R0163_1","0.0","203","384","실제 노출 로그 / 점수·순위는 실험용"
"XEsekHS6fQX","Qj5hOg14KD","H0415","R0415_1","0.0","204","636","실제 노출 로그 / 점수·순위는 실험용"
"XEED5QFTqnE","Qj5hOg14KD","H0667","R0667_1","0.0","205","885","실제 노출 로그 / 점수·순위는 실험용"
"XE66N5msaKe","Qj5hOg14KD","H0919","R0919_1","0.0","206","132","실제 노출 로그 / 점수·순위는 실험용"
"XEprh2TcaTt","Qj5hOg14KD","H0107","R0107_1","0.0","207","216","실제 노출 로그 / 점수·순위는 실험용"
"XEP3Esi3pNJ","Qj5hOg14KD","H0359","R0359_1","0.0","208","468","실제 노출 로그 / 점수·순위는 실험용"
"XEhUJXLQuL2","Qj5hOg14KD","H0611","R0611_1","0.0","209","720","실제 노출 로그 / 점수·순위는 실험용"
"XEm1eolzC0W","Qj5hOg14KD","H0863","R0863_1","0.0","210","965","실제 노출 로그 / 점수·순위는 실험용"
"XEhZImtRUCr","Qj5hOg14KD","H0050","R0050_1","0.0","211","25","실제 노출 로그 / 점수·순위는 실험용"
"XEjl4EwOfLq","Qj5hOg14KD","H0302","R0302_1","0.0","212","277","실제 노출 로그 / 점수·순위는 실험용"
"XE05eSvs4Oo","Qj5hOg14KD","H0554","R0554_1","0.0","213","529","실제 노출 로그 / 점수·순위는 실험용"
"XEllAbKVHy1","Qj5hOg14KD","H0806","R0806_1","0.0","214","781","실제 노출 로그 / 점수·순위는 실험용"
"XEfX13PVhmB","Qj5hOg14KD","H0246","R0246_1","0.0","215","109","실제 노출 로그 / 점수·순위는 실험용"
"XEFp91URvoX","Qj5hOg14KD","H0498","R0498_1","0.0","216","361","실제 노출 로그 / 점수·순위는 실험용"
"XEogUyfI2q7","Qj5hOg14KD","H0750","R0750_1","0.0","217","613","실제 노출 로그 / 점수·순위는 실험용"
"XEKT2Haok9M","Qj5hOg14KD","H0190","R0190_1","0.0","218","943","실제 노출 로그 / 점수·순위는 실험용"
"XEdoaT9D4uq","Qj5hOg14KD","H0442","R0442_1","0.0","219","193","실제 노출 로그 / 점수·순위는 실험용"
"XEs3pN7De1O","Qj5hOg14KD","H0694","R0694_1","0.0","220","445","실제 노출 로그 / 점수·순위는 실험용"
"XEelnpWyaCS","Qj5hOg14KD","H0946","R0946_1","0.0","221","697","실제 노출 로그 / 점수·순위는 실험용"
"XEt6gntcyRo","Qj5hOg14KD","H0134","R0134_1","0.0","222","782","실제 노출 로그 / 점수·순위는 실험용"
"XErMVH9Alqj","Qj5hOg14KD","H0386","R0386_1","0.0","223","26","실제 노출 로그 / 점수·순위는 실험용"
"XEJWKYNQXNE","Qj5hOg14KD","H0638","R0638_1","0.0","224","278","실제 노출 로그 / 점수·순위는 실험용"
"XE7PB3Ayii3","Qj5hOg14KD","H0890","R0890_1","0.0","225","530","실제 노출 로그 / 점수·순위는 실험용"
"XE7MkGFq6rV","Qj5hOg14KD","H0078","R0078_1","0.0","226","614","실제 노출 로그 / 점수·순위는 실험용"
"XES59Vc2A2v","Qj5hOg14KD","H0330","R0330_1","0.0","227","864","실제 노출 로그 / 점수·순위는 실험용"
"XEpqtgjhLQM","Qj5hOg14KD","H0582","R0582_1","0.0","228","110","실제 노출 로그 / 점수·순위는 실험용"
"XEDHwGUNVDJ","Qj5hOg14KD","H0834","R0834_1","0.0","229","362","실제 노출 로그 / 점수·순위는 실험용"
"XEo9MBEfAZb","Qj5hOg14KD","H0022","R0022_1","0.0","230","446","실제 노출 로그 / 점수·순위는 실험용"
"XErsVflM2Nz","Qj5hOg14KD","H0274","R0274_1","0.0","231","698","실제 노출 로그 / 점수·순위는 실험용"
"XEUNLkV1147","Qj5hOg14KD","H0526","R0526_1","0.0","232","944","실제 노출 로그 / 점수·순위는 실험용"
"XEDRurM6ZJa","Qj5hOg14KD","H0778","R0778_1","0.0","233","194","실제 노출 로그 / 점수·순위는 실험용"
"XEeTmtGkeSh","Qj5hOg14KD","H0218","R0218_1","0.0","234","531","실제 노출 로그 / 점수·순위는 실험용"
"XEVmRIsuj30","Qj5hOg14KD","H0470","R0470_1","0.0","235","783","실제 노출 로그 / 점수·순위는 실험용"
"XE3ddwqltka","Qj5hOg14KD","H0722","R0722_1","0.0","236","27","실제 노출 로그 / 점수·순위는 실험용"
"XEBebKdw7nZ","Qj5hOg14KD","H0974","R0974_1","0.0","237","279","실제 노출 로그 / 점수·순위는 실험용"
"XEQ2bnr5aUo","Qj5hOg14KD","H0162","R0162_1","0.0","238","363","실제 노출 로그 / 점수·순위는 실험용"
"XE8C4Mqo5eq","Qj5hOg14KD","H0414","R0414_1","0.0","239","615","실제 노출 로그 / 점수·순위는 실험용"
"XEmXyGkIMYe","Qj5hOg14KD","H0666","R0666_1","0.0","240","865","실제 노출 로그 / 점수·순위는 실험용"
"XEdfmJ0a60v","Qj5hOg14KD","H0918","R0918_1","0.0","241","111","실제 노출 로그 / 점수·순위는 실험용"
"XEoA2uuNJwP","Qj5hOg14KD","H0106","R0106_1","0.0","242","195","실제 노출 로그 / 점수·순위는 실험용"
"XEs3pZy1HzA","Qj5hOg14KD","H0358","R0358_1","0.0","243","447","실제 노출 로그 / 점수·순위는 실험용"
"XEthUblEj6B","Qj5hOg14KD","H0610","R0610_1","0.0","244","699","실제 노출 로그 / 점수·순위는 실험용"
"XEDFqOo5iNk","Qj5hOg14KD","H0862","R0862_1","0.0","245","945","실제 노출 로그 / 점수·순위는 실험용"
"XEyKjC5ikqy","Qj5hOg14KD","H0049","R0049_1","0.0","246","4","실제 노출 로그 / 점수·순위는 실험용"
"XEnufunDBx9","Qj5hOg14KD","H0301","R0301_1","0.0","247","256","실제 노출 로그 / 점수·순위는 실험용"
"XEEpJ1CdXZM","Qj5hOg14KD","H0553","R0553_1","0.0","248","508","실제 노출 로그 / 점수·순위는 실험용"
"XETXfD6Y7bN","Qj5hOg14KD","H0805","R0805_1","0.0","249","760","실제 노출 로그 / 점수·순위는 실험용"
"XEdEu4sguXB","Qj5hOg14KD","H0245","R0245_1","0.0","250","88","실제 노출 로그 / 점수·순위는 실험용"
"XECXFKPI38V","Qj5hOg14KD","H0497","R0497_1","0.0","251","340","실제 노출 로그 / 점수·순위는 실험용"
"XEvRTgWWXN6","Qj5hOg14KD","H0749","R0749_1","0.0","252","592","실제 노출 로그 / 점수·순위는 실험용"
"XExCUsI974q","Qj5hOg14KD","H0189","R0189_1","0.0","253","923","실제 노출 로그 / 점수·순위는 실험용"
"XEGTprYbDW8","Qj5hOg14KD","H0441","R0441_1","0.0","254","172","실제 노출 로그 / 점수·순위는 실험용"
"XEVdnyp80wS","Qj5hOg14KD","H0693","R0693_1","0.0","255","424","실제 노출 로그 / 점수·순위는 실험용"
"XEHenRvnYCY","Qj5hOg14KD","H0945","R0945_1","0.0","256","676","실제 노출 로그 / 점수·순위는 실험용"
"XE07fAuKCAQ","Qj5hOg14KD","H0133","R0133_1","0.0","257","761","실제 노출 로그 / 점수·순위는 실험용"
"XE8jWnmajmA","Qj5hOg14KD","H0385","R0385_1","0.0","258","5","실제 노출 로그 / 점수·순위는 실험용"
"XEJa0CkxEvB","Qj5hOg14KD","H0637","R0637_1","0.0","259","257","실제 노출 로그 / 점수·순위는 실험용"
"XEyn6Mm6YjF","Qj5hOg14KD","H0889","R0889_1","0.0","260","509","실제 노출 로그 / 점수·순위는 실험용"
"XEbxhiSWXRu","Qj5hOg14KD","H0077","R0077_1","0.0","261","593","실제 노출 로그 / 점수·순위는 실험용"
"XEdA2OCopmB","Qj5hOg14KD","H0329","R0329_1","0.0","262","844","실제 노출 로그 / 점수·순위는 실험용"
"XEjHZ0C9DrU","Qj5hOg14KD","H0581","R0581_1","0.0","263","89","실제 노출 로그 / 점수·순위는 실험용"
"XE5z672kaVN","Qj5hOg14KD","H0833","R0833_1","0.0","264","341","실제 노출 로그 / 점수·순위는 실험용"
"XEvrvmDKTfb","Qj5hOg14KD","H0021","R0021_1","0.0","265","425","실제 노출 로그 / 점수·순위는 실험용"
"XE1BiDgkiH1","Qj5hOg14KD","H0273","R0273_1","0.0","266","677","실제 노출 로그 / 점수·순위는 실험용"
"XE9tDDQinwa","Qj5hOg14KD","H0525","R0525_1","0.0","267","924","실제 노출 로그 / 점수·순위는 실험용"
"XEAQTCUz6QW","Qj5hOg14KD","H0777","R0777_1","0.0","268","173","실제 노출 로그 / 점수·순위는 실험용"
"XEBnhkJrRgI","Qj5hOg14KD","H0217","R0217_1","0.0","269","510","실제 노출 로그 / 점수·순위는 실험용"
"XEGn6Yxax47","Qj5hOg14KD","H0469","R0469_1","0.0","270","762","실제 노출 로그 / 점수·순위는 실험용"
"XETbjbs9bNi","Qj5hOg14KD","H0721","R0721_1","0.0","271","6","실제 노출 로그 / 점수·순위는 실험용"
"XEHOlekd3Ym","Qj5hOg14KD","H0973","R0973_1","0.0","272","258","실제 노출 로그 / 점수·순위는 실험용"
"XEFxJGIVU4g","Qj5hOg14KD","H0161","R0161_1","0.0","273","342","실제 노출 로그 / 점수·순위는 실험용"
"XEjbpuEgJlj","Qj5hOg14KD","H0413","R0413_1","0.0","274","594","실제 노출 로그 / 점수·순위는 실험용"
"XEOzMdtKQNg","Qj5hOg14KD","H0665","R0665_1","0.0","275","845","실제 노출 로그 / 점수·순위는 실험용"
"XEO3sYwG2Mf","Qj5hOg14KD","H0917","R0917_1","0.0","276","90","실제 노출 로그 / 점수·순위는 실험용"
"XE6q7wbO0wP","Qj5hOg14KD","H0105","R0105_1","0.0","277","174","실제 노출 로그 / 점수·순위는 실험용"
"XE4rGlYRpzW","Qj5hOg14KD","H0357","R0357_1","0.0","278","426","실제 노출 로그 / 점수·순위는 실험용"
"XEniLuCKpfK","Qj5hOg14KD","H0609","R0609_1","0.0","279","678","실제 노출 로그 / 점수·순위는 실험용"
"XE3RwXYF7Eg","Qj5hOg14KD","H0861","R0861_1","0.0","280","925","실제 노출 로그 / 점수·순위는 실험용"
"XEOlfDVy7Ax","Qj5hOg14KD","H0048","R0048_1","0.0","281","986","실제 노출 로그 / 점수·순위는 실험용"
"XEm55GKyxfC","Qj5hOg14KD","H0300","R0300_1","0.0","282","238","실제 노출 로그 / 점수·순위는 실험용"
"XEVKbRHwu2T","Qj5hOg14KD","H0552","R0552_1","0.0","283","490","실제 노출 로그 / 점수·순위는 실험용"
"XEGVYS1qQkR","Qj5hOg14KD","H0804","R0804_1","0.0","284","742","실제 노출 로그 / 점수·순위는 실험용"
"XECugTOc6GA","Qj5hOg14KD","H0244","R0244_1","0.0","285","70","실제 노출 로그 / 점수·순위는 실험용"
"XEjyxrYwLsY","Qj5hOg14KD","H0496","R0496_1","0.0","286","322","실제 노출 로그 / 점수·순위는 실험용"
"XEJXUPZBg9M","Qj5hOg14KD","H0748","R0748_1","0.0","287","574","실제 노출 로그 / 점수·순위는 실험용"
"XElVNOFVA21","Qj5hOg14KD","H1000","R1000_1","0.0","288","826","실제 노출 로그 / 점수·순위는 실험용"
"XE6T9N53PSt","Qj5hOg14KD","H0188","R0188_1","0.0","289","906","실제 노출 로그 / 점수·순위는 실험용"
"XEf7MiEi1lQ","Qj5hOg14KD","H0440","R0440_1","0.0","290","154","실제 노출 로그 / 점수·순위는 실험용"
"XE90dASX3Tl","Qj5hOg14KD","H0692","R0692_1","0.0","291","406","실제 노출 로그 / 점수·순위는 실험용"
"XEiOFPvViIi","Qj5hOg14KD","H0944","R0944_1","0.0","292","658","실제 노출 로그 / 점수·순위는 실험용"
"XEpDqFQKVFf","Qj5hOg14KD","H0132","R0132_1","0.0","293","743","실제 노출 로그 / 점수·순위는 실험용"
"XEmiJP2CIzZ","Qj5hOg14KD","H0384","R0384_1","0.0","294","987","실제 노출 로그 / 점수·순위는 실험용"
"XEAd7uNM6ad","Qj5hOg14KD","H0636","R0636_1","0.0","295","239","실제 노출 로그 / 점수·순위는 실험용"
"XEXKjvJT0Yn","Qj5hOg14KD","H0888","R0888_1","0.0","296","491","실제 노출 로그 / 점수·순위는 실험용"
"XEcln7W3Js6","Qj5hOg14KD","H0076","R0076_1","0.0","297","575","실제 노출 로그 / 점수·순위는 실험용"
"XEgULKN1B61","Qj5hOg14KD","H0328","R0328_1","0.0","298","827","실제 노출 로그 / 점수·순위는 실험용"
"XEKlzWEBPja","Qj5hOg14KD","H0580","R0580_1","0.0","299","71","실제 노출 로그 / 점수·순위는 실험용"
"XEnico4Nf1j","Qj5hOg14KD","H0832","R0832_1","0.0","300","323","실제 노출 로그 / 점수·순위는 실험용"
"XE59hhNFIac","Qj5hOg14KD","H0020","R0020_1","0.0","301","407","실제 노출 로그 / 점수·순위는 실험용"
"XEeZaXungnJ","Qj5hOg14KD","H0272","R0272_1","0.0","302","659","실제 노출 로그 / 점수·순위는 실험용"
"XEVczNEs1SK","Qj5hOg14KD","H0524","R0524_1","0.0","303","907","실제 노출 로그 / 점수·순위는 실험용"
"XEu60MdmlQP","Qj5hOg14KD","H0776","R0776_1","0.0","304","155","실제 노출 로그 / 점수·순위는 실험용"
"XENZ2bGw7sv","Qj5hOg14KD","H0216","R0216_1","0.0","305","492","실제 노출 로그 / 점수·순위는 실험용"
"XET6exWYjLQ","Qj5hOg14KD","H0468","R0468_1","0.0","306","744","실제 노출 로그 / 점수·순위는 실험용"
"XE4bJm3q6A0","Qj5hOg14KD","H0720","R0720_1","0.0","307","988","실제 노출 로그 / 점수·순위는 실험용"
"XEXzdNOiqyy","Qj5hOg14KD","H0972","R0972_1","0.0","308","240","실제 노출 로그 / 점수·순위는 실험용"
"XEH7D339E3C","Qj5hOg14KD","H0160","R0160_1","0.0","309","324","실제 노출 로그 / 점수·순위는 실험용"
"XE4B3l5Av5i","Qj5hOg14KD","H0412","R0412_1","0.0","310","576","실제 노출 로그 / 점수·순위는 실험용"
"XE6ujmXpGbY","Qj5hOg14KD","H0664","R0664_1","0.0","311","828","실제 노출 로그 / 점수·순위는 실험용"
"XEndPSjW4yO","Qj5hOg14KD","H0916","R0916_1","0.0","312","72","실제 노출 로그 / 점수·순위는 실험용"
"XEKtVQ4BsUZ","Qj5hOg14KD","H0104","R0104_1","0.0","313","156","실제 노출 로그 / 점수·순위는 실험용"
"XE5svyWGEgf","Qj5hOg14KD","H0356","R0356_1","0.0","314","408","실제 노출 로그 / 점수·순위는 실험용"
"XEkN6TKWr9J","Qj5hOg14KD","H0608","R0608_1","0.0","315","660","실제 노출 로그 / 점수·순위는 실험용"
"XEKw0YXZm2C","Qj5hOg14KD","H0860","R0860_1","0.0","316","908","실제 노출 로그 / 점수·순위는 실험용"
"XEAJm7BsOLN","Qj5hOg14KD","H0607","R0607_1","0.0","317","637","실제 노출 로그 / 점수·순위는 실험용"
"XE6n64piqBW","Qj5hOg14KD","H0859","R0859_1","0.0","318","886","실제 노출 로그 / 점수·순위는 실험용"
"XEVs8A0PNsx","Qj5hOg14KD","H0047","R0047_1","0.0","319","966","실제 노출 로그 / 점수·순위는 실험용"
"XEzI39YOu9Q","Qj5hOg14KD","H0299","R0299_1","0.0","320","217","실제 노출 로그 / 점수·순위는 실험용"
"XELc05TsObd","Qj5hOg14KD","H0551","R0551_1","0.0","321","469","실제 노출 로그 / 점수·순위는 실험용"
"XEdx71Vhdy7","Qj5hOg14KD","H0803","R0803_1","0.0","322","721","실제 노출 로그 / 점수·순위는 실험용"
"XE4gSVRJWM0","Qj5hOg14KD","H0243","R0243_1","0.0","323","49","실제 노출 로그 / 점수·순위는 실험용"
"XEYjwd3qbKX","Qj5hOg14KD","H0495","R0495_1","0.0","324","301","실제 노출 로그 / 점수·순위는 실험용"
"XEwjzHUiB2E","Qj5hOg14KD","H0747","R0747_1","0.0","325","553","실제 노출 로그 / 점수·순위는 실험용"
"XE3nzQKCZ4w","Qj5hOg14KD","H0999","R0999_1","0.0","326","805","실제 노출 로그 / 점수·순위는 실험용"
"XEtuzNllqcI","Qj5hOg14KD","H0187","R0187_1","0.0","327","887","실제 노출 로그 / 점수·순위는 실험용"
"XECXSzLuL9I","Qj5hOg14KD","H0439","R0439_1","0.0","328","133","실제 노출 로그 / 점수·순위는 실험용"
"XEG0Pe0j21d","Qj5hOg14KD","H0691","R0691_1","0.0","329","385","실제 노출 로그 / 점수·순위는 실험용"
"XEuuaN46899","Qj5hOg14KD","H0943","R0943_1","0.0","330","638","실제 노출 로그 / 점수·순위는 실험용"
"XEHZS0y1QaD","Qj5hOg14KD","H0131","R0131_1","0.0","331","722","실제 노출 로그 / 점수·순위는 실험용"
"XEJQOxzN8ak","Qj5hOg14KD","H0383","R0383_1","0.0","332","967","실제 노출 로그 / 점수·순위는 실험용"
"XEacfO3AC22","Qj5hOg14KD","H0635","R0635_1","0.0","333","218","실제 노출 로그 / 점수·순위는 실험용"
"XElOEu2CZ08","Qj5hOg14KD","H0887","R0887_1","0.0","334","470","실제 노출 로그 / 점수·순위는 실험용"
"XEHZlDf0eFK","Qj5hOg14KD","H0075","R0075_1","0.0","335","554","실제 노출 로그 / 점수·순위는 실험용"
"XEaoAxmk4fi","Qj5hOg14KD","H0327","R0327_1","0.0","336","806","실제 노출 로그 / 점수·순위는 실험용"
"XEvmW3Yy5uM","Qj5hOg14KD","H0579","R0579_1","0.0","337","50","실제 노출 로그 / 점수·순위는 실험용"
"XEvG9u7IDTI","Qj5hOg14KD","H0831","R0831_1","0.0","338","302","실제 노출 로그 / 점수·순위는 실험용"
"XEOCxlEoZXa","Qj5hOg14KD","H0019","R0019_1","0.0","339","386","실제 노출 로그 / 점수·순위는 실험용"
"XEyJCGpHxYB","Qj5hOg14KD","H0271","R0271_1","0.0","340","639","실제 노출 로그 / 점수·순위는 실험용"
"XESnwuSZiw2","Qj5hOg14KD","H0523","R0523_1","0.0","341","888","실제 노출 로그 / 점수·순위는 실험용"
"XErJ9OGX6M2","Qj5hOg14KD","H0775","R0775_1","0.0","342","134","실제 노출 로그 / 점수·순위는 실험용"
"XEik13eOuT2","Qj5hOg14KD","H0215","R0215_1","0.0","343","471","실제 노출 로그 / 점수·순위는 실험용"
"XEDgQ383WWt","Qj5hOg14KD","H0467","R0467_1","0.0","344","723","실제 노출 로그 / 점수·순위는 실험용"
"XE4AFqcrdo7","Qj5hOg14KD","H0719","R0719_1","0.0","345","968","실제 노출 로그 / 점수·순위는 실험용"
"XEYKFxb4s7I","Qj5hOg14KD","H0971","R0971_1","0.0","346","219","실제 노출 로그 / 점수·순위는 실험용"
"XEKn3cZIiy4","Qj5hOg14KD","H0159","R0159_1","0.0","347","303","실제 노출 로그 / 점수·순위는 실험용"
"XEz4Itt9Myo","Qj5hOg14KD","H0411","R0411_1","0.0","348","555","실제 노출 로그 / 점수·순위는 실험용"
"XE08iu52U5a","Qj5hOg14KD","H0663","R0663_1","0.0","349","807","실제 노출 로그 / 점수·순위는 실험용"
"XEOCbvdQlhz","Qj5hOg14KD","H0915","R0915_1","0.0","350","51","실제 노출 로그 / 점수·순위는 실험용"
"XExdVFVSKwV","Qj5hOg14KD","H0103","R0103_1","0.0","351","135","실제 노출 로그 / 점수·순위는 실험용"
"XEHb1KDaeGC","Qj5hOg14KD","H0355","R0355_1","0.0","352","387","실제 노출 로그 / 점수·순위는 실험용"
"XEMbug25EWj","Qj5hOg14KD","H0102","R0102_1","0.0","353","112","실제 노출 로그 / 점수·순위는 실험용"
"XEEdp6U5DIB","Qj5hOg14KD","H0354","R0354_1","0.0","354","364","실제 노출 로그 / 점수·순위는 실험용"
"XExdNd0dfc1","Qj5hOg14KD","H0606","R0606_1","0.0","355","616","실제 노출 로그 / 점수·순위는 실험용"
"XE6B4yQe8zC","Qj5hOg14KD","H0858","R0858_1","0.0","356","866","실제 노출 로그 / 점수·순위는 실험용"
"XEvnKf7pMYv","Qj5hOg14KD","H0046","R0046_1","0.0","357","946","실제 노출 로그 / 점수·순위는 실험용"
"XERUDLG440M","Qj5hOg14KD","H0298","R0298_1","0.0","358","196","실제 노출 로그 / 점수·순위는 실험용"
"XE6dOLQRaeb","Qj5hOg14KD","H0550","R0550_1","0.0","359","448","실제 노출 로그 / 점수·순위는 실험용"
"XEaK1aNrwV5","Qj5hOg14KD","H0802","R0802_1","0.0","360","700","실제 노출 로그 / 점수·순위는 실험용"
"XEqEiEZqlnG","Qj5hOg14KD","H0242","R0242_1","0.0","361","28","실제 노출 로그 / 점수·순위는 실험용"
"XEAX63pwDWq","Qj5hOg14KD","H0494","R0494_1","0.0","362","280","실제 노출 로그 / 점수·순위는 실험용"
"XESSRTv586F","Qj5hOg14KD","H0746","R0746_1","0.0","363","532","실제 노출 로그 / 점수·순위는 실험용"
"XEtKoXngxhK","Qj5hOg14KD","H0998","R0998_1","0.0","364","784","실제 노출 로그 / 점수·순위는 실험용"
"XEl3J8rVPTY","Qj5hOg14KD","H0186","R0186_1","0.0","365","867","실제 노출 로그 / 점수·순위는 실험용"
"XEWQpEbiK3m","Qj5hOg14KD","H0438","R0438_1","0.0","366","113","실제 노출 로그 / 점수·순위는 실험용"
"XElcJnJCPSx","Qj5hOg14KD","H0690","R0690_1","0.0","367","365","실제 노출 로그 / 점수·순위는 실험용"
"XEKMM8c4zKs","Qj5hOg14KD","H0942","R0942_1","0.0","368","617","실제 노출 로그 / 점수·순위는 실험용"
"XE8FmzomJk7","Qj5hOg14KD","H0130","R0130_1","0.0","369","701","실제 노출 로그 / 점수·순위는 실험용"
"XEivzDi2OrM","Qj5hOg14KD","H0382","R0382_1","0.0","370","947","실제 노출 로그 / 점수·순위는 실험용"
"XETwcVn6X6Q","Qj5hOg14KD","H0634","R0634_1","0.0","371","197","실제 노출 로그 / 점수·순위는 실험용"
"XEEh43r7qeZ","Qj5hOg14KD","H0886","R0886_1","0.0","372","449","실제 노출 로그 / 점수·순위는 실험용"
"XEPlyVRwK4J","Qj5hOg14KD","H0074","R0074_1","0.0","373","533","실제 노출 로그 / 점수·순위는 실험용"
"XEVMDHzFTmX","Qj5hOg14KD","H0326","R0326_1","0.0","374","785","실제 노출 로그 / 점수·순위는 실험용"
"XEJtltzi1Na","Qj5hOg14KD","H0578","R0578_1","0.0","375","29","실제 노출 로그 / 점수·순위는 실험용"
"XEDa4UOXP3i","Qj5hOg14KD","H0830","R0830_1","0.0","376","281","실제 노출 로그 / 점수·순위는 실험용"
"XETJovUM8RW","Qj5hOg14KD","H0018","R0018_1","0.0","377","366","실제 노출 로그 / 점수·순위는 실험용"
"XEzgkFU8szR","Qj5hOg14KD","H0270","R0270_1","0.0","378","618","실제 노출 로그 / 점수·순위는 실험용"
"XELfTo8l2X1","Qj5hOg14KD","H0522","R0522_1","0.0","379","868","실제 노출 로그 / 점수·순위는 실험용"
"XE36vAehXt2","Qj5hOg14KD","H0774","R0774_1","0.0","380","114","실제 노출 로그 / 점수·순위는 실험용"
"XECHjQm9EWs","Qj5hOg14KD","H0214","R0214_1","0.0","381","450","실제 노출 로그 / 점수·순위는 실험용"
"XECeI2cGHr5","Qj5hOg14KD","H0466","R0466_1","0.0","382","702","실제 노출 로그 / 점수·순위는 실험용"
"XEjgrtJhI0G","Qj5hOg14KD","H0718","R0718_1","0.0","383","948","실제 노출 로그 / 점수·순위는 실험용"
"XEBMFkpW2Yk","Qj5hOg14KD","H0970","R0970_1","0.0","384","198","실제 노출 로그 / 점수·순위는 실험용"
"XEhYF4AHcgp","Qj5hOg14KD","H0158","R0158_1","0.0","385","282","실제 노출 로그 / 점수·순위는 실험용"
"XEdeNPMHZAZ","Qj5hOg14KD","H0410","R0410_1","0.0","386","534","실제 노출 로그 / 점수·순위는 실험용"
"XEjHgkMHgAK","Qj5hOg14KD","H0662","R0662_1","0.0","387","786","실제 노출 로그 / 점수·순위는 실험용"
"XEGcFNNgsmf","Qj5hOg14KD","H0914","R0914_1","0.0","388","30","실제 노출 로그 / 점수·순위는 실험용"
"XE9uuptfacG","Qj5hOg14KD","H0101","R0101_1","0.0","389","91","실제 노출 로그 / 점수·순위는 실험용"
"XES546O5bm7","Qj5hOg14KD","H0353","R0353_1","0.0","390","343","실제 노출 로그 / 점수·순위는 실험용"
"XE9hViN10D5","Qj5hOg14KD","H0605","R0605_1","0.0","391","595","실제 노출 로그 / 점수·순위는 실험용"
"XEpr6kTODv3","Qj5hOg14KD","H0857","R0857_1","0.0","392","846","실제 노출 로그 / 점수·순위는 실험용"
"XEJJZRNasvO","Qj5hOg14KD","H0045","R0045_1","0.0","393","926","실제 노출 로그 / 점수·순위는 실험용"
"XESCGqCP6uB","Qj5hOg14KD","H0297","R0297_1","0.0","394","175","실제 노출 로그 / 점수·순위는 실험용"
"XEhQVWXEu36","Qj5hOg14KD","H0549","R0549_1","0.0","395","427","실제 노출 로그 / 점수·순위는 실험용"
"XEde388iuAq","Qj5hOg14KD","H0801","R0801_1","0.0","396","679","실제 노출 로그 / 점수·순위는 실험용"
"XEFcz0kJAEL","Qj5hOg14KD","H0241","R0241_1","0.0","397","7","실제 노출 로그 / 점수·순위는 실험용"
"XEihng6sCl5","Qj5hOg14KD","H0493","R0493_1","0.0","398","259","실제 노출 로그 / 점수·순위는 실험용"
"XEQ6A6SjjKv","Qj5hOg14KD","H0745","R0745_1","0.0","399","511","실제 노출 로그 / 점수·순위는 실험용"
"XEw4knZ0xEg","Qj5hOg14KD","H0997","R0997_1","0.0","400","763","실제 노출 로그 / 점수·순위는 실험용"
"XEjIRPkCsnb","Qj5hOg14KD","H0185","R0185_1","0.0","401","847","실제 노출 로그 / 점수·순위는 실험용"
"XEMLuvuFwW0","Qj5hOg14KD","H0437","R0437_1","0.0","402","92","실제 노출 로그 / 점수·순위는 실험용"
"XERmQfWD5xw","Qj5hOg14KD","H0689","R0689_1","0.0","403","344","실제 노출 로그 / 점수·순위는 실험용"
"XEW8CCvFHwW","Qj5hOg14KD","H0941","R0941_1","0.0","404","596","실제 노출 로그 / 점수·순위는 실험용"
"XEePeARKehY","Qj5hOg14KD","H0129","R0129_1","0.0","405","680","실제 노출 로그 / 점수·순위는 실험용"
"XEhaQYUBuRO","Qj5hOg14KD","H0381","R0381_1","0.0","406","927","실제 노출 로그 / 점수·순위는 실험용"
"XEdKR3oQeAX","Qj5hOg14KD","H0633","R0633_1","0.0","407","176","실제 노출 로그 / 점수·순위는 실험용"
"XEBE56p71NL","Qj5hOg14KD","H0885","R0885_1","0.0","408","428","실제 노출 로그 / 점수·순위는 실험용"
"XEXnRHKM1CA","Qj5hOg14KD","H0073","R0073_1","0.0","409","512","실제 노출 로그 / 점수·순위는 실험용"
"XEZLps7WMu2","Qj5hOg14KD","H0325","R0325_1","0.0","410","764","실제 노출 로그 / 점수·순위는 실험용"
"XE6RUOY7Mhh","Qj5hOg14KD","H0577","R0577_1","0.0","411","8","실제 노출 로그 / 점수·순위는 실험용"
"XEhXuAxcJXU","Qj5hOg14KD","H0829","R0829_1","0.0","412","260","실제 노출 로그 / 점수·순위는 실험용"
"XE6i1S505C5","Qj5hOg14KD","H0017","R0017_1","0.0","413","345","실제 노출 로그 / 점수·순위는 실험용"
"XEbYWgEk5jG","Qj5hOg14KD","H0269","R0269_1","0.0","414","597","실제 노출 로그 / 점수·순위는 실험용"
"XEtGR8Xeyaj","Qj5hOg14KD","H0521","R0521_1","0.0","415","848","실제 노출 로그 / 점수·순위는 실험용"
"XE1QwVtqCfI","Qj5hOg14KD","H0773","R0773_1","0.0","416","93","실제 노출 로그 / 점수·순위는 실험용"
"XEIMOqWD3lE","Qj5hOg14KD","H0213","R0213_1","0.0","417","429","실제 노출 로그 / 점수·순위는 실험용"
"XEmGPBSSFOy","Qj5hOg14KD","H0465","R0465_1","0.0","418","681","실제 노출 로그 / 점수·순위는 실험용"
"XEUKOldd65m","Qj5hOg14KD","H0717","R0717_1","0.0","419","928","실제 노출 로그 / 점수·순위는 실험용"
"XEnN23AXwU3","Qj5hOg14KD","H0969","R0969_1","0.0","420","177","실제 노출 로그 / 점수·순위는 실험용"
"XE6hIVsY9kV","Qj5hOg14KD","H0157","R0157_1","0.0","421","261","실제 노출 로그 / 점수·순위는 실험용"
"XELKQnnq2pd","Qj5hOg14KD","H0409","R0409_1","0.0","422","513","실제 노출 로그 / 점수·순위는 실험용"
"XEIvkkHoAfY","Qj5hOg14KD","H0661","R0661_1","0.0","423","765","실제 노출 로그 / 점수·순위는 실험용"
"XEJuycdHqAb","Qj5hOg14KD","H0913","R0913_1","0.0","424","9","실제 노출 로그 / 점수·순위는 실험용"
"XEgog80kfgh","Qj5hOg14KD","H0100","R0100_1","0.0","425","73","실제 노출 로그 / 점수·순위는 실험용"
"XE5HPh9s5DW","Qj5hOg14KD","H0352","R0352_1","0.0","426","325","실제 노출 로그 / 점수·순위는 실험용"
"XE8dsboHK6C","Qj5hOg14KD","H0604","R0604_1","0.0","427","577","실제 노출 로그 / 점수·순위는 실험용"
"XEEHg8mt682","Qj5hOg14KD","H0856","R0856_1","0.0","428","829","실제 노출 로그 / 점수·순위는 실험용"
"XEkBjEgsHT4","Qj5hOg14KD","H0044","R0044_1","0.0","429","909","실제 노출 로그 / 점수·순위는 실험용"
"XESPfFR46R8","Qj5hOg14KD","H0296","R0296_1","0.0","430","157","실제 노출 로그 / 점수·순위는 실험용"
"XE4LvfLit8y","Qj5hOg14KD","H0548","R0548_1","0.0","431","409","실제 노출 로그 / 점수·순위는 실험용"
"XE7CsaAKbWj","Qj5hOg14KD","H0800","R0800_1","0.0","432","661","실제 노출 로그 / 점수·순위는 실험용"
"XEl3hg5A4wD","Qj5hOg14KD","H0240","R0240_1","0.0","433","989","실제 노출 로그 / 점수·순위는 실험용"
"XEs72csJZzZ","Qj5hOg14KD","H0492","R0492_1","0.0","434","241","실제 노출 로그 / 점수·순위는 실험용"
"XEING8hBJfK","Qj5hOg14KD","H0744","R0744_1","0.0","435","493","실제 노출 로그 / 점수·순위는 실험용"
"XES4zIGtEow","Qj5hOg14KD","H0996","R0996_1","0.0","436","745","실제 노출 로그 / 점수·순위는 실험용"
"XEN89J21w6X","Qj5hOg14KD","H0184","R0184_1","0.0","437","830","실제 노출 로그 / 점수·순위는 실험용"
"XEFYrIoin9s","Qj5hOg14KD","H0436","R0436_1","0.0","438","74","실제 노출 로그 / 점수·순위는 실험용"
"XEdhTifMO3x","Qj5hOg14KD","H0688","R0688_1","0.0","439","326","실제 노출 로그 / 점수·순위는 실험용"
"XECd8ZIS0tk","Qj5hOg14KD","H0940","R0940_1","0.0","440","578","실제 노출 로그 / 점수·순위는 실험용"
"XETpjh3bbfB","Qj5hOg14KD","H0128","R0128_1","0.0","441","662","실제 노출 로그 / 점수·순위는 실험용"
"XEE0oqlUZe3","Qj5hOg14KD","H0380","R0380_1","0.0","442","910","실제 노출 로그 / 점수·순위는 실험용"
"XEHtviN5wXb","Qj5hOg14KD","H0632","R0632_1","0.0","443","158","실제 노출 로그 / 점수·순위는 실험용"
"XEVF63MM8lx","Qj5hOg14KD","H0884","R0884_1","0.0","444","410","실제 노출 로그 / 점수·순위는 실험용"
"XEvugOQAye6","Qj5hOg14KD","H0072","R0072_1","0.0","445","494","실제 노출 로그 / 점수·순위는 실험용"
"XEuGKC0msAK","Qj5hOg14KD","H0324","R0324_1","0.0","446","746","실제 노출 로그 / 점수·순위는 실험용"
"XEb2hcJ4dRR","Qj5hOg14KD","H0576","R0576_1","0.0","447","990","실제 노출 로그 / 점수·순위는 실험용"
"XEImtM8O7vd","Qj5hOg14KD","H0828","R0828_1","0.0","448","242","실제 노출 로그 / 점수·순위는 실험용"
"XEh3Co5ZY0q","Qj5hOg14KD","H0016","R0016_1","0.0","449","327","실제 노출 로그 / 점수·순위는 실험용"
"XErEk1yLY3v","Qj5hOg14KD","H0268","R0268_1","0.0","450","579","실제 노출 로그 / 점수·순위는 실험용"
"XEg0zodXplP","Qj5hOg14KD","H0520","R0520_1","0.0","451","831","실제 노출 로그 / 점수·순위는 실험용"
"XEWoS0034ph","Qj5hOg14KD","H0772","R0772_1","0.0","452","75","실제 노출 로그 / 점수·순위는 실험용"
"XEwOq9EHEQc","Qj5hOg14KD","H0212","R0212_1","0.0","453","411","실제 노출 로그 / 점수·순위는 실험용"
"XEEae37fIJM","Qj5hOg14KD","H0464","R0464_1","0.0","454","663","실제 노출 로그 / 점수·순위는 실험용"
"XE2B8SybaQP","Qj5hOg14KD","H0716","R0716_1","0.0","455","911","실제 노출 로그 / 점수·순위는 실험용"
"XEaZRRwKa3F","Qj5hOg14KD","H0968","R0968_1","0.0","456","159","실제 노출 로그 / 점수·순위는 실험용"
"XEofYBb73Jv","Qj5hOg14KD","H0156","R0156_1","0.0","457","243","실제 노출 로그 / 점수·순위는 실험용"
"XEb6RM2nD6M","Qj5hOg14KD","H0408","R0408_1","0.0","458","495","실제 노출 로그 / 점수·순위는 실험용"
"XEzWOw2FiuT","Qj5hOg14KD","H0660","R0660_1","0.0","459","747","실제 노출 로그 / 점수·순위는 실험용"
"XEsxHGSWkYW","Qj5hOg14KD","H0912","R0912_1","0.0","460","991","실제 노출 로그 / 점수·순위는 실험용"
"XEuJo0WoQFC","Qj5hOg14KD","H0099","R0099_1","0.0","461","52","실제 노출 로그 / 점수·순위는 실험용"
"XEbzSLTT0Iy","Qj5hOg14KD","H0351","R0351_1","0.0","462","304","실제 노출 로그 / 점수·순위는 실험용"
"XEqfD1QqpGq","Qj5hOg14KD","H0603","R0603_1","0.0","463","556","실제 노출 로그 / 점수·순위는 실험용"
"XElU1aiRxLE","Qj5hOg14KD","H0855","R0855_1","0.0","464","808","실제 노출 로그 / 점수·순위는 실험용"
"XEq5Hv1kgWB","Qj5hOg14KD","H0043","R0043_1","0.0","465","889","실제 노출 로그 / 점수·순위는 실험용"
"XE9bbXPnmuW","Qj5hOg14KD","H0295","R0295_1","0.0","466","136","실제 노출 로그 / 점수·순위는 실험용"
"XEWXRDZU08W","Qj5hOg14KD","H0547","R0547_1","0.0","467","388","실제 노출 로그 / 점수·순위는 실험용"
"XEMIx86428g","Qj5hOg14KD","H0799","R0799_1","0.0","468","640","실제 노출 로그 / 점수·순위는 실험용"
"XEqAlBJekMY","Qj5hOg14KD","H0239","R0239_1","0.0","469","969","실제 노출 로그 / 점수·순위는 실험용"
"XEfJmJQcZGw","Qj5hOg14KD","H0491","R0491_1","0.0","470","220","실제 노출 로그 / 점수·순위는 실험용"
"XE4g1xjSPdH","Qj5hOg14KD","H0743","R0743_1","0.0","471","472","실제 노출 로그 / 점수·순위는 실험용"
"XEDpgrbX5FJ","Qj5hOg14KD","H0995","R0995_1","0.0","472","724","실제 노출 로그 / 점수·순위는 실험용"
"XEgtVKRP2Ex","Qj5hOg14KD","H0183","R0183_1","0.0","473","809","실제 노출 로그 / 점수·순위는 실험용"
"XEf8qUboAM7","Qj5hOg14KD","H0435","R0435_1","0.0","474","53","실제 노출 로그 / 점수·순위는 실험용"
"XE8uAqUIpAa","Qj5hOg14KD","H0687","R0687_1","0.0","475","305","실제 노출 로그 / 점수·순위는 실험용"
"XEtm1jDOuQ4","Qj5hOg14KD","H0939","R0939_1","0.0","476","557","실제 노출 로그 / 점수·순위는 실험용"
"XExjWf3oiFN","Qj5hOg14KD","H0127","R0127_1","0.0","477","641","실제 노출 로그 / 점수·순위는 실험용"
"XEXIo3mYIxz","Qj5hOg14KD","H0379","R0379_1","0.0","478","890","실제 노출 로그 / 점수·순위는 실험용"
"XEQaQbWsRwg","Qj5hOg14KD","H0631","R0631_1","0.0","479","137","실제 노출 로그 / 점수·순위는 실험용"
"XEPi5Qg3uQv","Qj5hOg14KD","H0883","R0883_1","0.0","480","389","실제 노출 로그 / 점수·순위는 실험용"
"XEiRWpx4UoA","Qj5hOg14KD","H0071","R0071_1","0.0","481","473","실제 노출 로그 / 점수·순위는 실험용"
"XEv8viOje6z","Qj5hOg14KD","H0323","R0323_1","0.0","482","725","실제 노출 로그 / 점수·순위는 실험용"
"XETodwhitXt","Qj5hOg14KD","H0575","R0575_1","0.0","483","970","실제 노출 로그 / 점수·순위는 실험용"
"XERCkiqlKKY","Qj5hOg14KD","H0827","R0827_1","0.0","484","221","실제 노출 로그 / 점수·순위는 실험용"
"XEiOv5sAV3S","Qj5hOg14KD","H0015","R0015_1","0.0","485","306","실제 노출 로그 / 점수·순위는 실험용"
"XEIu4i8bZjO","Qj5hOg14KD","H0267","R0267_1","0.0","486","558","실제 노출 로그 / 점수·순위는 실험용"
"XEDWmEoS64k","Qj5hOg14KD","H0519","R0519_1","0.0","487","810","실제 노출 로그 / 점수·순위는 실험용"
"XE6X1FBlZGI","Qj5hOg14KD","H0771","R0771_1","0.0","488","54","실제 노출 로그 / 점수·순위는 실험용"
"XEq97AZT121","Qj5hOg14KD","H0211","R0211_1","0.0","489","390","실제 노출 로그 / 점수·순위는 실험용"
"XERxNXqddUK","Qj5hOg14KD","H0463","R0463_1","0.0","490","642","실제 노출 로그 / 점수·순위는 실험용"
"XE32aTnxbLh","Qj5hOg14KD","H0715","R0715_1","0.0","491","891","실제 노출 로그 / 점수·순위는 실험용"
"XEwvZFGp23I","Qj5hOg14KD","H0967","R0967_1","0.0","492","138","실제 노출 로그 / 점수·순위는 실험용"
"XEcF0TFro5a","Qj5hOg14KD","H0155","R0155_1","0.0","493","222","실제 노출 로그 / 점수·순위는 실험용"
"XEGnyCJ6r4M","Qj5hOg14KD","H0407","R0407_1","0.0","494","474","실제 노출 로그 / 점수·순위는 실험용"
"XEwMK0CRlyw","Qj5hOg14KD","H0659","R0659_1","0.0","495","726","실제 노출 로그 / 점수·순위는 실험용"
"XEi99eMv4pb","Qj5hOg14KD","H0911","R0911_1","0.0","496","971","실제 노출 로그 / 점수·순위는 실험용"
"XEeHNfTPnb4","Qj5hOg14KD","H0910","R0910_1","0.0","497","949","실제 노출 로그 / 점수·순위는 실험용"
"XEFxVAp4Wjg","Qj5hOg14KD","H0098","R0098_1","0.0","498","31","실제 노출 로그 / 점수·순위는 실험용"
"XExmFNo0Qey","Qj5hOg14KD","H0350","R0350_1","0.0","499","283","실제 노출 로그 / 점수·순위는 실험용"
"XEvc201Xtfy","Qj5hOg14KD","H0602","R0602_1","0.0","500","535","실제 노출 로그 / 점수·순위는 실험용"
"XE80wVtOI8u","Qj5hOg14KD","H0854","R0854_1","0.0","501","787","실제 노출 로그 / 점수·순위는 실험용"
"XEE1k2MQU10","Qj5hOg14KD","H0042","R0042_1","0.0","502","869","실제 노출 로그 / 점수·순위는 실험용"
"XEs797zz7yR","Qj5hOg14KD","H0294","R0294_1","0.0","503","115","실제 노출 로그 / 점수·순위는 실험용"
"XEywJuS65xu","Qj5hOg14KD","H0546","R0546_1","0.0","504","367","실제 노출 로그 / 점수·순위는 실험용"
"XEuLGK6DCSn","Qj5hOg14KD","H0798","R0798_1","0.0","505","619","실제 노출 로그 / 점수·순위는 실험용"
"XEIzneWGE0j","Qj5hOg14KD","H0238","R0238_1","0.0","506","950","실제 노출 로그 / 점수·순위는 실험용"
"XE60hDch5Mc","Qj5hOg14KD","H0490","R0490_1","0.0","507","199","실제 노출 로그 / 점수·순위는 실험용"
"XEvSnhm7m2K","Qj5hOg14KD","H0742","R0742_1","0.0","508","451","실제 노출 로그 / 점수·순위는 실험용"
"XEyyJcDgwab","Qj5hOg14KD","H0994","R0994_1","0.0","509","703","실제 노출 로그 / 점수·순위는 실험용"
"XEAeBdCBq1b","Qj5hOg14KD","H0182","R0182_1","0.0","510","788","실제 노출 로그 / 점수·순위는 실험용"
"XE1vObRH5Q1","Qj5hOg14KD","H0434","R0434_1","0.0","511","32","실제 노출 로그 / 점수·순위는 실험용"
"XEvvbPbxQXc","Qj5hOg14KD","H0686","R0686_1","0.0","512","284","실제 노출 로그 / 점수·순위는 실험용"
"XELB3n4DDyh","Qj5hOg14KD","H0938","R0938_1","0.0","513","536","실제 노출 로그 / 점수·순위는 실험용"
"XEOjbEDXvi3","Qj5hOg14KD","H0126","R0126_1","0.0","514","620","실제 노출 로그 / 점수·순위는 실험용"
"XEmjddHqBCW","Qj5hOg14KD","H0378","R0378_1","0.0","515","870","실제 노출 로그 / 점수·순위는 실험용"
"XEa8XCsmA6u","Qj5hOg14KD","H0630","R0630_1","0.0","516","116","실제 노출 로그 / 점수·순위는 실험용"
"XEuPCNSQpGa","Qj5hOg14KD","H0882","R0882_1","0.0","517","368","실제 노출 로그 / 점수·순위는 실험용"
"XEZl64AnvJk","Qj5hOg14KD","H0070","R0070_1","0.0","518","452","실제 노출 로그 / 점수·순위는 실험용"
"XErYrmzj46G","Qj5hOg14KD","H0322","R0322_1","0.0","519","704","실제 노출 로그 / 점수·순위는 실험용"
"XElTCjVMiwM","Qj5hOg14KD","H0574","R0574_1","0.0","520","951","실제 노출 로그 / 점수·순위는 실험용"
"XEWmpWOZORv","Qj5hOg14KD","H0826","R0826_1","0.0","521","200","실제 노출 로그 / 점수·순위는 실험용"
"XEKqM1avv8B","Qj5hOg14KD","H0014","R0014_1","0.0","522","285","실제 노출 로그 / 점수·순위는 실험용"
"XEPbR9YWd6W","Qj5hOg14KD","H0266","R0266_1","0.0","523","537","실제 노출 로그 / 점수·순위는 실험용"
"XE2meZbr55b","Qj5hOg14KD","H0518","R0518_1","0.0","524","789","실제 노출 로그 / 점수·순위는 실험용"
"XETC5fQJoEM","Qj5hOg14KD","H0770","R0770_1","0.0","525","33","실제 노출 로그 / 점수·순위는 실험용"
"XEOqM8tWJlk","Qj5hOg14KD","H0210","R0210_1","0.0","526","369","실제 노출 로그 / 점수·순위는 실험용"
"XERGkY7RyAS","Qj5hOg14KD","H0462","R0462_1","0.0","527","621","실제 노출 로그 / 점수·순위는 실험용"
"XEPX32EVLvI","Qj5hOg14KD","H0714","R0714_1","0.0","528","871","실제 노출 로그 / 점수·순위는 실험용"
"XESt4YZ3baK","Qj5hOg14KD","H0966","R0966_1","0.0","529","117","실제 노출 로그 / 점수·순위는 실험용"
"XE0efqVCCnp","Qj5hOg14KD","H0154","R0154_1","0.0","530","201","실제 노출 로그 / 점수·순위는 실험용"
"XECuLWLwyN2","Qj5hOg14KD","H0406","R0406_1","0.0","531","453","실제 노출 로그 / 점수·순위는 실험용"
"XEGQNZMlAby","Qj5hOg14KD","H0658","R0658_1","0.0","532","705","실제 노출 로그 / 점수·순위는 실험용"
"XEzl6t9UizU","Qj5hOg14KD","H0405","R0405_1","0.0","533","430","실제 노출 로그 / 점수·순위는 실험용"
"XElzVaOKzOY","Qj5hOg14KD","H0657","R0657_1","0.0","534","682","실제 노출 로그 / 점수·순위는 실험용"
"XElfhLvaSKO","Qj5hOg14KD","H0909","R0909_1","0.0","535","929","실제 노출 로그 / 점수·순위는 실험용"
"XEFqLmvu2Rr","Qj5hOg14KD","H0097","R0097_1","0.0","536","10","실제 노출 로그 / 점수·순위는 실험용"
"XE8NtGvehV8","Qj5hOg14KD","H0349","R0349_1","0.0","537","262","실제 노출 로그 / 점수·순위는 실험용"
"XEUicoHfoYi","Qj5hOg14KD","H0601","R0601_1","0.0","538","514","실제 노출 로그 / 점수·순위는 실험용"
"XEPVRzyprVR","Qj5hOg14KD","H0853","R0853_1","0.0","539","766","실제 노출 로그 / 점수·순위는 실험용"
"XEK6CO4w83M","Qj5hOg14KD","H0041","R0041_1","0.0","540","849","실제 노출 로그 / 점수·순위는 실험용"
"XEBh0lM6yt3","Qj5hOg14KD","H0293","R0293_1","0.0","541","94","실제 노출 로그 / 점수·순위는 실험용"
"XErHwx8NEr2","Qj5hOg14KD","H0545","R0545_1","0.0","542","346","실제 노출 로그 / 점수·순위는 실험용"
"XEGK30i0RzK","Qj5hOg14KD","H0797","R0797_1","0.0","543","598","실제 노출 로그 / 점수·순위는 실험용"
"XEMg8dkXk53","Qj5hOg14KD","H0237","R0237_1","0.0","544","930","실제 노출 로그 / 점수·순위는 실험용"
"XEy6AgwCrdJ","Qj5hOg14KD","H0489","R0489_1","0.0","545","178","실제 노출 로그 / 점수·순위는 실험용"
"XE24v5D2EO4","Qj5hOg14KD","H0741","R0741_1","0.0","546","431","실제 노출 로그 / 점수·순위는 실험용"
"XEC30Wj7d1u","Qj5hOg14KD","H0993","R0993_1","0.0","547","683","실제 노출 로그 / 점수·순위는 실험용"
"XE1jw5xGz71","Qj5hOg14KD","H0181","R0181_1","0.0","548","767","실제 노출 로그 / 점수·순위는 실험용"
"XEExeKW7giw","Qj5hOg14KD","H0433","R0433_1","0.0","549","11","실제 노출 로그 / 점수·순위는 실험용"
"XEUgg6OfK65","Qj5hOg14KD","H0685","R0685_1","0.0","550","263","실제 노출 로그 / 점수·순위는 실험용"
"XETgzgCGHiJ","Qj5hOg14KD","H0937","R0937_1","0.0","551","515","실제 노출 로그 / 점수·순위는 실험용"
"XERCPOpNBJV","Qj5hOg14KD","H0125","R0125_1","0.0","552","599","실제 노출 로그 / 점수·순위는 실험용"
"XEeq8vrtzrO","Qj5hOg14KD","H0377","R0377_1","0.0","553","850","실제 노출 로그 / 점수·순위는 실험용"
"XEtZd9Ww62Q","Qj5hOg14KD","H0629","R0629_1","0.0","554","95","실제 노출 로그 / 점수·순위는 실험용"
"XEaOi8S2w2W","Qj5hOg14KD","H0881","R0881_1","0.0","555","347","실제 노출 로그 / 점수·순위는 실험용"
"XEenXkOsUaQ","Qj5hOg14KD","H0069","R0069_1","0.0","556","432","실제 노출 로그 / 점수·순위는 실험용"
"XEMSG9u5hrf","Qj5hOg14KD","H0321","R0321_1","0.0","557","684","실제 노출 로그 / 점수·순위는 실험용"
"XEIAxDjO2OO","Qj5hOg14KD","H0573","R0573_1","0.0","558","931","실제 노출 로그 / 점수·순위는 실험용"
"XEgy9iYewNa","Qj5hOg14KD","H0825","R0825_1","0.0","559","179","실제 노출 로그 / 점수·순위는 실험용"
"XE2LDSpYESf","Qj5hOg14KD","H0013","R0013_1","0.0","560","264","실제 노출 로그 / 점수·순위는 실험용"
"XEBjBAx1oRW","Qj5hOg14KD","H0265","R0265_1","0.0","561","516","실제 노출 로그 / 점수·순위는 실험용"
"XE9DkmHenA9","Qj5hOg14KD","H0517","R0517_1","0.0","562","768","실제 노출 로그 / 점수·순위는 실험용"
"XEas7p6Efmz","Qj5hOg14KD","H0769","R0769_1","0.0","563","12","실제 노출 로그 / 점수·순위는 실험용"
"XEP6tikQ6pR","Qj5hOg14KD","H0209","R0209_1","0.0","564","348","실제 노출 로그 / 점수·순위는 실험용"
"XEK82DJe0eV","Qj5hOg14KD","H0461","R0461_1","0.0","565","600","실제 노출 로그 / 점수·순위는 실험용"
"XEue7PZ6hbt","Qj5hOg14KD","H0713","R0713_1","0.0","566","851","실제 노출 로그 / 점수·순위는 실험용"
"XEAqUQBAUy0","Qj5hOg14KD","H0965","R0965_1","0.0","567","96","실제 노출 로그 / 점수·순위는 실험용"
"XE2he3mvj5W","Qj5hOg14KD","H0153","R0153_1","0.0","568","180","실제 노출 로그 / 점수·순위는 실험용"
"XE4wiildza5","Qj5hOg14KD","H0152","R0152_1","0.0","569","160","실제 노출 로그 / 점수·순위는 실험용"
"XEynfvF0ZFY","Qj5hOg14KD","H0404","R0404_1","0.0","570","412","실제 노출 로그 / 점수·순위는 실험용"
"XEEmo1GO1rz","Qj5hOg14KD","H0656","R0656_1","0.0","571","664","실제 노출 로그 / 점수·순위는 실험용"
"XE1rTBL5QL2","Qj5hOg14KD","H0908","R0908_1","0.0","572","912","실제 노출 로그 / 점수·순위는 실험용"
"XEq8vZ675vJ","Qj5hOg14KD","H0096","R0096_1","0.0","573","992","실제 노출 로그 / 점수·순위는 실험용"
"XEpDBJOyoiU","Qj5hOg14KD","H0348","R0348_1","0.0","574","244","실제 노출 로그 / 점수·순위는 실험용"
"XECmDSbXcxC","Qj5hOg14KD","H0600","R0600_1","0.0","575","496","실제 노출 로그 / 점수·순위는 실험용"
"XEtgY1zD52z","Qj5hOg14KD","H0852","R0852_1","0.0","576","748","실제 노출 로그 / 점수·순위는 실험용"
"XEyZyEo5vQu","Qj5hOg14KD","H0040","R0040_1","0.0","577","832","실제 노출 로그 / 점수·순위는 실험용"
"XEguJf63gdG","Qj5hOg14KD","H0292","R0292_1","0.0","578","76","실제 노출 로그 / 점수·순위는 실험용"
"XEQXYhWPlFh","Qj5hOg14KD","H0544","R0544_1","0.0","579","328","실제 노출 로그 / 점수·순위는 실험용"
"XEVuFL6Ss4n","Qj5hOg14KD","H0796","R0796_1","0.0","580","580","실제 노출 로그 / 점수·순위는 실험용"
"XEpgb2LlBnY","Qj5hOg14KD","H0236","R0236_1","0.0","581","913","실제 노출 로그 / 점수·순위는 실험용"
"XEDRgthkw04","Qj5hOg14KD","H0488","R0488_1","0.0","582","161","실제 노출 로그 / 점수·순위는 실험용"
"XEOJg9vA9US","Qj5hOg14KD","H0740","R0740_1","0.0","583","413","실제 노출 로그 / 점수·순위는 실험용"
"XExJ70k2J0U","Qj5hOg14KD","H0992","R0992_1","0.0","584","665","실제 노출 로그 / 점수·순위는 실험용"
"XEnVAaXXCHG","Qj5hOg14KD","H0180","R0180_1","0.0","585","749","실제 노출 로그 / 점수·순위는 실험용"
"XE63hAo6J3e","Qj5hOg14KD","H0432","R0432_1","0.0","586","993","실제 노출 로그 / 점수·순위는 실험용"
"XEUf63rg8e0","Qj5hOg14KD","H0684","R0684_1","0.0","587","245","실제 노출 로그 / 점수·순위는 실험용"
"XE1khqXmRp2","Qj5hOg14KD","H0936","R0936_1","0.0","588","497","실제 노출 로그 / 점수·순위는 실험용"
"XEYAEOtJApE","Qj5hOg14KD","H0124","R0124_1","0.0","589","581","실제 노출 로그 / 점수·순위는 실험용"
"XEfDkxQzWaf","Qj5hOg14KD","H0376","R0376_1","0.0","590","833","실제 노출 로그 / 점수·순위는 실험용"
"XEsGNgKRXv4","Qj5hOg14KD","H0628","R0628_1","0.0","591","77","실제 노출 로그 / 점수·순위는 실험용"
"XEOnJ1nUIpj","Qj5hOg14KD","H0880","R0880_1","0.0","592","329","실제 노출 로그 / 점수·순위는 실험용"
"XEvs5c8S6q6","Qj5hOg14KD","H0068","R0068_1","0.0","593","414","실제 노출 로그 / 점수·순위는 실험용"
"XESPLrdPnjS","Qj5hOg14KD","H0320","R0320_1","0.0","594","666","실제 노출 로그 / 점수·순위는 실험용"
"XEWfrJaDgEj","Qj5hOg14KD","H0572","R0572_1","0.0","595","914","실제 노출 로그 / 점수·순위는 실험용"
"XE4ZgaEBKoH","Qj5hOg14KD","H0824","R0824_1","0.0","596","162","실제 노출 로그 / 점수·순위는 실험용"
"XE2kavT7rfh","Qj5hOg14KD","H0012","R0012_1","0.0","597","246","실제 노출 로그 / 점수·순위는 실험용"
"XEaSxEKmgBx","Qj5hOg14KD","H0264","R0264_1","0.0","598","498","실제 노출 로그 / 점수·순위는 실험용"
"XE1RP0YJRak","Qj5hOg14KD","H0516","R0516_1","0.0","599","750","실제 노출 로그 / 점수·순위는 실험용"
"XEN3YFXzq6Q","Qj5hOg14KD","H0768","R0768_1","0.0","600","994","실제 노출 로그 / 점수·순위는 실험용"
"XE7t6Dwdrnn","Qj5hOg14KD","H0208","R0208_1","0.0","601","330","실제 노출 로그 / 점수·순위는 실험용"
"XERURGZDXHw","Qj5hOg14KD","H0460","R0460_1","0.0","602","582","실제 노출 로그 / 점수·순위는 실험용"
"XEJbPRhv7hp","Qj5hOg14KD","H0712","R0712_1","0.0","603","834","실제 노출 로그 / 점수·순위는 실험용"
"XEEvgoj5rUY","Qj5hOg14KD","H0964","R0964_1","0.0","604","78","실제 노출 로그 / 점수·순위는 실험용"
"XEWfi6AvFgp","Qj5hOg14KD","H0151","R0151_1","0.0","605","139","실제 노출 로그 / 점수·순위는 실험용"
"XEyBmJVCaaB","Qj5hOg14KD","H0403","R0403_1","0.0","606","391","실제 노출 로그 / 점수·순위는 실험용"
"XEL2KdkcPjq","Qj5hOg14KD","H0655","R0655_1","0.0","607","643","실제 노출 로그 / 점수·순위는 실험용"
"XEzC1fJY0t1","Qj5hOg14KD","H0907","R0907_1","0.0","608","892","실제 노출 로그 / 점수·순위는 실험용"
"XEey5zZi6lT","Qj5hOg14KD","H0095","R0095_1","0.0","609","972","실제 노출 로그 / 점수·순위는 실험용"
"XEoqFsiUQxv","Qj5hOg14KD","H0347","R0347_1","0.0","610","223","실제 노출 로그 / 점수·순위는 실험용"
"XETP3LkpLwn","Qj5hOg14KD","H0599","R0599_1","0.0","611","475","실제 노출 로그 / 점수·순위는 실험용"
"XE4iuIacmRz","Qj5hOg14KD","H0851","R0851_1","0.0","612","727","실제 노출 로그 / 점수·순위는 실험용"
"XE0ZVff80Df","Qj5hOg14KD","H0039","R0039_1","0.0","613","811","실제 노출 로그 / 점수·순위는 실험용"
"XESKeh4OWt3","Qj5hOg14KD","H0291","R0291_1","0.0","614","55","실제 노출 로그 / 점수·순위는 실험용"
"XEsg04KKsOt","Qj5hOg14KD","H0543","R0543_1","0.0","615","307","실제 노출 로그 / 점수·순위는 실험용"
"XEkHJXmtmsu","Qj5hOg14KD","H0795","R0795_1","0.0","616","559","실제 노출 로그 / 점수·순위는 실험용"
"XEODiITnfPv","Qj5hOg14KD","H0235","R0235_1","0.0","617","893","실제 노출 로그 / 점수·순위는 실험용"
"XEDTFFXKsYw","Qj5hOg14KD","H0487","R0487_1","0.0","618","140","실제 노출 로그 / 점수·순위는 실험용"
"XEAffpJ1YqG","Qj5hOg14KD","H0739","R0739_1","0.0","619","392","실제 노출 로그 / 점수·순위는 실험용"
"XE4Ti7KmnD6","Qj5hOg14KD","H0991","R0991_1","0.0","620","644","실제 노출 로그 / 점수·순위는 실험용"
"XEDW0bsPS1a","Qj5hOg14KD","H0179","R0179_1","0.0","621","728","실제 노출 로그 / 점수·순위는 실험용"
"XEKZWwShSXK","Qj5hOg14KD","H0431","R0431_1","0.0","622","973","실제 노출 로그 / 점수·순위는 실험용"
"XE6L2HKFu0c","Qj5hOg14KD","H0683","R0683_1","0.0","623","224","실제 노출 로그 / 점수·순위는 실험용"
"XEtSkcRl1ty","Qj5hOg14KD","H0935","R0935_1","0.0","624","476","실제 노출 로그 / 점수·순위는 실험용"
"XEycIpgU9u7","Qj5hOg14KD","H0123","R0123_1","0.0","625","560","실제 노출 로그 / 점수·순위는 실험용"
"XEVc99pMDGI","Qj5hOg14KD","H0375","R0375_1","0.0","626","812","실제 노출 로그 / 점수·순위는 실험용"
"XEFSZKtHjNi","Qj5hOg14KD","H0627","R0627_1","0.0","627","56","실제 노출 로그 / 점수·순위는 실험용"
"XEELN53nDaB","Qj5hOg14KD","H0879","R0879_1","0.0","628","308","실제 노출 로그 / 점수·순위는 실험용"
"XE5HkunR5TW","Qj5hOg14KD","H0067","R0067_1","0.0","629","393","실제 노출 로그 / 점수·순위는 실험용"
"XEI3FMSYZ6g","Qj5hOg14KD","H0319","R0319_1","0.0","630","645","실제 노출 로그 / 점수·순위는 실험용"
"XE2JqEpUYcx","Qj5hOg14KD","H0571","R0571_1","0.0","631","894","실제 노출 로그 / 점수·순위는 실험용"
"XE5f2PNTauJ","Qj5hOg14KD","H0823","R0823_1","0.0","632","141","실제 노출 로그 / 점수·순위는 실험용"
"XExsHvD1GnX","Qj5hOg14KD","H0011","R0011_1","0.0","633","225","실제 노출 로그 / 점수·순위는 실험용"
"XE1sDlHg204","Qj5hOg14KD","H0263","R0263_1","0.0","634","477","실제 노출 로그 / 점수·순위는 실험용"
"XES04ynw0ZL","Qj5hOg14KD","H0515","R0515_1","0.0","635","729","실제 노출 로그 / 점수·순위는 실험용"
"XESkVfrovgg","Qj5hOg14KD","H0767","R0767_1","0.0","636","974","실제 노출 로그 / 점수·순위는 실험용"
"XEEKHuzxSbI","Qj5hOg14KD","H0207","R0207_1","0.0","637","309","실제 노출 로그 / 점수·순위는 실험용"
"XEdcnr44EhA","Qj5hOg14KD","H0459","R0459_1","0.0","638","561","실제 노출 로그 / 점수·순위는 실험용"
"XETR3l6CbUq","Qj5hOg14KD","H0711","R0711_1","0.0","639","813","실제 노출 로그 / 점수·순위는 실험용"
"XEfV4U8Q2cG","Qj5hOg14KD","H0963","R0963_1","0.0","640","57","실제 노출 로그 / 점수·순위는 실험용"
"XEidqlvMQg5","Qj5hOg14KD","H0150","R0150_1","0.0","641","118","실제 노출 로그 / 점수·순위는 실험용"
"XE8Kwe1mpic","Qj5hOg14KD","H0402","R0402_1","0.0","642","370","실제 노출 로그 / 점수·순위는 실험용"
"XEYdYN9aVmR","Qj5hOg14KD","H0654","R0654_1","0.0","643","622","실제 노출 로그 / 점수·순위는 실험용"
"XEYVSHDMomb","Qj5hOg14KD","H0906","R0906_1","0.0","644","872","실제 노출 로그 / 점수·순위는 실험용"
"XEECAczixFB","Qj5hOg14KD","H0094","R0094_1","0.0","645","952","실제 노출 로그 / 점수·순위는 실험용"
"XESh7PbQQNT","Qj5hOg14KD","H0346","R0346_1","0.0","646","202","실제 노출 로그 / 점수·순위는 실험용"
"XErLmVLm9UQ","Qj5hOg14KD","H0598","R0598_1","0.0","647","454","실제 노출 로그 / 점수·순위는 실험용"
"XErtl1Ebdgl","Qj5hOg14KD","H0850","R0850_1","0.0","648","706","실제 노출 로그 / 점수·순위는 실험용"
"XEuJz3MS3vQ","Qj5hOg14KD","H0038","R0038_1","0.0","649","790","실제 노출 로그 / 점수·순위는 실험용"
"XErtPitHPDy","Qj5hOg14KD","H0290","R0290_1","0.0","650","34","실제 노출 로그 / 점수·순위는 실험용"
"XEwGWxBzXvw","Qj5hOg14KD","H0542","R0542_1","0.0","651","286","실제 노출 로그 / 점수·순위는 실험용"
"XEiGjf64ush","Qj5hOg14KD","H0794","R0794_1","0.0","652","538","실제 노출 로그 / 점수·순위는 실험용"
"XER0qX3fgGa","Qj5hOg14KD","H0234","R0234_1","0.0","653","873","실제 노출 로그 / 점수·순위는 실험용"
"XExWYQ08As9","Qj5hOg14KD","H0486","R0486_1","0.0","654","119","실제 노출 로그 / 점수·순위는 실험용"
"XEDCr2rANgM","Qj5hOg14KD","H0738","R0738_1","0.0","655","371","실제 노출 로그 / 점수·순위는 실험용"
"XEyZlljfo0a","Qj5hOg14KD","H0990","R0990_1","0.0","656","623","실제 노출 로그 / 점수·순위는 실험용"
"XEfJA5kx5r4","Qj5hOg14KD","H0178","R0178_1","0.0","657","707","실제 노출 로그 / 점수·순위는 실험용"
"XEhKQx9hiV0","Qj5hOg14KD","H0430","R0430_1","0.0","658","953","실제 노출 로그 / 점수·순위는 실험용"
"XEro8eta5n9","Qj5hOg14KD","H0682","R0682_1","0.0","659","203","실제 노출 로그 / 점수·순위는 실험용"
"XEAMf3Epg2W","Qj5hOg14KD","H0934","R0934_1","0.0","660","455","실제 노출 로그 / 점수·순위는 실험용"
"XEj82QDbIQa","Qj5hOg14KD","H0122","R0122_1","0.0","661","539","실제 노출 로그 / 점수·순위는 실험용"
"XEu1NeWNwlO","Qj5hOg14KD","H0374","R0374_1","0.0","662","791","실제 노출 로그 / 점수·순위는 실험용"
"XEG9X51WipE","Qj5hOg14KD","H0626","R0626_1","0.0","663","35","실제 노출 로그 / 점수·순위는 실험용"
"XErZ73DHzTt","Qj5hOg14KD","H0878","R0878_1","0.0","664","287","실제 노출 로그 / 점수·순위는 실험용"
"XE5xeq1CWjT","Qj5hOg14KD","H0066","R0066_1","0.0","665","372","실제 노출 로그 / 점수·순위는 실험용"
"XEIODsmzD0G","Qj5hOg14KD","H0318","R0318_1","0.0","666","624","실제 노출 로그 / 점수·순위는 실험용"
"XEQeDqCvAdR","Qj5hOg14KD","H0570","R0570_1","0.0","667","874","실제 노출 로그 / 점수·순위는 실험용"
"XEBIOJCD9a3","Qj5hOg14KD","H0822","R0822_1","0.0","668","120","실제 노출 로그 / 점수·순위는 실험용"
"XEfsOShbMyy","Qj5hOg14KD","H0010","R0010_1","0.0","669","204","실제 노출 로그 / 점수·순위는 실험용"
"XEff4PW4n3G","Qj5hOg14KD","H0262","R0262_1","0.0","670","456","실제 노출 로그 / 점수·순위는 실험용"
"XE5TxWScE4s","Qj5hOg14KD","H0514","R0514_1","0.0","671","708","실제 노출 로그 / 점수·순위는 실험용"
"XEn64gflN67","Qj5hOg14KD","H0766","R0766_1","0.0","672","954","실제 노출 로그 / 점수·순위는 실험용"
"XEJCGmFW7mk","Qj5hOg14KD","H0206","R0206_1","0.0","673","288","실제 노출 로그 / 점수·순위는 실험용"
"XE1um23NtGj","Qj5hOg14KD","H0458","R0458_1","0.0","674","540","실제 노출 로그 / 점수·순위는 실험용"
"XEsnX10Mi4L","Qj5hOg14KD","H0710","R0710_1","0.0","675","792","실제 노출 로그 / 점수·순위는 실험용"
"XE1dGLpkWzF","Qj5hOg14KD","H0962","R0962_1","0.0","676","36","실제 노출 로그 / 점수·순위는 실험용"
"XEZ1tsJGcsK","Qj5hOg14KD","H0149","R0149_1","0.0","677","97","실제 노출 로그 / 점수·순위는 실험용"
"XEFZtNV8BQM","Qj5hOg14KD","H0401","R0401_1","0.0","678","349","실제 노출 로그 / 점수·순위는 실험용"
"XEYdIJTgL4N","Qj5hOg14KD","H0653","R0653_1","0.0","679","601","실제 노출 로그 / 점수·순위는 실험용"
"XE3CjAZMOZ0","Qj5hOg14KD","H0905","R0905_1","0.0","680","852","실제 노출 로그 / 점수·순위는 실험용"
"XET9rIVbK9s","Qj5hOg14KD","H0093","R0093_1","0.0","681","932","실제 노출 로그 / 점수·순위는 실험용"
"XEpU26W4cBH","Qj5hOg14KD","H0345","R0345_1","0.0","682","181","실제 노출 로그 / 점수·순위는 실험용"
"XENZUYysmwl","Qj5hOg14KD","H0597","R0597_1","0.0","683","433","실제 노출 로그 / 점수·순위는 실험용"
"XEmMmLrhZNp","Qj5hOg14KD","H0849","R0849_1","0.0","684","685","실제 노출 로그 / 점수·순위는 실험용"
"XEKvORDJAcm","Qj5hOg14KD","H0037","R0037_1","0.0","685","769","실제 노출 로그 / 점수·순위는 실험용"
"XEnpBOQRjdN","Qj5hOg14KD","H0289","R0289_1","0.0","686","13","실제 노출 로그 / 점수·순위는 실험용"
"XE2Ow39uEb7","Qj5hOg14KD","H0541","R0541_1","0.0","687","265","실제 노출 로그 / 점수·순위는 실험용"
"XEvjHNvDoj5","Qj5hOg14KD","H0793","R0793_1","0.0","688","517","실제 노출 로그 / 점수·순위는 실험용"
"XEWIqmbAky5","Qj5hOg14KD","H0233","R0233_1","0.0","689","853","실제 노출 로그 / 점수·순위는 실험용"
"XEdHf43KPer","Qj5hOg14KD","H0485","R0485_1","0.0","690","98","실제 노출 로그 / 점수·순위는 실험용"
"XEP18otAz0l","Qj5hOg14KD","H0737","R0737_1","0.0","691","350","실제 노출 로그 / 점수·순위는 실험용"
"XEmUT7cHcMD","Qj5hOg14KD","H0989","R0989_1","0.0","692","602","실제 노출 로그 / 점수·순위는 실험용"
"XEROoRitf2S","Qj5hOg14KD","H0177","R0177_1","0.0","693","686","실제 노출 로그 / 점수·순위는 실험용"
"XES4PA04zWd","Qj5hOg14KD","H0429","R0429_1","0.0","694","933","실제 노출 로그 / 점수·순위는 실험용"
"XEWyJt0U6dD","Qj5hOg14KD","H0681","R0681_1","0.0","695","182","실제 노출 로그 / 점수·순위는 실험용"
"XEclcHSuHcJ","Qj5hOg14KD","H0933","R0933_1","0.0","696","434","실제 노출 로그 / 점수·순위는 실험용"
"XExr22vZyC1","Qj5hOg14KD","H0121","R0121_1","0.0","697","518","실제 노출 로그 / 점수·순위는 실험용"
"XEKbAXzOFn1","Qj5hOg14KD","H0373","R0373_1","0.0","698","770","실제 노출 로그 / 점수·순위는 실험용"
"XEjljQcdnGq","Qj5hOg14KD","H0625","R0625_1","0.0","699","14","실제 노출 로그 / 점수·순위는 실험용"
"XEixsDH8CeV","Qj5hOg14KD","H0877","R0877_1","0.0","700","266","실제 노출 로그 / 점수·순위는 실험용"
"XEiQ5Tat1jn","Qj5hOg14KD","H0065","R0065_1","0.0","701","351","실제 노출 로그 / 점수·순위는 실험용"
"XEHm0NTco7g","Qj5hOg14KD","H0317","R0317_1","0.0","702","603","실제 노출 로그 / 점수·순위는 실험용"
"XEMRXhqkJ1x","Qj5hOg14KD","H0569","R0569_1","0.0","703","854","실제 노출 로그 / 점수·순위는 실험용"
"XEBmqoY6033","Qj5hOg14KD","H0821","R0821_1","0.0","704","99","실제 노출 로그 / 점수·순위는 실험용"
"XEnNnvm0dcY","Qj5hOg14KD","H0009","R0009_1","0.0","705","183","실제 노출 로그 / 점수·순위는 실험용"
"XE3u3sxbXW3","Qj5hOg14KD","H0261","R0261_1","0.0","706","435","실제 노출 로그 / 점수·순위는 실험용"
"XEnqAZ728HM","Qj5hOg14KD","H0513","R0513_1","0.0","707","687","실제 노출 로그 / 점수·순위는 실험용"
"XE6G7JdbyBB","Qj5hOg14KD","H0765","R0765_1","0.0","708","934","실제 노출 로그 / 점수·순위는 실험용"
"XEw8PDNB2hG","Qj5hOg14KD","H0205","R0205_1","0.0","709","267","실제 노출 로그 / 점수·순위는 실험용"
"XEW1ixz8t59","Qj5hOg14KD","H0457","R0457_1","0.0","710","519","실제 노출 로그 / 점수·순위는 실험용"
"XEU0jK5aY3O","Qj5hOg14KD","H0709","R0709_1","0.0","711","771","실제 노출 로그 / 점수·순위는 실험용"
"XEIdFkMJ19g","Qj5hOg14KD","H0961","R0961_1","0.0","712","15","실제 노출 로그 / 점수·순위는 실험용"
"XEDhp55q17D","Qj5hOg14KD","H0708","R0708_1","0.0","713","751","실제 노출 로그 / 점수·순위는 실험용"
"XEt60TEOa4D","Qj5hOg14KD","H0960","R0960_1","0.0","714","995","실제 노출 로그 / 점수·순위는 실험용"
"XE4FcE17E6z","Qj5hOg14KD","H0148","R0148_1","0.0","715","79","실제 노출 로그 / 점수·순위는 실험용"
"XEFrMXaKtFd","Qj5hOg14KD","H0400","R0400_1","0.0","716","331","실제 노출 로그 / 점수·순위는 실험용"
"XE5vn0GgTXL","Qj5hOg14KD","H0652","R0652_1","0.0","717","583","실제 노출 로그 / 점수·순위는 실험용"
"XENSVBbUQJc","Qj5hOg14KD","H0904","R0904_1","0.0","718","835","실제 노출 로그 / 점수·순위는 실험용"
"XELHMTxEqpf","Qj5hOg14KD","H0092","R0092_1","0.0","719","915","실제 노출 로그 / 점수·순위는 실험용"
"XEiXmzxEUvx","Qj5hOg14KD","H0344","R0344_1","0.0","720","163","실제 노출 로그 / 점수·순위는 실험용"
"XE7cXuMV6oj","Qj5hOg14KD","H0596","R0596_1","0.0","721","415","실제 노출 로그 / 점수·순위는 실험용"
"XE3JSQ3vrg4","Qj5hOg14KD","H0848","R0848_1","0.0","722","667","실제 노출 로그 / 점수·순위는 실험용"
"XEH4HSEybOL","Qj5hOg14KD","H0036","R0036_1","0.0","723","752","실제 노출 로그 / 점수·순위는 실험용"
"XEqs1PWfmgE","Qj5hOg14KD","H0288","R0288_1","0.0","724","996","실제 노출 로그 / 점수·순위는 실험용"
"XENwNh1TUfk","Qj5hOg14KD","H0540","R0540_1","0.0","725","247","실제 노출 로그 / 점수·순위는 실험용"
"XEjDhH9h1yd","Qj5hOg14KD","H0792","R0792_1","0.0","726","499","실제 노출 로그 / 점수·순위는 실험용"
"XEOLlZwg3gt","Qj5hOg14KD","H0232","R0232_1","0.0","727","836","실제 노출 로그 / 점수·순위는 실험용"
"XEurlNnxjYX","Qj5hOg14KD","H0484","R0484_1","0.0","728","80","실제 노출 로그 / 점수·순위는 실험용"
"XERWjyxir7H","Qj5hOg14KD","H0736","R0736_1","0.0","729","332","실제 노출 로그 / 점수·순위는 실험용"
"XEZ221Zqx0b","Qj5hOg14KD","H0988","R0988_1","0.0","730","584","실제 노출 로그 / 점수·순위는 실험용"
"XE3j2YzRmli","Qj5hOg14KD","H0176","R0176_1","0.0","731","668","실제 노출 로그 / 점수·순위는 실험용"
"XEpRyE74H2y","Qj5hOg14KD","H0428","R0428_1","0.0","732","916","실제 노출 로그 / 점수·순위는 실험용"
"XErurZx6eSQ","Qj5hOg14KD","H0680","R0680_1","0.0","733","164","실제 노출 로그 / 점수·순위는 실험용"
"XEOY7l923ST","Qj5hOg14KD","H0932","R0932_1","0.0","734","416","실제 노출 로그 / 점수·순위는 실험용"
"XE3qwhm7Un5","Qj5hOg14KD","H0120","R0120_1","0.0","735","500","실제 노출 로그 / 점수·순위는 실험용"
"XEg9RIAF0l5","Qj5hOg14KD","H0372","R0372_1","0.0","736","753","실제 노출 로그 / 점수·순위는 실험용"
"XE8tXodQNvg","Qj5hOg14KD","H0624","R0624_1","0.0","737","997","실제 노출 로그 / 점수·순위는 실험용"
"XEV0aEDyLZA","Qj5hOg14KD","H0876","R0876_1","0.0","738","248","실제 노출 로그 / 점수·순위는 실험용"
"XEVTQmMYT1I","Qj5hOg14KD","H0064","R0064_1","0.0","739","333","실제 노출 로그 / 점수·순위는 실험용"
"XEZIBGVt3nP","Qj5hOg14KD","H0316","R0316_1","0.0","740","585","실제 노출 로그 / 점수·순위는 실험용"
"XEC3SZkcF8W","Qj5hOg14KD","H0568","R0568_1","0.0","741","837","실제 노출 로그 / 점수·순위는 실험용"
"XEGHeMM7Axb","Qj5hOg14KD","H0820","R0820_1","0.0","742","81","실제 노출 로그 / 점수·순위는 실험용"
"XER0Y4rc2L7","Qj5hOg14KD","H0008","R0008_1","0.0","743","165","실제 노출 로그 / 점수·순위는 실험용"
"XEn6nMJUpyd","Qj5hOg14KD","H0260","R0260_1","0.0","744","417","실제 노출 로그 / 점수·순위는 실험용"
"XE5fMTWfjd2","Qj5hOg14KD","H0512","R0512_1","0.0","745","669","실제 노출 로그 / 점수·순위는 실험용"
"XES4XKf28Mg","Qj5hOg14KD","H0764","R0764_1","0.0","746","917","실제 노출 로그 / 점수·순위는 실험용"
"XEx1IcCtzwM","Qj5hOg14KD","H0204","R0204_1","0.0","747","249","실제 노출 로그 / 점수·순위는 실험용"
"XEjGoO5wIiH","Qj5hOg14KD","H0456","R0456_1","0.0","748","501","실제 노출 로그 / 점수·순위는 실험용"
"XExv7scQoKT","Qj5hOg14KD","H0203","R0203_1","0.0","749","226","실제 노출 로그 / 점수·순위는 실험용"
"XEAr7Su6cum","Qj5hOg14KD","H0455","R0455_1","0.0","750","478","실제 노출 로그 / 점수·순위는 실험용"
"XE4txSfeSF4","Qj5hOg14KD","H0707","R0707_1","0.0","751","730","실제 노출 로그 / 점수·순위는 실험용"
"XEIFPgkghKp","Qj5hOg14KD","H0959","R0959_1","0.0","752","975","실제 노출 로그 / 점수·순위는 실험용"
"XEL5BwV4Kkn","Qj5hOg14KD","H0147","R0147_1","0.0","753","58","실제 노출 로그 / 점수·순위는 실험용"
"XEx3rz1bD30","Qj5hOg14KD","H0399","R0399_1","0.0","754","310","실제 노출 로그 / 점수·순위는 실험용"
"XEzC8K1FRop","Qj5hOg14KD","H0651","R0651_1","0.0","755","562","실제 노출 로그 / 점수·순위는 실험용"
"XE2jmrrXOI2","Qj5hOg14KD","H0903","R0903_1","0.0","756","814","실제 노출 로그 / 점수·순위는 실험용"
"XERhSCBSDfp","Qj5hOg14KD","H0091","R0091_1","0.0","757","895","실제 노출 로그 / 점수·순위는 실험용"
"XEyRJhpL3Fu","Qj5hOg14KD","H0343","R0343_1","0.0","758","142","실제 노출 로그 / 점수·순위는 실험용"
"XEqbc0R3wmT","Qj5hOg14KD","H0595","R0595_1","0.0","759","394","실제 노출 로그 / 점수·순위는 실험용"
"XEoz7N50V57","Qj5hOg14KD","H0847","R0847_1","0.0","760","646","실제 노출 로그 / 점수·순위는 실험용"
"XErO1FD0S9P","Qj5hOg14KD","H0035","R0035_1","0.0","761","731","실제 노출 로그 / 점수·순위는 실험용"
"XEd97H4Omnd","Qj5hOg14KD","H0287","R0287_1","0.0","762","976","실제 노출 로그 / 점수·순위는 실험용"
"XEFvKWk50aQ","Qj5hOg14KD","H0539","R0539_1","0.0","763","227","실제 노출 로그 / 점수·순위는 실험용"
"XEMax5Hs0H2","Qj5hOg14KD","H0791","R0791_1","0.0","764","479","실제 노출 로그 / 점수·순위는 실험용"
"XEgysV2UFZx","Qj5hOg14KD","H0231","R0231_1","0.0","765","815","실제 노출 로그 / 점수·순위는 실험용"
"XE8XJ6tLiez","Qj5hOg14KD","H0483","R0483_1","0.0","766","59","실제 노출 로그 / 점수·순위는 실험용"
"XE40q8RlDuM","Qj5hOg14KD","H0735","R0735_1","0.0","767","311","실제 노출 로그 / 점수·순위는 실험용"
"XE49C01lD7Q","Qj5hOg14KD","H0987","R0987_1","0.0","768","563","실제 노출 로그 / 점수·순위는 실험용"
"XE9P06G9BDr","Qj5hOg14KD","H0175","R0175_1","0.0","769","647","실제 노출 로그 / 점수·순위는 실험용"
"XEhQmmctz8J","Qj5hOg14KD","H0427","R0427_1","0.0","770","896","실제 노출 로그 / 점수·순위는 실험용"
"XErbJkQjIdO","Qj5hOg14KD","H0679","R0679_1","0.0","771","143","실제 노출 로그 / 점수·순위는 실험용"
"XEmjebpHk3e","Qj5hOg14KD","H0931","R0931_1","0.0","772","395","실제 노출 로그 / 점수·순위는 실험용"
"XE8LBN1njd6","Qj5hOg14KD","H0119","R0119_1","0.0","773","480","실제 노출 로그 / 점수·순위는 실험용"
"XEUPzk1iTYM","Qj5hOg14KD","H0371","R0371_1","0.0","774","732","실제 노출 로그 / 점수·순위는 실험용"
"XESjOZfmg2O","Qj5hOg14KD","H0623","R0623_1","0.0","775","977","실제 노출 로그 / 점수·순위는 실험용"
"XEe4kFg4dX9","Qj5hOg14KD","H0875","R0875_1","0.0","776","228","실제 노출 로그 / 점수·순위는 실험용"
"XEBBbfiPWwI","Qj5hOg14KD","H0063","R0063_1","0.0","777","312","실제 노출 로그 / 점수·순위는 실험용"
"XEVJilLCPx6","Qj5hOg14KD","H0315","R0315_1","0.0","778","564","실제 노출 로그 / 점수·순위는 실험용"
"XE2Cm2SSJzH","Qj5hOg14KD","H0567","R0567_1","0.0","779","816","실제 노출 로그 / 점수·순위는 실험용"
"XEc70TgXyxE","Qj5hOg14KD","H0819","R0819_1","0.0","780","60","실제 노출 로그 / 점수·순위는 실험용"
"XEybuFxpEwJ","Qj5hOg14KD","H0007","R0007_1","0.0","781","144","실제 노출 로그 / 점수·순위는 실험용"
"XEAZy9nvfva","Qj5hOg14KD","H0259","R0259_1","0.0","782","396","실제 노출 로그 / 점수·순위는 실험용"
"XErFnAzPFkE","Qj5hOg14KD","H0511","R0511_1","0.0","783","648","실제 노출 로그 / 점수·순위는 실험용"
"XEgV5we538g","Qj5hOg14KD","H0763","R0763_1","0.0","784","897","실제 노출 로그 / 점수·순위는 실험용"
"XEJ99ThpmJS","Qj5hOg14KD","H0202","R0202_1","0.0","785","205","실제 노출 로그 / 점수·순위는 실험용"
"XEAYVgMy1vy","Qj5hOg14KD","H0454","R0454_1","0.0","786","457","실제 노출 로그 / 점수·순위는 실험용"
"XEgL61dPGwC","Qj5hOg14KD","H0706","R0706_1","0.0","787","709","실제 노출 로그 / 점수·순위는 실험용"
"XEFivAlY7bI","Qj5hOg14KD","H0958","R0958_1","0.0","788","955","실제 노출 로그 / 점수·순위는 실험용"
"XEiGksNcEd6","Qj5hOg14KD","H0146","R0146_1","0.0","789","37","실제 노출 로그 / 점수·순위는 실험용"
"XExh4LDjYnR","Qj5hOg14KD","H0398","R0398_1","0.0","790","289","실제 노출 로그 / 점수·순위는 실험용"
"XES8pb8mm5w","Qj5hOg14KD","H0650","R0650_1","0.0","791","541","실제 노출 로그 / 점수·순위는 실험용"
"XEYSQh8OLVW","Qj5hOg14KD","H0902","R0902_1","0.0","792","793","실제 노출 로그 / 점수·순위는 실험용"
"XEXz60KpG8H","Qj5hOg14KD","H0090","R0090_1","0.0","793","875","실제 노출 로그 / 점수·순위는 실험용"
"XEVYpLPIZfS","Qj5hOg14KD","H0342","R0342_1","0.0","794","121","실제 노출 로그 / 점수·순위는 실험용"
"XEU0Guo5i1k","Qj5hOg14KD","H0594","R0594_1","0.0","795","373","실제 노출 로그 / 점수·순위는 실험용"
"XEakjyctZtt","Qj5hOg14KD","H0846","R0846_1","0.0","796","625","실제 노출 로그 / 점수·순위는 실험용"
"XErXesUupvp","Qj5hOg14KD","H0034","R0034_1","0.0","797","710","실제 노출 로그 / 점수·순위는 실험용"
"XEDxaoQ9IU9","Qj5hOg14KD","H0286","R0286_1","0.0","798","956","실제 노출 로그 / 점수·순위는 실험용"
"XEkr4w7Nhd8","Qj5hOg14KD","H0538","R0538_1","0.0","799","206","실제 노출 로그 / 점수·순위는 실험용"
"XEKI1HEFXLc","Qj5hOg14KD","H0790","R0790_1","0.0","800","458","실제 노출 로그 / 점수·순위는 실험용"
"XEPbq4ZCYgn","Qj5hOg14KD","H0230","R0230_1","0.0","801","794","실제 노출 로그 / 점수·순위는 실험용"
"XExy9YgGPW4","Qj5hOg14KD","H0482","R0482_1","0.0","802","38","실제 노출 로그 / 점수·순위는 실험용"
"XENFwtBjUNt","Qj5hOg14KD","H0734","R0734_1","0.0","803","290","실제 노출 로그 / 점수·순위는 실험용"
"XEelJD3FbtO","Qj5hOg14KD","H0986","R0986_1","0.0","804","542","실제 노출 로그 / 점수·순위는 실험용"
"XEj11YRh2ly","Qj5hOg14KD","H0174","R0174_1","0.0","805","626","실제 노출 로그 / 점수·순위는 실험용"
"XEqJ1iXfJed","Qj5hOg14KD","H0426","R0426_1","0.0","806","876","실제 노출 로그 / 점수·순위는 실험용"
"XEEZbuh8Pv5","Qj5hOg14KD","H0678","R0678_1","0.0","807","122","실제 노출 로그 / 점수·순위는 실험용"
"XEe5cL6Akza","Qj5hOg14KD","H0930","R0930_1","0.0","808","374","실제 노출 로그 / 점수·순위는 실험용"
"XEj0Gh7GnpA","Qj5hOg14KD","H0118","R0118_1","0.0","809","459","실제 노출 로그 / 점수·순위는 실험용"
"XEQpdtVUiZL","Qj5hOg14KD","H0370","R0370_1","0.0","810","711","실제 노출 로그 / 점수·순위는 실험용"
"XEmloQNw1jf","Qj5hOg14KD","H0622","R0622_1","0.0","811","957","실제 노출 로그 / 점수·순위는 실험용"
"XEgEQUdqydp","Qj5hOg14KD","H0874","R0874_1","0.0","812","207","실제 노출 로그 / 점수·순위는 실험용"
"XEXNqaJEJyk","Qj5hOg14KD","H0062","R0062_1","0.0","813","291","실제 노출 로그 / 점수·순위는 실험용"
"XE3v3r9aZXa","Qj5hOg14KD","H0314","R0314_1","0.0","814","543","실제 노출 로그 / 점수·순위는 실험용"
"XERaRgnedOg","Qj5hOg14KD","H0566","R0566_1","0.0","815","795","실제 노출 로그 / 점수·순위는 실험용"
"XEvQ4zvtc9B","Qj5hOg14KD","H0818","R0818_1","0.0","816","39","실제 노출 로그 / 점수·순위는 실험용"
"XETjW2ykasf","Qj5hOg14KD","H0006","R0006_1","0.0","817","123","실제 노출 로그 / 점수·순위는 실험용"
"XEzxKIZLEXY","Qj5hOg14KD","H0258","R0258_1","0.0","818","375","실제 노출 로그 / 점수·순위는 실험용"
"XEI50OGL879","Qj5hOg14KD","H0510","R0510_1","0.0","819","627","실제 노출 로그 / 점수·순위는 실험용"
"XEl9sbd9eLm","Qj5hOg14KD","H0762","R0762_1","0.0","820","877","실제 노출 로그 / 점수·순위는 실험용"
"XEhD3dCdMae","Qj5hOg14KD","H0201","R0201_1","0.0","821","184","실제 노출 로그 / 점수·순위는 실험용"
"XEClLxFcULe","Qj5hOg14KD","H0453","R0453_1","0.0","822","436","실제 노출 로그 / 점수·순위는 실험용"
"XEOPf8T2CSu","Qj5hOg14KD","H0705","R0705_1","0.0","823","688","실제 노출 로그 / 점수·순위는 실험용"
"XERYx6NdB0d","Qj5hOg14KD","H0957","R0957_1","0.0","824","935","실제 노출 로그 / 점수·순위는 실험용"
"XE0t57A1viz","Qj5hOg14KD","H0145","R0145_1","0.0","825","16","실제 노출 로그 / 점수·순위는 실험용"
"XENgY5pA06N","Qj5hOg14KD","H0397","R0397_1","0.0","826","268","실제 노출 로그 / 점수·순위는 실험용"
"XEYA1I9acuj","Qj5hOg14KD","H0649","R0649_1","0.0","827","520","실제 노출 로그 / 점수·순위는 실험용"
"XEzx480ZNgF","Qj5hOg14KD","H0901","R0901_1","0.0","828","772","실제 노출 로그 / 점수·순위는 실험용"
"XE0ZH9S3WJH","Qj5hOg14KD","H0089","R0089_1","0.0","829","855","실제 노출 로그 / 점수·순위는 실험용"
"XEzh3VDHAGv","Qj5hOg14KD","H0341","R0341_1","0.0","830","100","실제 노출 로그 / 점수·순위는 실험용"
"XEkT6zSWvgB","Qj5hOg14KD","H0593","R0593_1","0.0","831","352","실제 노출 로그 / 점수·순위는 실험용"
"XEEC4Hp0ZkJ","Qj5hOg14KD","H0845","R0845_1","0.0","832","604","실제 노출 로그 / 점수·순위는 실험용"
"XETTHPkZMaY","Qj5hOg14KD","H0033","R0033_1","0.0","833","689","실제 노출 로그 / 점수·순위는 실험용"
"XEfijDLTUZx","Qj5hOg14KD","H0285","R0285_1","0.0","834","936","실제 노출 로그 / 점수·순위는 실험용"
"XEoRNgcDqrQ","Qj5hOg14KD","H0537","R0537_1","0.0","835","185","실제 노출 로그 / 점수·순위는 실험용"
"XEZei4g0z0V","Qj5hOg14KD","H0789","R0789_1","0.0","836","437","실제 노출 로그 / 점수·순위는 실험용"
"XEcOowMJXRh","Qj5hOg14KD","H0229","R0229_1","0.0","837","773","실제 노출 로그 / 점수·순위는 실험용"
"XEhzWAr0ACa","Qj5hOg14KD","H0481","R0481_1","0.0","838","17","실제 노출 로그 / 점수·순위는 실험용"
"XEzP2OOcjtq","Qj5hOg14KD","H0733","R0733_1","0.0","839","269","실제 노출 로그 / 점수·순위는 실험용"
"XEs8CIgZ2iT","Qj5hOg14KD","H0985","R0985_1","0.0","840","521","실제 노출 로그 / 점수·순위는 실험용"
"XEcf0qwqQ2P","Qj5hOg14KD","H0173","R0173_1","0.0","841","605","실제 노출 로그 / 점수·순위는 실험용"
"XE6BHqDnLAR","Qj5hOg14KD","H0425","R0425_1","0.0","842","856","실제 노출 로그 / 점수·순위는 실험용"
"XEXHcq6LVaM","Qj5hOg14KD","H0677","R0677_1","0.0","843","101","실제 노출 로그 / 점수·순위는 실험용"
"XE3tb22BFFO","Qj5hOg14KD","H0929","R0929_1","0.0","844","353","실제 노출 로그 / 점수·순위는 실험용"
"XEi8LoePkKO","Qj5hOg14KD","H0117","R0117_1","0.0","845","438","실제 노출 로그 / 점수·순위는 실험용"
"XEtIHNuVN97","Qj5hOg14KD","H0369","R0369_1","0.0","846","690","실제 노출 로그 / 점수·순위는 실험용"
"XEhvFSu2GLH","Qj5hOg14KD","H0621","R0621_1","0.0","847","937","실제 노출 로그 / 점수·순위는 실험용"
"XEdYb7ADfLA","Qj5hOg14KD","H0873","R0873_1","0.0","848","186","실제 노출 로그 / 점수·순위는 실험용"
"XEjw3Kxlolm","Qj5hOg14KD","H0061","R0061_1","0.0","849","270","실제 노출 로그 / 점수·순위는 실험용"
"XEwgIJnpWt3","Qj5hOg14KD","H0313","R0313_1","0.0","850","522","실제 노출 로그 / 점수·순위는 실험용"
"XEzwtp0lBvc","Qj5hOg14KD","H0565","R0565_1","0.0","851","774","실제 노출 로그 / 점수·순위는 실험용"
"XEFfsvn2pYY","Qj5hOg14KD","H0817","R0817_1","0.0","852","18","실제 노출 로그 / 점수·순위는 실험용"
"XEC13G2uaga","Qj5hOg14KD","H0005","R0005_1","0.0","853","102","실제 노출 로그 / 점수·순위는 실험용"
"XEeic12EhTo","Qj5hOg14KD","H0257","R0257_1","0.0","854","354","실제 노출 로그 / 점수·순위는 실험용"
"XEiRbQzj3xc","Qj5hOg14KD","H0509","R0509_1","0.0","855","606","실제 노출 로그 / 점수·순위는 실험용"
"XEjRuz4v3wk","Qj5hOg14KD","H0761","R0761_1","0.0","856","857","실제 노출 로그 / 점수·순위는 실험용"
"XEectlQ1NQk","Qj5hOg14KD","H0200","R0200_1","0.0","857","166","실제 노출 로그 / 점수·순위는 실험용"
"XEeHRxTlAxv","Qj5hOg14KD","H0452","R0452_1","0.0","858","418","실제 노출 로그 / 점수·순위는 실험용"
"XEa3blX2rwo","Qj5hOg14KD","H0704","R0704_1","0.0","859","670","실제 노출 로그 / 점수·순위는 실험용"
"XEexjnErYBk","Qj5hOg14KD","H0956","R0956_1","0.0","860","918","실제 노출 로그 / 점수·순위는 실험용"
"XEpVuy9jVxf","Qj5hOg14KD","H0144","R0144_1","0.0","861","998","실제 노출 로그 / 점수·순위는 실험용"
"XEYUkRQyHPT","Qj5hOg14KD","H0396","R0396_1","0.0","862","250","실제 노출 로그 / 점수·순위는 실험용"
"XE47jYFxqlI","Qj5hOg14KD","H0648","R0648_1","0.0","863","502","실제 노출 로그 / 점수·순위는 실험용"
"XEB8QTkRqMG","Qj5hOg14KD","H0900","R0900_1","0.0","864","754","실제 노출 로그 / 점수·순위는 실험용"
"XEvDJljsuNO","Qj5hOg14KD","H0088","R0088_1","0.0","865","838","실제 노출 로그 / 점수·순위는 실험용"
"XECLVda0X6D","Qj5hOg14KD","H0340","R0340_1","0.0","866","82","실제 노출 로그 / 점수·순위는 실험용"
"XEt73929ziI","Qj5hOg14KD","H0592","R0592_1","0.0","867","334","실제 노출 로그 / 점수·순위는 실험용"
"XEdZSrtGwq7","Qj5hOg14KD","H0844","R0844_1","0.0","868","586","실제 노출 로그 / 점수·순위는 실험용"
"XE77r34xgqK","Qj5hOg14KD","H0032","R0032_1","0.0","869","671","실제 노출 로그 / 점수·순위는 실험용"
"XEOCkJFx4pm","Qj5hOg14KD","H0284","R0284_1","0.0","870","919","실제 노출 로그 / 점수·순위는 실험용"
"XE0axhyzg1B","Qj5hOg14KD","H0536","R0536_1","0.0","871","167","실제 노출 로그 / 점수·순위는 실험용"
"XEaE4OgGFz7","Qj5hOg14KD","H0788","R0788_1","0.0","872","419","실제 노출 로그 / 점수·순위는 실험용"
"XEKJVFNqJF5","Qj5hOg14KD","H0228","R0228_1","0.0","873","755","실제 노출 로그 / 점수·순위는 실험용"
"XE5DQTm6JMq","Qj5hOg14KD","H0480","R0480_1","0.0","874","999","실제 노출 로그 / 점수·순위는 실험용"
"XE9zH2zShpy","Qj5hOg14KD","H0732","R0732_1","0.0","875","251","실제 노출 로그 / 점수·순위는 실험용"
"XEyTvfgFcLC","Qj5hOg14KD","H0984","R0984_1","0.0","876","503","실제 노출 로그 / 점수·순위는 실험용"
"XEc4Uo0kLFp","Qj5hOg14KD","H0172","R0172_1","0.0","877","587","실제 노출 로그 / 점수·순위는 실험용"
"XEcsiKUVSCo","Qj5hOg14KD","H0424","R0424_1","0.0","878","839","실제 노출 로그 / 점수·순위는 실험용"
"XE3g0POVyb0","Qj5hOg14KD","H0676","R0676_1","0.0","879","83","실제 노출 로그 / 점수·순위는 실험용"
"XEvMzX53PzF","Qj5hOg14KD","H0928","R0928_1","0.0","880","335","실제 노출 로그 / 점수·순위는 실험용"
"XEOkvGhQ0L2","Qj5hOg14KD","H0116","R0116_1","0.0","881","420","실제 노출 로그 / 점수·순위는 실험용"
"XEssupjW3Xa","Qj5hOg14KD","H0368","R0368_1","0.0","882","672","실제 노출 로그 / 점수·순위는 실험용"
"XE7Ap07NksO","Qj5hOg14KD","H0620","R0620_1","0.0","883","920","실제 노출 로그 / 점수·순위는 실험용"
"XEUgHWJwZEt","Qj5hOg14KD","H0872","R0872_1","0.0","884","168","실제 노출 로그 / 점수·순위는 실험용"
"XE0zgIQvk6k","Qj5hOg14KD","H0060","R0060_1","0.0","885","252","실제 노출 로그 / 점수·순위는 실험용"
"XErvtZq77sv","Qj5hOg14KD","H0312","R0312_1","0.0","886","504","실제 노출 로그 / 점수·순위는 실험용"
"XEPkkG3EGyO","Qj5hOg14KD","H0564","R0564_1","0.0","887","756","실제 노출 로그 / 점수·순위는 실험용"
"XEIa0PoRU9Y","Qj5hOg14KD","H0816","R0816_1","0.0","888","1000","실제 노출 로그 / 점수·순위는 실험용"
"XE9aKPuIWOb","Qj5hOg14KD","H0004","R0004_1","0.0","889","84","실제 노출 로그 / 점수·순위는 실험용"
"XEQGATfPHke","Qj5hOg14KD","H0256","R0256_1","0.0","890","336","실제 노출 로그 / 점수·순위는 실험용"
"XEy937yHLd0","Qj5hOg14KD","H0508","R0508_1","0.0","891","588","실제 노출 로그 / 점수·순위는 실험용"
"XEUQh8IAso5","Qj5hOg14KD","H0760","R0760_1","0.0","892","840","실제 노출 로그 / 점수·순위는 실험용"
"XEMwuDZsDZe","Qj5hOg14KD","H0199","R0199_1","0.0","893","145","실제 노출 로그 / 점수·순위는 실험용"
"XEKO0Qjr4nh","Qj5hOg14KD","H0451","R0451_1","0.0","894","397","실제 노출 로그 / 점수·순위는 실험용"
"XEkhiXf6n2C","Qj5hOg14KD","H0703","R0703_1","0.0","895","649","실제 노출 로그 / 점수·순위는 실험용"
"XEyMeOnlxZ2","Qj5hOg14KD","H0955","R0955_1","0.0","896","898","실제 노출 로그 / 점수·순위는 실험용"
"XES9ovlufEB","Qj5hOg14KD","H0143","R0143_1","0.0","897","978","실제 노출 로그 / 점수·순위는 실험용"
"XEP8iaoVVak","Qj5hOg14KD","H0395","R0395_1","0.0","898","229","실제 노출 로그 / 점수·순위는 실험용"
"XE1odW9n4YI","Qj5hOg14KD","H0647","R0647_1","0.0","899","481","실제 노출 로그 / 점수·순위는 실험용"
"XEzKMUB13sx","Qj5hOg14KD","H0899","R0899_1","0.0","900","733","실제 노출 로그 / 점수·순위는 실험용"
"XEOIraw8UZD","Qj5hOg14KD","H0087","R0087_1","0.0","901","817","실제 노출 로그 / 점수·순위는 실험용"
"XE0KcsvveX4","Qj5hOg14KD","H0339","R0339_1","0.0","902","61","실제 노출 로그 / 점수·순위는 실험용"
"XE6tPyx0a4M","Qj5hOg14KD","H0591","R0591_1","0.0","903","313","실제 노출 로그 / 점수·순위는 실험용"
"XEC3Yu4zr3Q","Qj5hOg14KD","H0843","R0843_1","0.0","904","565","실제 노출 로그 / 점수·순위는 실험용"
"XEmsLAFVc4n","Qj5hOg14KD","H0031","R0031_1","0.0","905","650","실제 노출 로그 / 점수·순위는 실험용"
"XErXT0zUtnv","Qj5hOg14KD","H0283","R0283_1","0.0","906","899","실제 노출 로그 / 점수·순위는 실험용"
"XEmiLokiW37","Qj5hOg14KD","H0535","R0535_1","0.0","907","146","실제 노출 로그 / 점수·순위는 실험용"
"XEf81rhCkRM","Qj5hOg14KD","H0787","R0787_1","0.0","908","398","실제 노출 로그 / 점수·순위는 실험용"
"XEuRfMa7wGo","Qj5hOg14KD","H0227","R0227_1","0.0","909","734","실제 노출 로그 / 점수·순위는 실험용"
"XE4RyNNtBo7","Qj5hOg14KD","H0479","R0479_1","0.0","910","979","실제 노출 로그 / 점수·순위는 실험용"
"XEtk4UDBRFb","Qj5hOg14KD","H0731","R0731_1","0.0","911","230","실제 노출 로그 / 점수·순위는 실험용"
"XEBiJHyIfhz","Qj5hOg14KD","H0983","R0983_1","0.0","912","482","실제 노출 로그 / 점수·순위는 실험용"
"XE5Zf9lAMPd","Qj5hOg14KD","H0171","R0171_1","0.0","913","566","실제 노출 로그 / 점수·순위는 실험용"
"XExYiguV2Wk","Qj5hOg14KD","H0423","R0423_1","0.0","914","818","실제 노출 로그 / 점수·순위는 실험용"
"XEf033tWpDO","Qj5hOg14KD","H0675","R0675_1","0.0","915","62","실제 노출 로그 / 점수·순위는 실험용"
"XE7RVfEtru9","Qj5hOg14KD","H0927","R0927_1","0.0","916","314","실제 노출 로그 / 점수·순위는 실험용"
"XESQy4BOk5a","Qj5hOg14KD","H0115","R0115_1","0.0","917","399","실제 노출 로그 / 점수·순위는 실험용"
"XEamIABj25E","Qj5hOg14KD","H0367","R0367_1","0.0","918","651","실제 노출 로그 / 점수·순위는 실험용"
"XE0ngWlmSgE","Qj5hOg14KD","H0619","R0619_1","0.0","919","900","실제 노출 로그 / 점수·순위는 실험용"
"XEBWnB9kyrz","Qj5hOg14KD","H0871","R0871_1","0.0","920","147","실제 노출 로그 / 점수·순위는 실험용"
"XEXCRlbZDQ5","Qj5hOg14KD","H0059","R0059_1","0.0","921","231","실제 노출 로그 / 점수·순위는 실험용"
"XEZH66xKu9c","Qj5hOg14KD","H0311","R0311_1","0.0","922","483","실제 노출 로그 / 점수·순위는 실험용"
"XEnriTvEYex","Qj5hOg14KD","H0563","R0563_1","0.0","923","735","실제 노출 로그 / 점수·순위는 실험용"
"XEMo9iTG3b5","Qj5hOg14KD","H0815","R0815_1","0.0","924","980","실제 노출 로그 / 점수·순위는 실험용"
"XEKLaXnCVbR","Qj5hOg14KD","H0003","R0003_1","0.0","925","63","실제 노출 로그 / 점수·순위는 실험용"
"XEXq7T4f4Dj","Qj5hOg14KD","H0255","R0255_1","0.0","926","315","실제 노출 로그 / 점수·순위는 실험용"
"XE1oQ2cyNdM","Qj5hOg14KD","H0507","R0507_1","0.0","927","567","실제 노출 로그 / 점수·순위는 실험용"
"XEVaFNXFb36","Qj5hOg14KD","H0759","R0759_1","0.0","928","819","실제 노출 로그 / 점수·순위는 실험용"
"XE1ZadI7zZc","Qj5hOg14KD","H0506","R0506_1","0.0","929","544","실제 노출 로그 / 점수·순위는 실험용"
"XECwfwXGPK1","Qj5hOg14KD","H0758","R0758_1","0.0","930","796","실제 노출 로그 / 점수·순위는 실험용"
"XEUKgmLUP0B","Qj5hOg14KD","H0198","R0198_1","0.0","931","124","실제 노출 로그 / 점수·순위는 실험용"
"XEJIU7Zvrqm","Qj5hOg14KD","H0450","R0450_1","0.0","932","376","실제 노출 로그 / 점수·순위는 실험용"
"XEKqaf4TwiL","Qj5hOg14KD","H0702","R0702_1","0.0","933","628","실제 노출 로그 / 점수·순위는 실험용"
"XE4Jb8SKOTM","Qj5hOg14KD","H0954","R0954_1","0.0","934","878","실제 노출 로그 / 점수·순위는 실험용"
"XESnuvUjjU0","Qj5hOg14KD","H0142","R0142_1","0.0","935","958","실제 노출 로그 / 점수·순위는 실험용"
"XEa5hV0vH6y","Qj5hOg14KD","H0394","R0394_1","0.0","936","208","실제 노출 로그 / 점수·순위는 실험용"
"XERtzceWKrT","Qj5hOg14KD","H0646","R0646_1","0.0","937","460","실제 노출 로그 / 점수·순위는 실험용"
"XEvIGgt8VtH","Qj5hOg14KD","H0898","R0898_1","0.0","938","712","실제 노출 로그 / 점수·순위는 실험용"
"XE8Gczu467Q","Qj5hOg14KD","H0086","R0086_1","0.0","939","797","실제 노출 로그 / 점수·순위는 실험용"
"XEFWiPWb6pi","Qj5hOg14KD","H0338","R0338_1","0.0","940","40","실제 노출 로그 / 점수·순위는 실험용"
"XEXlDw78UrC","Qj5hOg14KD","H0590","R0590_1","0.0","941","292","실제 노출 로그 / 점수·순위는 실험용"
"XEuwhQouwGi","Qj5hOg14KD","H0842","R0842_1","0.0","942","545","실제 노출 로그 / 점수·순위는 실험용"
"XEMrMZdEXZY","Qj5hOg14KD","H0030","R0030_1","0.0","943","629","실제 노출 로그 / 점수·순위는 실험용"
"XEtpFnJuD7t","Qj5hOg14KD","H0282","R0282_1","0.0","944","879","실제 노출 로그 / 점수·순위는 실험용"
"XEGs7ZIGZ8D","Qj5hOg14KD","H0534","R0534_1","0.0","945","125","실제 노출 로그 / 점수·순위는 실험용"
"XEmrtibcS2N","Qj5hOg14KD","H0786","R0786_1","0.0","946","377","실제 노출 로그 / 점수·순위는 실험용"
"XEyTO96OYUg","Qj5hOg14KD","H0226","R0226_1","0.0","947","713","실제 노출 로그 / 점수·순위는 실험용"
"XEVrayYdN73","Qj5hOg14KD","H0478","R0478_1","0.0","948","959","실제 노출 로그 / 점수·순위는 실험용"
"XEs8wJaBX6n","Qj5hOg14KD","H0730","R0730_1","0.0","949","209","실제 노출 로그 / 점수·순위는 실험용"
"XEx3C640yQE","Qj5hOg14KD","H0982","R0982_1","0.0","950","461","실제 노출 로그 / 점수·순위는 실험용"
"XE1usdZgQx6","Qj5hOg14KD","H0170","R0170_1","0.0","951","546","실제 노출 로그 / 점수·순위는 실험용"
"XEq8LbJNJ8K","Qj5hOg14KD","H0422","R0422_1","0.0","952","798","실제 노출 로그 / 점수·순위는 실험용"
"XEQQ1EpM6Fx","Qj5hOg14KD","H0674","R0674_1","0.0","953","41","실제 노출 로그 / 점수·순위는 실험용"
"XENrpR2nrJP","Qj5hOg14KD","H0926","R0926_1","0.0","954","293","실제 노출 로그 / 점수·순위는 실험용"
"XENxexDr3ho","Qj5hOg14KD","H0114","R0114_1","0.0","955","378","실제 노출 로그 / 점수·순위는 실험용"
"XEdTPLJMIHT","Qj5hOg14KD","H0366","R0366_1","0.0","956","630","실제 노출 로그 / 점수·순위는 실험용"
"XEp80nCYXdp","Qj5hOg14KD","H0618","R0618_1","0.0","957","880","실제 노출 로그 / 점수·순위는 실험용"
"XEUGim7Li89","Qj5hOg14KD","H0870","R0870_1","0.0","958","126","실제 노출 로그 / 점수·순위는 실험용"
"XECwkCPAeC1","Qj5hOg14KD","H0058","R0058_1","0.0","959","210","실제 노출 로그 / 점수·순위는 실험용"
"XEvZ27mMvS4","Qj5hOg14KD","H0310","R0310_1","0.0","960","462","실제 노출 로그 / 점수·순위는 실험용"
"XEAQuAZCLoZ","Qj5hOg14KD","H0562","R0562_1","0.0","961","714","실제 노출 로그 / 점수·순위는 실험용"
"XE16R6UnKhf","Qj5hOg14KD","H0814","R0814_1","0.0","962","960","실제 노출 로그 / 점수·순위는 실험용"
"XEfCXyvktDE","Qj5hOg14KD","H0002","R0002_1","0.0","963","42","실제 노출 로그 / 점수·순위는 실험용"
"XECLo4VrLwH","Qj5hOg14KD","H0254","R0254_1","0.0","964","294","실제 노출 로그 / 점수·순위는 실험용"
"XEW03G91ika","Qj5hOg14KD","H0253","R0253_1","0.0","965","271","실제 노출 로그 / 점수·순위는 실험용"
"XE8s5QEwvtI","Qj5hOg14KD","H0505","R0505_1","0.0","966","523","실제 노출 로그 / 점수·순위는 실험용"
"XEEwfNyPV9e","Qj5hOg14KD","H0757","R0757_1","0.0","967","775","실제 노출 로그 / 점수·순위는 실험용"
"XEJA1Zfdxoq","Qj5hOg14KD","H0197","R0197_1","0.0","968","103","실제 노출 로그 / 점수·순위는 실험용"
"XEUPgJyubF2","Qj5hOg14KD","H0449","R0449_1","0.0","969","355","실제 노출 로그 / 점수·순위는 실험용"
"XEHjTu5c8oZ","Qj5hOg14KD","H0701","R0701_1","0.0","970","607","실제 노출 로그 / 점수·순위는 실험용"
"XEEw009Oq3R","Qj5hOg14KD","H0953","R0953_1","0.0","971","858","실제 노출 로그 / 점수·순위는 실험용"
"XEsn4JDqqaX","Qj5hOg14KD","H0141","R0141_1","0.0","972","938","실제 노출 로그 / 점수·순위는 실험용"
"XEC9EaLLTvF","Qj5hOg14KD","H0393","R0393_1","0.0","973","187","실제 노출 로그 / 점수·순위는 실험용"
"XEMkmizU9jU","Qj5hOg14KD","H0645","R0645_1","0.0","974","439","실제 노출 로그 / 점수·순위는 실험용"
"XELy4CBcRAa","Qj5hOg14KD","H0897","R0897_1","0.0","975","691","실제 노출 로그 / 점수·순위는 실험용"
"XEG1gGKCcG1","Qj5hOg14KD","H0085","R0085_1","0.0","976","776","실제 노출 로그 / 점수·순위는 실험용"
"XEPyuyWU39T","Qj5hOg14KD","H0337","R0337_1","0.0","977","19","실제 노출 로그 / 점수·순위는 실험용"
"XEBWoigVHaN","Qj5hOg14KD","H0589","R0589_1","0.0","978","272","실제 노출 로그 / 점수·순위는 실험용"
"XED6ZkT5Jp5","Qj5hOg14KD","H0841","R0841_1","0.0","979","524","실제 노출 로그 / 점수·순위는 실험용"
"XEnltKOk4sG","Qj5hOg14KD","H0029","R0029_1","0.0","980","608","실제 노출 로그 / 점수·순위는 실험용"
"XEW20KLRAvu","Qj5hOg14KD","H0281","R0281_1","0.0","981","859","실제 노출 로그 / 점수·순위는 실험용"
"XEIoLq66qXp","Qj5hOg14KD","H0533","R0533_1","0.0","982","104","실제 노출 로그 / 점수·순위는 실험용"
"XEGqmM0vS98","Qj5hOg14KD","H0785","R0785_1","0.0","983","356","실제 노출 로그 / 점수·순위는 실험용"
"XECgN4SbPcV","Qj5hOg14KD","H0225","R0225_1","0.0","984","692","실제 노출 로그 / 점수·순위는 실험용"
"XEOG2sadUtB","Qj5hOg14KD","H0477","R0477_1","0.0","985","939","실제 노출 로그 / 점수·순위는 실험용"
"XErsbcW08uI","Qj5hOg14KD","H0729","R0729_1","0.0","986","188","실제 노출 로그 / 점수·순위는 실험용"
"XEW7NUjuPU6","Qj5hOg14KD","H0981","R0981_1","0.0","987","440","실제 노출 로그 / 점수·순위는 실험용"
"XEk3fcQMZoJ","Qj5hOg14KD","H0169","R0169_1","0.0","988","525","실제 노출 로그 / 점수·순위는 실험용"
"XEsLBx2qW48","Qj5hOg14KD","H0421","R0421_1","0.0","989","777","실제 노출 로그 / 점수·순위는 실험용"
"XE7Ha2rDkum","Qj5hOg14KD","H0673","R0673_1","0.0","990","20","실제 노출 로그 / 점수·순위는 실험용"
"XER2F8mVwZI","Qj5hOg14KD","H0925","R0925_1","0.0","991","273","실제 노출 로그 / 점수·순위는 실험용"
"XEyPNliD4AS","Qj5hOg14KD","H0113","R0113_1","0.0","992","357","실제 노출 로그 / 점수·순위는 실험용"
"XEdsdHnt8Pw","Qj5hOg14KD","H0365","R0365_1","0.0","993","609","실제 노출 로그 / 점수·순위는 실험용"
"XEIlizYCrlu","Qj5hOg14KD","H0617","R0617_1","0.0","994","860","실제 노출 로그 / 점수·순위는 실험용"
"XEpNXq3g0DG","Qj5hOg14KD","H0869","R0869_1","0.0","995","105","실제 노출 로그 / 점수·순위는 실험용"
"XELhvFQuD7p","Qj5hOg14KD","H0057","R0057_1","0.0","996","189","실제 노출 로그 / 점수·순위는 실험용"
"XEh7pUvg1D3","Qj5hOg14KD","H0309","R0309_1","0.0","997","441","실제 노출 로그 / 점수·순위는 실험용"
"XE1hQXVo9Lg","Qj5hOg14KD","H0561","R0561_1","0.0","998","693","실제 노출 로그 / 점수·순위는 실험용"
"XEve7NPNs4X","Qj5hOg14KD","H0813","R0813_1","0.0","999","940","실제 노출 로그 / 점수·순위는 실험용"
"XE6y3iVW0qt","Qj5hOg14KD","H0001","R0001_1","0.0","1000","21","실제 노출 로그 / 점수·순위는 실험용"
"XElWMB96qMN","QG3wnGoEio","H0111","R0111_1","100.0","1","7","실제 노출 로그 / 점수·순위는 실험용"
"XEncTYQlIpJ","QG3wnGoEio","H0081","R0081_1","99.0","2","14","실제 노출 로그 / 점수·순위는 실험용"
"XEUghI8PlEp","QG3wnGoEio","H0051","R0051_1","98.0","3","2","실제 노출 로그 / 점수·순위는 실험용"
"XEM1V6Zytn1","QG3wnGoEio","H0191","R0191_1","97.0","4","20","실제 노출 로그 / 점수·순위는 실험용"
"XESTmH8R8wW","QG3wnGoEio","H0021","R0021_1","96.0","5","9","실제 노출 로그 / 점수·순위는 실험용"
"XErtOm4lvYH","QG3wnGoEio","H0161","R0161_1","95.0","6","8","실제 노출 로그 / 점수·순위는 실험용"
"XEQs0UD6t9v","QG3wnGoEio","H0131","R0131_1","94.0","7","15","실제 노출 로그 / 점수·순위는 실험용"
"XE5AgGEgrDv","QG3wnGoEio","H0101","R0101_1","93.0","8","3","실제 노출 로그 / 점수·순위는 실험용"
"XEckBydFDdK","QG3wnGoEio","H0071","R0071_1","92.0","9","10","실제 노출 로그 / 점수·순위는 실험용"
"XE2VTbcnm4g","QG3wnGoEio","H0041","R0041_1","91.0","10","17","실제 노출 로그 / 점수·순위는 실험용"
"XEAXl9K05OF","QG3wnGoEio","H0181","R0181_1","90.0","11","16","실제 노출 로그 / 점수·순위는 실험용"
"XEF7DBU2PKS","QG3wnGoEio","H0151","R0151_1","89.0","12","4","실제 노출 로그 / 점수·순위는 실험용"
"XEycOXtK0ah","QG3wnGoEio","H0011","R0011_1","88.0","13","5","실제 노출 로그 / 점수·순위는 실험용"
"XEIyaZFkO2a","QG3wnGoEio","H0121","R0121_1","87.0","14","11","실제 노출 로그 / 점수·순위는 실험용"
"XE3EcAJKE93","QG3wnGoEio","H0091","R0091_1","86.0","15","18","실제 노출 로그 / 점수·순위는 실험용"
"XESzM5BsHqk","QG3wnGoEio","H0061","R0061_1","85.0","16","6","실제 노출 로그 / 점수·순위는 실험용"
"XEqpuXqdxap","QG3wnGoEio","H0031","R0031_1","84.0","17","13","실제 노출 로그 / 점수·순위는 실험용"
"XEoHCQrKkh7","QG3wnGoEio","H0171","R0171_1","83.0","18","12","실제 노출 로그 / 점수·순위는 실험용"
"XEXjH0aB0Js","QG3wnGoEio","H0141","R0141_1","82.0","19","19","실제 노출 로그 / 점수·순위는 실험용"
"XEGvYQO4FXa","QG3wnGoEio","H0001","R0001_1","81.0","20","1","실제 노출 로그 / 점수·순위는 실험용"
"XE9hmyl9tx4","QyjT2lTKiZ","H0161","R0161_1","100.0","1","10","실제 노출 로그 / 점수·순위는 실험용"
"XERP1WNtuaM","QyjT2lTKiZ","H0159","R0159_1","99.0","2","8","실제 노출 로그 / 점수·순위는 실험용"
"XEEhCKMIMAo","QyjT2lTKiZ","H0101","R0101_1","98.0","3","2","실제 노출 로그 / 점수·순위는 실험용"
"XEHA0pg6c5r","QyjT2lTKiZ","H0155","R0155_1","97.0","4","7","실제 노출 로그 / 점수·순위는 실험용"
"XE31jZDhhS7","QyjT2lTKiZ","H0008","R0008_1","96.0","5","6","실제 노출 로그 / 점수·순위는 실험용"
"XEbj1P2iTaG","QyjT2lTKiZ","H0063","R0063_1","95.0","6","9","실제 노출 로그 / 점수·순위는 실험용"
"XEIBQhyCnE5","QyjT2lTKiZ","H0007","R0007_1","94.0","7","5","실제 노출 로그 / 점수·순위는 실험용"
"XEsIDFMU4vU","QyjT2lTKiZ","H0006","R0006_1","93.0","8","4","실제 노출 로그 / 점수·순위는 실험용"
"XELxGS0AU7G","QyjT2lTKiZ","H0005","R0005_1","92.0","9","3","실제 노출 로그 / 점수·순위는 실험용"
"XEJ8nbR7xQJ","QyjT2lTKiZ","H0004","R0004_1","91.0","10","1","실제 노출 로그 / 점수·순위는 실험용"
"XEclo84AQQR","QwpBL0B7xv","H0052","R0052_1","100.0","1","2","실제 노출 로그 / 점수·순위는 실험용"
"XE15JN0u347","QwpBL0B7xv","H0102","R0102_1","99.0","2","3","실제 노출 로그 / 점수·순위는 실험용"
"XELduJzGZWU","QwpBL0B7xv","H0002","R0002_1","98.0","3","1","실제 노출 로그 / 점수·순위는 실험용"
"XEZwnLWvr5h","Q5Dnb16eDZ","H0252","R0252_1","100.0","1","232","실제 노출 로그 / 점수·순위는 실험용"
"XElxeLl3aTb","Q5Dnb16eDZ","H0504","R0504_1","99.0","2","484","실제 노출 로그 / 점수·순위는 실험용"
"XEBZW0zI6n0","Q5Dnb16eDZ","H0756","R0756_1","98.0","3","736","실제 노출 로그 / 점수·순위는 실험용"
"XEsfPP4o3Gd","Q5Dnb16eDZ","H0196","R0196_1","97.0","4","64","실제 노출 로그 / 점수·순위는 실험용"
"XELXSD3wOMr","Q5Dnb16eDZ","H0448","R0448_1","96.0","5","316","실제 노출 로그 / 점수·순위는 실험용"
"XE9JQ2nhBkc","Q5Dnb16eDZ","H0700","R0700_1","95.0","6","568","실제 노출 로그 / 점수·순위는 실험용"
"XEWBfOPfIg3","Q5Dnb16eDZ","H0952","R0952_1","94.0","7","820","실제 노출 로그 / 점수·순위는 실험용"
"XEdjPuifPDo","Q5Dnb16eDZ","H0140","R0140_1","93.0","8","901","실제 노출 로그 / 점수·순위는 실험용"
"XEBHua5YML4","Q5Dnb16eDZ","H0392","R0392_1","92.0","9","148","실제 노출 로그 / 점수·순위는 실험용"
"XEO641mCD8k","Q5Dnb16eDZ","H0644","R0644_1","91.0","10","400","실제 노출 로그 / 점수·순위는 실험용"
"XE1RKS1iN8W","Q5Dnb16eDZ","H0896","R0896_1","90.0","11","652","실제 노출 로그 / 점수·순위는 실험용"
"XElxpCQqIn2","Q5Dnb16eDZ","H0084","R0084_1","89.0","12","737","실제 노출 로그 / 점수·순위는 실험용"
"XEWqZTAA3yJ","Q5Dnb16eDZ","H0336","R0336_1","88.0","13","981","실제 노출 로그 / 점수·순위는 실험용"
"XE0XhpcEXqC","Q5Dnb16eDZ","H0588","R0588_1","87.0","14","233","실제 노출 로그 / 점수·순위는 실험용"
"XEm2LvINyfi","Q5Dnb16eDZ","H0840","R0840_1","86.0","15","485","실제 노출 로그 / 점수·순위는 실험용"
"XElnMElozpY","Q5Dnb16eDZ","H0028","R0028_1","85.0","16","569","실제 노출 로그 / 점수·순위는 실험용"
"XErzCA1r4te","Q5Dnb16eDZ","H0280","R0280_1","84.0","17","821","실제 노출 로그 / 점수·순위는 실험용"
"XEb8IGqEgrI","Q5Dnb16eDZ","H0532","R0532_1","83.0","18","65","실제 노출 로그 / 점수·순위는 실험용"
"XEQLk8cZT9c","Q5Dnb16eDZ","H0784","R0784_1","82.0","19","317","실제 노출 로그 / 점수·순위는 실험용"
"XE4PpjM2K2k","Q5Dnb16eDZ","H0224","R0224_1","81.0","20","653","실제 노출 로그 / 점수·순위는 실험용"
"XEiBMyFcfYY","Q5Dnb16eDZ","H0476","R0476_1","80.0","21","902","실제 노출 로그 / 점수·순위는 실험용"
"XE0tw92xbwQ","Q5Dnb16eDZ","H0728","R0728_1","79.0","22","149","실제 노출 로그 / 점수·순위는 실험용"
"XEeAEdsFq6A","Q5Dnb16eDZ","H0980","R0980_1","78.0","23","401","실제 노출 로그 / 점수·순위는 실험용"
"XE3McLPtEHK","Q5Dnb16eDZ","H0168","R0168_1","77.0","24","486","실제 노출 로그 / 점수·순위는 실험용"
"XEv8OFwQdc0","Q5Dnb16eDZ","H0420","R0420_1","76.0","25","738","실제 노출 로그 / 점수·순위는 실험용"
"XEjRAmevbHj","Q5Dnb16eDZ","H0672","R0672_1","75.0","26","982","실제 노출 로그 / 점수·순위는 실험용"
"XEYEmKJVH3r","Q5Dnb16eDZ","H0924","R0924_1","74.0","27","234","실제 노출 로그 / 점수·순위는 실험용"
"XE01RBwoSBO","Q5Dnb16eDZ","H0112","R0112_1","73.0","28","318","실제 노출 로그 / 점수·순위는 실험용"
"XEBvFQGpM2M","Q5Dnb16eDZ","H0364","R0364_1","72.0","29","570","실제 노출 로그 / 점수·순위는 실험용"
"XEA947R51hI","Q5Dnb16eDZ","H0616","R0616_1","71.0","30","822","실제 노출 로그 / 점수·순위는 실험용"
"XE9vQL8746p","Q5Dnb16eDZ","H0868","R0868_1","70.0","31","66","실제 노출 로그 / 점수·순위는 실험용"
"XEJ7SMnKeFf","Q5Dnb16eDZ","H0056","R0056_1","69.0","32","150","실제 노출 로그 / 점수·순위는 실험용"
"XE53ggjKsOX","Q5Dnb16eDZ","H0308","R0308_1","68.0","33","402","실제 노출 로그 / 점수·순위는 실험용"
"XEdc8cPu1mq","Q5Dnb16eDZ","H0560","R0560_1","67.0","34","654","실제 노출 로그 / 점수·순위는 실험용"
"XEA1kFtlIJP","Q5Dnb16eDZ","H0812","R0812_1","66.0","35","903","실제 노출 로그 / 점수·순위는 실험용"
"XElqgZWKiUN","Q5Dnb16eDZ","H0251","R0251_1","65.0","36","211","실제 노출 로그 / 점수·순위는 실험용"
"XEMkvvWqKCv","Q5Dnb16eDZ","H0503","R0503_1","64.0","37","463","실제 노출 로그 / 점수·순위는 실험용"
"XE8417nxClM","Q5Dnb16eDZ","H0755","R0755_1","63.0","38","715","실제 노출 로그 / 점수·순위는 실험용"
"XEgc91HS2Pm","Q5Dnb16eDZ","H0195","R0195_1","62.0","39","43","실제 노출 로그 / 점수·순위는 실험용"
"XEtDZUl7pcW","Q5Dnb16eDZ","H0447","R0447_1","61.0","40","295","실제 노출 로그 / 점수·순위는 실험용"
"XEgbC9kFcSG","Q5Dnb16eDZ","H0699","R0699_1","60.0","41","547","실제 노출 로그 / 점수·순위는 실험용"
"XEVFQI1QAsN","Q5Dnb16eDZ","H0951","R0951_1","59.0","42","799","실제 노출 로그 / 점수·순위는 실험용"
"XE3513T4M9K","Q5Dnb16eDZ","H0139","R0139_1","58.0","43","881","실제 노출 로그 / 점수·순위는 실험용"
"XEVdmwmbPKa","Q5Dnb16eDZ","H0391","R0391_1","57.0","44","127","실제 노출 로그 / 점수·순위는 실험용"
"XEGXvF5BGDm","Q5Dnb16eDZ","H0643","R0643_1","56.0","45","379","실제 노출 로그 / 점수·순위는 실험용"
"XENOI30sUWQ","Q5Dnb16eDZ","H0895","R0895_1","55.0","46","631","실제 노출 로그 / 점수·순위는 실험용"
"XE5OOdU30LX","Q5Dnb16eDZ","H0083","R0083_1","54.0","47","716","실제 노출 로그 / 점수·순위는 실험용"
"XEMPoG4dYxW","Q5Dnb16eDZ","H0335","R0335_1","53.0","48","961","실제 노출 로그 / 점수·순위는 실험용"
"XELyhPfKC6f","Q5Dnb16eDZ","H0587","R0587_1","52.0","49","212","실제 노출 로그 / 점수·순위는 실험용"
"XEsQVnCOx4Q","Q5Dnb16eDZ","H0839","R0839_1","51.0","50","464","실제 노출 로그 / 점수·순위는 실험용"
"XEsdsEFn31b","Q5Dnb16eDZ","H0027","R0027_1","50.0","51","548","실제 노출 로그 / 점수·순위는 실험용"
"XEue6kwSBE8","Q5Dnb16eDZ","H0279","R0279_1","49.0","52","800","실제 노출 로그 / 점수·순위는 실험용"
"XEEAXuFdkT7","Q5Dnb16eDZ","H0531","R0531_1","48.0","53","44","실제 노출 로그 / 점수·순위는 실험용"
"XE2STDoZqNk","Q5Dnb16eDZ","H0783","R0783_1","47.0","54","296","실제 노출 로그 / 점수·순위는 실험용"
"XEo2RoANqZc","Q5Dnb16eDZ","H0223","R0223_1","46.0","55","632","실제 노출 로그 / 점수·순위는 실험용"
"XExBlmQZuN7","Q5Dnb16eDZ","H0475","R0475_1","45.0","56","882","실제 노출 로그 / 점수·순위는 실험용"
"XEa2hIIbo8R","Q5Dnb16eDZ","H0727","R0727_1","44.0","57","128","실제 노출 로그 / 점수·순위는 실험용"
"XELmPh7Qly8","Q5Dnb16eDZ","H0979","R0979_1","43.0","58","380","실제 노출 로그 / 점수·순위는 실험용"
"XE2IAKy5Gr4","Q5Dnb16eDZ","H0167","R0167_1","42.0","59","465","실제 노출 로그 / 점수·순위는 실험용"
"XEWG33gzjJG","Q5Dnb16eDZ","H0419","R0419_1","41.0","60","717","실제 노출 로그 / 점수·순위는 실험용"
"XEofPlCUpcs","Q5Dnb16eDZ","H0671","R0671_1","40.0","61","962","실제 노출 로그 / 점수·순위는 실험용"
"XEZPiJUaPzY","Q5Dnb16eDZ","H0923","R0923_1","39.0","62","213","실제 노출 로그 / 점수·순위는 실험용"
"XE7CJTyaUzG","Q5Dnb16eDZ","H0111","R0111_1","38.0","63","297","실제 노출 로그 / 점수·순위는 실험용"
"XEb3ToudDv6","Q5Dnb16eDZ","H0363","R0363_1","37.0","64","549","실제 노출 로그 / 점수·순위는 실험용"
"XE0uwKjNuED","Q5Dnb16eDZ","H0615","R0615_1","36.0","65","801","실제 노출 로그 / 점수·순위는 실험용"
"XETUQkB4mG5","Q5Dnb16eDZ","H0867","R0867_1","35.0","66","45","실제 노출 로그 / 점수·순위는 실험용"
"XEKAItBhcT0","Q5Dnb16eDZ","H0055","R0055_1","34.0","67","129","실제 노출 로그 / 점수·순위는 실험용"
"XEXOuXJp7f2","Q5Dnb16eDZ","H0307","R0307_1","33.0","68","381","실제 노출 로그 / 점수·순위는 실험용"
"XEMYyHuJuej","Q5Dnb16eDZ","H0559","R0559_1","32.0","69","633","실제 노출 로그 / 점수·순위는 실험용"
"XEU2TrqBeGU","Q5Dnb16eDZ","H0811","R0811_1","31.0","70","883","실제 노출 로그 / 점수·순위는 실험용"
"XEa8XKTVfHE","Q5Dnb16eDZ","H0250","R0250_1","30.0","71","190","실제 노출 로그 / 점수·순위는 실험용"
"XEw7Fk2h71X","Q5Dnb16eDZ","H0502","R0502_1","29.0","72","442","실제 노출 로그 / 점수·순위는 실험용"
"XEslfcj1OM5","Q5Dnb16eDZ","H0754","R0754_1","28.0","73","694","실제 노출 로그 / 점수·순위는 실험용"
"XEoyzXd8N64","Q5Dnb16eDZ","H0194","R0194_1","27.0","74","22","실제 노출 로그 / 점수·순위는 실험용"
"XErL8l6V1Xu","Q5Dnb16eDZ","H0446","R0446_1","26.0","75","274","실제 노출 로그 / 점수·순위는 실험용"
"XEZU0t3hhqO","Q5Dnb16eDZ","H0698","R0698_1","25.0","76","526","실제 노출 로그 / 점수·순위는 실험용"
"XENyIWlsuQH","Q5Dnb16eDZ","H0950","R0950_1","24.0","77","778","실제 노출 로그 / 점수·순위는 실험용"
"XEmznrSIQ64","Q5Dnb16eDZ","H0138","R0138_1","23.0","78","861","실제 노출 로그 / 점수·순위는 실험용"
"XE8V43uUXcH","Q5Dnb16eDZ","H0390","R0390_1","22.0","79","106","실제 노출 로그 / 점수·순위는 실험용"
"XErY3EdqUVY","Q5Dnb16eDZ","H0642","R0642_1","21.0","80","358","실제 노출 로그 / 점수·순위는 실험용"
"XEyEmg06xT9","Q5Dnb16eDZ","H0894","R0894_1","20.0","81","610","실제 노출 로그 / 점수·순위는 실험용"
"XEcILtxwHD3","Q5Dnb16eDZ","H0082","R0082_1","19.0","82","695","실제 노출 로그 / 점수·순위는 실험용"
"XEFFX9rHSiy","Q5Dnb16eDZ","H0334","R0334_1","18.0","83","941","실제 노출 로그 / 점수·순위는 실험용"
"XEauQH8WEJ7","Q5Dnb16eDZ","H0586","R0586_1","17.0","84","191","실제 노출 로그 / 점수·순위는 실험용"
"XEMWMPlXdpZ","Q5Dnb16eDZ","H0838","R0838_1","16.0","85","443","실제 노출 로그 / 점수·순위는 실험용"
"XEbTNvuQPC8","Q5Dnb16eDZ","H0026","R0026_1","15.0","86","527","실제 노출 로그 / 점수·순위는 실험용"
"XEMfueEYN22","Q5Dnb16eDZ","H0278","R0278_1","14.0","87","779","실제 노출 로그 / 점수·순위는 실험용"
"XEZy1jcvCNp","Q5Dnb16eDZ","H0530","R0530_1","13.0","88","23","실제 노출 로그 / 점수·순위는 실험용"
"XEMRO69xZ2p","Q5Dnb16eDZ","H0782","R0782_1","12.0","89","275","실제 노출 로그 / 점수·순위는 실험용"
"XEZKn6rNHh4","Q5Dnb16eDZ","H0222","R0222_1","11.0","90","611","실제 노출 로그 / 점수·순위는 실험용"
"XEEGstSPfu9","Q5Dnb16eDZ","H0474","R0474_1","10.0","91","862","실제 노출 로그 / 점수·순위는 실험용"
"XEbeQigkpXP","Q5Dnb16eDZ","H0726","R0726_1","9.0","92","107","실제 노출 로그 / 점수·순위는 실험용"
"XENdaCeXbeV","Q5Dnb16eDZ","H0978","R0978_1","8.0","93","359","실제 노출 로그 / 점수·순위는 실험용"
"XE2pO17KTT4","Q5Dnb16eDZ","H0166","R0166_1","7.0","94","444","실제 노출 로그 / 점수·순위는 실험용"
"XE0B5HQ9tfb","Q5Dnb16eDZ","H0418","R0418_1","6.0","95","696","실제 노출 로그 / 점수·순위는 실험용"
"XEx1lBHwrAo","Q5Dnb16eDZ","H0670","R0670_1","5.0","96","942","실제 노출 로그 / 점수·순위는 실험용"
"XEE7GUBFAq0","Q5Dnb16eDZ","H0922","R0922_1","4.0","97","192","실제 노출 로그 / 점수·순위는 실험용"
"XE2QP32dlse","Q5Dnb16eDZ","H0110","R0110_1","3.0","98","276","실제 노출 로그 / 점수·순위는 실험용"
"XE2kJhgI0sy","Q5Dnb16eDZ","H0362","R0362_1","2.0","99","528","실제 노출 로그 / 점수·순위는 실험용"
"XEsxdIBVdYl","Q5Dnb16eDZ","H0614","R0614_1","1.0","100","780","실제 노출 로그 / 점수·순위는 실험용"
"XE8xMwtTaQ8","Q5Dnb16eDZ","H0866","R0866_1","0.0","101","24","실제 노출 로그 / 점수·순위는 실험용"
"XEdZPhswBR4","Q5Dnb16eDZ","H0054","R0054_1","0.0","102","108","실제 노출 로그 / 점수·순위는 실험용"
"XERqgBJ2rz2","Q5Dnb16eDZ","H0306","R0306_1","0.0","103","360","실제 노출 로그 / 점수·순위는 실험용"
"XE6RuvuXRBe","Q5Dnb16eDZ","H0558","R0558_1","0.0","104","612","실제 노출 로그 / 점수·순위는 실험용"
"XEKGfgebz6N","Q5Dnb16eDZ","H0810","R0810_1","0.0","105","863","실제 노출 로그 / 점수·순위는 실험용"
"XEG1min7gCY","Q5Dnb16eDZ","H0809","R0809_1","0.0","106","841","실제 노출 로그 / 점수·순위는 실험용"
"XEBiWfFyY9b","Q5Dnb16eDZ","H0249","R0249_1","0.0","107","169","실제 노출 로그 / 점수·순위는 실험용"
"XELevJLkVp2","Q5Dnb16eDZ","H0501","R0501_1","0.0","108","421","실제 노출 로그 / 점수·순위는 실험용"
"XEwwiYTaBt1","Q5Dnb16eDZ","H0753","R0753_1","0.0","109","673","실제 노출 로그 / 점수·순위는 실험용"
"XEwKQbKVNWj","Q5Dnb16eDZ","H0193","R0193_1","0.0","110","1","실제 노출 로그 / 점수·순위는 실험용"
"XE42y8Y6eXW","Q5Dnb16eDZ","H0445","R0445_1","0.0","111","253","실제 노출 로그 / 점수·순위는 실험용"
"XEjgdBM2I9B","Q5Dnb16eDZ","H0697","R0697_1","0.0","112","505","실제 노출 로그 / 점수·순위는 실험용"
"XErYloxHOTn","Q5Dnb16eDZ","H0949","R0949_1","0.0","113","757","실제 노출 로그 / 점수·순위는 실험용"
"XE0ICmZVrKF","Q5Dnb16eDZ","H0137","R0137_1","0.0","114","842","실제 노출 로그 / 점수·순위는 실험용"
"XESAoNhuGpc","Q5Dnb16eDZ","H0389","R0389_1","0.0","115","85","실제 노출 로그 / 점수·순위는 실험용"
"XE7FL6Z8hO0","Q5Dnb16eDZ","H0641","R0641_1","0.0","116","337","실제 노출 로그 / 점수·순위는 실험용"
"XE6z2xx924U","Q5Dnb16eDZ","H0893","R0893_1","0.0","117","589","실제 노출 로그 / 점수·순위는 실험용"
"XEWfgN2Pm4W","Q5Dnb16eDZ","H0081","R0081_1","0.0","118","674","실제 노출 로그 / 점수·순위는 실험용"
"XEAY5Av2Lvs","Q5Dnb16eDZ","H0333","R0333_1","0.0","119","921","실제 노출 로그 / 점수·순위는 실험용"
"XEmxC9vEoMP","Q5Dnb16eDZ","H0585","R0585_1","0.0","120","170","실제 노출 로그 / 점수·순위는 실험용"
"XEviPVm2jcl","Q5Dnb16eDZ","H0837","R0837_1","0.0","121","422","실제 노출 로그 / 점수·순위는 실험용"
"XEJBEkjIbK4","Q5Dnb16eDZ","H0025","R0025_1","0.0","122","506","실제 노출 로그 / 점수·순위는 실험용"
"XEGUYZy1V8D","Q5Dnb16eDZ","H0277","R0277_1","0.0","123","758","실제 노출 로그 / 점수·순위는 실험용"
"XEbEaOQj6pp","Q5Dnb16eDZ","H0529","R0529_1","0.0","124","2","실제 노출 로그 / 점수·순위는 실험용"
"XEJkSwiKsoT","Q5Dnb16eDZ","H0781","R0781_1","0.0","125","254","실제 노출 로그 / 점수·순위는 실험용"
"XENZZYAnGE5","Q5Dnb16eDZ","H0221","R0221_1","0.0","126","590","실제 노출 로그 / 점수·순위는 실험용"
"XE0hlp3h3F6","Q5Dnb16eDZ","H0473","R0473_1","0.0","127","843","실제 노출 로그 / 점수·순위는 실험용"
"XE4D7GtoM1o","Q5Dnb16eDZ","H0725","R0725_1","0.0","128","86","실제 노출 로그 / 점수·순위는 실험용"
"XExDUyy1lg4","Q5Dnb16eDZ","H0977","R0977_1","0.0","129","338","실제 노출 로그 / 점수·순위는 실험용"
"XETSSAc4pD4","Q5Dnb16eDZ","H0165","R0165_1","0.0","130","423","실제 노출 로그 / 점수·순위는 실험용"
"XEJIvCbFTfl","Q5Dnb16eDZ","H0417","R0417_1","0.0","131","675","실제 노출 로그 / 점수·순위는 실험용"
"XEAmVgaUeIj","Q5Dnb16eDZ","H0669","R0669_1","0.0","132","922","실제 노출 로그 / 점수·순위는 실험용"
"XE0uzyO6Qah","Q5Dnb16eDZ","H0921","R0921_1","0.0","133","171","실제 노출 로그 / 점수·순위는 실험용"
"XEmEKlIqeuV","Q5Dnb16eDZ","H0109","R0109_1","0.0","134","255","실제 노출 로그 / 점수·순위는 실험용"
"XE0qQ9RIw4J","Q5Dnb16eDZ","H0361","R0361_1","0.0","135","507","실제 노출 로그 / 점수·순위는 실험용"
"XEDCFP6VjT0","Q5Dnb16eDZ","H0613","R0613_1","0.0","136","759","실제 노출 로그 / 점수·순위는 실험용"
"XEpOdbqsuzs","Q5Dnb16eDZ","H0865","R0865_1","0.0","137","3","실제 노출 로그 / 점수·순위는 실험용"
"XESBSSItMmK","Q5Dnb16eDZ","H0053","R0053_1","0.0","138","87","실제 노출 로그 / 점수·순위는 실험용"
"XEyG0Artdc6","Q5Dnb16eDZ","H0305","R0305_1","0.0","139","339","실제 노출 로그 / 점수·순위는 실험용"
"XE5tfN0h6Zo","Q5Dnb16eDZ","H0557","R0557_1","0.0","140","591","실제 노출 로그 / 점수·순위는 실험용"
"XE2o9joMaF8","Q5Dnb16eDZ","H0304","R0304_1","0.0","141","319","실제 노출 로그 / 점수·순위는 실험용"
"XEvtPHO5PgT","Q5Dnb16eDZ","H0556","R0556_1","0.0","142","571","실제 노출 로그 / 점수·순위는 실험용"
"XE5xpM4eJnC","Q5Dnb16eDZ","H0808","R0808_1","0.0","143","823","실제 노출 로그 / 점수·순위는 실험용"
"XE7NhHL0IqF","Q5Dnb16eDZ","H0248","R0248_1","0.0","144","151","실제 노출 로그 / 점수·순위는 실험용"
"XEHlEHrTbJz","Q5Dnb16eDZ","H0500","R0500_1","0.0","145","403","실제 노출 로그 / 점수·순위는 실험용"
"XESRvbhhpk2","Q5Dnb16eDZ","H0752","R0752_1","0.0","146","655","실제 노출 로그 / 점수·순위는 실험용"
"XEtg5pjGvM8","Q5Dnb16eDZ","H0192","R0192_1","0.0","147","983","실제 노출 로그 / 점수·순위는 실험용"
"XEPBE8dgbqT","Q5Dnb16eDZ","H0444","R0444_1","0.0","148","235","실제 노출 로그 / 점수·순위는 실험용"
"XEQUmOhi44L","Q5Dnb16eDZ","H0696","R0696_1","0.0","149","487","실제 노출 로그 / 점수·순위는 실험용"
"XE8Jyxk2Zjy","Q5Dnb16eDZ","H0948","R0948_1","0.0","150","739","실제 노출 로그 / 점수·순위는 실험용"
"XEfxVg7uFFD","Q5Dnb16eDZ","H0136","R0136_1","0.0","151","824","실제 노출 로그 / 점수·순위는 실험용"
"XEUZnGzwF7s","Q5Dnb16eDZ","H0388","R0388_1","0.0","152","67","실제 노출 로그 / 점수·순위는 실험용"
"XE0np2Q425s","Q5Dnb16eDZ","H0640","R0640_1","0.0","153","320","실제 노출 로그 / 점수·순위는 실험용"
"XElnEpvbIpk","Q5Dnb16eDZ","H0892","R0892_1","0.0","154","572","실제 노출 로그 / 점수·순위는 실험용"
"XEg0lW4Sxeo","Q5Dnb16eDZ","H0080","R0080_1","0.0","155","656","실제 노출 로그 / 점수·순위는 실험용"
"XEJ817AJWDt","Q5Dnb16eDZ","H0332","R0332_1","0.0","156","904","실제 노출 로그 / 점수·순위는 실험용"
"XE54UVB7POP","Q5Dnb16eDZ","H0584","R0584_1","0.0","157","152","실제 노출 로그 / 점수·순위는 실험용"
"XEEM7ratDak","Q5Dnb16eDZ","H0836","R0836_1","0.0","158","404","실제 노출 로그 / 점수·순위는 실험용"
"XEQABqjNcLr","Q5Dnb16eDZ","H0024","R0024_1","0.0","159","488","실제 노출 로그 / 점수·순위는 실험용"
"XEuuUUQHKky","Q5Dnb16eDZ","H0276","R0276_1","0.0","160","740","실제 노출 로그 / 점수·순위는 실험용"
"XEXB7X9rmY1","Q5Dnb16eDZ","H0528","R0528_1","0.0","161","984","실제 노출 로그 / 점수·순위는 실험용"
"XEqIUGjm3Jx","Q5Dnb16eDZ","H0780","R0780_1","0.0","162","236","실제 노출 로그 / 점수·순위는 실험용"
"XEg2nZbaAnP","Q5Dnb16eDZ","H0220","R0220_1","0.0","163","573","실제 노출 로그 / 점수·순위는 실험용"
"XEVs7zOFFZR","Q5Dnb16eDZ","H0472","R0472_1","0.0","164","825","실제 노출 로그 / 점수·순위는 실험용"
"XEZoF1U0Wjq","Q5Dnb16eDZ","H0724","R0724_1","0.0","165","68","실제 노출 로그 / 점수·순위는 실험용"
"XE3t1zNcUmU","Q5Dnb16eDZ","H0976","R0976_1","0.0","166","321","실제 노출 로그 / 점수·순위는 실험용"
"XEeUEJKh4C0","Q5Dnb16eDZ","H0164","R0164_1","0.0","167","405","실제 노출 로그 / 점수·순위는 실험용"
"XEdCHyypbt9","Q5Dnb16eDZ","H0416","R0416_1","0.0","168","657","실제 노출 로그 / 점수·순위는 실험용"
"XEWaphYxgg1","Q5Dnb16eDZ","H0668","R0668_1","0.0","169","905","실제 노출 로그 / 점수·순위는 실험용"
"XEfkmEIg2Tr","Q5Dnb16eDZ","H0920","R0920_1","0.0","170","153","실제 노출 로그 / 점수·순위는 실험용"
"XErD4vs8mvu","Q5Dnb16eDZ","H0108","R0108_1","0.0","171","237","실제 노출 로그 / 점수·순위는 실험용"
"XEAX72QYpdT","Q5Dnb16eDZ","H0360","R0360_1","0.0","172","489","실제 노출 로그 / 점수·순위는 실험용"
"XEp2Bq40mn0","Q5Dnb16eDZ","H0612","R0612_1","0.0","173","741","실제 노출 로그 / 점수·순위는 실험용"
"XEo6P97lZdl","Q5Dnb16eDZ","H0864","R0864_1","0.0","174","985","실제 노출 로그 / 점수·순위는 실험용"
"XEDqe4pzRlD","Q5Dnb16eDZ","H0052","R0052_1","0.0","175","69","실제 노출 로그 / 점수·순위는 실험용"
"XEf2C7cbTOr","Q5Dnb16eDZ","H0051","R0051_1","0.0","176","46","실제 노출 로그 / 점수·순위는 실험용"
"XEddLyTjHex","Q5Dnb16eDZ","H0303","R0303_1","0.0","177","298","실제 노출 로그 / 점수·순위는 실험용"
"XEbVZQk7X0E","Q5Dnb16eDZ","H0555","R0555_1","0.0","178","550","실제 노출 로그 / 점수·순위는 실험용"
"XEFIIZIcqmS","Q5Dnb16eDZ","H0807","R0807_1","0.0","179","802","실제 노출 로그 / 점수·순위는 실험용"
"XE2pZVlDPln","Q5Dnb16eDZ","H0247","R0247_1","0.0","180","130","실제 노출 로그 / 점수·순위는 실험용"
"XEwnHVOT8Vt","Q5Dnb16eDZ","H0499","R0499_1","0.0","181","382","실제 노출 로그 / 점수·순위는 실험용"
"XEVTSUv6rN6","Q5Dnb16eDZ","H0751","R0751_1","0.0","182","634","실제 노출 로그 / 점수·순위는 실험용"
"XE9W5W9hVP9","Q5Dnb16eDZ","H0191","R0191_1","0.0","183","963","실제 노출 로그 / 점수·순위는 실험용"
"XEiIsSUuPyH","Q5Dnb16eDZ","H0443","R0443_1","0.0","184","214","실제 노출 로그 / 점수·순위는 실험용"
"XEstXTcrRjp","Q5Dnb16eDZ","H0695","R0695_1","0.0","185","466","실제 노출 로그 / 점수·순위는 실험용"
"XExFP1n4Qrx","Q5Dnb16eDZ","H0947","R0947_1","0.0","186","718","실제 노출 로그 / 점수·순위는 실험용"
"XEg82aa7fUE","Q5Dnb16eDZ","H0135","R0135_1","0.0","187","803","실제 노출 로그 / 점수·순위는 실험용"
"XEln1IoDPdx","Q5Dnb16eDZ","H0387","R0387_1","0.0","188","47","실제 노출 로그 / 점수·순위는 실험용"
"XEfDPcZpV3v","Q5Dnb16eDZ","H0639","R0639_1","0.0","189","299","실제 노출 로그 / 점수·순위는 실험용"
"XErpP1oWinN","Q5Dnb16eDZ","H0891","R0891_1","0.0","190","551","실제 노출 로그 / 점수·순위는 실험용"
"XEpganc0ydE","Q5Dnb16eDZ","H0079","R0079_1","0.0","191","635","실제 노출 로그 / 점수·순위는 실험용"
"XEr5TE1h6iy","Q5Dnb16eDZ","H0331","R0331_1","0.0","192","884","실제 노출 로그 / 점수·순위는 실험용"
"XEP6Oon0siV","Q5Dnb16eDZ","H0583","R0583_1","0.0","193","131","실제 노출 로그 / 점수·순위는 실험용"
"XEJriPVK2S3","Q5Dnb16eDZ","H0835","R0835_1","0.0","194","383","실제 노출 로그 / 점수·순위는 실험용"
"XEVZ5tjijPO","Q5Dnb16eDZ","H0023","R0023_1","0.0","195","467","실제 노출 로그 / 점수·순위는 실험용"
"XEN5XoGerSX","Q5Dnb16eDZ","H0275","R0275_1","0.0","196","719","실제 노출 로그 / 점수·순위는 실험용"
"XEO33F6uik2","Q5Dnb16eDZ","H0527","R0527_1","0.0","197","964","실제 노출 로그 / 점수·순위는 실험용"
"XE5xxQHvqYG","Q5Dnb16eDZ","H0779","R0779_1","0.0","198","215","실제 노출 로그 / 점수·순위는 실험용"
"XEKTE66u8Zn","Q5Dnb16eDZ","H0219","R0219_1","0.0","199","552","실제 노출 로그 / 점수·순위는 실험용"
"XEsHxskxWMf","Q5Dnb16eDZ","H0471","R0471_1","0.0","200","804","실제 노출 로그 / 점수·순위는 실험용"
"XEGouIXY3qY","Q5Dnb16eDZ","H0723","R0723_1","0.0","201","48","실제 노출 로그 / 점수·순위는 실험용"
"XEsHjU7Gy9y","Q5Dnb16eDZ","H0975","R0975_1","0.0","202","300","실제 노출 로그 / 점수·순위는 실험용"
"XEoCNmfrZyZ","Q5Dnb16eDZ","H0163","R0163_1","0.0","203","384","실제 노출 로그 / 점수·순위는 실험용"
"XEPP3SSlLmu","Q5Dnb16eDZ","H0415","R0415_1","0.0","204","636","실제 노출 로그 / 점수·순위는 실험용"
"XESVfijqpKf","Q5Dnb16eDZ","H0667","R0667_1","0.0","205","885","실제 노출 로그 / 점수·순위는 실험용"
"XElC3iCSX3l","Q5Dnb16eDZ","H0919","R0919_1","0.0","206","132","실제 노출 로그 / 점수·순위는 실험용"
"XEcjhDeoRUt","Q5Dnb16eDZ","H0107","R0107_1","0.0","207","216","실제 노출 로그 / 점수·순위는 실험용"
"XEexhhK4kFF","Q5Dnb16eDZ","H0359","R0359_1","0.0","208","468","실제 노출 로그 / 점수·순위는 실험용"
"XE0Lzzam6l7","Q5Dnb16eDZ","H0611","R0611_1","0.0","209","720","실제 노출 로그 / 점수·순위는 실험용"
"XE4vOUa44yr","Q5Dnb16eDZ","H0863","R0863_1","0.0","210","965","실제 노출 로그 / 점수·순위는 실험용"
"XEEAwfA6RoC","Q5Dnb16eDZ","H0050","R0050_1","0.0","211","25","실제 노출 로그 / 점수·순위는 실험용"
"XEax6WW7Kex","Q5Dnb16eDZ","H0302","R0302_1","0.0","212","277","실제 노출 로그 / 점수·순위는 실험용"
"XETVN5wRA5c","Q5Dnb16eDZ","H0554","R0554_1","0.0","213","529","실제 노출 로그 / 점수·순위는 실험용"
"XEtHFFWlvlb","Q5Dnb16eDZ","H0806","R0806_1","0.0","214","781","실제 노출 로그 / 점수·순위는 실험용"
"XEinec2FcR8","Q5Dnb16eDZ","H0246","R0246_1","0.0","215","109","실제 노출 로그 / 점수·순위는 실험용"
"XEzCOl3bvjn","Q5Dnb16eDZ","H0498","R0498_1","0.0","216","361","실제 노출 로그 / 점수·순위는 실험용"
"XETagNTJYal","Q5Dnb16eDZ","H0750","R0750_1","0.0","217","613","실제 노출 로그 / 점수·순위는 실험용"
"XEqtGhbHdqA","Q5Dnb16eDZ","H0190","R0190_1","0.0","218","943","실제 노출 로그 / 점수·순위는 실험용"
"XEfPaaDFvYH","Q5Dnb16eDZ","H0442","R0442_1","0.0","219","193","실제 노출 로그 / 점수·순위는 실험용"
"XEEaMBtvhUH","Q5Dnb16eDZ","H0694","R0694_1","0.0","220","445","실제 노출 로그 / 점수·순위는 실험용"
"XE4No8Fagbd","Q5Dnb16eDZ","H0946","R0946_1","0.0","221","697","실제 노출 로그 / 점수·순위는 실험용"
"XET7YEQiKff","Q5Dnb16eDZ","H0134","R0134_1","0.0","222","782","실제 노출 로그 / 점수·순위는 실험용"
"XEa8vVTvcyq","Q5Dnb16eDZ","H0386","R0386_1","0.0","223","26","실제 노출 로그 / 점수·순위는 실험용"
"XEcAYQT3DTx","Q5Dnb16eDZ","H0638","R0638_1","0.0","224","278","실제 노출 로그 / 점수·순위는 실험용"
"XE1hTFddBZo","Q5Dnb16eDZ","H0890","R0890_1","0.0","225","530","실제 노출 로그 / 점수·순위는 실험용"
"XENZ3dsxfl8","Q5Dnb16eDZ","H0078","R0078_1","0.0","226","614","실제 노출 로그 / 점수·순위는 실험용"
"XEhsDBiDprd","Q5Dnb16eDZ","H0330","R0330_1","0.0","227","864","실제 노출 로그 / 점수·순위는 실험용"
"XEkdNK7Stw6","Q5Dnb16eDZ","H0582","R0582_1","0.0","228","110","실제 노출 로그 / 점수·순위는 실험용"
"XE6Y1qWVToW","Q5Dnb16eDZ","H0834","R0834_1","0.0","229","362","실제 노출 로그 / 점수·순위는 실험용"
"XExay9Dyx6R","Q5Dnb16eDZ","H0022","R0022_1","0.0","230","446","실제 노출 로그 / 점수·순위는 실험용"
"XEaP5L2sLTz","Q5Dnb16eDZ","H0274","R0274_1","0.0","231","698","실제 노출 로그 / 점수·순위는 실험용"
"XEqIajXYO4Y","Q5Dnb16eDZ","H0526","R0526_1","0.0","232","944","실제 노출 로그 / 점수·순위는 실험용"
"XEVf0QO5urI","Q5Dnb16eDZ","H0778","R0778_1","0.0","233","194","실제 노출 로그 / 점수·순위는 실험용"
"XE73Kbgus9D","Q5Dnb16eDZ","H0218","R0218_1","0.0","234","531","실제 노출 로그 / 점수·순위는 실험용"
"XE6NBy7yM5o","Q5Dnb16eDZ","H0470","R0470_1","0.0","235","783","실제 노출 로그 / 점수·순위는 실험용"
"XEgYR6EGPAW","Q5Dnb16eDZ","H0722","R0722_1","0.0","236","27","실제 노출 로그 / 점수·순위는 실험용"
"XEBcTt6034I","Q5Dnb16eDZ","H0974","R0974_1","0.0","237","279","실제 노출 로그 / 점수·순위는 실험용"
"XED0mkEeb3a","Q5Dnb16eDZ","H0162","R0162_1","0.0","238","363","실제 노출 로그 / 점수·순위는 실험용"
"XEP0WOVWXiL","Q5Dnb16eDZ","H0414","R0414_1","0.0","239","615","실제 노출 로그 / 점수·순위는 실험용"
"XEbzY1goJFr","Q5Dnb16eDZ","H0666","R0666_1","0.0","240","865","실제 노출 로그 / 점수·순위는 실험용"
"XEl1ZyY1Rj4","Q5Dnb16eDZ","H0918","R0918_1","0.0","241","111","실제 노출 로그 / 점수·순위는 실험용"
"XEbmN6XuB4h","Q5Dnb16eDZ","H0106","R0106_1","0.0","242","195","실제 노출 로그 / 점수·순위는 실험용"
"XERf1f3jCXs","Q5Dnb16eDZ","H0358","R0358_1","0.0","243","447","실제 노출 로그 / 점수·순위는 실험용"
"XEwERy1SAr8","Q5Dnb16eDZ","H0610","R0610_1","0.0","244","699","실제 노출 로그 / 점수·순위는 실험용"
"XEQMmX2Q8PC","Q5Dnb16eDZ","H0862","R0862_1","0.0","245","945","실제 노출 로그 / 점수·순위는 실험용"
"XEsKmWGuhgZ","Q5Dnb16eDZ","H0049","R0049_1","0.0","246","4","실제 노출 로그 / 점수·순위는 실험용"
"XEi9f5QOhI5","Q5Dnb16eDZ","H0301","R0301_1","0.0","247","256","실제 노출 로그 / 점수·순위는 실험용"
"XEyzl0bJuOv","Q5Dnb16eDZ","H0553","R0553_1","0.0","248","508","실제 노출 로그 / 점수·순위는 실험용"
"XEg4wKPvk0y","Q5Dnb16eDZ","H0805","R0805_1","0.0","249","760","실제 노출 로그 / 점수·순위는 실험용"
"XEHipeNA8Vi","Q5Dnb16eDZ","H0245","R0245_1","0.0","250","88","실제 노출 로그 / 점수·순위는 실험용"
"XEnPdNb4CKL","Q5Dnb16eDZ","H0497","R0497_1","0.0","251","340","실제 노출 로그 / 점수·순위는 실험용"
"XE60kBFwaP5","Q5Dnb16eDZ","H0749","R0749_1","0.0","252","592","실제 노출 로그 / 점수·순위는 실험용"
"XEGm8e9riio","Q5Dnb16eDZ","H0189","R0189_1","0.0","253","923","실제 노출 로그 / 점수·순위는 실험용"
"XEJ6KVcBuls","Q5Dnb16eDZ","H0441","R0441_1","0.0","254","172","실제 노출 로그 / 점수·순위는 실험용"
"XE2DxT3GCYR","Q5Dnb16eDZ","H0693","R0693_1","0.0","255","424","실제 노출 로그 / 점수·순위는 실험용"
"XEm8UBgjNeB","Q5Dnb16eDZ","H0945","R0945_1","0.0","256","676","실제 노출 로그 / 점수·순위는 실험용"
"XEUv47oK69h","Q5Dnb16eDZ","H0133","R0133_1","0.0","257","761","실제 노출 로그 / 점수·순위는 실험용"
"XEP8zGvtNCH","Q5Dnb16eDZ","H0385","R0385_1","0.0","258","5","실제 노출 로그 / 점수·순위는 실험용"
"XEI7PC8YfhJ","Q5Dnb16eDZ","H0637","R0637_1","0.0","259","257","실제 노출 로그 / 점수·순위는 실험용"
"XEjsQE2ov2g","Q5Dnb16eDZ","H0889","R0889_1","0.0","260","509","실제 노출 로그 / 점수·순위는 실험용"
"XEyu5VxFOHq","Q5Dnb16eDZ","H0077","R0077_1","0.0","261","593","실제 노출 로그 / 점수·순위는 실험용"
"XE4oEAAZIuf","Q5Dnb16eDZ","H0329","R0329_1","0.0","262","844","실제 노출 로그 / 점수·순위는 실험용"
"XEJpBjkobrO","Q5Dnb16eDZ","H0581","R0581_1","0.0","263","89","실제 노출 로그 / 점수·순위는 실험용"
"XElzgUGnewA","Q5Dnb16eDZ","H0833","R0833_1","0.0","264","341","실제 노출 로그 / 점수·순위는 실험용"
"XErJ2nSja6H","Q5Dnb16eDZ","H0021","R0021_1","0.0","265","425","실제 노출 로그 / 점수·순위는 실험용"
"XEMmGZDu0WN","Q5Dnb16eDZ","H0273","R0273_1","0.0","266","677","실제 노출 로그 / 점수·순위는 실험용"
"XESZXp6aF8M","Q5Dnb16eDZ","H0525","R0525_1","0.0","267","924","실제 노출 로그 / 점수·순위는 실험용"
"XEz4VA5wMEj","Q5Dnb16eDZ","H0777","R0777_1","0.0","268","173","실제 노출 로그 / 점수·순위는 실험용"
"XEvXRbfjlMC","Q5Dnb16eDZ","H0217","R0217_1","0.0","269","510","실제 노출 로그 / 점수·순위는 실험용"
"XEDAhNQJ3kz","Q5Dnb16eDZ","H0469","R0469_1","0.0","270","762","실제 노출 로그 / 점수·순위는 실험용"
"XETdXJvxcNL","Q5Dnb16eDZ","H0721","R0721_1","0.0","271","6","실제 노출 로그 / 점수·순위는 실험용"
"XE70xsQsf4J","Q5Dnb16eDZ","H0973","R0973_1","0.0","272","258","실제 노출 로그 / 점수·순위는 실험용"
"XELKXLT8V9m","Q5Dnb16eDZ","H0161","R0161_1","0.0","273","342","실제 노출 로그 / 점수·순위는 실험용"
"XErEKRZpwUu","Q5Dnb16eDZ","H0413","R0413_1","0.0","274","594","실제 노출 로그 / 점수·순위는 실험용"
"XEDq3yM9cAE","Q5Dnb16eDZ","H0665","R0665_1","0.0","275","845","실제 노출 로그 / 점수·순위는 실험용"
"XEWxS1qjskT","Q5Dnb16eDZ","H0917","R0917_1","0.0","276","90","실제 노출 로그 / 점수·순위는 실험용"
"XEadZuCna5d","Q5Dnb16eDZ","H0105","R0105_1","0.0","277","174","실제 노출 로그 / 점수·순위는 실험용"
"XEgTZFpTAuy","Q5Dnb16eDZ","H0357","R0357_1","0.0","278","426","실제 노출 로그 / 점수·순위는 실험용"
"XEEZfdxgU8N","Q5Dnb16eDZ","H0609","R0609_1","0.0","279","678","실제 노출 로그 / 점수·순위는 실험용"
"XETtWz6xDg5","Q5Dnb16eDZ","H0861","R0861_1","0.0","280","925","실제 노출 로그 / 점수·순위는 실험용"
"XEjb8qfKFLC","Q5Dnb16eDZ","H0048","R0048_1","0.0","281","986","실제 노출 로그 / 점수·순위는 실험용"
"XEM2kOXNbnt","Q5Dnb16eDZ","H0300","R0300_1","0.0","282","238","실제 노출 로그 / 점수·순위는 실험용"
"XEEUpG3Ny2Y","Q5Dnb16eDZ","H0552","R0552_1","0.0","283","490","실제 노출 로그 / 점수·순위는 실험용"
"XEKIwWxqxMs","Q5Dnb16eDZ","H0804","R0804_1","0.0","284","742","실제 노출 로그 / 점수·순위는 실험용"
"XE25VkxAeWt","Q5Dnb16eDZ","H0244","R0244_1","0.0","285","70","실제 노출 로그 / 점수·순위는 실험용"
"XEaqzmFsGQ3","Q5Dnb16eDZ","H0496","R0496_1","0.0","286","322","실제 노출 로그 / 점수·순위는 실험용"
"XE4k7XjcM55","Q5Dnb16eDZ","H0748","R0748_1","0.0","287","574","실제 노출 로그 / 점수·순위는 실험용"
"XErZfRhk0lr","Q5Dnb16eDZ","H1000","R1000_1","0.0","288","826","실제 노출 로그 / 점수·순위는 실험용"
"XExoJkd2KQP","Q5Dnb16eDZ","H0188","R0188_1","0.0","289","906","실제 노출 로그 / 점수·순위는 실험용"
"XEps4ycZJ1R","Q5Dnb16eDZ","H0440","R0440_1","0.0","290","154","실제 노출 로그 / 점수·순위는 실험용"
"XEOBaGZOXqZ","Q5Dnb16eDZ","H0692","R0692_1","0.0","291","406","실제 노출 로그 / 점수·순위는 실험용"
"XEeFJrj8sFk","Q5Dnb16eDZ","H0944","R0944_1","0.0","292","658","실제 노출 로그 / 점수·순위는 실험용"
"XEuXov0TWN2","Q5Dnb16eDZ","H0132","R0132_1","0.0","293","743","실제 노출 로그 / 점수·순위는 실험용"
"XEBUSPSK4ur","Q5Dnb16eDZ","H0384","R0384_1","0.0","294","987","실제 노출 로그 / 점수·순위는 실험용"
"XE5hdEqQ9bu","Q5Dnb16eDZ","H0636","R0636_1","0.0","295","239","실제 노출 로그 / 점수·순위는 실험용"
"XErEFttqAaB","Q5Dnb16eDZ","H0888","R0888_1","0.0","296","491","실제 노출 로그 / 점수·순위는 실험용"
"XEM1LAdq5Hf","Q5Dnb16eDZ","H0076","R0076_1","0.0","297","575","실제 노출 로그 / 점수·순위는 실험용"
"XEOgkhL5spT","Q5Dnb16eDZ","H0328","R0328_1","0.0","298","827","실제 노출 로그 / 점수·순위는 실험용"
"XEoDP4Bvww9","Q5Dnb16eDZ","H0580","R0580_1","0.0","299","71","실제 노출 로그 / 점수·순위는 실험용"
"XEJ4Y0MjcVn","Q5Dnb16eDZ","H0832","R0832_1","0.0","300","323","실제 노출 로그 / 점수·순위는 실험용"
"XEC2AWlfPmY","Q5Dnb16eDZ","H0020","R0020_1","0.0","301","407","실제 노출 로그 / 점수·순위는 실험용"
"XEUMUuNN9Y2","Q5Dnb16eDZ","H0272","R0272_1","0.0","302","659","실제 노출 로그 / 점수·순위는 실험용"
"XEoLdVz6zJ4","Q5Dnb16eDZ","H0524","R0524_1","0.0","303","907","실제 노출 로그 / 점수·순위는 실험용"
"XEtybJHmHZ8","Q5Dnb16eDZ","H0776","R0776_1","0.0","304","155","실제 노출 로그 / 점수·순위는 실험용"
"XEN04w0cKim","Q5Dnb16eDZ","H0216","R0216_1","0.0","305","492","실제 노출 로그 / 점수·순위는 실험용"
"XEmrXvywcO8","Q5Dnb16eDZ","H0468","R0468_1","0.0","306","744","실제 노출 로그 / 점수·순위는 실험용"
"XEQ6SZchtu7","Q5Dnb16eDZ","H0720","R0720_1","0.0","307","988","실제 노출 로그 / 점수·순위는 실험용"
"XES44USfVDR","Q5Dnb16eDZ","H0972","R0972_1","0.0","308","240","실제 노출 로그 / 점수·순위는 실험용"
"XEGGxvKQ4Rw","Q5Dnb16eDZ","H0160","R0160_1","0.0","309","324","실제 노출 로그 / 점수·순위는 실험용"
"XEywi5TWLp2","Q5Dnb16eDZ","H0412","R0412_1","0.0","310","576","실제 노출 로그 / 점수·순위는 실험용"
"XEt3ahgRxxM","Q5Dnb16eDZ","H0664","R0664_1","0.0","311","828","실제 노출 로그 / 점수·순위는 실험용"
"XEazgyQmlfC","Q5Dnb16eDZ","H0916","R0916_1","0.0","312","72","실제 노출 로그 / 점수·순위는 실험용"
"XEBHwxllqFF","Q5Dnb16eDZ","H0104","R0104_1","0.0","313","156","실제 노출 로그 / 점수·순위는 실험용"
"XEZx64Bb1B5","Q5Dnb16eDZ","H0356","R0356_1","0.0","314","408","실제 노출 로그 / 점수·순위는 실험용"
"XEreSbRTzVk","Q5Dnb16eDZ","H0608","R0608_1","0.0","315","660","실제 노출 로그 / 점수·순위는 실험용"
"XEVZLa1v3q8","Q5Dnb16eDZ","H0860","R0860_1","0.0","316","908","실제 노출 로그 / 점수·순위는 실험용"
"XE9tq3QZ66V","Q5Dnb16eDZ","H0607","R0607_1","0.0","317","637","실제 노출 로그 / 점수·순위는 실험용"
"XERQvBHTL1p","Q5Dnb16eDZ","H0859","R0859_1","0.0","318","886","실제 노출 로그 / 점수·순위는 실험용"
"XEBIBJ90EHz","Q5Dnb16eDZ","H0047","R0047_1","0.0","319","966","실제 노출 로그 / 점수·순위는 실험용"
"XEpC5SKkOJr","Q5Dnb16eDZ","H0299","R0299_1","0.0","320","217","실제 노출 로그 / 점수·순위는 실험용"
"XEv3XIZR1cX","Q5Dnb16eDZ","H0551","R0551_1","0.0","321","469","실제 노출 로그 / 점수·순위는 실험용"
"XEY6NN6DrcK","Q5Dnb16eDZ","H0803","R0803_1","0.0","322","721","실제 노출 로그 / 점수·순위는 실험용"
"XE5tBoppyzB","Q5Dnb16eDZ","H0243","R0243_1","0.0","323","49","실제 노출 로그 / 점수·순위는 실험용"
"XE2nPH9ldJS","Q5Dnb16eDZ","H0495","R0495_1","0.0","324","301","실제 노출 로그 / 점수·순위는 실험용"
"XE5D29108lz","Q5Dnb16eDZ","H0747","R0747_1","0.0","325","553","실제 노출 로그 / 점수·순위는 실험용"
"XEj7wX3Hyl7","Q5Dnb16eDZ","H0999","R0999_1","0.0","326","805","실제 노출 로그 / 점수·순위는 실험용"
"XEV354dG0wQ","Q5Dnb16eDZ","H0187","R0187_1","0.0","327","887","실제 노출 로그 / 점수·순위는 실험용"
"XE5SwSRjoLt","Q5Dnb16eDZ","H0439","R0439_1","0.0","328","133","실제 노출 로그 / 점수·순위는 실험용"
"XEMLrdLI625","Q5Dnb16eDZ","H0691","R0691_1","0.0","329","385","실제 노출 로그 / 점수·순위는 실험용"
"XEwgsVcCcu4","Q5Dnb16eDZ","H0943","R0943_1","0.0","330","638","실제 노출 로그 / 점수·순위는 실험용"
"XEz8qe8mHIJ","Q5Dnb16eDZ","H0131","R0131_1","0.0","331","722","실제 노출 로그 / 점수·순위는 실험용"
"XEtiUtPvfFq","Q5Dnb16eDZ","H0383","R0383_1","0.0","332","967","실제 노출 로그 / 점수·순위는 실험용"
"XEVqaydUFJB","Q5Dnb16eDZ","H0635","R0635_1","0.0","333","218","실제 노출 로그 / 점수·순위는 실험용"
"XE0OnNldYmQ","Q5Dnb16eDZ","H0887","R0887_1","0.0","334","470","실제 노출 로그 / 점수·순위는 실험용"
"XEGXXQhuZhK","Q5Dnb16eDZ","H0075","R0075_1","0.0","335","554","실제 노출 로그 / 점수·순위는 실험용"
"XEKWcyXcGCx","Q5Dnb16eDZ","H0327","R0327_1","0.0","336","806","실제 노출 로그 / 점수·순위는 실험용"
"XEHsIHg4TOQ","Q5Dnb16eDZ","H0579","R0579_1","0.0","337","50","실제 노출 로그 / 점수·순위는 실험용"
"XE7wzGvi6PV","Q5Dnb16eDZ","H0831","R0831_1","0.0","338","302","실제 노출 로그 / 점수·순위는 실험용"
"XEZP65jvAUL","Q5Dnb16eDZ","H0019","R0019_1","0.0","339","386","실제 노출 로그 / 점수·순위는 실험용"
"XEffoGg8YzW","Q5Dnb16eDZ","H0271","R0271_1","0.0","340","639","실제 노출 로그 / 점수·순위는 실험용"
"XExXXVxR8gs","Q5Dnb16eDZ","H0523","R0523_1","0.0","341","888","실제 노출 로그 / 점수·순위는 실험용"
"XEpQGsUMZtf","Q5Dnb16eDZ","H0775","R0775_1","0.0","342","134","실제 노출 로그 / 점수·순위는 실험용"
"XE7J1U2gOty","Q5Dnb16eDZ","H0215","R0215_1","0.0","343","471","실제 노출 로그 / 점수·순위는 실험용"
"XEQHzUIV1ZT","Q5Dnb16eDZ","H0467","R0467_1","0.0","344","723","실제 노출 로그 / 점수·순위는 실험용"
"XEpFNeOoVqu","Q5Dnb16eDZ","H0719","R0719_1","0.0","345","968","실제 노출 로그 / 점수·순위는 실험용"
"XEnxOEAXxGg","Q5Dnb16eDZ","H0971","R0971_1","0.0","346","219","실제 노출 로그 / 점수·순위는 실험용"
"XE17brbquNG","Q5Dnb16eDZ","H0159","R0159_1","0.0","347","303","실제 노출 로그 / 점수·순위는 실험용"
"XEjGWy0DCOZ","Q5Dnb16eDZ","H0411","R0411_1","0.0","348","555","실제 노출 로그 / 점수·순위는 실험용"
"XEvh1dLgCP2","Q5Dnb16eDZ","H0663","R0663_1","0.0","349","807","실제 노출 로그 / 점수·순위는 실험용"
"XEwZtbvCa2P","Q5Dnb16eDZ","H0915","R0915_1","0.0","350","51","실제 노출 로그 / 점수·순위는 실험용"
"XEAInjG5FLb","Q5Dnb16eDZ","H0103","R0103_1","0.0","351","135","실제 노출 로그 / 점수·순위는 실험용"
"XEcYhkoAAch","Q5Dnb16eDZ","H0355","R0355_1","0.0","352","387","실제 노출 로그 / 점수·순위는 실험용"
"XEE6j86m9tQ","Q5Dnb16eDZ","H0102","R0102_1","0.0","353","112","실제 노출 로그 / 점수·순위는 실험용"
"XEPsw193LOc","Q5Dnb16eDZ","H0354","R0354_1","0.0","354","364","실제 노출 로그 / 점수·순위는 실험용"
"XEFGrlsk5sv","Q5Dnb16eDZ","H0606","R0606_1","0.0","355","616","실제 노출 로그 / 점수·순위는 실험용"
"XE0HE5PVvIx","Q5Dnb16eDZ","H0858","R0858_1","0.0","356","866","실제 노출 로그 / 점수·순위는 실험용"
"XEbd7bOL9yv","Q5Dnb16eDZ","H0046","R0046_1","0.0","357","946","실제 노출 로그 / 점수·순위는 실험용"
"XEhgI3vCghP","Q5Dnb16eDZ","H0298","R0298_1","0.0","358","196","실제 노출 로그 / 점수·순위는 실험용"
"XEh3nCBk9l2","Q5Dnb16eDZ","H0550","R0550_1","0.0","359","448","실제 노출 로그 / 점수·순위는 실험용"
"XEi7mR9yZTZ","Q5Dnb16eDZ","H0802","R0802_1","0.0","360","700","실제 노출 로그 / 점수·순위는 실험용"
"XEENz36gkjM","Q5Dnb16eDZ","H0242","R0242_1","0.0","361","28","실제 노출 로그 / 점수·순위는 실험용"
"XETnH1lHVWQ","Q5Dnb16eDZ","H0494","R0494_1","0.0","362","280","실제 노출 로그 / 점수·순위는 실험용"
"XEGhY3WgUp2","Q5Dnb16eDZ","H0746","R0746_1","0.0","363","532","실제 노출 로그 / 점수·순위는 실험용"
"XESbjO6ocux","Q5Dnb16eDZ","H0998","R0998_1","0.0","364","784","실제 노출 로그 / 점수·순위는 실험용"
"XEn5Eoc4bMY","Q5Dnb16eDZ","H0186","R0186_1","0.0","365","867","실제 노출 로그 / 점수·순위는 실험용"
"XEKED67pU5X","Q5Dnb16eDZ","H0438","R0438_1","0.0","366","113","실제 노출 로그 / 점수·순위는 실험용"
"XEww7MC1oQU","Q5Dnb16eDZ","H0690","R0690_1","0.0","367","365","실제 노출 로그 / 점수·순위는 실험용"
"XEDitFov6e9","Q5Dnb16eDZ","H0942","R0942_1","0.0","368","617","실제 노출 로그 / 점수·순위는 실험용"
"XE1gQo8VsMt","Q5Dnb16eDZ","H0130","R0130_1","0.0","369","701","실제 노출 로그 / 점수·순위는 실험용"
"XE8OaFMuqZH","Q5Dnb16eDZ","H0382","R0382_1","0.0","370","947","실제 노출 로그 / 점수·순위는 실험용"
"XEp1pcGgN7a","Q5Dnb16eDZ","H0634","R0634_1","0.0","371","197","실제 노출 로그 / 점수·순위는 실험용"
"XEm6q48qcXO","Q5Dnb16eDZ","H0886","R0886_1","0.0","372","449","실제 노출 로그 / 점수·순위는 실험용"
"XE4ZvUBPDJy","Q5Dnb16eDZ","H0074","R0074_1","0.0","373","533","실제 노출 로그 / 점수·순위는 실험용"
"XEMjjzsV0hY","Q5Dnb16eDZ","H0326","R0326_1","0.0","374","785","실제 노출 로그 / 점수·순위는 실험용"
"XECg5JfF2VS","Q5Dnb16eDZ","H0578","R0578_1","0.0","375","29","실제 노출 로그 / 점수·순위는 실험용"
"XEK5b69r38B","Q5Dnb16eDZ","H0830","R0830_1","0.0","376","281","실제 노출 로그 / 점수·순위는 실험용"
"XEjO06BxEn9","Q5Dnb16eDZ","H0018","R0018_1","0.0","377","366","실제 노출 로그 / 점수·순위는 실험용"
"XEQP1wbvMiC","Q5Dnb16eDZ","H0270","R0270_1","0.0","378","618","실제 노출 로그 / 점수·순위는 실험용"
"XEl9s9YLJyu","Q5Dnb16eDZ","H0522","R0522_1","0.0","379","868","실제 노출 로그 / 점수·순위는 실험용"
"XEkFtokK6tu","Q5Dnb16eDZ","H0774","R0774_1","0.0","380","114","실제 노출 로그 / 점수·순위는 실험용"
"XEfRNp32xqr","Q5Dnb16eDZ","H0214","R0214_1","0.0","381","450","실제 노출 로그 / 점수·순위는 실험용"
"XEXD1naiKwN","Q5Dnb16eDZ","H0466","R0466_1","0.0","382","702","실제 노출 로그 / 점수·순위는 실험용"
"XEQQetbNhCL","Q5Dnb16eDZ","H0718","R0718_1","0.0","383","948","실제 노출 로그 / 점수·순위는 실험용"
"XEPpsUlSUyM","Q5Dnb16eDZ","H0970","R0970_1","0.0","384","198","실제 노출 로그 / 점수·순위는 실험용"
"XEx7tkt3NXF","Q5Dnb16eDZ","H0158","R0158_1","0.0","385","282","실제 노출 로그 / 점수·순위는 실험용"
"XEBuQ6lrGGY","Q5Dnb16eDZ","H0410","R0410_1","0.0","386","534","실제 노출 로그 / 점수·순위는 실험용"
"XEAaAzKKEuB","Q5Dnb16eDZ","H0662","R0662_1","0.0","387","786","실제 노출 로그 / 점수·순위는 실험용"
"XEGfmunDDN3","Q5Dnb16eDZ","H0914","R0914_1","0.0","388","30","실제 노출 로그 / 점수·순위는 실험용"
"XEOf57t5aX9","Q5Dnb16eDZ","H0101","R0101_1","0.0","389","91","실제 노출 로그 / 점수·순위는 실험용"
"XErbOrl6VeO","Q5Dnb16eDZ","H0353","R0353_1","0.0","390","343","실제 노출 로그 / 점수·순위는 실험용"
"XE3p7F5d7JI","Q5Dnb16eDZ","H0605","R0605_1","0.0","391","595","실제 노출 로그 / 점수·순위는 실험용"
"XEY5oRDhy5j","Q5Dnb16eDZ","H0857","R0857_1","0.0","392","846","실제 노출 로그 / 점수·순위는 실험용"
"XE2eNh2okF6","Q5Dnb16eDZ","H0045","R0045_1","0.0","393","926","실제 노출 로그 / 점수·순위는 실험용"
"XEbirjAB4V1","Q5Dnb16eDZ","H0297","R0297_1","0.0","394","175","실제 노출 로그 / 점수·순위는 실험용"
"XE205clD7kH","Q5Dnb16eDZ","H0549","R0549_1","0.0","395","427","실제 노출 로그 / 점수·순위는 실험용"
"XEcWDJ7YWi5","Q5Dnb16eDZ","H0801","R0801_1","0.0","396","679","실제 노출 로그 / 점수·순위는 실험용"
"XEQsQETZ8jo","Q5Dnb16eDZ","H0241","R0241_1","0.0","397","7","실제 노출 로그 / 점수·순위는 실험용"
"XE4paCIaF42","Q5Dnb16eDZ","H0493","R0493_1","0.0","398","259","실제 노출 로그 / 점수·순위는 실험용"
"XExW8ISVHL8","Q5Dnb16eDZ","H0745","R0745_1","0.0","399","511","실제 노출 로그 / 점수·순위는 실험용"
"XEUEq890Ec4","Q5Dnb16eDZ","H0997","R0997_1","0.0","400","763","실제 노출 로그 / 점수·순위는 실험용"
"XEXlNgOFpk2","Q5Dnb16eDZ","H0185","R0185_1","0.0","401","847","실제 노출 로그 / 점수·순위는 실험용"
"XE91xCkROeF","Q5Dnb16eDZ","H0437","R0437_1","0.0","402","92","실제 노출 로그 / 점수·순위는 실험용"
"XE5wAETV64l","Q5Dnb16eDZ","H0689","R0689_1","0.0","403","344","실제 노출 로그 / 점수·순위는 실험용"
"XElgf81TqBb","Q5Dnb16eDZ","H0941","R0941_1","0.0","404","596","실제 노출 로그 / 점수·순위는 실험용"
"XEQmY7m26nb","Q5Dnb16eDZ","H0129","R0129_1","0.0","405","680","실제 노출 로그 / 점수·순위는 실험용"
"XEs560VeZc9","Q5Dnb16eDZ","H0381","R0381_1","0.0","406","927","실제 노출 로그 / 점수·순위는 실험용"
"XEKye0kOVJ1","Q5Dnb16eDZ","H0633","R0633_1","0.0","407","176","실제 노출 로그 / 점수·순위는 실험용"
"XEe3i3RlGk1","Q5Dnb16eDZ","H0885","R0885_1","0.0","408","428","실제 노출 로그 / 점수·순위는 실험용"
"XERdN7D2wkl","Q5Dnb16eDZ","H0073","R0073_1","0.0","409","512","실제 노출 로그 / 점수·순위는 실험용"
"XEqVerPFK0o","Q5Dnb16eDZ","H0325","R0325_1","0.0","410","764","실제 노출 로그 / 점수·순위는 실험용"
"XErYiBcBLXG","Q5Dnb16eDZ","H0577","R0577_1","0.0","411","8","실제 노출 로그 / 점수·순위는 실험용"
"XEbxFTeAPRO","Q5Dnb16eDZ","H0829","R0829_1","0.0","412","260","실제 노출 로그 / 점수·순위는 실험용"
"XEz3bUbg3H8","Q5Dnb16eDZ","H0017","R0017_1","0.0","413","345","실제 노출 로그 / 점수·순위는 실험용"
"XEnjSNgAjJ5","Q5Dnb16eDZ","H0269","R0269_1","0.0","414","597","실제 노출 로그 / 점수·순위는 실험용"
"XEWc5vWQP2Y","Q5Dnb16eDZ","H0521","R0521_1","0.0","415","848","실제 노출 로그 / 점수·순위는 실험용"
"XERd6la9rUH","Q5Dnb16eDZ","H0773","R0773_1","0.0","416","93","실제 노출 로그 / 점수·순위는 실험용"
"XEyWn071NkM","Q5Dnb16eDZ","H0213","R0213_1","0.0","417","429","실제 노출 로그 / 점수·순위는 실험용"
"XE4zvmvZWw5","Q5Dnb16eDZ","H0465","R0465_1","0.0","418","681","실제 노출 로그 / 점수·순위는 실험용"
"XEj2EEd0pFx","Q5Dnb16eDZ","H0717","R0717_1","0.0","419","928","실제 노출 로그 / 점수·순위는 실험용"
"XEInSm6jl1C","Q5Dnb16eDZ","H0969","R0969_1","0.0","420","177","실제 노출 로그 / 점수·순위는 실험용"
"XEjyXQrVONV","Q5Dnb16eDZ","H0157","R0157_1","0.0","421","261","실제 노출 로그 / 점수·순위는 실험용"
"XE68QECE4JV","Q5Dnb16eDZ","H0409","R0409_1","0.0","422","513","실제 노출 로그 / 점수·순위는 실험용"
"XE36b4p9PyE","Q5Dnb16eDZ","H0661","R0661_1","0.0","423","765","실제 노출 로그 / 점수·순위는 실험용"
"XEVK7QACqC7","Q5Dnb16eDZ","H0913","R0913_1","0.0","424","9","실제 노출 로그 / 점수·순위는 실험용"
"XEAYloyH5oe","Q5Dnb16eDZ","H0100","R0100_1","0.0","425","73","실제 노출 로그 / 점수·순위는 실험용"
"XELdsEA484v","Q5Dnb16eDZ","H0352","R0352_1","0.0","426","325","실제 노출 로그 / 점수·순위는 실험용"
"XESwheY8CLU","Q5Dnb16eDZ","H0604","R0604_1","0.0","427","577","실제 노출 로그 / 점수·순위는 실험용"
"XEHfp2D9kED","Q5Dnb16eDZ","H0856","R0856_1","0.0","428","829","실제 노출 로그 / 점수·순위는 실험용"
"XEQT85F5d2v","Q5Dnb16eDZ","H0044","R0044_1","0.0","429","909","실제 노출 로그 / 점수·순위는 실험용"
"XEo8FXuJh2f","Q5Dnb16eDZ","H0296","R0296_1","0.0","430","157","실제 노출 로그 / 점수·순위는 실험용"
"XE8LhEOU2ds","Q5Dnb16eDZ","H0548","R0548_1","0.0","431","409","실제 노출 로그 / 점수·순위는 실험용"
"XE7BLGbNAUp","Q5Dnb16eDZ","H0800","R0800_1","0.0","432","661","실제 노출 로그 / 점수·순위는 실험용"
"XEnPlk72lJc","Q5Dnb16eDZ","H0240","R0240_1","0.0","433","989","실제 노출 로그 / 점수·순위는 실험용"
"XE6lVBDoKOJ","Q5Dnb16eDZ","H0492","R0492_1","0.0","434","241","실제 노출 로그 / 점수·순위는 실험용"
"XEPapIhvCCz","Q5Dnb16eDZ","H0744","R0744_1","0.0","435","493","실제 노출 로그 / 점수·순위는 실험용"
"XEKrIvQuE7X","Q5Dnb16eDZ","H0996","R0996_1","0.0","436","745","실제 노출 로그 / 점수·순위는 실험용"
"XEI29P08hk0","Q5Dnb16eDZ","H0184","R0184_1","0.0","437","830","실제 노출 로그 / 점수·순위는 실험용"
"XE7F0CR8K6K","Q5Dnb16eDZ","H0436","R0436_1","0.0","438","74","실제 노출 로그 / 점수·순위는 실험용"
"XEXKBy57WF0","Q5Dnb16eDZ","H0688","R0688_1","0.0","439","326","실제 노출 로그 / 점수·순위는 실험용"
"XEbQoVXFvi0","Q5Dnb16eDZ","H0940","R0940_1","0.0","440","578","실제 노출 로그 / 점수·순위는 실험용"
"XESGg0X6ZDz","Q5Dnb16eDZ","H0128","R0128_1","0.0","441","662","실제 노출 로그 / 점수·순위는 실험용"
"XECk0O1Aq3m","Q5Dnb16eDZ","H0380","R0380_1","0.0","442","910","실제 노출 로그 / 점수·순위는 실험용"
"XEZeCodplCf","Q5Dnb16eDZ","H0632","R0632_1","0.0","443","158","실제 노출 로그 / 점수·순위는 실험용"
"XEPqti1kLXi","Q5Dnb16eDZ","H0884","R0884_1","0.0","444","410","실제 노출 로그 / 점수·순위는 실험용"
"XEIwSvETRKp","Q5Dnb16eDZ","H0072","R0072_1","0.0","445","494","실제 노출 로그 / 점수·순위는 실험용"
"XEHjI4kVrNL","Q5Dnb16eDZ","H0324","R0324_1","0.0","446","746","실제 노출 로그 / 점수·순위는 실험용"
"XEIED2u8sPM","Q5Dnb16eDZ","H0576","R0576_1","0.0","447","990","실제 노출 로그 / 점수·순위는 실험용"
"XEcXGHOL6fx","Q5Dnb16eDZ","H0828","R0828_1","0.0","448","242","실제 노출 로그 / 점수·순위는 실험용"
"XEbry0Hde1b","Q5Dnb16eDZ","H0016","R0016_1","0.0","449","327","실제 노출 로그 / 점수·순위는 실험용"
"XEvo31IKwUd","Q5Dnb16eDZ","H0268","R0268_1","0.0","450","579","실제 노출 로그 / 점수·순위는 실험용"
"XEjiWF3984Y","Q5Dnb16eDZ","H0520","R0520_1","0.0","451","831","실제 노출 로그 / 점수·순위는 실험용"
"XEs4ANLdsH4","Q5Dnb16eDZ","H0772","R0772_1","0.0","452","75","실제 노출 로그 / 점수·순위는 실험용"
"XEfbqqoGxOX","Q5Dnb16eDZ","H0212","R0212_1","0.0","453","411","실제 노출 로그 / 점수·순위는 실험용"
"XEtlKIBJn6c","Q5Dnb16eDZ","H0464","R0464_1","0.0","454","663","실제 노출 로그 / 점수·순위는 실험용"
"XE89moZ1d6V","Q5Dnb16eDZ","H0716","R0716_1","0.0","455","911","실제 노출 로그 / 점수·순위는 실험용"
"XEYCtjTRTzS","Q5Dnb16eDZ","H0968","R0968_1","0.0","456","159","실제 노출 로그 / 점수·순위는 실험용"
"XE22x0UWWyV","Q5Dnb16eDZ","H0156","R0156_1","0.0","457","243","실제 노출 로그 / 점수·순위는 실험용"
"XEphEEJtBc6","Q5Dnb16eDZ","H0408","R0408_1","0.0","458","495","실제 노출 로그 / 점수·순위는 실험용"
"XE497TM2KOi","Q5Dnb16eDZ","H0660","R0660_1","0.0","459","747","실제 노출 로그 / 점수·순위는 실험용"
"XEe554aCd8G","Q5Dnb16eDZ","H0912","R0912_1","0.0","460","991","실제 노출 로그 / 점수·순위는 실험용"
"XESMobE6oAY","Q5Dnb16eDZ","H0099","R0099_1","0.0","461","52","실제 노출 로그 / 점수·순위는 실험용"
"XEGcA3LULRo","Q5Dnb16eDZ","H0351","R0351_1","0.0","462","304","실제 노출 로그 / 점수·순위는 실험용"
"XElZ6Yy8z7c","Q5Dnb16eDZ","H0603","R0603_1","0.0","463","556","실제 노출 로그 / 점수·순위는 실험용"
"XEWOVE1khJd","Q5Dnb16eDZ","H0855","R0855_1","0.0","464","808","실제 노출 로그 / 점수·순위는 실험용"
"XEkvORDSXTS","Q5Dnb16eDZ","H0043","R0043_1","0.0","465","889","실제 노출 로그 / 점수·순위는 실험용"
"XEjA7EC3BMK","Q5Dnb16eDZ","H0295","R0295_1","0.0","466","136","실제 노출 로그 / 점수·순위는 실험용"
"XEe3e4si6KH","Q5Dnb16eDZ","H0547","R0547_1","0.0","467","388","실제 노출 로그 / 점수·순위는 실험용"
"XEmqXKlDQNJ","Q5Dnb16eDZ","H0799","R0799_1","0.0","468","640","실제 노출 로그 / 점수·순위는 실험용"
"XEMC3O8apUS","Q5Dnb16eDZ","H0239","R0239_1","0.0","469","969","실제 노출 로그 / 점수·순위는 실험용"
"XEKp8E8br7U","Q5Dnb16eDZ","H0491","R0491_1","0.0","470","220","실제 노출 로그 / 점수·순위는 실험용"
"XEOv9GksDhZ","Q5Dnb16eDZ","H0743","R0743_1","0.0","471","472","실제 노출 로그 / 점수·순위는 실험용"
"XEUcj2K897L","Q5Dnb16eDZ","H0995","R0995_1","0.0","472","724","실제 노출 로그 / 점수·순위는 실험용"
"XE1JI7jS8fZ","Q5Dnb16eDZ","H0183","R0183_1","0.0","473","809","실제 노출 로그 / 점수·순위는 실험용"
"XEN9PDAUcQx","Q5Dnb16eDZ","H0435","R0435_1","0.0","474","53","실제 노출 로그 / 점수·순위는 실험용"
"XEugpZdaP6d","Q5Dnb16eDZ","H0687","R0687_1","0.0","475","305","실제 노출 로그 / 점수·순위는 실험용"
"XEsGqJTpzE8","Q5Dnb16eDZ","H0939","R0939_1","0.0","476","557","실제 노출 로그 / 점수·순위는 실험용"
"XEmkFE6RxL9","Q5Dnb16eDZ","H0127","R0127_1","0.0","477","641","실제 노출 로그 / 점수·순위는 실험용"
"XE2vhBV0jJH","Q5Dnb16eDZ","H0379","R0379_1","0.0","478","890","실제 노출 로그 / 점수·순위는 실험용"
"XEj2YJVHVr2","Q5Dnb16eDZ","H0631","R0631_1","0.0","479","137","실제 노출 로그 / 점수·순위는 실험용"
"XE3Rlaogs4g","Q5Dnb16eDZ","H0883","R0883_1","0.0","480","389","실제 노출 로그 / 점수·순위는 실험용"
"XEmTN8DzKuX","Q5Dnb16eDZ","H0071","R0071_1","0.0","481","473","실제 노출 로그 / 점수·순위는 실험용"
"XEYyjIoYOZ2","Q5Dnb16eDZ","H0323","R0323_1","0.0","482","725","실제 노출 로그 / 점수·순위는 실험용"
"XETRz14zF9N","Q5Dnb16eDZ","H0575","R0575_1","0.0","483","970","실제 노출 로그 / 점수·순위는 실험용"
"XEMkaRXyBZi","Q5Dnb16eDZ","H0827","R0827_1","0.0","484","221","실제 노출 로그 / 점수·순위는 실험용"
"XEGxYBHbdLi","Q5Dnb16eDZ","H0015","R0015_1","0.0","485","306","실제 노출 로그 / 점수·순위는 실험용"
"XESZah2cNe6","Q5Dnb16eDZ","H0267","R0267_1","0.0","486","558","실제 노출 로그 / 점수·순위는 실험용"
"XEvqTqY6Kji","Q5Dnb16eDZ","H0519","R0519_1","0.0","487","810","실제 노출 로그 / 점수·순위는 실험용"
"XEevXOhm930","Q5Dnb16eDZ","H0771","R0771_1","0.0","488","54","실제 노출 로그 / 점수·순위는 실험용"
"XEGT176VZeQ","Q5Dnb16eDZ","H0211","R0211_1","0.0","489","390","실제 노출 로그 / 점수·순위는 실험용"
"XEmXF9e3RuQ","Q5Dnb16eDZ","H0463","R0463_1","0.0","490","642","실제 노출 로그 / 점수·순위는 실험용"
"XEefV5C01CE","Q5Dnb16eDZ","H0715","R0715_1","0.0","491","891","실제 노출 로그 / 점수·순위는 실험용"
"XEooCFxsJUe","Q5Dnb16eDZ","H0967","R0967_1","0.0","492","138","실제 노출 로그 / 점수·순위는 실험용"
"XEkqLidQZ3K","Q5Dnb16eDZ","H0155","R0155_1","0.0","493","222","실제 노출 로그 / 점수·순위는 실험용"
"XEsF4PO6qq8","Q5Dnb16eDZ","H0407","R0407_1","0.0","494","474","실제 노출 로그 / 점수·순위는 실험용"
"XEPXVLSrRAO","Q5Dnb16eDZ","H0659","R0659_1","0.0","495","726","실제 노출 로그 / 점수·순위는 실험용"
"XESrasRJAof","Q5Dnb16eDZ","H0911","R0911_1","0.0","496","971","실제 노출 로그 / 점수·순위는 실험용"
"XE2jYsIMpnj","Q5Dnb16eDZ","H0910","R0910_1","0.0","497","949","실제 노출 로그 / 점수·순위는 실험용"
"XEv9akzDZMy","Q5Dnb16eDZ","H0098","R0098_1","0.0","498","31","실제 노출 로그 / 점수·순위는 실험용"
"XEKJqCSzUbs","Q5Dnb16eDZ","H0350","R0350_1","0.0","499","283","실제 노출 로그 / 점수·순위는 실험용"
"XE4QSiENDxq","Q5Dnb16eDZ","H0602","R0602_1","0.0","500","535","실제 노출 로그 / 점수·순위는 실험용"
"XEg8smy5ggQ","Q5Dnb16eDZ","H0854","R0854_1","0.0","501","787","실제 노출 로그 / 점수·순위는 실험용"
"XEkV6ZjyCFN","Q5Dnb16eDZ","H0042","R0042_1","0.0","502","869","실제 노출 로그 / 점수·순위는 실험용"
"XE5U55ic3uW","Q5Dnb16eDZ","H0294","R0294_1","0.0","503","115","실제 노출 로그 / 점수·순위는 실험용"
"XE4uqKgN07a","Q5Dnb16eDZ","H0546","R0546_1","0.0","504","367","실제 노출 로그 / 점수·순위는 실험용"
"XEJkJa4TvMJ","Q5Dnb16eDZ","H0798","R0798_1","0.0","505","619","실제 노출 로그 / 점수·순위는 실험용"
"XEw9vW6c8rU","Q5Dnb16eDZ","H0238","R0238_1","0.0","506","950","실제 노출 로그 / 점수·순위는 실험용"
"XEE4gYXK8cQ","Q5Dnb16eDZ","H0490","R0490_1","0.0","507","199","실제 노출 로그 / 점수·순위는 실험용"
"XECUm7BXdUA","Q5Dnb16eDZ","H0742","R0742_1","0.0","508","451","실제 노출 로그 / 점수·순위는 실험용"
"XEhdqNhBURx","Q5Dnb16eDZ","H0994","R0994_1","0.0","509","703","실제 노출 로그 / 점수·순위는 실험용"
"XEEJsqTRpTs","Q5Dnb16eDZ","H0182","R0182_1","0.0","510","788","실제 노출 로그 / 점수·순위는 실험용"
"XESN4cFz9Ow","Q5Dnb16eDZ","H0434","R0434_1","0.0","511","32","실제 노출 로그 / 점수·순위는 실험용"
"XEgCPsaoURm","Q5Dnb16eDZ","H0686","R0686_1","0.0","512","284","실제 노출 로그 / 점수·순위는 실험용"
"XET1Q21pyan","Q5Dnb16eDZ","H0938","R0938_1","0.0","513","536","실제 노출 로그 / 점수·순위는 실험용"
"XEvMTL0ZzuR","Q5Dnb16eDZ","H0126","R0126_1","0.0","514","620","실제 노출 로그 / 점수·순위는 실험용"
"XEukyKxfujd","Q5Dnb16eDZ","H0378","R0378_1","0.0","515","870","실제 노출 로그 / 점수·순위는 실험용"
"XE3gS8evBpT","Q5Dnb16eDZ","H0630","R0630_1","0.0","516","116","실제 노출 로그 / 점수·순위는 실험용"
"XE5j5l21fo1","Q5Dnb16eDZ","H0882","R0882_1","0.0","517","368","실제 노출 로그 / 점수·순위는 실험용"
"XE5a77O1fbB","Q5Dnb16eDZ","H0070","R0070_1","0.0","518","452","실제 노출 로그 / 점수·순위는 실험용"
"XEG0DLTlq2z","Q5Dnb16eDZ","H0322","R0322_1","0.0","519","704","실제 노출 로그 / 점수·순위는 실험용"
"XERE2eno2HZ","Q5Dnb16eDZ","H0574","R0574_1","0.0","520","951","실제 노출 로그 / 점수·순위는 실험용"
"XEuD2S5eON3","Q5Dnb16eDZ","H0826","R0826_1","0.0","521","200","실제 노출 로그 / 점수·순위는 실험용"
"XEYCpU9fkpf","Q5Dnb16eDZ","H0014","R0014_1","0.0","522","285","실제 노출 로그 / 점수·순위는 실험용"
"XE7XUCourwI","Q5Dnb16eDZ","H0266","R0266_1","0.0","523","537","실제 노출 로그 / 점수·순위는 실험용"
"XEGv3hY9uaq","Q5Dnb16eDZ","H0518","R0518_1","0.0","524","789","실제 노출 로그 / 점수·순위는 실험용"
"XEv8vQDDB94","Q5Dnb16eDZ","H0770","R0770_1","0.0","525","33","실제 노출 로그 / 점수·순위는 실험용"
"XEWLUHkhlKR","Q5Dnb16eDZ","H0210","R0210_1","0.0","526","369","실제 노출 로그 / 점수·순위는 실험용"
"XE0SZcTpTsu","Q5Dnb16eDZ","H0462","R0462_1","0.0","527","621","실제 노출 로그 / 점수·순위는 실험용"
"XEOpAUw3HjP","Q5Dnb16eDZ","H0714","R0714_1","0.0","528","871","실제 노출 로그 / 점수·순위는 실험용"
"XE0rToHWvWK","Q5Dnb16eDZ","H0966","R0966_1","0.0","529","117","실제 노출 로그 / 점수·순위는 실험용"
"XEppfAdkaqY","Q5Dnb16eDZ","H0154","R0154_1","0.0","530","201","실제 노출 로그 / 점수·순위는 실험용"
"XEmAJKIDm1i","Q5Dnb16eDZ","H0406","R0406_1","0.0","531","453","실제 노출 로그 / 점수·순위는 실험용"
"XEudRj7K1MZ","Q5Dnb16eDZ","H0658","R0658_1","0.0","532","705","실제 노출 로그 / 점수·순위는 실험용"
"XEOiXltiVpe","Q5Dnb16eDZ","H0405","R0405_1","0.0","533","430","실제 노출 로그 / 점수·순위는 실험용"
"XEViWI2nLim","Q5Dnb16eDZ","H0657","R0657_1","0.0","534","682","실제 노출 로그 / 점수·순위는 실험용"
"XEKUPMQzBwJ","Q5Dnb16eDZ","H0909","R0909_1","0.0","535","929","실제 노출 로그 / 점수·순위는 실험용"
"XETL55e4l1w","Q5Dnb16eDZ","H0097","R0097_1","0.0","536","10","실제 노출 로그 / 점수·순위는 실험용"
"XExte45SyNT","Q5Dnb16eDZ","H0349","R0349_1","0.0","537","262","실제 노출 로그 / 점수·순위는 실험용"
"XE5AtxquWJb","Q5Dnb16eDZ","H0601","R0601_1","0.0","538","514","실제 노출 로그 / 점수·순위는 실험용"
"XEkYSdvxEkp","Q5Dnb16eDZ","H0853","R0853_1","0.0","539","766","실제 노출 로그 / 점수·순위는 실험용"
"XEbvuy95PcQ","Q5Dnb16eDZ","H0041","R0041_1","0.0","540","849","실제 노출 로그 / 점수·순위는 실험용"
"XEirzYdyp7r","Q5Dnb16eDZ","H0293","R0293_1","0.0","541","94","실제 노출 로그 / 점수·순위는 실험용"
"XE0s3M2jmaV","Q5Dnb16eDZ","H0545","R0545_1","0.0","542","346","실제 노출 로그 / 점수·순위는 실험용"
"XEXV9Zay8W6","Q5Dnb16eDZ","H0797","R0797_1","0.0","543","598","실제 노출 로그 / 점수·순위는 실험용"
"XEbUP6drFX9","Q5Dnb16eDZ","H0237","R0237_1","0.0","544","930","실제 노출 로그 / 점수·순위는 실험용"
"XEeizJvszuU","Q5Dnb16eDZ","H0489","R0489_1","0.0","545","178","실제 노출 로그 / 점수·순위는 실험용"
"XEYF2g6RLN6","Q5Dnb16eDZ","H0741","R0741_1","0.0","546","431","실제 노출 로그 / 점수·순위는 실험용"
"XE3cTgxN0jP","Q5Dnb16eDZ","H0993","R0993_1","0.0","547","683","실제 노출 로그 / 점수·순위는 실험용"
"XERqU130D24","Q5Dnb16eDZ","H0181","R0181_1","0.0","548","767","실제 노출 로그 / 점수·순위는 실험용"
"XESjW6N9yJ8","Q5Dnb16eDZ","H0433","R0433_1","0.0","549","11","실제 노출 로그 / 점수·순위는 실험용"
"XE4T0q0xNNs","Q5Dnb16eDZ","H0685","R0685_1","0.0","550","263","실제 노출 로그 / 점수·순위는 실험용"
"XEySOokFriw","Q5Dnb16eDZ","H0937","R0937_1","0.0","551","515","실제 노출 로그 / 점수·순위는 실험용"
"XEoz2SIRHnc","Q5Dnb16eDZ","H0125","R0125_1","0.0","552","599","실제 노출 로그 / 점수·순위는 실험용"
"XEmg0NpidB7","Q5Dnb16eDZ","H0377","R0377_1","0.0","553","850","실제 노출 로그 / 점수·순위는 실험용"
"XEpElTRmKcI","Q5Dnb16eDZ","H0629","R0629_1","0.0","554","95","실제 노출 로그 / 점수·순위는 실험용"
"XEQhTq2ijuo","Q5Dnb16eDZ","H0881","R0881_1","0.0","555","347","실제 노출 로그 / 점수·순위는 실험용"
"XE1Pg843yxr","Q5Dnb16eDZ","H0069","R0069_1","0.0","556","432","실제 노출 로그 / 점수·순위는 실험용"
"XEvta20iG6O","Q5Dnb16eDZ","H0321","R0321_1","0.0","557","684","실제 노출 로그 / 점수·순위는 실험용"
"XECJ5hu2ez1","Q5Dnb16eDZ","H0573","R0573_1","0.0","558","931","실제 노출 로그 / 점수·순위는 실험용"
"XE3aiuDVUnT","Q5Dnb16eDZ","H0825","R0825_1","0.0","559","179","실제 노출 로그 / 점수·순위는 실험용"
"XEz6XEAjtNo","Q5Dnb16eDZ","H0013","R0013_1","0.0","560","264","실제 노출 로그 / 점수·순위는 실험용"
"XE9CAW652pS","Q5Dnb16eDZ","H0265","R0265_1","0.0","561","516","실제 노출 로그 / 점수·순위는 실험용"
"XEHSNbOnURp","Q5Dnb16eDZ","H0517","R0517_1","0.0","562","768","실제 노출 로그 / 점수·순위는 실험용"
"XEXPDepRGTC","Q5Dnb16eDZ","H0769","R0769_1","0.0","563","12","실제 노출 로그 / 점수·순위는 실험용"
"XEvHISq8l4t","Q5Dnb16eDZ","H0209","R0209_1","0.0","564","348","실제 노출 로그 / 점수·순위는 실험용"
"XECM4vmS1Gl","Q5Dnb16eDZ","H0461","R0461_1","0.0","565","600","실제 노출 로그 / 점수·순위는 실험용"
"XE3w55fuBd1","Q5Dnb16eDZ","H0713","R0713_1","0.0","566","851","실제 노출 로그 / 점수·순위는 실험용"
"XEfzLzleWHG","Q5Dnb16eDZ","H0965","R0965_1","0.0","567","96","실제 노출 로그 / 점수·순위는 실험용"
"XEXew43Kujc","Q5Dnb16eDZ","H0153","R0153_1","0.0","568","180","실제 노출 로그 / 점수·순위는 실험용"
"XEcaPOpwwfG","Q5Dnb16eDZ","H0152","R0152_1","0.0","569","160","실제 노출 로그 / 점수·순위는 실험용"
"XEx5bVpCkaD","Q5Dnb16eDZ","H0404","R0404_1","0.0","570","412","실제 노출 로그 / 점수·순위는 실험용"
"XEDKA8fHQqN","Q5Dnb16eDZ","H0656","R0656_1","0.0","571","664","실제 노출 로그 / 점수·순위는 실험용"
"XExVK76W7fX","Q5Dnb16eDZ","H0908","R0908_1","0.0","572","912","실제 노출 로그 / 점수·순위는 실험용"
"XEi9TsNLVs6","Q5Dnb16eDZ","H0096","R0096_1","0.0","573","992","실제 노출 로그 / 점수·순위는 실험용"
"XE92qsQ5VJb","Q5Dnb16eDZ","H0348","R0348_1","0.0","574","244","실제 노출 로그 / 점수·순위는 실험용"
"XEZVxd87reI","Q5Dnb16eDZ","H0600","R0600_1","0.0","575","496","실제 노출 로그 / 점수·순위는 실험용"
"XEMyK62Q5z1","Q5Dnb16eDZ","H0852","R0852_1","0.0","576","748","실제 노출 로그 / 점수·순위는 실험용"
"XEUxp7B0Fbq","Q5Dnb16eDZ","H0040","R0040_1","0.0","577","832","실제 노출 로그 / 점수·순위는 실험용"
"XEzyCFm88KV","Q5Dnb16eDZ","H0292","R0292_1","0.0","578","76","실제 노출 로그 / 점수·순위는 실험용"
"XEPmmZ1z27h","Q5Dnb16eDZ","H0544","R0544_1","0.0","579","328","실제 노출 로그 / 점수·순위는 실험용"
"XEUwm5vL2oh","Q5Dnb16eDZ","H0796","R0796_1","0.0","580","580","실제 노출 로그 / 점수·순위는 실험용"
"XEUitqd6kch","Q5Dnb16eDZ","H0236","R0236_1","0.0","581","913","실제 노출 로그 / 점수·순위는 실험용"
"XEX5dm8Q1bV","Q5Dnb16eDZ","H0488","R0488_1","0.0","582","161","실제 노출 로그 / 점수·순위는 실험용"
"XEC2KkIIXda","Q5Dnb16eDZ","H0740","R0740_1","0.0","583","413","실제 노출 로그 / 점수·순위는 실험용"
"XEdjrcSdoux","Q5Dnb16eDZ","H0992","R0992_1","0.0","584","665","실제 노출 로그 / 점수·순위는 실험용"
"XEQDvVzWjFT","Q5Dnb16eDZ","H0180","R0180_1","0.0","585","749","실제 노출 로그 / 점수·순위는 실험용"
"XEd069dSLQs","Q5Dnb16eDZ","H0432","R0432_1","0.0","586","993","실제 노출 로그 / 점수·순위는 실험용"
"XEjz4ZFJImm","Q5Dnb16eDZ","H0684","R0684_1","0.0","587","245","실제 노출 로그 / 점수·순위는 실험용"
"XE3TO7rHXfz","Q5Dnb16eDZ","H0936","R0936_1","0.0","588","497","실제 노출 로그 / 점수·순위는 실험용"
"XEN2BRQojjE","Q5Dnb16eDZ","H0124","R0124_1","0.0","589","581","실제 노출 로그 / 점수·순위는 실험용"
"XE0053PUznM","Q5Dnb16eDZ","H0376","R0376_1","0.0","590","833","실제 노출 로그 / 점수·순위는 실험용"
"XE6WPxSJ7We","Q5Dnb16eDZ","H0628","R0628_1","0.0","591","77","실제 노출 로그 / 점수·순위는 실험용"
"XE03IZoiTVC","Q5Dnb16eDZ","H0880","R0880_1","0.0","592","329","실제 노출 로그 / 점수·순위는 실험용"
"XEJRZrtc59Z","Q5Dnb16eDZ","H0068","R0068_1","0.0","593","414","실제 노출 로그 / 점수·순위는 실험용"
"XE1OxI3T6Oy","Q5Dnb16eDZ","H0320","R0320_1","0.0","594","666","실제 노출 로그 / 점수·순위는 실험용"
"XEz39WqT0IH","Q5Dnb16eDZ","H0572","R0572_1","0.0","595","914","실제 노출 로그 / 점수·순위는 실험용"
"XEiRdzyuPoY","Q5Dnb16eDZ","H0824","R0824_1","0.0","596","162","실제 노출 로그 / 점수·순위는 실험용"
"XEg6SpEzHxI","Q5Dnb16eDZ","H0012","R0012_1","0.0","597","246","실제 노출 로그 / 점수·순위는 실험용"
"XE7uRW6By0G","Q5Dnb16eDZ","H0264","R0264_1","0.0","598","498","실제 노출 로그 / 점수·순위는 실험용"
"XECwmFcc771","Q5Dnb16eDZ","H0516","R0516_1","0.0","599","750","실제 노출 로그 / 점수·순위는 실험용"
"XEld3lVFYiW","Q5Dnb16eDZ","H0768","R0768_1","0.0","600","994","실제 노출 로그 / 점수·순위는 실험용"
"XEu4E3P1l0z","Q5Dnb16eDZ","H0208","R0208_1","0.0","601","330","실제 노출 로그 / 점수·순위는 실험용"
"XEl2s1sYcVw","Q5Dnb16eDZ","H0460","R0460_1","0.0","602","582","실제 노출 로그 / 점수·순위는 실험용"
"XEMxg9sHpED","Q5Dnb16eDZ","H0712","R0712_1","0.0","603","834","실제 노출 로그 / 점수·순위는 실험용"
"XETNR1zM6B4","Q5Dnb16eDZ","H0964","R0964_1","0.0","604","78","실제 노출 로그 / 점수·순위는 실험용"
"XEywGRgnzQ5","Q5Dnb16eDZ","H0151","R0151_1","0.0","605","139","실제 노출 로그 / 점수·순위는 실험용"
"XEOYTdYmWRc","Q5Dnb16eDZ","H0403","R0403_1","0.0","606","391","실제 노출 로그 / 점수·순위는 실험용"
"XEH6ovXnf6k","Q5Dnb16eDZ","H0655","R0655_1","0.0","607","643","실제 노출 로그 / 점수·순위는 실험용"
"XE2MhdrpgG6","Q5Dnb16eDZ","H0907","R0907_1","0.0","608","892","실제 노출 로그 / 점수·순위는 실험용"
"XE2lkmfp352","Q5Dnb16eDZ","H0095","R0095_1","0.0","609","972","실제 노출 로그 / 점수·순위는 실험용"
"XEtWcNS6bZq","Q5Dnb16eDZ","H0347","R0347_1","0.0","610","223","실제 노출 로그 / 점수·순위는 실험용"
"XEf1NrKb5vw","Q5Dnb16eDZ","H0599","R0599_1","0.0","611","475","실제 노출 로그 / 점수·순위는 실험용"
"XEcdFHd5Usq","Q5Dnb16eDZ","H0851","R0851_1","0.0","612","727","실제 노출 로그 / 점수·순위는 실험용"
"XEQ1zGSrGGw","Q5Dnb16eDZ","H0039","R0039_1","0.0","613","811","실제 노출 로그 / 점수·순위는 실험용"
"XE54PCrdveZ","Q5Dnb16eDZ","H0291","R0291_1","0.0","614","55","실제 노출 로그 / 점수·순위는 실험용"
"XEaPfnCT1ln","Q5Dnb16eDZ","H0543","R0543_1","0.0","615","307","실제 노출 로그 / 점수·순위는 실험용"
"XEco0H4rcmX","Q5Dnb16eDZ","H0795","R0795_1","0.0","616","559","실제 노출 로그 / 점수·순위는 실험용"
"XEvUwX2lpMh","Q5Dnb16eDZ","H0235","R0235_1","0.0","617","893","실제 노출 로그 / 점수·순위는 실험용"
"XE4yJ7h2f6w","Q5Dnb16eDZ","H0487","R0487_1","0.0","618","140","실제 노출 로그 / 점수·순위는 실험용"
"XEwTuAafBE4","Q5Dnb16eDZ","H0739","R0739_1","0.0","619","392","실제 노출 로그 / 점수·순위는 실험용"
"XEQOYAunXMN","Q5Dnb16eDZ","H0991","R0991_1","0.0","620","644","실제 노출 로그 / 점수·순위는 실험용"
"XEFyeWsf2WM","Q5Dnb16eDZ","H0179","R0179_1","0.0","621","728","실제 노출 로그 / 점수·순위는 실험용"
"XE0XYRTBBu1","Q5Dnb16eDZ","H0431","R0431_1","0.0","622","973","실제 노출 로그 / 점수·순위는 실험용"
"XEfirrYlAGV","Q5Dnb16eDZ","H0683","R0683_1","0.0","623","224","실제 노출 로그 / 점수·순위는 실험용"
"XEOMY0FC2t5","Q5Dnb16eDZ","H0935","R0935_1","0.0","624","476","실제 노출 로그 / 점수·순위는 실험용"
"XEYLdGQywu0","Q5Dnb16eDZ","H0123","R0123_1","0.0","625","560","실제 노출 로그 / 점수·순위는 실험용"
"XEr3vaws4UL","Q5Dnb16eDZ","H0375","R0375_1","0.0","626","812","실제 노출 로그 / 점수·순위는 실험용"
"XES2or30pZs","Q5Dnb16eDZ","H0627","R0627_1","0.0","627","56","실제 노출 로그 / 점수·순위는 실험용"
"XET5sXiAY4G","Q5Dnb16eDZ","H0879","R0879_1","0.0","628","308","실제 노출 로그 / 점수·순위는 실험용"
"XEuWtProiGa","Q5Dnb16eDZ","H0067","R0067_1","0.0","629","393","실제 노출 로그 / 점수·순위는 실험용"
"XEvNVdQELvt","Q5Dnb16eDZ","H0319","R0319_1","0.0","630","645","실제 노출 로그 / 점수·순위는 실험용"
"XEBAoVOVbaw","Q5Dnb16eDZ","H0571","R0571_1","0.0","631","894","실제 노출 로그 / 점수·순위는 실험용"
"XEJ6d9AqK6D","Q5Dnb16eDZ","H0823","R0823_1","0.0","632","141","실제 노출 로그 / 점수·순위는 실험용"
"XELJro25AV0","Q5Dnb16eDZ","H0011","R0011_1","0.0","633","225","실제 노출 로그 / 점수·순위는 실험용"
"XENwgl6s6K9","Q5Dnb16eDZ","H0263","R0263_1","0.0","634","477","실제 노출 로그 / 점수·순위는 실험용"
"XE9QsL7ADcO","Q5Dnb16eDZ","H0515","R0515_1","0.0","635","729","실제 노출 로그 / 점수·순위는 실험용"
"XEOWxpMKEwl","Q5Dnb16eDZ","H0767","R0767_1","0.0","636","974","실제 노출 로그 / 점수·순위는 실험용"
"XEQ2qtwYVlA","Q5Dnb16eDZ","H0207","R0207_1","0.0","637","309","실제 노출 로그 / 점수·순위는 실험용"
"XE8eXkVSQTI","Q5Dnb16eDZ","H0459","R0459_1","0.0","638","561","실제 노출 로그 / 점수·순위는 실험용"
"XEHRGBpB9h4","Q5Dnb16eDZ","H0711","R0711_1","0.0","639","813","실제 노출 로그 / 점수·순위는 실험용"
"XE4ZGlzn2VL","Q5Dnb16eDZ","H0963","R0963_1","0.0","640","57","실제 노출 로그 / 점수·순위는 실험용"
"XEyxHU2cnSz","Q5Dnb16eDZ","H0150","R0150_1","0.0","641","118","실제 노출 로그 / 점수·순위는 실험용"
"XE6ZWnjmAdv","Q5Dnb16eDZ","H0402","R0402_1","0.0","642","370","실제 노출 로그 / 점수·순위는 실험용"
"XEopSoy4UTg","Q5Dnb16eDZ","H0654","R0654_1","0.0","643","622","실제 노출 로그 / 점수·순위는 실험용"
"XE40nOYT4CE","Q5Dnb16eDZ","H0906","R0906_1","0.0","644","872","실제 노출 로그 / 점수·순위는 실험용"
"XEQn05PdD1q","Q5Dnb16eDZ","H0094","R0094_1","0.0","645","952","실제 노출 로그 / 점수·순위는 실험용"
"XENpXH2Df97","Q5Dnb16eDZ","H0346","R0346_1","0.0","646","202","실제 노출 로그 / 점수·순위는 실험용"
"XEBvY3C5zwD","Q5Dnb16eDZ","H0598","R0598_1","0.0","647","454","실제 노출 로그 / 점수·순위는 실험용"
"XEmMC0bxeZD","Q5Dnb16eDZ","H0850","R0850_1","0.0","648","706","실제 노출 로그 / 점수·순위는 실험용"
"XEQqbaWz1fE","Q5Dnb16eDZ","H0038","R0038_1","0.0","649","790","실제 노출 로그 / 점수·순위는 실험용"
"XEy3fBgVg51","Q5Dnb16eDZ","H0290","R0290_1","0.0","650","34","실제 노출 로그 / 점수·순위는 실험용"
"XEyOThc454R","Q5Dnb16eDZ","H0542","R0542_1","0.0","651","286","실제 노출 로그 / 점수·순위는 실험용"
"XEj5x56yIFd","Q5Dnb16eDZ","H0794","R0794_1","0.0","652","538","실제 노출 로그 / 점수·순위는 실험용"
"XEf36Miy6ao","Q5Dnb16eDZ","H0234","R0234_1","0.0","653","873","실제 노출 로그 / 점수·순위는 실험용"
"XEn5GfjcM2d","Q5Dnb16eDZ","H0486","R0486_1","0.0","654","119","실제 노출 로그 / 점수·순위는 실험용"
"XEwKLsz5DC5","Q5Dnb16eDZ","H0738","R0738_1","0.0","655","371","실제 노출 로그 / 점수·순위는 실험용"
"XE7U71dg8Xi","Q5Dnb16eDZ","H0990","R0990_1","0.0","656","623","실제 노출 로그 / 점수·순위는 실험용"
"XE1Fp86slMU","Q5Dnb16eDZ","H0178","R0178_1","0.0","657","707","실제 노출 로그 / 점수·순위는 실험용"
"XEfporwxlxD","Q5Dnb16eDZ","H0430","R0430_1","0.0","658","953","실제 노출 로그 / 점수·순위는 실험용"
"XEW8ioU4Fkb","Q5Dnb16eDZ","H0682","R0682_1","0.0","659","203","실제 노출 로그 / 점수·순위는 실험용"
"XESdgDe0wAF","Q5Dnb16eDZ","H0934","R0934_1","0.0","660","455","실제 노출 로그 / 점수·순위는 실험용"
"XEL5OvllTT3","Q5Dnb16eDZ","H0122","R0122_1","0.0","661","539","실제 노출 로그 / 점수·순위는 실험용"
"XET7dCTE0d4","Q5Dnb16eDZ","H0374","R0374_1","0.0","662","791","실제 노출 로그 / 점수·순위는 실험용"
"XEUqlh6trki","Q5Dnb16eDZ","H0626","R0626_1","0.0","663","35","실제 노출 로그 / 점수·순위는 실험용"
"XE0G7kRVHCt","Q5Dnb16eDZ","H0878","R0878_1","0.0","664","287","실제 노출 로그 / 점수·순위는 실험용"
"XEKe1GSc1Dt","Q5Dnb16eDZ","H0066","R0066_1","0.0","665","372","실제 노출 로그 / 점수·순위는 실험용"
"XESxDJQvni6","Q5Dnb16eDZ","H0318","R0318_1","0.0","666","624","실제 노출 로그 / 점수·순위는 실험용"
"XEcP53EoM6T","Q5Dnb16eDZ","H0570","R0570_1","0.0","667","874","실제 노출 로그 / 점수·순위는 실험용"
"XEYM9jOwL5Q","Q5Dnb16eDZ","H0822","R0822_1","0.0","668","120","실제 노출 로그 / 점수·순위는 실험용"
"XE5Tq0iqC2g","Q5Dnb16eDZ","H0010","R0010_1","0.0","669","204","실제 노출 로그 / 점수·순위는 실험용"
"XEZ5w0RPbSx","Q5Dnb16eDZ","H0262","R0262_1","0.0","670","456","실제 노출 로그 / 점수·순위는 실험용"
"XEibBAFGgI0","Q5Dnb16eDZ","H0514","R0514_1","0.0","671","708","실제 노출 로그 / 점수·순위는 실험용"
"XEj1ufJuXLE","Q5Dnb16eDZ","H0766","R0766_1","0.0","672","954","실제 노출 로그 / 점수·순위는 실험용"
"XEQPbTO75Hq","Q5Dnb16eDZ","H0206","R0206_1","0.0","673","288","실제 노출 로그 / 점수·순위는 실험용"
"XEKuyRU9zjV","Q5Dnb16eDZ","H0458","R0458_1","0.0","674","540","실제 노출 로그 / 점수·순위는 실험용"
"XERd0BZpDBs","Q5Dnb16eDZ","H0710","R0710_1","0.0","675","792","실제 노출 로그 / 점수·순위는 실험용"
"XEp30YggnqU","Q5Dnb16eDZ","H0962","R0962_1","0.0","676","36","실제 노출 로그 / 점수·순위는 실험용"
"XEbQKy94z0f","Q5Dnb16eDZ","H0149","R0149_1","0.0","677","97","실제 노출 로그 / 점수·순위는 실험용"
"XE8CxXADyFg","Q5Dnb16eDZ","H0401","R0401_1","0.0","678","349","실제 노출 로그 / 점수·순위는 실험용"
"XEMLTnItTF2","Q5Dnb16eDZ","H0653","R0653_1","0.0","679","601","실제 노출 로그 / 점수·순위는 실험용"
"XEHAl7e36Dy","Q5Dnb16eDZ","H0905","R0905_1","0.0","680","852","실제 노출 로그 / 점수·순위는 실험용"
"XEsElls17Jz","Q5Dnb16eDZ","H0093","R0093_1","0.0","681","932","실제 노출 로그 / 점수·순위는 실험용"
"XE1sKl0aioZ","Q5Dnb16eDZ","H0345","R0345_1","0.0","682","181","실제 노출 로그 / 점수·순위는 실험용"
"XE1q79T900S","Q5Dnb16eDZ","H0597","R0597_1","0.0","683","433","실제 노출 로그 / 점수·순위는 실험용"
"XEvxtRC7c7A","Q5Dnb16eDZ","H0849","R0849_1","0.0","684","685","실제 노출 로그 / 점수·순위는 실험용"
"XE09XBkJ6Px","Q5Dnb16eDZ","H0037","R0037_1","0.0","685","769","실제 노출 로그 / 점수·순위는 실험용"
"XEfd4UkipDo","Q5Dnb16eDZ","H0289","R0289_1","0.0","686","13","실제 노출 로그 / 점수·순위는 실험용"
"XEY2lr4OcDq","Q5Dnb16eDZ","H0541","R0541_1","0.0","687","265","실제 노출 로그 / 점수·순위는 실험용"
"XEf5u3NcDJl","Q5Dnb16eDZ","H0793","R0793_1","0.0","688","517","실제 노출 로그 / 점수·순위는 실험용"
"XEF0B1djjTm","Q5Dnb16eDZ","H0233","R0233_1","0.0","689","853","실제 노출 로그 / 점수·순위는 실험용"
"XEBVLhO6dko","Q5Dnb16eDZ","H0485","R0485_1","0.0","690","98","실제 노출 로그 / 점수·순위는 실험용"
"XEWGDi5aIIZ","Q5Dnb16eDZ","H0737","R0737_1","0.0","691","350","실제 노출 로그 / 점수·순위는 실험용"
"XEpjyF5dwDK","Q5Dnb16eDZ","H0989","R0989_1","0.0","692","602","실제 노출 로그 / 점수·순위는 실험용"
"XELxbvJ0rw3","Q5Dnb16eDZ","H0177","R0177_1","0.0","693","686","실제 노출 로그 / 점수·순위는 실험용"
"XEoXYvcirs8","Q5Dnb16eDZ","H0429","R0429_1","0.0","694","933","실제 노출 로그 / 점수·순위는 실험용"
"XE3qsNVES2m","Q5Dnb16eDZ","H0681","R0681_1","0.0","695","182","실제 노출 로그 / 점수·순위는 실험용"
"XEWRSaYzy1A","Q5Dnb16eDZ","H0933","R0933_1","0.0","696","434","실제 노출 로그 / 점수·순위는 실험용"
"XEwR83zNOWM","Q5Dnb16eDZ","H0121","R0121_1","0.0","697","518","실제 노출 로그 / 점수·순위는 실험용"
"XEZRac7Ei0k","Q5Dnb16eDZ","H0373","R0373_1","0.0","698","770","실제 노출 로그 / 점수·순위는 실험용"
"XEyTyrhFDQi","Q5Dnb16eDZ","H0625","R0625_1","0.0","699","14","실제 노출 로그 / 점수·순위는 실험용"
"XELB997fuhS","Q5Dnb16eDZ","H0877","R0877_1","0.0","700","266","실제 노출 로그 / 점수·순위는 실험용"
"XEsT9T1tOjo","Q5Dnb16eDZ","H0065","R0065_1","0.0","701","351","실제 노출 로그 / 점수·순위는 실험용"
"XEOQlCx4UaA","Q5Dnb16eDZ","H0317","R0317_1","0.0","702","603","실제 노출 로그 / 점수·순위는 실험용"
"XElN77kYOVI","Q5Dnb16eDZ","H0569","R0569_1","0.0","703","854","실제 노출 로그 / 점수·순위는 실험용"
"XEVODTtfJEy","Q5Dnb16eDZ","H0821","R0821_1","0.0","704","99","실제 노출 로그 / 점수·순위는 실험용"
"XEHbnkxVESl","Q5Dnb16eDZ","H0009","R0009_1","0.0","705","183","실제 노출 로그 / 점수·순위는 실험용"
"XERDUL3o5qX","Q5Dnb16eDZ","H0261","R0261_1","0.0","706","435","실제 노출 로그 / 점수·순위는 실험용"
"XEERJpzXcQR","Q5Dnb16eDZ","H0513","R0513_1","0.0","707","687","실제 노출 로그 / 점수·순위는 실험용"
"XERIlVS1Xw1","Q5Dnb16eDZ","H0765","R0765_1","0.0","708","934","실제 노출 로그 / 점수·순위는 실험용"
"XEiYqtF93CA","Q5Dnb16eDZ","H0205","R0205_1","0.0","709","267","실제 노출 로그 / 점수·순위는 실험용"
"XEwbJhY15OR","Q5Dnb16eDZ","H0457","R0457_1","0.0","710","519","실제 노출 로그 / 점수·순위는 실험용"
"XE2IoILQgVu","Q5Dnb16eDZ","H0709","R0709_1","0.0","711","771","실제 노출 로그 / 점수·순위는 실험용"
"XEPm4WgXJ7N","Q5Dnb16eDZ","H0961","R0961_1","0.0","712","15","실제 노출 로그 / 점수·순위는 실험용"
"XE2mvlzNTsC","Q5Dnb16eDZ","H0708","R0708_1","0.0","713","751","실제 노출 로그 / 점수·순위는 실험용"
"XExkGhwj2im","Q5Dnb16eDZ","H0960","R0960_1","0.0","714","995","실제 노출 로그 / 점수·순위는 실험용"
"XE0uGnv7BLk","Q5Dnb16eDZ","H0148","R0148_1","0.0","715","79","실제 노출 로그 / 점수·순위는 실험용"
"XE1CHLdy1aR","Q5Dnb16eDZ","H0400","R0400_1","0.0","716","331","실제 노출 로그 / 점수·순위는 실험용"
"XEl5WcQFdKf","Q5Dnb16eDZ","H0652","R0652_1","0.0","717","583","실제 노출 로그 / 점수·순위는 실험용"
"XECtlMIGFXU","Q5Dnb16eDZ","H0904","R0904_1","0.0","718","835","실제 노출 로그 / 점수·순위는 실험용"
"XEZUfzABjUS","Q5Dnb16eDZ","H0092","R0092_1","0.0","719","915","실제 노출 로그 / 점수·순위는 실험용"
"XEBXyXvwADY","Q5Dnb16eDZ","H0344","R0344_1","0.0","720","163","실제 노출 로그 / 점수·순위는 실험용"
"XE9HdGyF9sF","Q5Dnb16eDZ","H0596","R0596_1","0.0","721","415","실제 노출 로그 / 점수·순위는 실험용"
"XENL6jSg8x3","Q5Dnb16eDZ","H0848","R0848_1","0.0","722","667","실제 노출 로그 / 점수·순위는 실험용"
"XEfj1DOCTeD","Q5Dnb16eDZ","H0036","R0036_1","0.0","723","752","실제 노출 로그 / 점수·순위는 실험용"
"XEUrdWrJSyQ","Q5Dnb16eDZ","H0288","R0288_1","0.0","724","996","실제 노출 로그 / 점수·순위는 실험용"
"XE9mFjhefwW","Q5Dnb16eDZ","H0540","R0540_1","0.0","725","247","실제 노출 로그 / 점수·순위는 실험용"
"XE9RyZKTq2H","Q5Dnb16eDZ","H0792","R0792_1","0.0","726","499","실제 노출 로그 / 점수·순위는 실험용"
"XENSMYUgWVk","Q5Dnb16eDZ","H0232","R0232_1","0.0","727","836","실제 노출 로그 / 점수·순위는 실험용"
"XECK1lAdvgX","Q5Dnb16eDZ","H0484","R0484_1","0.0","728","80","실제 노출 로그 / 점수·순위는 실험용"
"XEBmVkgnnRs","Q5Dnb16eDZ","H0736","R0736_1","0.0","729","332","실제 노출 로그 / 점수·순위는 실험용"
"XEv7bcgD1lP","Q5Dnb16eDZ","H0988","R0988_1","0.0","730","584","실제 노출 로그 / 점수·순위는 실험용"
"XEAlGFMqAru","Q5Dnb16eDZ","H0176","R0176_1","0.0","731","668","실제 노출 로그 / 점수·순위는 실험용"
"XEZCOtr4OVE","Q5Dnb16eDZ","H0428","R0428_1","0.0","732","916","실제 노출 로그 / 점수·순위는 실험용"
"XEAI5vSsKBl","Q5Dnb16eDZ","H0680","R0680_1","0.0","733","164","실제 노출 로그 / 점수·순위는 실험용"
"XEn5fyGxEXS","Q5Dnb16eDZ","H0932","R0932_1","0.0","734","416","실제 노출 로그 / 점수·순위는 실험용"
"XE2H1kRYjS2","Q5Dnb16eDZ","H0120","R0120_1","0.0","735","500","실제 노출 로그 / 점수·순위는 실험용"
"XEMgQCtSEuA","Q5Dnb16eDZ","H0372","R0372_1","0.0","736","753","실제 노출 로그 / 점수·순위는 실험용"
"XEeOv1Ed1G3","Q5Dnb16eDZ","H0624","R0624_1","0.0","737","997","실제 노출 로그 / 점수·순위는 실험용"
"XEnq7E1yNjM","Q5Dnb16eDZ","H0876","R0876_1","0.0","738","248","실제 노출 로그 / 점수·순위는 실험용"
"XEyoryvkUV1","Q5Dnb16eDZ","H0064","R0064_1","0.0","739","333","실제 노출 로그 / 점수·순위는 실험용"
"XEAKui5FVtA","Q5Dnb16eDZ","H0316","R0316_1","0.0","740","585","실제 노출 로그 / 점수·순위는 실험용"
"XEXhis3dBH0","Q5Dnb16eDZ","H0568","R0568_1","0.0","741","837","실제 노출 로그 / 점수·순위는 실험용"
"XEqcNYz6iiZ","Q5Dnb16eDZ","H0820","R0820_1","0.0","742","81","실제 노출 로그 / 점수·순위는 실험용"
"XEjOH0aPCEF","Q5Dnb16eDZ","H0008","R0008_1","0.0","743","165","실제 노출 로그 / 점수·순위는 실험용"
"XEnl05OkNnj","Q5Dnb16eDZ","H0260","R0260_1","0.0","744","417","실제 노출 로그 / 점수·순위는 실험용"
"XEQ0cHaihix","Q5Dnb16eDZ","H0512","R0512_1","0.0","745","669","실제 노출 로그 / 점수·순위는 실험용"
"XE7WFmWyDAP","Q5Dnb16eDZ","H0764","R0764_1","0.0","746","917","실제 노출 로그 / 점수·순위는 실험용"
"XEMud3PRdSL","Q5Dnb16eDZ","H0204","R0204_1","0.0","747","249","실제 노출 로그 / 점수·순위는 실험용"
"XEctXobxms2","Q5Dnb16eDZ","H0456","R0456_1","0.0","748","501","실제 노출 로그 / 점수·순위는 실험용"
"XEAqzQfgded","Q5Dnb16eDZ","H0203","R0203_1","0.0","749","226","실제 노출 로그 / 점수·순위는 실험용"
"XE42Esf3in7","Q5Dnb16eDZ","H0455","R0455_1","0.0","750","478","실제 노출 로그 / 점수·순위는 실험용"
"XEdHC4lY5RO","Q5Dnb16eDZ","H0707","R0707_1","0.0","751","730","실제 노출 로그 / 점수·순위는 실험용"
"XEB7Cs2y2xZ","Q5Dnb16eDZ","H0959","R0959_1","0.0","752","975","실제 노출 로그 / 점수·순위는 실험용"
"XEnMcLZO1CT","Q5Dnb16eDZ","H0147","R0147_1","0.0","753","58","실제 노출 로그 / 점수·순위는 실험용"
"XE1Y49FCd7b","Q5Dnb16eDZ","H0399","R0399_1","0.0","754","310","실제 노출 로그 / 점수·순위는 실험용"
"XEw3pHQt1zQ","Q5Dnb16eDZ","H0651","R0651_1","0.0","755","562","실제 노출 로그 / 점수·순위는 실험용"
"XEusPGtgbsM","Q5Dnb16eDZ","H0903","R0903_1","0.0","756","814","실제 노출 로그 / 점수·순위는 실험용"
"XETtADeJRfv","Q5Dnb16eDZ","H0091","R0091_1","0.0","757","895","실제 노출 로그 / 점수·순위는 실험용"
"XEj0tOq6QHH","Q5Dnb16eDZ","H0343","R0343_1","0.0","758","142","실제 노출 로그 / 점수·순위는 실험용"
"XEkITokCBRA","Q5Dnb16eDZ","H0595","R0595_1","0.0","759","394","실제 노출 로그 / 점수·순위는 실험용"
"XEn2yugU865","Q5Dnb16eDZ","H0847","R0847_1","0.0","760","646","실제 노출 로그 / 점수·순위는 실험용"
"XEh24ixVj7n","Q5Dnb16eDZ","H0035","R0035_1","0.0","761","731","실제 노출 로그 / 점수·순위는 실험용"
"XEmsd7j3HG7","Q5Dnb16eDZ","H0287","R0287_1","0.0","762","976","실제 노출 로그 / 점수·순위는 실험용"
"XEdwmKs6M1C","Q5Dnb16eDZ","H0539","R0539_1","0.0","763","227","실제 노출 로그 / 점수·순위는 실험용"
"XEyYAg2OgYn","Q5Dnb16eDZ","H0791","R0791_1","0.0","764","479","실제 노출 로그 / 점수·순위는 실험용"
"XEGMm9ZZlFD","Q5Dnb16eDZ","H0231","R0231_1","0.0","765","815","실제 노출 로그 / 점수·순위는 실험용"
"XEnqsgQ5Rsi","Q5Dnb16eDZ","H0483","R0483_1","0.0","766","59","실제 노출 로그 / 점수·순위는 실험용"
"XEw0pY3mF0u","Q5Dnb16eDZ","H0735","R0735_1","0.0","767","311","실제 노출 로그 / 점수·순위는 실험용"
"XEy1bQaTy2x","Q5Dnb16eDZ","H0987","R0987_1","0.0","768","563","실제 노출 로그 / 점수·순위는 실험용"
"XEjsfjpOZzj","Q5Dnb16eDZ","H0175","R0175_1","0.0","769","647","실제 노출 로그 / 점수·순위는 실험용"
"XEAQlYjJhH3","Q5Dnb16eDZ","H0427","R0427_1","0.0","770","896","실제 노출 로그 / 점수·순위는 실험용"
"XEDE2ewHTwC","Q5Dnb16eDZ","H0679","R0679_1","0.0","771","143","실제 노출 로그 / 점수·순위는 실험용"
"XEA3lsKIuUB","Q5Dnb16eDZ","H0931","R0931_1","0.0","772","395","실제 노출 로그 / 점수·순위는 실험용"
"XE75phhbqkq","Q5Dnb16eDZ","H0119","R0119_1","0.0","773","480","실제 노출 로그 / 점수·순위는 실험용"
"XEa7qA4HJNM","Q5Dnb16eDZ","H0371","R0371_1","0.0","774","732","실제 노출 로그 / 점수·순위는 실험용"
"XE4cOQROOVS","Q5Dnb16eDZ","H0623","R0623_1","0.0","775","977","실제 노출 로그 / 점수·순위는 실험용"
"XEQYRRIFgm4","Q5Dnb16eDZ","H0875","R0875_1","0.0","776","228","실제 노출 로그 / 점수·순위는 실험용"
"XEDGFWjZkGq","Q5Dnb16eDZ","H0063","R0063_1","0.0","777","312","실제 노출 로그 / 점수·순위는 실험용"
"XExBNkQSq2G","Q5Dnb16eDZ","H0315","R0315_1","0.0","778","564","실제 노출 로그 / 점수·순위는 실험용"
"XEq2jyLLO2R","Q5Dnb16eDZ","H0567","R0567_1","0.0","779","816","실제 노출 로그 / 점수·순위는 실험용"
"XEFtZv3obAT","Q5Dnb16eDZ","H0819","R0819_1","0.0","780","60","실제 노출 로그 / 점수·순위는 실험용"
"XEfELclwb8Z","Q5Dnb16eDZ","H0007","R0007_1","0.0","781","144","실제 노출 로그 / 점수·순위는 실험용"
"XEt2s2TM3cq","Q5Dnb16eDZ","H0259","R0259_1","0.0","782","396","실제 노출 로그 / 점수·순위는 실험용"
"XElpQnG1c69","Q5Dnb16eDZ","H0511","R0511_1","0.0","783","648","실제 노출 로그 / 점수·순위는 실험용"
"XEM2BIxWCvm","Q5Dnb16eDZ","H0763","R0763_1","0.0","784","897","실제 노출 로그 / 점수·순위는 실험용"
"XEiVJKR6tUz","Q5Dnb16eDZ","H0202","R0202_1","0.0","785","205","실제 노출 로그 / 점수·순위는 실험용"
"XE1CKim58FC","Q5Dnb16eDZ","H0454","R0454_1","0.0","786","457","실제 노출 로그 / 점수·순위는 실험용"
"XE6rnqPpYCq","Q5Dnb16eDZ","H0706","R0706_1","0.0","787","709","실제 노출 로그 / 점수·순위는 실험용"
"XEiyqQLLVa8","Q5Dnb16eDZ","H0958","R0958_1","0.0","788","955","실제 노출 로그 / 점수·순위는 실험용"
"XEf3jlzrKE1","Q5Dnb16eDZ","H0146","R0146_1","0.0","789","37","실제 노출 로그 / 점수·순위는 실험용"
"XECWIbS0BGP","Q5Dnb16eDZ","H0398","R0398_1","0.0","790","289","실제 노출 로그 / 점수·순위는 실험용"
"XEYS7DcBMez","Q5Dnb16eDZ","H0650","R0650_1","0.0","791","541","실제 노출 로그 / 점수·순위는 실험용"
"XEQgssx24T0","Q5Dnb16eDZ","H0902","R0902_1","0.0","792","793","실제 노출 로그 / 점수·순위는 실험용"
"XEaLAqpqspj","Q5Dnb16eDZ","H0090","R0090_1","0.0","793","875","실제 노출 로그 / 점수·순위는 실험용"
"XEVBkFE14d8","Q5Dnb16eDZ","H0342","R0342_1","0.0","794","121","실제 노출 로그 / 점수·순위는 실험용"
"XE8S4mFgdwW","Q5Dnb16eDZ","H0594","R0594_1","0.0","795","373","실제 노출 로그 / 점수·순위는 실험용"
"XEBnz0Mu40U","Q5Dnb16eDZ","H0846","R0846_1","0.0","796","625","실제 노출 로그 / 점수·순위는 실험용"
"XENzoWrpwnZ","Q5Dnb16eDZ","H0034","R0034_1","0.0","797","710","실제 노출 로그 / 점수·순위는 실험용"
"XEJYJXTvy99","Q5Dnb16eDZ","H0286","R0286_1","0.0","798","956","실제 노출 로그 / 점수·순위는 실험용"
"XEFsJ48FJ5d","Q5Dnb16eDZ","H0538","R0538_1","0.0","799","206","실제 노출 로그 / 점수·순위는 실험용"
"XEomsjhjZ3t","Q5Dnb16eDZ","H0790","R0790_1","0.0","800","458","실제 노출 로그 / 점수·순위는 실험용"
"XEWuz5J3A5s","Q5Dnb16eDZ","H0230","R0230_1","0.0","801","794","실제 노출 로그 / 점수·순위는 실험용"
"XEan1kequWm","Q5Dnb16eDZ","H0482","R0482_1","0.0","802","38","실제 노출 로그 / 점수·순위는 실험용"
"XEalZMCwTnR","Q5Dnb16eDZ","H0734","R0734_1","0.0","803","290","실제 노출 로그 / 점수·순위는 실험용"
"XE5nur7QIPk","Q5Dnb16eDZ","H0986","R0986_1","0.0","804","542","실제 노출 로그 / 점수·순위는 실험용"
"XEKXV0cDEJ2","Q5Dnb16eDZ","H0174","R0174_1","0.0","805","626","실제 노출 로그 / 점수·순위는 실험용"
"XEPGG2EGU0u","Q5Dnb16eDZ","H0426","R0426_1","0.0","806","876","실제 노출 로그 / 점수·순위는 실험용"
"XEFzjl72lyR","Q5Dnb16eDZ","H0678","R0678_1","0.0","807","122","실제 노출 로그 / 점수·순위는 실험용"
"XEVg0jLEKst","Q5Dnb16eDZ","H0930","R0930_1","0.0","808","374","실제 노출 로그 / 점수·순위는 실험용"
"XEhvg4LCA2J","Q5Dnb16eDZ","H0118","R0118_1","0.0","809","459","실제 노출 로그 / 점수·순위는 실험용"
"XEpmufgq4Sn","Q5Dnb16eDZ","H0370","R0370_1","0.0","810","711","실제 노출 로그 / 점수·순위는 실험용"
"XEhVZ0WWBXj","Q5Dnb16eDZ","H0622","R0622_1","0.0","811","957","실제 노출 로그 / 점수·순위는 실험용"
"XEazst4ZzRi","Q5Dnb16eDZ","H0874","R0874_1","0.0","812","207","실제 노출 로그 / 점수·순위는 실험용"
"XEPrec66Oe0","Q5Dnb16eDZ","H0062","R0062_1","0.0","813","291","실제 노출 로그 / 점수·순위는 실험용"
"XEbTd92Uoh7","Q5Dnb16eDZ","H0314","R0314_1","0.0","814","543","실제 노출 로그 / 점수·순위는 실험용"
"XE1nSFdAdrB","Q5Dnb16eDZ","H0566","R0566_1","0.0","815","795","실제 노출 로그 / 점수·순위는 실험용"
"XEy043xSHzq","Q5Dnb16eDZ","H0818","R0818_1","0.0","816","39","실제 노출 로그 / 점수·순위는 실험용"
"XEq7HDfl9g2","Q5Dnb16eDZ","H0006","R0006_1","0.0","817","123","실제 노출 로그 / 점수·순위는 실험용"
"XEGwPwgbrV0","Q5Dnb16eDZ","H0258","R0258_1","0.0","818","375","실제 노출 로그 / 점수·순위는 실험용"
"XE3qWPyo6eH","Q5Dnb16eDZ","H0510","R0510_1","0.0","819","627","실제 노출 로그 / 점수·순위는 실험용"
"XEEVvIoKqEW","Q5Dnb16eDZ","H0762","R0762_1","0.0","820","877","실제 노출 로그 / 점수·순위는 실험용"
"XEKSUYK5ojF","Q5Dnb16eDZ","H0201","R0201_1","0.0","821","184","실제 노출 로그 / 점수·순위는 실험용"
"XEk0C9XFkoK","Q5Dnb16eDZ","H0453","R0453_1","0.0","822","436","실제 노출 로그 / 점수·순위는 실험용"
"XEn7pj7fJdX","Q5Dnb16eDZ","H0705","R0705_1","0.0","823","688","실제 노출 로그 / 점수·순위는 실험용"
"XECEt5rUjw4","Q5Dnb16eDZ","H0957","R0957_1","0.0","824","935","실제 노출 로그 / 점수·순위는 실험용"
"XEDsMoKSuDI","Q5Dnb16eDZ","H0145","R0145_1","0.0","825","16","실제 노출 로그 / 점수·순위는 실험용"
"XE2JeYsIGoX","Q5Dnb16eDZ","H0397","R0397_1","0.0","826","268","실제 노출 로그 / 점수·순위는 실험용"
"XESOdYTYDrx","Q5Dnb16eDZ","H0649","R0649_1","0.0","827","520","실제 노출 로그 / 점수·순위는 실험용"
"XELG7PDemhf","Q5Dnb16eDZ","H0901","R0901_1","0.0","828","772","실제 노출 로그 / 점수·순위는 실험용"
"XEsxYdtwLzm","Q5Dnb16eDZ","H0089","R0089_1","0.0","829","855","실제 노출 로그 / 점수·순위는 실험용"
"XE7wJjjLWx4","Q5Dnb16eDZ","H0341","R0341_1","0.0","830","100","실제 노출 로그 / 점수·순위는 실험용"
"XE7mx8BFm4b","Q5Dnb16eDZ","H0593","R0593_1","0.0","831","352","실제 노출 로그 / 점수·순위는 실험용"
"XEnJVVaFLzk","Q5Dnb16eDZ","H0845","R0845_1","0.0","832","604","실제 노출 로그 / 점수·순위는 실험용"
"XEQNY0iYFDs","Q5Dnb16eDZ","H0033","R0033_1","0.0","833","689","실제 노출 로그 / 점수·순위는 실험용"
"XEr7irKwSFt","Q5Dnb16eDZ","H0285","R0285_1","0.0","834","936","실제 노출 로그 / 점수·순위는 실험용"
"XE652peI8WV","Q5Dnb16eDZ","H0537","R0537_1","0.0","835","185","실제 노출 로그 / 점수·순위는 실험용"
"XEpArspW9W7","Q5Dnb16eDZ","H0789","R0789_1","0.0","836","437","실제 노출 로그 / 점수·순위는 실험용"
"XE2KBG47jJs","Q5Dnb16eDZ","H0229","R0229_1","0.0","837","773","실제 노출 로그 / 점수·순위는 실험용"
"XEyA7G2pt9C","Q5Dnb16eDZ","H0481","R0481_1","0.0","838","17","실제 노출 로그 / 점수·순위는 실험용"
"XEWXm3EbkIV","Q5Dnb16eDZ","H0733","R0733_1","0.0","839","269","실제 노출 로그 / 점수·순위는 실험용"
"XExmnUGcwK9","Q5Dnb16eDZ","H0985","R0985_1","0.0","840","521","실제 노출 로그 / 점수·순위는 실험용"
"XEXi03MlBNT","Q5Dnb16eDZ","H0173","R0173_1","0.0","841","605","실제 노출 로그 / 점수·순위는 실험용"
"XEm1FwDkUDH","Q5Dnb16eDZ","H0425","R0425_1","0.0","842","856","실제 노출 로그 / 점수·순위는 실험용"
"XED0z7aRFWm","Q5Dnb16eDZ","H0677","R0677_1","0.0","843","101","실제 노출 로그 / 점수·순위는 실험용"
"XE8WGtaMM5f","Q5Dnb16eDZ","H0929","R0929_1","0.0","844","353","실제 노출 로그 / 점수·순위는 실험용"
"XEJMms5ZdNx","Q5Dnb16eDZ","H0117","R0117_1","0.0","845","438","실제 노출 로그 / 점수·순위는 실험용"
"XEeEqKC267S","Q5Dnb16eDZ","H0369","R0369_1","0.0","846","690","실제 노출 로그 / 점수·순위는 실험용"
"XEb6TnZiICL","Q5Dnb16eDZ","H0621","R0621_1","0.0","847","937","실제 노출 로그 / 점수·순위는 실험용"
"XE7EN0yw4gM","Q5Dnb16eDZ","H0873","R0873_1","0.0","848","186","실제 노출 로그 / 점수·순위는 실험용"
"XEVZ6rqA7f5","Q5Dnb16eDZ","H0061","R0061_1","0.0","849","270","실제 노출 로그 / 점수·순위는 실험용"
"XEvHVp0cukP","Q5Dnb16eDZ","H0313","R0313_1","0.0","850","522","실제 노출 로그 / 점수·순위는 실험용"
"XE2IWI3GEYg","Q5Dnb16eDZ","H0565","R0565_1","0.0","851","774","실제 노출 로그 / 점수·순위는 실험용"
"XEqcUudb9yx","Q5Dnb16eDZ","H0817","R0817_1","0.0","852","18","실제 노출 로그 / 점수·순위는 실험용"
"XETYk4i52aW","Q5Dnb16eDZ","H0005","R0005_1","0.0","853","102","실제 노출 로그 / 점수·순위는 실험용"
"XEIoet3Yf1A","Q5Dnb16eDZ","H0257","R0257_1","0.0","854","354","실제 노출 로그 / 점수·순위는 실험용"
"XEhTCO1w0iU","Q5Dnb16eDZ","H0509","R0509_1","0.0","855","606","실제 노출 로그 / 점수·순위는 실험용"
"XEEWepq5z4B","Q5Dnb16eDZ","H0761","R0761_1","0.0","856","857","실제 노출 로그 / 점수·순위는 실험용"
"XEO1NC5c3Cs","Q5Dnb16eDZ","H0200","R0200_1","0.0","857","166","실제 노출 로그 / 점수·순위는 실험용"
"XE5EvbfzLcm","Q5Dnb16eDZ","H0452","R0452_1","0.0","858","418","실제 노출 로그 / 점수·순위는 실험용"
"XE4CtFEe38V","Q5Dnb16eDZ","H0704","R0704_1","0.0","859","670","실제 노출 로그 / 점수·순위는 실험용"
"XE6Ko4bnW4P","Q5Dnb16eDZ","H0956","R0956_1","0.0","860","918","실제 노출 로그 / 점수·순위는 실험용"
"XEuL2XKtwIW","Q5Dnb16eDZ","H0144","R0144_1","0.0","861","998","실제 노출 로그 / 점수·순위는 실험용"
"XE8m3FFiQlj","Q5Dnb16eDZ","H0396","R0396_1","0.0","862","250","실제 노출 로그 / 점수·순위는 실험용"
"XE7VLys49kP","Q5Dnb16eDZ","H0648","R0648_1","0.0","863","502","실제 노출 로그 / 점수·순위는 실험용"
"XEvtRgFKpcK","Q5Dnb16eDZ","H0900","R0900_1","0.0","864","754","실제 노출 로그 / 점수·순위는 실험용"
"XErORz6FvMr","Q5Dnb16eDZ","H0088","R0088_1","0.0","865","838","실제 노출 로그 / 점수·순위는 실험용"
"XEYbP8vBOmO","Q5Dnb16eDZ","H0340","R0340_1","0.0","866","82","실제 노출 로그 / 점수·순위는 실험용"
"XEatymhIL01","Q5Dnb16eDZ","H0592","R0592_1","0.0","867","334","실제 노출 로그 / 점수·순위는 실험용"
"XEzr3vGaMj2","Q5Dnb16eDZ","H0844","R0844_1","0.0","868","586","실제 노출 로그 / 점수·순위는 실험용"
"XE6969WQuBo","Q5Dnb16eDZ","H0032","R0032_1","0.0","869","671","실제 노출 로그 / 점수·순위는 실험용"
"XEBsaUi4so5","Q5Dnb16eDZ","H0284","R0284_1","0.0","870","919","실제 노출 로그 / 점수·순위는 실험용"
"XEBsZH7diup","Q5Dnb16eDZ","H0536","R0536_1","0.0","871","167","실제 노출 로그 / 점수·순위는 실험용"
"XEbxlrQScAl","Q5Dnb16eDZ","H0788","R0788_1","0.0","872","419","실제 노출 로그 / 점수·순위는 실험용"
"XE7LsShMlyL","Q5Dnb16eDZ","H0228","R0228_1","0.0","873","755","실제 노출 로그 / 점수·순위는 실험용"
"XE3A6AVyNMs","Q5Dnb16eDZ","H0480","R0480_1","0.0","874","999","실제 노출 로그 / 점수·순위는 실험용"
"XE5HeV0B3Em","Q5Dnb16eDZ","H0732","R0732_1","0.0","875","251","실제 노출 로그 / 점수·순위는 실험용"
"XEx7TnSmLik","Q5Dnb16eDZ","H0984","R0984_1","0.0","876","503","실제 노출 로그 / 점수·순위는 실험용"
"XE6aeQmw0qg","Q5Dnb16eDZ","H0172","R0172_1","0.0","877","587","실제 노출 로그 / 점수·순위는 실험용"
"XEkqVSLMRAb","Q5Dnb16eDZ","H0424","R0424_1","0.0","878","839","실제 노출 로그 / 점수·순위는 실험용"
"XEhbL3Y7Zbv","Q5Dnb16eDZ","H0676","R0676_1","0.0","879","83","실제 노출 로그 / 점수·순위는 실험용"
"XEqDMwKKQmG","Q5Dnb16eDZ","H0928","R0928_1","0.0","880","335","실제 노출 로그 / 점수·순위는 실험용"
"XEaifcUcruA","Q5Dnb16eDZ","H0116","R0116_1","0.0","881","420","실제 노출 로그 / 점수·순위는 실험용"
"XEieeMrcl19","Q5Dnb16eDZ","H0368","R0368_1","0.0","882","672","실제 노출 로그 / 점수·순위는 실험용"
"XEwUPoRfLW8","Q5Dnb16eDZ","H0620","R0620_1","0.0","883","920","실제 노출 로그 / 점수·순위는 실험용"
"XE75EM4j1mX","Q5Dnb16eDZ","H0872","R0872_1","0.0","884","168","실제 노출 로그 / 점수·순위는 실험용"
"XE17ri1CBCm","Q5Dnb16eDZ","H0060","R0060_1","0.0","885","252","실제 노출 로그 / 점수·순위는 실험용"
"XERRfM1pakB","Q5Dnb16eDZ","H0312","R0312_1","0.0","886","504","실제 노출 로그 / 점수·순위는 실험용"
"XEOLl3BIdOX","Q5Dnb16eDZ","H0564","R0564_1","0.0","887","756","실제 노출 로그 / 점수·순위는 실험용"
"XE0b0uBUKVf","Q5Dnb16eDZ","H0816","R0816_1","0.0","888","1000","실제 노출 로그 / 점수·순위는 실험용"
"XErHCYlXTA2","Q5Dnb16eDZ","H0004","R0004_1","0.0","889","84","실제 노출 로그 / 점수·순위는 실험용"
"XEYl0fol5WH","Q5Dnb16eDZ","H0256","R0256_1","0.0","890","336","실제 노출 로그 / 점수·순위는 실험용"
"XELoyyW7VP0","Q5Dnb16eDZ","H0508","R0508_1","0.0","891","588","실제 노출 로그 / 점수·순위는 실험용"
"XEOWcOFGewX","Q5Dnb16eDZ","H0760","R0760_1","0.0","892","840","실제 노출 로그 / 점수·순위는 실험용"
"XEDEGIKzrTx","Q5Dnb16eDZ","H0199","R0199_1","0.0","893","145","실제 노출 로그 / 점수·순위는 실험용"
"XEvqiSDEjrK","Q5Dnb16eDZ","H0451","R0451_1","0.0","894","397","실제 노출 로그 / 점수·순위는 실험용"
"XE15RXJKyUA","Q5Dnb16eDZ","H0703","R0703_1","0.0","895","649","실제 노출 로그 / 점수·순위는 실험용"
"XEfnM8Scdch","Q5Dnb16eDZ","H0955","R0955_1","0.0","896","898","실제 노출 로그 / 점수·순위는 실험용"
"XE6dgFmIZNN","Q5Dnb16eDZ","H0143","R0143_1","0.0","897","978","실제 노출 로그 / 점수·순위는 실험용"
"XEzdURnB453","Q5Dnb16eDZ","H0395","R0395_1","0.0","898","229","실제 노출 로그 / 점수·순위는 실험용"
"XEUz3uV5CRc","Q5Dnb16eDZ","H0647","R0647_1","0.0","899","481","실제 노출 로그 / 점수·순위는 실험용"
"XEpVeuE3dfb","Q5Dnb16eDZ","H0899","R0899_1","0.0","900","733","실제 노출 로그 / 점수·순위는 실험용"
"XEMo6RE13PD","Q5Dnb16eDZ","H0087","R0087_1","0.0","901","817","실제 노출 로그 / 점수·순위는 실험용"
"XEtRpQqTubn","Q5Dnb16eDZ","H0339","R0339_1","0.0","902","61","실제 노출 로그 / 점수·순위는 실험용"
"XEWMebf9Pk0","Q5Dnb16eDZ","H0591","R0591_1","0.0","903","313","실제 노출 로그 / 점수·순위는 실험용"
"XEFi7usT16m","Q5Dnb16eDZ","H0843","R0843_1","0.0","904","565","실제 노출 로그 / 점수·순위는 실험용"
"XEHvCOH3j9B","Q5Dnb16eDZ","H0031","R0031_1","0.0","905","650","실제 노출 로그 / 점수·순위는 실험용"
"XEiKEmnPwZ3","Q5Dnb16eDZ","H0283","R0283_1","0.0","906","899","실제 노출 로그 / 점수·순위는 실험용"
"XEjirXyq8Ff","Q5Dnb16eDZ","H0535","R0535_1","0.0","907","146","실제 노출 로그 / 점수·순위는 실험용"
"XEseKJGNwYy","Q5Dnb16eDZ","H0787","R0787_1","0.0","908","398","실제 노출 로그 / 점수·순위는 실험용"
"XEnNiH2Qtju","Q5Dnb16eDZ","H0227","R0227_1","0.0","909","734","실제 노출 로그 / 점수·순위는 실험용"
"XEx0PlnSWHz","Q5Dnb16eDZ","H0479","R0479_1","0.0","910","979","실제 노출 로그 / 점수·순위는 실험용"
"XESxX7cPRFA","Q5Dnb16eDZ","H0731","R0731_1","0.0","911","230","실제 노출 로그 / 점수·순위는 실험용"
"XEbNAGaKmwJ","Q5Dnb16eDZ","H0983","R0983_1","0.0","912","482","실제 노출 로그 / 점수·순위는 실험용"
"XEvZXNAuoLC","Q5Dnb16eDZ","H0171","R0171_1","0.0","913","566","실제 노출 로그 / 점수·순위는 실험용"
"XEDIdSNkLUC","Q5Dnb16eDZ","H0423","R0423_1","0.0","914","818","실제 노출 로그 / 점수·순위는 실험용"
"XEzv8USi7HE","Q5Dnb16eDZ","H0675","R0675_1","0.0","915","62","실제 노출 로그 / 점수·순위는 실험용"
"XEeAo8zHQZF","Q5Dnb16eDZ","H0927","R0927_1","0.0","916","314","실제 노출 로그 / 점수·순위는 실험용"
"XEA0GFdElJN","Q5Dnb16eDZ","H0115","R0115_1","0.0","917","399","실제 노출 로그 / 점수·순위는 실험용"
"XE1FGbX43bl","Q5Dnb16eDZ","H0367","R0367_1","0.0","918","651","실제 노출 로그 / 점수·순위는 실험용"
"XET4TEWQJRo","Q5Dnb16eDZ","H0619","R0619_1","0.0","919","900","실제 노출 로그 / 점수·순위는 실험용"
"XEkWEzFgmNp","Q5Dnb16eDZ","H0871","R0871_1","0.0","920","147","실제 노출 로그 / 점수·순위는 실험용"
"XEy2IUKH7Mh","Q5Dnb16eDZ","H0059","R0059_1","0.0","921","231","실제 노출 로그 / 점수·순위는 실험용"
"XEN2wUAvzac","Q5Dnb16eDZ","H0311","R0311_1","0.0","922","483","실제 노출 로그 / 점수·순위는 실험용"
"XE3vlLaB8Ux","Q5Dnb16eDZ","H0563","R0563_1","0.0","923","735","실제 노출 로그 / 점수·순위는 실험용"
"XELoqrrE0iX","Q5Dnb16eDZ","H0815","R0815_1","0.0","924","980","실제 노출 로그 / 점수·순위는 실험용"
"XEti4RemWGr","Q5Dnb16eDZ","H0003","R0003_1","0.0","925","63","실제 노출 로그 / 점수·순위는 실험용"
"XE6fCgtyMwX","Q5Dnb16eDZ","H0255","R0255_1","0.0","926","315","실제 노출 로그 / 점수·순위는 실험용"
"XEVk2qchwqi","Q5Dnb16eDZ","H0507","R0507_1","0.0","927","567","실제 노출 로그 / 점수·순위는 실험용"
"XEk4IBXdgp3","Q5Dnb16eDZ","H0759","R0759_1","0.0","928","819","실제 노출 로그 / 점수·순위는 실험용"
"XEFy6LkNlpo","Q5Dnb16eDZ","H0506","R0506_1","0.0","929","544","실제 노출 로그 / 점수·순위는 실험용"
"XEA2635655n","Q5Dnb16eDZ","H0758","R0758_1","0.0","930","796","실제 노출 로그 / 점수·순위는 실험용"
"XElWnRjrkAW","Q5Dnb16eDZ","H0198","R0198_1","0.0","931","124","실제 노출 로그 / 점수·순위는 실험용"
"XEE7cyj1LBg","Q5Dnb16eDZ","H0450","R0450_1","0.0","932","376","실제 노출 로그 / 점수·순위는 실험용"
"XEMSfE5XoGm","Q5Dnb16eDZ","H0702","R0702_1","0.0","933","628","실제 노출 로그 / 점수·순위는 실험용"
"XEvQDLHgFI6","Q5Dnb16eDZ","H0954","R0954_1","0.0","934","878","실제 노출 로그 / 점수·순위는 실험용"
"XEG4QkdY4qc","Q5Dnb16eDZ","H0142","R0142_1","0.0","935","958","실제 노출 로그 / 점수·순위는 실험용"
"XEUelw9DzJQ","Q5Dnb16eDZ","H0394","R0394_1","0.0","936","208","실제 노출 로그 / 점수·순위는 실험용"
"XEAdzmz1KOw","Q5Dnb16eDZ","H0646","R0646_1","0.0","937","460","실제 노출 로그 / 점수·순위는 실험용"
"XEav1XBH6H6","Q5Dnb16eDZ","H0898","R0898_1","0.0","938","712","실제 노출 로그 / 점수·순위는 실험용"
"XEoubq0WGDZ","Q5Dnb16eDZ","H0086","R0086_1","0.0","939","797","실제 노출 로그 / 점수·순위는 실험용"
"XEX9QDDhK1h","Q5Dnb16eDZ","H0338","R0338_1","0.0","940","40","실제 노출 로그 / 점수·순위는 실험용"
"XE2BaW3PyZO","Q5Dnb16eDZ","H0590","R0590_1","0.0","941","292","실제 노출 로그 / 점수·순위는 실험용"
"XEpveU64oAl","Q5Dnb16eDZ","H0842","R0842_1","0.0","942","545","실제 노출 로그 / 점수·순위는 실험용"
"XEBF1v2P1cm","Q5Dnb16eDZ","H0030","R0030_1","0.0","943","629","실제 노출 로그 / 점수·순위는 실험용"
"XEA5LZ0kYmW","Q5Dnb16eDZ","H0282","R0282_1","0.0","944","879","실제 노출 로그 / 점수·순위는 실험용"
"XE0Hj4p1000","Q5Dnb16eDZ","H0534","R0534_1","0.0","945","125","실제 노출 로그 / 점수·순위는 실험용"
"XEUho89E0Kz","Q5Dnb16eDZ","H0786","R0786_1","0.0","946","377","실제 노출 로그 / 점수·순위는 실험용"
"XEI4lCGVI4G","Q5Dnb16eDZ","H0226","R0226_1","0.0","947","713","실제 노출 로그 / 점수·순위는 실험용"
"XEgmU6OB6nG","Q5Dnb16eDZ","H0478","R0478_1","0.0","948","959","실제 노출 로그 / 점수·순위는 실험용"
"XES8W4vq39I","Q5Dnb16eDZ","H0730","R0730_1","0.0","949","209","실제 노출 로그 / 점수·순위는 실험용"
"XEABF6itDnx","Q5Dnb16eDZ","H0982","R0982_1","0.0","950","461","실제 노출 로그 / 점수·순위는 실험용"
"XE822EsED0K","Q5Dnb16eDZ","H0170","R0170_1","0.0","951","546","실제 노출 로그 / 점수·순위는 실험용"
"XEXyPaiJ16v","Q5Dnb16eDZ","H0422","R0422_1","0.0","952","798","실제 노출 로그 / 점수·순위는 실험용"
"XEmnsa8safn","Q5Dnb16eDZ","H0674","R0674_1","0.0","953","41","실제 노출 로그 / 점수·순위는 실험용"
"XEbcHi9wKwc","Q5Dnb16eDZ","H0926","R0926_1","0.0","954","293","실제 노출 로그 / 점수·순위는 실험용"
"XEiywwXaC4r","Q5Dnb16eDZ","H0114","R0114_1","0.0","955","378","실제 노출 로그 / 점수·순위는 실험용"
"XEzNA1eJATA","Q5Dnb16eDZ","H0366","R0366_1","0.0","956","630","실제 노출 로그 / 점수·순위는 실험용"
"XEmBXbYFS0Z","Q5Dnb16eDZ","H0618","R0618_1","0.0","957","880","실제 노출 로그 / 점수·순위는 실험용"
"XEdL29pSzE6","Q5Dnb16eDZ","H0870","R0870_1","0.0","958","126","실제 노출 로그 / 점수·순위는 실험용"
"XEsToSiIo7y","Q5Dnb16eDZ","H0058","R0058_1","0.0","959","210","실제 노출 로그 / 점수·순위는 실험용"
"XEO0VzJM8NV","Q5Dnb16eDZ","H0310","R0310_1","0.0","960","462","실제 노출 로그 / 점수·순위는 실험용"
"XEWDsbWEe6w","Q5Dnb16eDZ","H0562","R0562_1","0.0","961","714","실제 노출 로그 / 점수·순위는 실험용"
"XEI4yq66X8M","Q5Dnb16eDZ","H0814","R0814_1","0.0","962","960","실제 노출 로그 / 점수·순위는 실험용"
"XEqaEEfIVaC","Q5Dnb16eDZ","H0002","R0002_1","0.0","963","42","실제 노출 로그 / 점수·순위는 실험용"
"XE5OsCa8Xi3","Q5Dnb16eDZ","H0254","R0254_1","0.0","964","294","실제 노출 로그 / 점수·순위는 실험용"
"XEEEL7lFdTW","Q5Dnb16eDZ","H0253","R0253_1","0.0","965","271","실제 노출 로그 / 점수·순위는 실험용"
"XEEYycsbDDr","Q5Dnb16eDZ","H0505","R0505_1","0.0","966","523","실제 노출 로그 / 점수·순위는 실험용"
"XEgUhhyZEZJ","Q5Dnb16eDZ","H0757","R0757_1","0.0","967","775","실제 노출 로그 / 점수·순위는 실험용"
"XENEXSFuSWT","Q5Dnb16eDZ","H0197","R0197_1","0.0","968","103","실제 노출 로그 / 점수·순위는 실험용"
"XExvN6dJzxY","Q5Dnb16eDZ","H0449","R0449_1","0.0","969","355","실제 노출 로그 / 점수·순위는 실험용"
"XEPs3hFcBBy","Q5Dnb16eDZ","H0701","R0701_1","0.0","970","607","실제 노출 로그 / 점수·순위는 실험용"
"XEMKm5pp05b","Q5Dnb16eDZ","H0953","R0953_1","0.0","971","858","실제 노출 로그 / 점수·순위는 실험용"
"XEo4lEpICGc","Q5Dnb16eDZ","H0141","R0141_1","0.0","972","938","실제 노출 로그 / 점수·순위는 실험용"
"XE8URh6VEO6","Q5Dnb16eDZ","H0393","R0393_1","0.0","973","187","실제 노출 로그 / 점수·순위는 실험용"
"XEfgiIwMiZP","Q5Dnb16eDZ","H0645","R0645_1","0.0","974","439","실제 노출 로그 / 점수·순위는 실험용"
"XEBB2dk5oFq","Q5Dnb16eDZ","H0897","R0897_1","0.0","975","691","실제 노출 로그 / 점수·순위는 실험용"
"XEVoAT65sr7","Q5Dnb16eDZ","H0085","R0085_1","0.0","976","776","실제 노출 로그 / 점수·순위는 실험용"
"XEnn3sk6T6w","Q5Dnb16eDZ","H0337","R0337_1","0.0","977","19","실제 노출 로그 / 점수·순위는 실험용"
"XEfozU3ddZ7","Q5Dnb16eDZ","H0589","R0589_1","0.0","978","272","실제 노출 로그 / 점수·순위는 실험용"
"XE8G4jJMAHH","Q5Dnb16eDZ","H0841","R0841_1","0.0","979","524","실제 노출 로그 / 점수·순위는 실험용"
"XEJ6HUlnlEd","Q5Dnb16eDZ","H0029","R0029_1","0.0","980","608","실제 노출 로그 / 점수·순위는 실험용"
"XEIdzhF6sb4","Q5Dnb16eDZ","H0281","R0281_1","0.0","981","859","실제 노출 로그 / 점수·순위는 실험용"
"XEALojIMpcg","Q5Dnb16eDZ","H0533","R0533_1","0.0","982","104","실제 노출 로그 / 점수·순위는 실험용"
"XE7cenEf8Kv","Q5Dnb16eDZ","H0785","R0785_1","0.0","983","356","실제 노출 로그 / 점수·순위는 실험용"
"XEkjT1bG44E","Q5Dnb16eDZ","H0225","R0225_1","0.0","984","692","실제 노출 로그 / 점수·순위는 실험용"
"XEqJ0DKtvMc","Q5Dnb16eDZ","H0477","R0477_1","0.0","985","939","실제 노출 로그 / 점수·순위는 실험용"
"XEMzzyWUFyj","Q5Dnb16eDZ","H0729","R0729_1","0.0","986","188","실제 노출 로그 / 점수·순위는 실험용"
"XETo8H50BXM","Q5Dnb16eDZ","H0981","R0981_1","0.0","987","440","실제 노출 로그 / 점수·순위는 실험용"
"XElCVdWjTxM","Q5Dnb16eDZ","H0169","R0169_1","0.0","988","525","실제 노출 로그 / 점수·순위는 실험용"
"XEDd84jOxuj","Q5Dnb16eDZ","H0421","R0421_1","0.0","989","777","실제 노출 로그 / 점수·순위는 실험용"
"XEZz9ytB6M8","Q5Dnb16eDZ","H0673","R0673_1","0.0","990","20","실제 노출 로그 / 점수·순위는 실험용"
"XE2YfZnLb3h","Q5Dnb16eDZ","H0925","R0925_1","0.0","991","273","실제 노출 로그 / 점수·순위는 실험용"
"XEISOYPp070","Q5Dnb16eDZ","H0113","R0113_1","0.0","992","357","실제 노출 로그 / 점수·순위는 실험용"
"XEKwILvn37s","Q5Dnb16eDZ","H0365","R0365_1","0.0","993","609","실제 노출 로그 / 점수·순위는 실험용"
"XEUk9WEQ7LR","Q5Dnb16eDZ","H0617","R0617_1","0.0","994","860","실제 노출 로그 / 점수·순위는 실험용"
"XEBu2rhpIHG","Q5Dnb16eDZ","H0869","R0869_1","0.0","995","105","실제 노출 로그 / 점수·순위는 실험용"
"XEMRjSI4Qpi","Q5Dnb16eDZ","H0057","R0057_1","0.0","996","189","실제 노출 로그 / 점수·순위는 실험용"
"XEKmGaXVnzT","Q5Dnb16eDZ","H0309","R0309_1","0.0","997","441","실제 노출 로그 / 점수·순위는 실험용"
"XEcMhDXNXZx","Q5Dnb16eDZ","H0561","R0561_1","0.0","998","693","실제 노출 로그 / 점수·순위는 실험용"
"XEkIAvRjHiC","Q5Dnb16eDZ","H0813","R0813_1","0.0","999","940","실제 노출 로그 / 점수·순위는 실험용"
"XEHt2RUGVsv","Q5Dnb16eDZ","H0001","R0001_1","0.0","1000","21","실제 노출 로그 / 점수·순위는 실험용"
"XEI5RwYHVsE","Q1DYroXNJw","H0112","R0112_1","100.0","1","7","실제 노출 로그 / 점수·순위는 실험용"
"XEcf17hvrBI","Q1DYroXNJw","H0082","R0082_1","99.0","2","14","실제 노출 로그 / 점수·순위는 실험용"
"XEs6a1y0nyv","Q1DYroXNJw","H0192","R0192_1","98.0","3","20","실제 노출 로그 / 점수·순위는 실험용"
"XEZiIcSgfrk","Q1DYroXNJw","H0052","R0052_1","97.0","4","2","실제 노출 로그 / 점수·순위는 실험용"
"XEoaQEQeEF2","Q1DYroXNJw","H0022","R0022_1","96.0","5","9","실제 노출 로그 / 점수·순위는 실험용"
"XEZZ76bbRwt","Q1DYroXNJw","H0162","R0162_1","95.0","6","8","실제 노출 로그 / 점수·순위는 실험용"
"XEFOm1XoqoJ","Q1DYroXNJw","H0132","R0132_1","94.0","7","15","실제 노출 로그 / 점수·순위는 실험용"
"XE858mS73Fb","Q1DYroXNJw","H0102","R0102_1","93.0","8","3","실제 노출 로그 / 점수·순위는 실험용"
"XE8o2mZCLdL","Q1DYroXNJw","H0072","R0072_1","92.0","9","10","실제 노출 로그 / 점수·순위는 실험용"
"XE3D2BJdz6G","Q1DYroXNJw","H0042","R0042_1","91.0","10","17","실제 노출 로그 / 점수·순위는 실험용"
"XEDd88QaG92","Q1DYroXNJw","H0182","R0182_1","90.0","11","16","실제 노출 로그 / 점수·순위는 실험용"
"XEEbcC59OAl","Q1DYroXNJw","H0152","R0152_1","89.0","12","4","실제 노출 로그 / 점수·순위는 실험용"
"XETIAAD9L6R","Q1DYroXNJw","H0012","R0012_1","88.0","13","5","실제 노출 로그 / 점수·순위는 실험용"
"XEtP7yiPQeg","Q1DYroXNJw","H0122","R0122_1","87.0","14","11","실제 노출 로그 / 점수·순위는 실험용"
"XE8l9WdVntq","Q1DYroXNJw","H0092","R0092_1","86.0","15","18","실제 노출 로그 / 점수·순위는 실험용"
"XEk4bJmljvo","Q1DYroXNJw","H0062","R0062_1","85.0","16","6","실제 노출 로그 / 점수·순위는 실험용"
"XEkQTO1sKGC","Q1DYroXNJw","H0032","R0032_1","84.0","17","13","실제 노출 로그 / 점수·순위는 실험용"
"XE5FUh9HzXH","Q1DYroXNJw","H0172","R0172_1","83.0","18","12","실제 노출 로그 / 점수·순위는 실험용"
"XEQSQxylLcv","Q1DYroXNJw","H0142","R0142_1","82.0","19","19","실제 노출 로그 / 점수·순위는 실험용"
"XEdRfsESmgP","Q1DYroXNJw","H0002","R0002_1","81.0","20","1","실제 노출 로그 / 점수·순위는 실험용"
"XENPVfqDKhK","QquEimEOU8","H0196","R0196_1","100.0","1","16","실제 노출 로그 / 점수·순위는 실험용"
"XEz5EaggCDF","QquEimEOU8","H0140","R0140_1","99.0","2","182","실제 노출 로그 / 점수·순위는 실험용"
"XE7ATWBwFbJ","QquEimEOU8","H0084","R0084_1","98.0","3","149","실제 노출 로그 / 점수·순위는 실험용"
"XEH7KG1unRX","QquEimEOU8","H0028","R0028_1","97.0","4","117","실제 노출 로그 / 점수·순위는 실험용"
"XESMfUIlbbg","QquEimEOU8","H0168","R0168_1","96.0","5","101","실제 노출 로그 / 점수·순위는 실험용"
"XEy3VE8JZww","QquEimEOU8","H0112","R0112_1","95.0","6","69","실제 노출 로그 / 점수·순위는 실험용"
"XEkAx6BjDq5","QquEimEOU8","H0056","R0056_1","94.0","7","36","실제 노출 로그 / 점수·순위는 실험용"
"XEYDAyulBtx","QquEimEOU8","H0195","R0195_1","93.0","8","11","실제 노출 로그 / 점수·순위는 실험용"
"XE9a6Tn63tO","QquEimEOU8","H0139","R0139_1","92.0","9","178","실제 노출 로그 / 점수·순위는 실험용"
"XECj576s9yb","QquEimEOU8","H0083","R0083_1","91.0","10","145","실제 노출 로그 / 점수·순위는 실험용"
"XEaWa7s3rw5","QquEimEOU8","H0027","R0027_1","90.0","11","113","실제 노출 로그 / 점수·순위는 실험용"
"XE4ApATgfWY","QquEimEOU8","H0167","R0167_1","89.0","12","97","실제 노출 로그 / 점수·순위는 실험용"
"XE8POxaNm91","QquEimEOU8","H0111","R0111_1","88.0","13","65","실제 노출 로그 / 점수·순위는 실험용"
"XE99UC372BX","QquEimEOU8","H0055","R0055_1","87.0","14","31","실제 노출 로그 / 점수·순위는 실험용"
"XEJn8s9O9F9","QquEimEOU8","H0194","R0194_1","86.0","15","6","실제 노출 로그 / 점수·순위는 실험용"
"XEZ2cZcJTvA","QquEimEOU8","H0138","R0138_1","85.0","16","174","실제 노출 로그 / 점수·순위는 실험용"
"XEtPKKjPRyc","QquEimEOU8","H0082","R0082_1","84.0","17","141","실제 노출 로그 / 점수·순위는 실험용"
"XEQp38cd3ah","QquEimEOU8","H0026","R0026_1","83.0","18","109","실제 노출 로그 / 점수·순위는 실험용"
"XESP4PeieQE","QquEimEOU8","H0166","R0166_1","82.0","19","93","실제 노출 로그 / 점수·순위는 실험용"
"XE69hTXm2w6","QquEimEOU8","H0110","R0110_1","81.0","20","61","실제 노출 로그 / 점수·순위는 실험용"
"XEb0DvaY5ZF","QquEimEOU8","H0054","R0054_1","80.0","21","26","실제 노출 로그 / 점수·순위는 실험용"
"XEDvzyez1s7","QquEimEOU8","H0193","R0193_1","79.0","22","1","실제 노출 로그 / 점수·순위는 실험용"
"XEggVjoRroG","QquEimEOU8","H0137","R0137_1","78.0","23","170","실제 노출 로그 / 점수·순위는 실험용"
"XEAXLHW4lMy","QquEimEOU8","H0081","R0081_1","77.0","24","137","실제 노출 로그 / 점수·순위는 실험용"
"XE7oXJN6q1J","QquEimEOU8","H0025","R0025_1","76.0","25","105","실제 노출 로그 / 점수·순위는 실험용"
"XEhjJuTKdbZ","QquEimEOU8","H0165","R0165_1","75.0","26","89","실제 노출 로그 / 점수·순위는 실험용"
"XEdXhHXK0U5","QquEimEOU8","H0109","R0109_1","74.0","27","57","실제 노출 로그 / 점수·순위는 실험용"
"XELTVI1KELz","QquEimEOU8","H0053","R0053_1","73.0","28","21","실제 노출 로그 / 점수·순위는 실험용"
"XEKxAPnaejU","QquEimEOU8","H0192","R0192_1","72.0","29","198","실제 노출 로그 / 점수·순위는 실험용"
"XE8fRv3S71C","QquEimEOU8","H0136","R0136_1","71.0","30","166","실제 노출 로그 / 점수·순위는 실험용"
"XEw8qJVoLSv","QquEimEOU8","H0080","R0080_1","70.0","31","133","실제 노출 로그 / 점수·순위는 실험용"
"XEUtxpnMQAL","QquEimEOU8","H0024","R0024_1","69.0","32","102","실제 노출 로그 / 점수·순위는 실험용"
"XEpa03u4ZbY","QquEimEOU8","H0164","R0164_1","68.0","33","85","실제 노출 로그 / 점수·순위는 실험용"
"XEsF7s31ia3","QquEimEOU8","H0108","R0108_1","67.0","34","53","실제 노출 로그 / 점수·순위는 실험용"
"XEE5cTufzwt","QquEimEOU8","H0052","R0052_1","66.0","35","17","실제 노출 로그 / 점수·순위는 실험용"
"XEo771cVi7n","QquEimEOU8","H0051","R0051_1","65.0","36","12","실제 노출 로그 / 점수·순위는 실험용"
"XEDBHa4r3J0","QquEimEOU8","H0191","R0191_1","64.0","37","194","실제 노출 로그 / 점수·순위는 실험용"
"XE6KPL3dcWU","QquEimEOU8","H0135","R0135_1","63.0","38","162","실제 노출 로그 / 점수·순위는 실험용"
"XETZropVUE7","QquEimEOU8","H0079","R0079_1","62.0","39","129","실제 노출 로그 / 점수·순위는 실험용"
"XEDP1G9KUkd","QquEimEOU8","H0023","R0023_1","61.0","40","98","실제 노출 로그 / 점수·순위는 실험용"
"XETKdcaYGgC","QquEimEOU8","H0163","R0163_1","60.0","41","81","실제 노출 로그 / 점수·순위는 실험용"
"XEbpkoJN61j","QquEimEOU8","H0107","R0107_1","59.0","42","49","실제 노출 로그 / 점수·순위는 실험용"
"XEr977cLp23","QquEimEOU8","H0050","R0050_1","58.0","43","7","실제 노출 로그 / 점수·순위는 실험용"
"XEaswhi25R9","QquEimEOU8","H0190","R0190_1","57.0","44","190","실제 노출 로그 / 점수·순위는 실험용"
"XEPJGhDjyI8","QquEimEOU8","H0134","R0134_1","56.0","45","157","실제 노출 로그 / 점수·순위는 실험용"
"XEs5Cc6emuq","QquEimEOU8","H0078","R0078_1","55.0","46","125","실제 노출 로그 / 점수·순위는 실험용"
"XExQ76J75r2","QquEimEOU8","H0022","R0022_1","54.0","47","94","실제 노출 로그 / 점수·순위는 실험용"
"XEMdOyTJ8pN","QquEimEOU8","H0162","R0162_1","53.0","48","77","실제 노출 로그 / 점수·순위는 실험용"
"XEaexe4tXSB","QquEimEOU8","H0106","R0106_1","52.0","49","45","실제 노출 로그 / 점수·순위는 실험용"
"XEAeWnzjzjN","QquEimEOU8","H0049","R0049_1","51.0","50","2","실제 노출 로그 / 점수·순위는 실험용"
"XEDGBUeq5R8","QquEimEOU8","H0189","R0189_1","50.0","51","186","실제 노출 로그 / 점수·순위는 실험용"
"XEZEPcmGsj7","QquEimEOU8","H0133","R0133_1","49.0","52","153","실제 노출 로그 / 점수·순위는 실험용"
"XEIzBxD75oH","QquEimEOU8","H0077","R0077_1","48.0","53","121","실제 노출 로그 / 점수·순위는 실험용"
"XE2uN5bFKiP","QquEimEOU8","H0021","R0021_1","47.0","54","90","실제 노출 로그 / 점수·순위는 실험용"
"XEdbizJJ7Xy","QquEimEOU8","H0161","R0161_1","46.0","55","73","실제 노출 로그 / 점수·순위는 실험용"
"XEGPI9qY1yT","QquEimEOU8","H0105","R0105_1","45.0","56","41","실제 노출 로그 / 점수·순위는 실험용"
"XEGfBkB3u2d","QquEimEOU8","H0048","R0048_1","44.0","57","199","실제 노출 로그 / 점수·순위는 실험용"
"XEdhr5qfySg","QquEimEOU8","H0188","R0188_1","43.0","58","183","실제 노출 로그 / 점수·순위는 실험용"
"XEslWGf424m","QquEimEOU8","H0132","R0132_1","42.0","59","150","실제 노출 로그 / 점수·순위는 실험용"
"XEXNttfXEMP","QquEimEOU8","H0076","R0076_1","41.0","60","118","실제 노출 로그 / 점수·순위는 실험용"
"XEbTQg3MbfW","QquEimEOU8","H0020","R0020_1","40.0","61","86","실제 노출 로그 / 점수·순위는 실험용"
"XEQkuibnHi2","QquEimEOU8","H0160","R0160_1","39.0","62","70","실제 노출 로그 / 점수·순위는 실험용"
"XEpt5R75i8W","QquEimEOU8","H0104","R0104_1","38.0","63","37","실제 노출 로그 / 점수·순위는 실험용"
"XEc9Lwk1W66","QquEimEOU8","H0047","R0047_1","37.0","64","195","실제 노출 로그 / 점수·순위는 실험용"
"XEpxvM7oPl4","QquEimEOU8","H0187","R0187_1","36.0","65","179","실제 노출 로그 / 점수·순위는 실험용"
"XEPgAlfI1MT","QquEimEOU8","H0131","R0131_1","35.0","66","146","실제 노출 로그 / 점수·순위는 실험용"
"XEfQe4ifsDh","QquEimEOU8","H0075","R0075_1","34.0","67","114","실제 노출 로그 / 점수·순위는 실험용"
"XEdmiWQFt9p","QquEimEOU8","H0019","R0019_1","33.0","68","82","실제 노출 로그 / 점수·순위는 실험용"
"XEKA8UtXtlB","QquEimEOU8","H0159","R0159_1","32.0","69","66","실제 노출 로그 / 점수·순위는 실험용"
"XEOCPHhzNoX","QquEimEOU8","H0103","R0103_1","31.0","70","32","실제 노출 로그 / 점수·순위는 실험용"
"XEzKiflusy7","QquEimEOU8","H0102","R0102_1","30.0","71","27","실제 노출 로그 / 점수·순위는 실험용"
"XEwjQ7GPVqV","QquEimEOU8","H0046","R0046_1","29.0","72","191","실제 노출 로그 / 점수·순위는 실험용"
"XE3Oxb7W2TX","QquEimEOU8","H0186","R0186_1","28.0","73","175","실제 노출 로그 / 점수·순위는 실험용"
"XES0r2G4Fhe","QquEimEOU8","H0130","R0130_1","27.0","74","142","실제 노출 로그 / 점수·순위는 실험용"
"XErZlPvkzRh","QquEimEOU8","H0074","R0074_1","26.0","75","110","실제 노출 로그 / 점수·순위는 실험용"
"XEYn16DUpsV","QquEimEOU8","H0018","R0018_1","25.0","76","78","실제 노출 로그 / 점수·순위는 실험용"
"XEC5C6PX9Wg","QquEimEOU8","H0158","R0158_1","24.0","77","62","실제 노출 로그 / 점수·순위는 실험용"
"XEPXud3JGOb","QquEimEOU8","H0101","R0101_1","23.0","78","22","실제 노출 로그 / 점수·순위는 실험용"
"XEXlpjTBhEG","QquEimEOU8","H0045","R0045_1","22.0","79","187","실제 노출 로그 / 점수·순위는 실험용"
"XE2kvJ5mwYN","QquEimEOU8","H0185","R0185_1","21.0","80","171","실제 노출 로그 / 점수·순위는 실험용"
"XEBFP5YjLuC","QquEimEOU8","H0129","R0129_1","20.0","81","138","실제 노출 로그 / 점수·순위는 실험용"
"XEAIniWxfF7","QquEimEOU8","H0073","R0073_1","19.0","82","106","실제 노출 로그 / 점수·순위는 실험용"
"XEc0dkS4LDB","QquEimEOU8","H0017","R0017_1","18.0","83","74","실제 노출 로그 / 점수·순위는 실험용"
"XE2nq7J5YaV","QquEimEOU8","H0157","R0157_1","17.0","84","58","실제 노출 로그 / 점수·순위는 실험용"
"XEtFQPbLwFX","QquEimEOU8","H0100","R0100_1","16.0","85","18","실제 노출 로그 / 점수·순위는 실험용"
"XEhzorEmptn","QquEimEOU8","H0044","R0044_1","15.0","86","184","실제 노출 로그 / 점수·순위는 실험용"
"XEJyncTlQzZ","QquEimEOU8","H0184","R0184_1","14.0","87","167","실제 노출 로그 / 점수·순위는 실험용"
"XETAkUaOmn6","QquEimEOU8","H0128","R0128_1","13.0","88","134","실제 노출 로그 / 점수·순위는 실험용"
"XElY0bbgn66","QquEimEOU8","H0072","R0072_1","12.0","89","103","실제 노출 로그 / 점수·순위는 실험용"
"XEUgs14RI7I","QquEimEOU8","H0016","R0016_1","11.0","90","71","실제 노출 로그 / 점수·순위는 실험용"
"XEx6ibP1QyS","QquEimEOU8","H0156","R0156_1","10.0","91","54","실제 노출 로그 / 점수·순위는 실험용"
"XEr4CA2xveB","QquEimEOU8","H0099","R0099_1","9.0","92","13","실제 노출 로그 / 점수·순위는 실험용"
"XE1J5wE0utE","QquEimEOU8","H0043","R0043_1","8.0","93","180","실제 노출 로그 / 점수·순위는 실험용"
"XEGeKHnrmsz","QquEimEOU8","H0183","R0183_1","7.0","94","163","실제 노출 로그 / 점수·순위는 실험용"
"XE0XPpQ3GKs","QquEimEOU8","H0127","R0127_1","6.0","95","130","실제 노출 로그 / 점수·순위는 실험용"
"XEmZwdXBjoK","QquEimEOU8","H0071","R0071_1","5.0","96","99","실제 노출 로그 / 점수·순위는 실험용"
"XE0q0tBTffs","QquEimEOU8","H0015","R0015_1","4.0","97","67","실제 노출 로그 / 점수·순위는 실험용"
"XEs5oLGonba","QquEimEOU8","H0155","R0155_1","3.0","98","50","실제 노출 로그 / 점수·순위는 실험용"
"XEajO18TG7J","QquEimEOU8","H0098","R0098_1","2.0","99","8","실제 노출 로그 / 점수·순위는 실험용"
"XEZMOKG6Cyf","QquEimEOU8","H0042","R0042_1","1.0","100","176","실제 노출 로그 / 점수·순위는 실험용"
"XEA2KZhVNzr","QquEimEOU8","H0182","R0182_1","0.0","101","158","실제 노출 로그 / 점수·순위는 실험용"
"XEg6Wd5HCN9","QquEimEOU8","H0126","R0126_1","0.0","102","126","실제 노출 로그 / 점수·순위는 실험용"
"XEY8o4zHLLl","QquEimEOU8","H0070","R0070_1","0.0","103","95","실제 노출 로그 / 점수·순위는 실험용"
"XEb4VkNyCPe","QquEimEOU8","H0014","R0014_1","0.0","104","63","실제 노출 로그 / 점수·순위는 실험용"
"XE3MPPT4guh","QquEimEOU8","H0154","R0154_1","0.0","105","46","실제 노출 로그 / 점수·순위는 실험용"
"XEUH9YzUCOR","QquEimEOU8","H0097","R0097_1","0.0","106","3","실제 노출 로그 / 점수·순위는 실험용"
"XE2RNZf3dz6","QquEimEOU8","H0041","R0041_1","0.0","107","172","실제 노출 로그 / 점수·순위는 실험용"
"XEh8JFFisZC","QquEimEOU8","H0181","R0181_1","0.0","108","154","실제 노출 로그 / 점수·순위는 실험용"
"XEOeF9bH6cT","QquEimEOU8","H0125","R0125_1","0.0","109","122","실제 노출 로그 / 점수·순위는 실험용"
"XEpY1erEXjo","QquEimEOU8","H0069","R0069_1","0.0","110","91","실제 노출 로그 / 점수·순위는 실험용"
"XEphb0Xv06Q","QquEimEOU8","H0013","R0013_1","0.0","111","59","실제 노출 로그 / 점수·순위는 실험용"
"XE1MbWOeank","QquEimEOU8","H0153","R0153_1","0.0","112","42","실제 노출 로그 / 점수·순위는 실험용"
"XE9uR0DgPO9","QquEimEOU8","H0152","R0152_1","0.0","113","38","실제 노출 로그 / 점수·순위는 실험용"
"XEVItQYdHIO","QquEimEOU8","H0096","R0096_1","0.0","114","200","실제 노출 로그 / 점수·순위는 실험용"
"XEeHjxaZf1d","QquEimEOU8","H0040","R0040_1","0.0","115","168","실제 노출 로그 / 점수·순위는 실험용"
"XET1g3mgIq4","QquEimEOU8","H0180","R0180_1","0.0","116","151","실제 노출 로그 / 점수·순위는 실험용"
"XEAUPdDDm1l","QquEimEOU8","H0124","R0124_1","0.0","117","119","실제 노출 로그 / 점수·순위는 실험용"
"XE2uzbnbKoo","QquEimEOU8","H0068","R0068_1","0.0","118","87","실제 노출 로그 / 점수·순위는 실험용"
"XEM8IXrP040","QquEimEOU8","H0012","R0012_1","0.0","119","55","실제 노출 로그 / 점수·순위는 실험용"
"XEP8t0YiIWb","QquEimEOU8","H0151","R0151_1","0.0","120","33","실제 노출 로그 / 점수·순위는 실험용"
"XEBWrg8WzLn","QquEimEOU8","H0095","R0095_1","0.0","121","196","실제 노출 로그 / 점수·순위는 실험용"
"XEQSvRqjTPa","QquEimEOU8","H0039","R0039_1","0.0","122","164","실제 노출 로그 / 점수·순위는 실험용"
"XEJv5TXLoej","QquEimEOU8","H0179","R0179_1","0.0","123","147","실제 노출 로그 / 점수·순위는 실험용"
"XEd4xC32vwt","QquEimEOU8","H0123","R0123_1","0.0","124","115","실제 노출 로그 / 점수·순위는 실험용"
"XEi2PUeHYL2","QquEimEOU8","H0067","R0067_1","0.0","125","83","실제 노출 로그 / 점수·순위는 실험용"
"XEndCODe21V","QquEimEOU8","H0011","R0011_1","0.0","126","51","실제 노출 로그 / 점수·순위는 실험용"
"XEjH7WvU2RG","QquEimEOU8","H0150","R0150_1","0.0","127","28","실제 노출 로그 / 점수·순위는 실험용"
"XEhDZZEJI4Q","QquEimEOU8","H0094","R0094_1","0.0","128","192","실제 노출 로그 / 점수·순위는 실험용"
"XETOqcAuyaq","QquEimEOU8","H0038","R0038_1","0.0","129","159","실제 노출 로그 / 점수·순위는 실험용"
"XEiev7NIPRr","QquEimEOU8","H0178","R0178_1","0.0","130","143","실제 노출 로그 / 점수·순위는 실험용"
"XExuffJZB6b","QquEimEOU8","H0122","R0122_1","0.0","131","111","실제 노출 로그 / 점수·순위는 실험용"
"XEZOIIKzY86","QquEimEOU8","H0066","R0066_1","0.0","132","79","실제 노출 로그 / 점수·순위는 실험용"
"XE5mPSnmLdr","QquEimEOU8","H0010","R0010_1","0.0","133","47","실제 노출 로그 / 점수·순위는 실험용"
"XEom2K8WOgc","QquEimEOU8","H0149","R0149_1","0.0","134","23","실제 노출 로그 / 점수·순위는 실험용"
"XEVxcKNJnzr","QquEimEOU8","H0093","R0093_1","0.0","135","188","실제 노출 로그 / 점수·순위는 실험용"
"XEnQnfF8hru","QquEimEOU8","H0037","R0037_1","0.0","136","155","실제 노출 로그 / 점수·순위는 실험용"
"XE87V8bUoG5","QquEimEOU8","H0177","R0177_1","0.0","137","139","실제 노출 로그 / 점수·순위는 실험용"
"XERvcHwbw1E","QquEimEOU8","H0121","R0121_1","0.0","138","107","실제 노출 로그 / 점수·순위는 실험용"
"XEUYfXEyeG4","QquEimEOU8","H0065","R0065_1","0.0","139","75","실제 노출 로그 / 점수·순위는 실험용"
"XE9YlJFkpIQ","QquEimEOU8","H0009","R0009_1","0.0","140","43","실제 노출 로그 / 점수·순위는 실험용"
"XEmmRs2faM1","QquEimEOU8","H0148","R0148_1","0.0","141","19","실제 노출 로그 / 점수·순위는 실험용"
"XE3Q7zz4v4B","QquEimEOU8","H0092","R0092_1","0.0","142","185","실제 노출 로그 / 점수·순위는 실험용"
"XEBiWzNGipz","QquEimEOU8","H0036","R0036_1","0.0","143","152","실제 노출 로그 / 점수·순위는 실험용"
"XEMLXeDpnDK","QquEimEOU8","H0176","R0176_1","0.0","144","135","실제 노출 로그 / 점수·순위는 실험용"
"XEtD14QXay8","QquEimEOU8","H0120","R0120_1","0.0","145","104","실제 노출 로그 / 점수·순위는 실험용"
"XEi82so4aST","QquEimEOU8","H0064","R0064_1","0.0","146","72","실제 노출 로그 / 점수·순위는 실험용"
"XETYifSC52g","QquEimEOU8","H0008","R0008_1","0.0","147","39","실제 노출 로그 / 점수·순위는 실험용"
"XEHUo2YatxG","QquEimEOU8","H0147","R0147_1","0.0","148","14","실제 노출 로그 / 점수·순위는 실험용"
"XE8TxY8FAC2","QquEimEOU8","H0091","R0091_1","0.0","149","181","실제 노출 로그 / 점수·순위는 실험용"
"XEX7q9BGVVS","QquEimEOU8","H0035","R0035_1","0.0","150","148","실제 노출 로그 / 점수·순위는 실험용"
"XEWflV4fXOl","QquEimEOU8","H0175","R0175_1","0.0","151","131","실제 노출 로그 / 점수·순위는 실험용"
"XEapCbAvpBa","QquEimEOU8","H0119","R0119_1","0.0","152","100","실제 노출 로그 / 점수·순위는 실험용"
"XEOhX31r478","QquEimEOU8","H0063","R0063_1","0.0","153","68","실제 노출 로그 / 점수·순위는 실험용"
"XEgG2F04117","QquEimEOU8","H0007","R0007_1","0.0","154","34","실제 노출 로그 / 점수·순위는 실험용"
"XEmDEbCKHod","QquEimEOU8","H0146","R0146_1","0.0","155","9","실제 노출 로그 / 점수·순위는 실험용"
"XEpVbsY6I3Q","QquEimEOU8","H0090","R0090_1","0.0","156","177","실제 노출 로그 / 점수·순위는 실험용"
"XE7YyYbPF2D","QquEimEOU8","H0034","R0034_1","0.0","157","144","실제 노출 로그 / 점수·순위는 실험용"
"XEK18B5ipxj","QquEimEOU8","H0174","R0174_1","0.0","158","127","실제 노출 로그 / 점수·순위는 실험용"
"XEcC0nYtVFZ","QquEimEOU8","H0118","R0118_1","0.0","159","96","실제 노출 로그 / 점수·순위는 실험용"
"XEPeUYSbpJL","QquEimEOU8","H0062","R0062_1","0.0","160","64","실제 노출 로그 / 점수·순위는 실험용"
"XEGbBusvkMG","QquEimEOU8","H0006","R0006_1","0.0","161","29","실제 노출 로그 / 점수·순위는 실험용"
"XEGDb0GBMk1","QquEimEOU8","H0145","R0145_1","0.0","162","4","실제 노출 로그 / 점수·순위는 실험용"
"XEGV6n8Qr9d","QquEimEOU8","H0089","R0089_1","0.0","163","173","실제 노출 로그 / 점수·순위는 실험용"
"XEfd8C6gHUG","QquEimEOU8","H0033","R0033_1","0.0","164","140","실제 노출 로그 / 점수·순위는 실험용"
"XEeFnFaGF3J","QquEimEOU8","H0173","R0173_1","0.0","165","123","실제 노출 로그 / 점수·순위는 실험용"
"XECUeW5f6qm","QquEimEOU8","H0117","R0117_1","0.0","166","92","실제 노출 로그 / 점수·순위는 실험용"
"XEZpLv9pOeK","QquEimEOU8","H0061","R0061_1","0.0","167","60","실제 노출 로그 / 점수·순위는 실험용"
"XEWvsyFBmRj","QquEimEOU8","H0005","R0005_1","0.0","168","24","실제 노출 로그 / 점수·순위는 실험용"
"XEAOWfobiG1","QquEimEOU8","H0200","R0200_1","0.0","169","40","실제 노출 로그 / 점수·순위는 실험용"
"XEMP6TOpiD6","QquEimEOU8","H0144","R0144_1","0.0","170","201","실제 노출 로그 / 점수·순위는 실험용"
"XE20jzkBi6Z","QquEimEOU8","H0088","R0088_1","0.0","171","169","실제 노출 로그 / 점수·순위는 실험용"
"XEHp5SBQQQM","QquEimEOU8","H0032","R0032_1","0.0","172","136","실제 노출 로그 / 점수·순위는 실험용"
"XEpf5KnTiqf","QquEimEOU8","H0172","R0172_1","0.0","173","120","실제 노출 로그 / 점수·순위는 실험용"
"XEDKgJ2hCGd","QquEimEOU8","H0116","R0116_1","0.0","174","88","실제 노출 로그 / 점수·순위는 실험용"
"XEnBMb5ru5G","QquEimEOU8","H0060","R0060_1","0.0","175","56","실제 노출 로그 / 점수·순위는 실험용"
"XEupcDxFQW4","QquEimEOU8","H0004","R0004_1","0.0","176","20","실제 노출 로그 / 점수·순위는 실험용"
"XEF1V3bxPa2","QquEimEOU8","H0199","R0199_1","0.0","177","35","실제 노출 로그 / 점수·순위는 실험용"
"XETUbbpDmsX","QquEimEOU8","H0143","R0143_1","0.0","178","197","실제 노출 로그 / 점수·순위는 실험용"
"XE8CmOwRPI6","QquEimEOU8","H0087","R0087_1","0.0","179","165","실제 노출 로그 / 점수·순위는 실험용"
"XEOBilJe6hs","QquEimEOU8","H0031","R0031_1","0.0","180","132","실제 노출 로그 / 점수·순위는 실험용"
"XECJSwAjr4w","QquEimEOU8","H0171","R0171_1","0.0","181","116","실제 노출 로그 / 점수·순위는 실험용"
"XE3hpmwoCx0","QquEimEOU8","H0115","R0115_1","0.0","182","84","실제 노출 로그 / 점수·순위는 실험용"
"XEkKIW4WKA8","QquEimEOU8","H0059","R0059_1","0.0","183","52","실제 노출 로그 / 점수·순위는 실험용"
"XExooNaEely","QquEimEOU8","H0003","R0003_1","0.0","184","15","실제 노출 로그 / 점수·순위는 실험용"
"XEDc2MNbtOa","QquEimEOU8","H0758","R0758_1","0.0","185","160","실제 노출 로그 / 점수·순위는 실험용"
"XEh44VwBCgY","QquEimEOU8","H0198","R0198_1","0.0","186","30","실제 노출 로그 / 점수·순위는 실험용"
"XETansygddP","QquEimEOU8","H0142","R0142_1","0.0","187","193","실제 노출 로그 / 점수·순위는 실험용"
"XEaLm9d0ZU4","QquEimEOU8","H0086","R0086_1","0.0","188","161","실제 노출 로그 / 점수·순위는 실험용"
"XENqfCHAuZR","QquEimEOU8","H0030","R0030_1","0.0","189","128","실제 노출 로그 / 점수·순위는 실험용"
"XEsMCzrvgec","QquEimEOU8","H0170","R0170_1","0.0","190","112","실제 노출 로그 / 점수·순위는 실험용"
"XENX0iCSoV6","QquEimEOU8","H0114","R0114_1","0.0","191","80","실제 노출 로그 / 점수·순위는 실험용"
"XER43AnzSoP","QquEimEOU8","H0058","R0058_1","0.0","192","48","실제 노출 로그 / 점수·순위는 실험용"
"XE9VsrTNCLD","QquEimEOU8","H0002","R0002_1","0.0","193","10","실제 노출 로그 / 점수·순위는 실험용"
"XEOCxP8CzHZ","QquEimEOU8","H0197","R0197_1","0.0","194","25","실제 노출 로그 / 점수·순위는 실험용"
"XEH9KcYxwe3","QquEimEOU8","H0141","R0141_1","0.0","195","189","실제 노출 로그 / 점수·순위는 실험용"
"XE7Oxb3ei0l","QquEimEOU8","H0085","R0085_1","0.0","196","156","실제 노출 로그 / 점수·순위는 실험용"
"XE964nRHYhI","QquEimEOU8","H0029","R0029_1","0.0","197","124","실제 노출 로그 / 점수·순위는 실험용"
"XEzAoeESM1t","QquEimEOU8","H0169","R0169_1","0.0","198","108","실제 노출 로그 / 점수·순위는 실험용"
"XEH58vNp6ds","QquEimEOU8","H0113","R0113_1","0.0","199","76","실제 노출 로그 / 점수·순위는 실험용"
"XENOz4aC6vs","QquEimEOU8","H0057","R0057_1","0.0","200","44","실제 노출 로그 / 점수·순위는 실험용"
"XEdvck6Oa83","QquEimEOU8","H0001","R0001_1","0.0","201","5","실제 노출 로그 / 점수·순위는 실험용"
"XEvVl7i4RzR","QGrCdiIQAv","H0952","R0952_1","100.0","1","164","실제 노출 로그 / 점수·순위는 실험용"
"XEnsZOWBi9j","QGrCdiIQAv","H0896","R0896_1","99.0","2","125","실제 노출 로그 / 점수·순위는 실험용"
"XEySQLcg81Z","QGrCdiIQAv","H0840","R0840_1","98.0","3","93","실제 노출 로그 / 점수·순위는 실험용"
"XELdEjCCGfb","QGrCdiIQAv","H0980","R0980_1","97.0","4","77","실제 노출 로그 / 점수·순위는 실험용"
"XEv4Ff86gPe","QGrCdiIQAv","H0924","R0924_1","96.0","5","45","실제 노출 로그 / 점수·순위는 실험용"
"XEtDI4Hh0Bw","QGrCdiIQAv","H0868","R0868_1","95.0","6","13","실제 노출 로그 / 점수·순위는 실험용"
"XEFjfsmUhg0","QGrCdiIQAv","H0812","R0812_1","94.0","7","181","실제 노출 로그 / 점수·순위는 실험용"
"XEs8qnO5Lo1","QGrCdiIQAv","H0951","R0951_1","93.0","8","159","실제 노출 로그 / 점수·순위는 실험용"
"XEvh0ycdpbQ","QGrCdiIQAv","H0895","R0895_1","92.0","9","121","실제 노출 로그 / 점수·순위는 실험용"
"XEFSZoil6B0","QGrCdiIQAv","H0839","R0839_1","91.0","10","89","실제 노출 로그 / 점수·순위는 실험용"
"XE7GznNDzXM","QGrCdiIQAv","H0979","R0979_1","90.0","11","73","실제 노출 로그 / 점수·순위는 실험용"
"XEf9mn2M3nH","QGrCdiIQAv","H0923","R0923_1","89.0","12","41","실제 노출 로그 / 점수·순위는 실험용"
"XENVCM6UfJ5","QGrCdiIQAv","H0867","R0867_1","88.0","13","9","실제 노출 로그 / 점수·순위는 실험용"
"XE3pi143gO3","QGrCdiIQAv","H0811","R0811_1","87.0","14","177","실제 노출 로그 / 점수·순위는 실험용"
"XEvBOkh8ebC","QGrCdiIQAv","H0950","R0950_1","86.0","15","154","실제 노출 로그 / 점수·순위는 실험용"
"XE8M66J25dN","QGrCdiIQAv","H0894","R0894_1","85.0","16","117","실제 노출 로그 / 점수·순위는 실험용"
"XEzgrHgmf3l","QGrCdiIQAv","H0838","R0838_1","84.0","17","85","실제 노출 로그 / 점수·순위는 실험용"
"XE5QE3oR8WQ","QGrCdiIQAv","H0978","R0978_1","83.0","18","69","실제 노출 로그 / 점수·순위는 실험용"
"XEh3iuBP8j8","QGrCdiIQAv","H0922","R0922_1","82.0","19","37","실제 노출 로그 / 점수·순위는 실험용"
"XE9qZkzO2d9","QGrCdiIQAv","H0866","R0866_1","81.0","20","5","실제 노출 로그 / 점수·순위는 실험용"
"XEdnAvMk5Nh","QGrCdiIQAv","H0810","R0810_1","80.0","21","173","실제 노출 로그 / 점수·순위는 실험용"
"XEmDniv2dmS","QGrCdiIQAv","H0809","R0809_1","79.0","22","169","실제 노출 로그 / 점수·순위는 실험용"
"XE4Pn7tBF8P","QGrCdiIQAv","H0949","R0949_1","78.0","23","149","실제 노출 로그 / 점수·순위는 실험용"
"XEZhyj8mfA0","QGrCdiIQAv","H0893","R0893_1","77.0","24","113","실제 노출 로그 / 점수·순위는 실험용"
"XEXVphEU3rc","QGrCdiIQAv","H0837","R0837_1","76.0","25","81","실제 노출 로그 / 점수·순위는 실험용"
"XEehWqGotLf","QGrCdiIQAv","H0977","R0977_1","75.0","26","65","실제 노출 로그 / 점수·순위는 실험용"
"XE4siR0nat7","QGrCdiIQAv","H0921","R0921_1","74.0","27","33","실제 노출 로그 / 점수·순위는 실험용"
"XEQvl1iV52r","QGrCdiIQAv","H0865","R0865_1","73.0","28","1","실제 노출 로그 / 점수·순위는 실험용"
"XEAHrlfDJbg","QGrCdiIQAv","H0808","R0808_1","72.0","29","165","실제 노출 로그 / 점수·순위는 실험용"
"XEuzoLR52kY","QGrCdiIQAv","H0948","R0948_1","71.0","30","144","실제 노출 로그 / 점수·순위는 실험용"
"XEjiopk4xAa","QGrCdiIQAv","H0892","R0892_1","70.0","31","109","실제 노출 로그 / 점수·순위는 실험용"
"XEtlVDuui62","QGrCdiIQAv","H0836","R0836_1","69.0","32","78","실제 노출 로그 / 점수·순위는 실험용"
"XEb9g4mNyhp","QGrCdiIQAv","H0976","R0976_1","68.0","33","61","실제 노출 로그 / 점수·순위는 실험용"
"XEUfwhVWXm8","QGrCdiIQAv","H0920","R0920_1","67.0","34","29","실제 노출 로그 / 점수·순위는 실험용"
"XE1RiHjAW5o","QGrCdiIQAv","H0864","R0864_1","66.0","35","197","실제 노출 로그 / 점수·순위는 실험용"
"XEfVNY0u5Xa","QGrCdiIQAv","H0807","R0807_1","65.0","36","160","실제 노출 로그 / 점수·순위는 실험용"
"XEm3W9WcLXj","QGrCdiIQAv","H0947","R0947_1","64.0","37","139","실제 노출 로그 / 점수·순위는 실험용"
"XEaCLzQftrR","QGrCdiIQAv","H0891","R0891_1","63.0","38","105","실제 노출 로그 / 점수·순위는 실험용"
"XEPEfTV3oot","QGrCdiIQAv","H0835","R0835_1","62.0","39","74","실제 노출 로그 / 점수·순위는 실험용"
"XEZG4D0AIeA","QGrCdiIQAv","H0975","R0975_1","61.0","40","57","실제 노출 로그 / 점수·순위는 실험용"
"XEhAUBLT74J","QGrCdiIQAv","H0919","R0919_1","60.0","41","25","실제 노출 로그 / 점수·순위는 실험용"
"XEhRh9ZhCwE","QGrCdiIQAv","H0863","R0863_1","59.0","42","193","실제 노출 로그 / 점수·순위는 실험용"
"XE4v7RJDHRv","QGrCdiIQAv","H0806","R0806_1","58.0","43","155","실제 노출 로그 / 점수·순위는 실험용"
"XEopzNnNtEt","QGrCdiIQAv","H0946","R0946_1","57.0","44","134","실제 노출 로그 / 점수·순위는 실험용"
"XEbM00CKm9p","QGrCdiIQAv","H0890","R0890_1","56.0","45","101","실제 노출 로그 / 점수·순위는 실험용"
"XE9AsLXbuCI","QGrCdiIQAv","H0834","R0834_1","55.0","46","70","실제 노출 로그 / 점수·순위는 실험용"
"XEDPzwxHZEm","QGrCdiIQAv","H0974","R0974_1","54.0","47","53","실제 노출 로그 / 점수·순위는 실험용"
"XEWCL3g06p9","QGrCdiIQAv","H0918","R0918_1","53.0","48","21","실제 노출 로그 / 점수·순위는 실험용"
"XEBdM6b6ukc","QGrCdiIQAv","H0862","R0862_1","52.0","49","189","실제 노출 로그 / 점수·순위는 실험용"
"XEVFTaUkoCK","QGrCdiIQAv","H0805","R0805_1","51.0","50","150","실제 노출 로그 / 점수·순위는 실험용"
"XEG0q4wnoKK","QGrCdiIQAv","H0945","R0945_1","50.0","51","129","실제 노출 로그 / 점수·순위는 실험용"
"XEp6MkTmHWt","QGrCdiIQAv","H0889","R0889_1","49.0","52","97","실제 노출 로그 / 점수·순위는 실험용"
"XEI6zsGQIu0","QGrCdiIQAv","H0833","R0833_1","48.0","53","66","실제 노출 로그 / 점수·순위는 실험용"
"XENDY0VmGxB","QGrCdiIQAv","H0973","R0973_1","47.0","54","49","실제 노출 로그 / 점수·순위는 실험용"
"XENXa1rlSPn","QGrCdiIQAv","H0917","R0917_1","46.0","55","17","실제 노출 로그 / 점수·순위는 실험용"
"XE4uuLWJOSV","QGrCdiIQAv","H0861","R0861_1","45.0","56","185","실제 노출 로그 / 점수·순위는 실험용"
"XEbWbDB8zsK","QGrCdiIQAv","H0804","R0804_1","44.0","57","145","실제 노출 로그 / 점수·순위는 실험용"
"XEBIFNzj4HC","QGrCdiIQAv","H1000","R1000_1","43.0","58","166","실제 노출 로그 / 점수·순위는 실험용"
"XEl48z1jyU2","QGrCdiIQAv","H0944","R0944_1","42.0","59","126","실제 노출 로그 / 점수·순위는 실험용"
"XEbiZdDnfLO","QGrCdiIQAv","H0888","R0888_1","41.0","60","94","실제 노출 로그 / 점수·순위는 실험용"
"XEY0cZJ145R","QGrCdiIQAv","H0832","R0832_1","40.0","61","62","실제 노출 로그 / 점수·순위는 실험용"
"XEfV3Fsrzlu","QGrCdiIQAv","H0972","R0972_1","39.0","62","46","실제 노출 로그 / 점수·순위는 실험용"
"XERC0dvKGJm","QGrCdiIQAv","H0916","R0916_1","38.0","63","14","실제 노출 로그 / 점수·순위는 실험용"
"XEO1n2lgwhu","QGrCdiIQAv","H0860","R0860_1","37.0","64","182","실제 노출 로그 / 점수·순위는 실험용"
"XEI6jioKJzM","QGrCdiIQAv","H0859","R0859_1","36.0","65","178","실제 노출 로그 / 점수·순위는 실험용"
"XEz9yYXvO6L","QGrCdiIQAv","H0803","R0803_1","35.0","66","140","실제 노출 로그 / 점수·순위는 실험용"
"XEFcGz9KJb6","QGrCdiIQAv","H0999","R0999_1","34.0","67","161","실제 노출 로그 / 점수·순위는 실험용"
"XEDEwyA587u","QGrCdiIQAv","H0943","R0943_1","33.0","68","122","실제 노출 로그 / 점수·순위는 실험용"
"XEFIpRiZUG2","QGrCdiIQAv","H0887","R0887_1","32.0","69","90","실제 노출 로그 / 점수·순위는 실험용"
"XEdcUDFRVuR","QGrCdiIQAv","H0831","R0831_1","31.0","70","58","실제 노출 로그 / 점수·순위는 실험용"
"XEUuxqQCgyO","QGrCdiIQAv","H0971","R0971_1","30.0","71","42","실제 노출 로그 / 점수·순위는 실험용"
"XEABx7K7ijk","QGrCdiIQAv","H0915","R0915_1","29.0","72","10","실제 노출 로그 / 점수·순위는 실험용"
"XEVZJk4mPkZ","QGrCdiIQAv","H0858","R0858_1","28.0","73","174","실제 노출 로그 / 점수·순위는 실험용"
"XEsdjUmdJUX","QGrCdiIQAv","H0802","R0802_1","27.0","74","135","실제 노출 로그 / 점수·순위는 실험용"
"XEEhtF9jTp5","QGrCdiIQAv","H0998","R0998_1","26.0","75","156","실제 노출 로그 / 점수·순위는 실험용"
"XEBRdXWdDG1","QGrCdiIQAv","H0942","R0942_1","25.0","76","118","실제 노출 로그 / 점수·순위는 실험용"
"XE6oGOF0XBR","QGrCdiIQAv","H0886","R0886_1","24.0","77","86","실제 노출 로그 / 점수·순위는 실험용"
"XE2bKv6Zdve","QGrCdiIQAv","H0830","R0830_1","23.0","78","54","실제 노출 로그 / 점수·순위는 실험용"
"XELqW062VSZ","QGrCdiIQAv","H0970","R0970_1","22.0","79","38","실제 노출 로그 / 점수·순위는 실험용"
"XEvk0jSdN4T","QGrCdiIQAv","H0914","R0914_1","21.0","80","6","실제 노출 로그 / 점수·순위는 실험용"
"XEyX4cGvyfq","QGrCdiIQAv","H0857","R0857_1","20.0","81","170","실제 노출 로그 / 점수·순위는 실험용"
"XEJf4bF0Vix","QGrCdiIQAv","H0801","R0801_1","19.0","82","130","실제 노출 로그 / 점수·순위는 실험용"
"XE5YDkYeCUi","QGrCdiIQAv","H0997","R0997_1","18.0","83","151","실제 노출 로그 / 점수·순위는 실험용"
"XE0z7RvQB5G","QGrCdiIQAv","H0941","R0941_1","17.0","84","114","실제 노출 로그 / 점수·순위는 실험용"
"XERswIX7A7J","QGrCdiIQAv","H0885","R0885_1","16.0","85","82","실제 노출 로그 / 점수·순위는 실험용"
"XEAALWd6sQs","QGrCdiIQAv","H0829","R0829_1","15.0","86","50","실제 노출 로그 / 점수·순위는 실험용"
"XEG5nyjNZQi","QGrCdiIQAv","H0969","R0969_1","14.0","87","34","실제 노출 로그 / 점수·순위는 실험용"
"XETvzEHSV0c","QGrCdiIQAv","H0913","R0913_1","13.0","88","2","실제 노출 로그 / 점수·순위는 실험용"
"XEnWJnXeZ11","QGrCdiIQAv","H0856","R0856_1","12.0","89","167","실제 노출 로그 / 점수·순위는 실험용"
"XEK2INhoDJm","QGrCdiIQAv","H0996","R0996_1","11.0","90","146","실제 노출 로그 / 점수·순위는 실험용"
"XEEENyzyhQ9","QGrCdiIQAv","H0940","R0940_1","10.0","91","110","실제 노출 로그 / 점수·순위는 실험용"
"XE2Jm2oDE1G","QGrCdiIQAv","H0884","R0884_1","9.0","92","79","실제 노출 로그 / 점수·순위는 실험용"
"XE0ueLKs8w6","QGrCdiIQAv","H0828","R0828_1","8.0","93","47","실제 노출 로그 / 점수·순위는 실험용"
"XEiW9Zijb1w","QGrCdiIQAv","H0968","R0968_1","7.0","94","30","실제 노출 로그 / 점수·순위는 실험용"
"XE05ihlcCXP","QGrCdiIQAv","H0912","R0912_1","6.0","95","198","실제 노출 로그 / 점수·순위는 실험용"
"XEEmvwPPP7x","QGrCdiIQAv","H0855","R0855_1","5.0","96","162","실제 노출 로그 / 점수·순위는 실험용"
"XE52JYHQlC2","QGrCdiIQAv","H0995","R0995_1","4.0","97","141","실제 노출 로그 / 점수·순위는 실험용"
"XE3OQzMl9CF","QGrCdiIQAv","H0939","R0939_1","3.0","98","106","실제 노출 로그 / 점수·순위는 실험용"
"XEM9D2C7DfD","QGrCdiIQAv","H0883","R0883_1","2.0","99","75","실제 노출 로그 / 점수·순위는 실험용"
"XEW813YNL56","QGrCdiIQAv","H0827","R0827_1","1.0","100","43","실제 노출 로그 / 점수·순위는 실험용"
"XEmqFdocM5g","QGrCdiIQAv","H0967","R0967_1","0.0","101","26","실제 노출 로그 / 점수·순위는 실험용"
"XEfLahoOH16","QGrCdiIQAv","H0911","R0911_1","0.0","102","194","실제 노출 로그 / 점수·순위는 실험용"
"XE22R87dDZQ","QGrCdiIQAv","H0910","R0910_1","0.0","103","190","실제 노출 로그 / 점수·순위는 실험용"
"XEJovHpc3Fm","QGrCdiIQAv","H0854","R0854_1","0.0","104","157","실제 노출 로그 / 점수·순위는 실험용"
"XEsLI0mmMAe","QGrCdiIQAv","H0994","R0994_1","0.0","105","136","실제 노출 로그 / 점수·순위는 실험용"
"XEY1rkqbaU3","QGrCdiIQAv","H0938","R0938_1","0.0","106","102","실제 노출 로그 / 점수·순위는 실험용"
"XEk57yAK9Yx","QGrCdiIQAv","H0882","R0882_1","0.0","107","71","실제 노출 로그 / 점수·순위는 실험용"
"XEiWEYsBNC5","QGrCdiIQAv","H0826","R0826_1","0.0","108","39","실제 노출 로그 / 점수·순위는 실험용"
"XE5SaZeNaff","QGrCdiIQAv","H0966","R0966_1","0.0","109","22","실제 노출 로그 / 점수·순위는 실험용"
"XEhV9BsWyEs","QGrCdiIQAv","H0909","R0909_1","0.0","110","186","실제 노출 로그 / 점수·순위는 실험용"
"XEkcZklfcBj","QGrCdiIQAv","H0853","R0853_1","0.0","111","152","실제 노출 로그 / 점수·순위는 실험용"
"XEjaKwrL9gy","QGrCdiIQAv","H0993","R0993_1","0.0","112","131","실제 노출 로그 / 점수·순위는 실험용"
"XEALlf6ygh1","QGrCdiIQAv","H0937","R0937_1","0.0","113","98","실제 노출 로그 / 점수·순위는 실험용"
"XENrh9Cy05m","QGrCdiIQAv","H0881","R0881_1","0.0","114","67","실제 노출 로그 / 점수·순위는 실험용"
"XExmql0ypV3","QGrCdiIQAv","H0825","R0825_1","0.0","115","35","실제 노출 로그 / 점수·순위는 실험용"
"XEasDcn64OQ","QGrCdiIQAv","H0965","R0965_1","0.0","116","18","실제 노출 로그 / 점수·순위는 실험용"
"XEpoX714MrV","QGrCdiIQAv","H0908","R0908_1","0.0","117","183","실제 노출 로그 / 점수·순위는 실험용"
"XErVnqsFJth","QGrCdiIQAv","H0852","R0852_1","0.0","118","147","실제 노출 로그 / 점수·순위는 실험용"
"XEeZhTHqtI3","QGrCdiIQAv","H0992","R0992_1","0.0","119","127","실제 노출 로그 / 점수·순위는 실험용"
"XEgGnWnQGTM","QGrCdiIQAv","H0936","R0936_1","0.0","120","95","실제 노출 로그 / 점수·순위는 실험용"
"XETyFzA32pu","QGrCdiIQAv","H0880","R0880_1","0.0","121","63","실제 노출 로그 / 점수·순위는 실험용"
"XEC7si3Sr6W","QGrCdiIQAv","H0824","R0824_1","0.0","122","31","실제 노출 로그 / 점수·순위는 실험용"
"XEEarJ86iGB","QGrCdiIQAv","H0964","R0964_1","0.0","123","15","실제 노출 로그 / 점수·순위는 실험용"
"XEm0a3lzMOG","QGrCdiIQAv","H0907","R0907_1","0.0","124","179","실제 노출 로그 / 점수·순위는 실험용"
"XE76KosjPvL","QGrCdiIQAv","H0851","R0851_1","0.0","125","142","실제 노출 로그 / 점수·순위는 실험용"
"XEINASnispn","QGrCdiIQAv","H0991","R0991_1","0.0","126","123","실제 노출 로그 / 점수·순위는 실험용"
"XEmZxhk5nmd","QGrCdiIQAv","H0935","R0935_1","0.0","127","91","실제 노출 로그 / 점수·순위는 실험용"
"XES8ATYAP71","QGrCdiIQAv","H0879","R0879_1","0.0","128","59","실제 노출 로그 / 점수·순위는 실험용"
"XEkIZWezcsu","QGrCdiIQAv","H0823","R0823_1","0.0","129","27","실제 노출 로그 / 점수·순위는 실험용"
"XEob18KMXwP","QGrCdiIQAv","H0963","R0963_1","0.0","130","11","실제 노출 로그 / 점수·순위는 실험용"
"XE0kHrw91h6","QGrCdiIQAv","H0906","R0906_1","0.0","131","175","실제 노출 로그 / 점수·순위는 실험용"
"XEB0pAF6261","QGrCdiIQAv","H0850","R0850_1","0.0","132","137","실제 노출 로그 / 점수·순위는 실험용"
"XEz45nmkAB4","QGrCdiIQAv","H0990","R0990_1","0.0","133","119","실제 노출 로그 / 점수·순위는 실험용"
"XExcpVCV6P2","QGrCdiIQAv","H0934","R0934_1","0.0","134","87","실제 노출 로그 / 점수·순위는 실험용"
"XEi4XotR78Z","QGrCdiIQAv","H0878","R0878_1","0.0","135","55","실제 노출 로그 / 점수·순위는 실험용"
"XEWVl4A3XeO","QGrCdiIQAv","H0822","R0822_1","0.0","136","23","실제 노출 로그 / 점수·순위는 실험용"
"XEphfxGdJB7","QGrCdiIQAv","H0962","R0962_1","0.0","137","7","실제 노출 로그 / 점수·순위는 실험용"
"XEq6Q72rGVE","QGrCdiIQAv","H0905","R0905_1","0.0","138","171","실제 노출 로그 / 점수·순위는 실험용"
"XEpOvu11z7s","QGrCdiIQAv","H0849","R0849_1","0.0","139","132","실제 노출 로그 / 점수·순위는 실험용"
"XEyxHVB5ckv","QGrCdiIQAv","H0989","R0989_1","0.0","140","115","실제 노출 로그 / 점수·순위는 실험용"
"XEcpnCJ9v7k","QGrCdiIQAv","H0933","R0933_1","0.0","141","83","실제 노출 로그 / 점수·순위는 실험용"
"XEGxdXJwznT","QGrCdiIQAv","H0877","R0877_1","0.0","142","51","실제 노출 로그 / 점수·순위는 실험용"
"XEA4thgF2Oo","QGrCdiIQAv","H0821","R0821_1","0.0","143","19","실제 노출 로그 / 점수·순위는 실험용"
"XEpPdc6UxUY","QGrCdiIQAv","H0961","R0961_1","0.0","144","3","실제 노출 로그 / 점수·순위는 실험용"
"XEfbBVw06wV","QGrCdiIQAv","H0960","R0960_1","0.0","145","199","실제 노출 로그 / 점수·순위는 실험용"
"XEjynoeJ58b","QGrCdiIQAv","H0904","R0904_1","0.0","146","168","실제 노출 로그 / 점수·순위는 실험용"
"XENcW1TsFyK","QGrCdiIQAv","H0848","R0848_1","0.0","147","128","실제 노출 로그 / 점수·순위는 실험용"
"XEbFGXCKOmM","QGrCdiIQAv","H0988","R0988_1","0.0","148","111","실제 노출 로그 / 점수·순위는 실험용"
"XEwDmLqzeH8","QGrCdiIQAv","H0932","R0932_1","0.0","149","80","실제 노출 로그 / 점수·순위는 실험용"
"XEChHj45ikD","QGrCdiIQAv","H0876","R0876_1","0.0","150","48","실제 노출 로그 / 점수·순위는 실험용"
"XEdJeAYj62J","QGrCdiIQAv","H0820","R0820_1","0.0","151","16","실제 노출 로그 / 점수·순위는 실험용"
"XEVMcbonFHI","QGrCdiIQAv","H0959","R0959_1","0.0","152","195","실제 노출 로그 / 점수·순위는 실험용"
"XEJ5a9alui6","QGrCdiIQAv","H0903","R0903_1","0.0","153","163","실제 노출 로그 / 점수·순위는 실험용"
"XEkmhGvS7vA","QGrCdiIQAv","H0847","R0847_1","0.0","154","124","실제 노출 로그 / 점수·순위는 실험용"
"XE5I46nchlv","QGrCdiIQAv","H0987","R0987_1","0.0","155","107","실제 노출 로그 / 점수·순위는 실험용"
"XEeE0TfmHpl","QGrCdiIQAv","H0931","R0931_1","0.0","156","76","실제 노출 로그 / 점수·순위는 실험용"
"XEjOXmmbDbL","QGrCdiIQAv","H0875","R0875_1","0.0","157","44","실제 노출 로그 / 점수·순위는 실험용"
"XEjXjktxZzM","QGrCdiIQAv","H0819","R0819_1","0.0","158","12","실제 노출 로그 / 점수·순위는 실험용"
"XEvYNpUcOaX","QGrCdiIQAv","H0958","R0958_1","0.0","159","191","실제 노출 로그 / 점수·순위는 실험용"
"XEcTztZh2xn","QGrCdiIQAv","H0902","R0902_1","0.0","160","158","실제 노출 로그 / 점수·순위는 실험용"
"XEYuiKTe7Z0","QGrCdiIQAv","H0846","R0846_1","0.0","161","120","실제 노출 로그 / 점수·순위는 실험용"
"XEdsV9alBVB","QGrCdiIQAv","H0986","R0986_1","0.0","162","103","실제 노출 로그 / 점수·순위는 실험용"
"XEsbAB4G8JV","QGrCdiIQAv","H0930","R0930_1","0.0","163","72","실제 노출 로그 / 점수·순위는 실험용"
"XENq1upVOag","QGrCdiIQAv","H0874","R0874_1","0.0","164","40","실제 노출 로그 / 점수·순위는 실험용"
"XEaQECkl5sL","QGrCdiIQAv","H0818","R0818_1","0.0","165","8","실제 노출 로그 / 점수·순위는 실험용"
"XEl7rUl9tAb","QGrCdiIQAv","H0957","R0957_1","0.0","166","187","실제 노출 로그 / 점수·순위는 실험용"
"XE855bL9aTB","QGrCdiIQAv","H0901","R0901_1","0.0","167","153","실제 노출 로그 / 점수·순위는 실험용"
"XEvGpJfcIJq","QGrCdiIQAv","H0845","R0845_1","0.0","168","116","실제 노출 로그 / 점수·순위는 실험용"
"XEBEX5pR9eM","QGrCdiIQAv","H0985","R0985_1","0.0","169","99","실제 노출 로그 / 점수·순위는 실험용"
"XEf7Lqd4C0a","QGrCdiIQAv","H0929","R0929_1","0.0","170","68","실제 노출 로그 / 점수·순위는 실험용"
"XEJoSLj9KH9","QGrCdiIQAv","H0873","R0873_1","0.0","171","36","실제 노출 로그 / 점수·순위는 실험용"
"XE0Tj4kGRQy","QGrCdiIQAv","H0817","R0817_1","0.0","172","4","실제 노출 로그 / 점수·순위는 실험용"
"XE7Xo5fNMWV","QGrCdiIQAv","H0956","R0956_1","0.0","173","184","실제 노출 로그 / 점수·순위는 실험용"
"XEIRJGaGjp8","QGrCdiIQAv","H0900","R0900_1","0.0","174","148","실제 노출 로그 / 점수·순위는 실험용"
"XELU4TVyuUO","QGrCdiIQAv","H0844","R0844_1","0.0","175","112","실제 노출 로그 / 점수·순위는 실험용"
"XEmtV3Icuwm","QGrCdiIQAv","H0984","R0984_1","0.0","176","96","실제 노출 로그 / 점수·순위는 실험용"
"XEvPlyZ7ANE","QGrCdiIQAv","H0928","R0928_1","0.0","177","64","실제 노출 로그 / 점수·순위는 실험용"
"XEnXxGREdn6","QGrCdiIQAv","H0872","R0872_1","0.0","178","32","실제 노출 로그 / 점수·순위는 실험용"
"XEq72cXOLTs","QGrCdiIQAv","H0816","R0816_1","0.0","179","200","실제 노출 로그 / 점수·순위는 실험용"
"XE0syrEShmq","QGrCdiIQAv","H0955","R0955_1","0.0","180","180","실제 노출 로그 / 점수·순위는 실험용"
"XE61l4RCeNa","QGrCdiIQAv","H0899","R0899_1","0.0","181","143","실제 노출 로그 / 점수·순위는 실험용"
"XE8quBx4677","QGrCdiIQAv","H0843","R0843_1","0.0","182","108","실제 노출 로그 / 점수·순위는 실험용"
"XEFuZnP38gY","QGrCdiIQAv","H0983","R0983_1","0.0","183","92","실제 노출 로그 / 점수·순위는 실험용"
"XEwEanA0ESr","QGrCdiIQAv","H0927","R0927_1","0.0","184","60","실제 노출 로그 / 점수·순위는 실험용"
"XED1udqx314","QGrCdiIQAv","H0871","R0871_1","0.0","185","28","실제 노출 로그 / 점수·순위는 실험용"
"XEmRhlVEmCh","QGrCdiIQAv","H0815","R0815_1","0.0","186","196","실제 노출 로그 / 점수·순위는 실험용"
"XEZQpb9hSLl","QGrCdiIQAv","H0954","R0954_1","0.0","187","176","실제 노출 로그 / 점수·순위는 실험용"
"XEhwIFO02TP","QGrCdiIQAv","H0898","R0898_1","0.0","188","138","실제 노출 로그 / 점수·순위는 실험용"
"XE0zmATNNPb","QGrCdiIQAv","H0842","R0842_1","0.0","189","104","실제 노출 로그 / 점수·순위는 실험용"
"XEnifVbHePb","QGrCdiIQAv","H0982","R0982_1","0.0","190","88","실제 노출 로그 / 점수·순위는 실험용"
"XE9NGPmuvbw","QGrCdiIQAv","H0926","R0926_1","0.0","191","56","실제 노출 로그 / 점수·순위는 실험용"
"XEXvJmKJ0Ic","QGrCdiIQAv","H0870","R0870_1","0.0","192","24","실제 노출 로그 / 점수·순위는 실험용"
"XE5IJyWteDL","QGrCdiIQAv","H0814","R0814_1","0.0","193","192","실제 노출 로그 / 점수·순위는 실험용"
"XErZ4CpD9D5","QGrCdiIQAv","H0953","R0953_1","0.0","194","172","실제 노출 로그 / 점수·순위는 실험용"
"XEQ56IGVXF4","QGrCdiIQAv","H0897","R0897_1","0.0","195","133","실제 노출 로그 / 점수·순위는 실험용"
"XEv0s6QG5jo","QGrCdiIQAv","H0841","R0841_1","0.0","196","100","실제 노출 로그 / 점수·순위는 실험용"
"XEXfCc1UeyV","QGrCdiIQAv","H0981","R0981_1","0.0","197","84","실제 노출 로그 / 점수·순위는 실험용"
"XE6F5j2Cb8P","QGrCdiIQAv","H0925","R0925_1","0.0","198","52","실제 노출 로그 / 점수·순위는 실험용"
"XE6aOOQwPjq","QGrCdiIQAv","H0869","R0869_1","0.0","199","20","실제 노출 로그 / 점수·순위는 실험용"
"XEN7byg5ArH","QGrCdiIQAv","H0813","R0813_1","0.0","200","188","실제 노출 로그 / 점수·순위는 실험용"
"XEqNzR3wMZi","Qt5N1QrO1F","H0112","R0112_1","100.0","1","7","실제 노출 로그 / 점수·순위는 실험용"
"XEvuqeUj5hy","Qt5N1QrO1F","H0082","R0082_1","99.0","2","14","실제 노출 로그 / 점수·순위는 실험용"
"XEWAkYnV6rr","Qt5N1QrO1F","H0192","R0192_1","98.0","3","20","실제 노출 로그 / 점수·순위는 실험용"
"XEXtgDee6oa","Qt5N1QrO1F","H0052","R0052_1","97.0","4","2","실제 노출 로그 / 점수·순위는 실험용"
"XEguFB6c3yW","Qt5N1QrO1F","H0022","R0022_1","96.0","5","9","실제 노출 로그 / 점수·순위는 실험용"
"XE0z2FQto3r","Qt5N1QrO1F","H0162","R0162_1","95.0","6","8","실제 노출 로그 / 점수·순위는 실험용"
"XE3FElMuhrY","Qt5N1QrO1F","H0132","R0132_1","94.0","7","15","실제 노출 로그 / 점수·순위는 실험용"
"XEQBxMZIK5O","Qt5N1QrO1F","H0102","R0102_1","93.0","8","3","실제 노출 로그 / 점수·순위는 실험용"
"XEWGL2OGp40","Qt5N1QrO1F","H0072","R0072_1","92.0","9","10","실제 노출 로그 / 점수·순위는 실험용"
"XE8zTgDzBst","Qt5N1QrO1F","H0042","R0042_1","91.0","10","17","실제 노출 로그 / 점수·순위는 실험용"
"XEU60V92O8Q","Qt5N1QrO1F","H0182","R0182_1","90.0","11","16","실제 노출 로그 / 점수·순위는 실험용"
"XEEwKJPNcEH","Qt5N1QrO1F","H0152","R0152_1","89.0","12","4","실제 노출 로그 / 점수·순위는 실험용"
"XEVcg2SbEab","Qt5N1QrO1F","H0012","R0012_1","88.0","13","5","실제 노출 로그 / 점수·순위는 실험용"
"XE4BcsahKdZ","Qt5N1QrO1F","H0122","R0122_1","87.0","14","11","실제 노출 로그 / 점수·순위는 실험용"
"XE4XgEP7G3m","Qt5N1QrO1F","H0092","R0092_1","86.0","15","18","실제 노출 로그 / 점수·순위는 실험용"
"XE5xHEqlxWv","Qt5N1QrO1F","H0062","R0062_1","85.0","16","6","실제 노출 로그 / 점수·순위는 실험용"
"XEJ2KJgRef9","Qt5N1QrO1F","H0032","R0032_1","84.0","17","13","실제 노출 로그 / 점수·순위는 실험용"
"XEnThVaaBdc","Qt5N1QrO1F","H0172","R0172_1","83.0","18","12","실제 노출 로그 / 점수·순위는 실험용"
"XEK50YFokNC","Qt5N1QrO1F","H0142","R0142_1","82.0","19","19","실제 노출 로그 / 점수·순위는 실험용"
"XEtRyQHYy0B","Qt5N1QrO1F","H0002","R0002_1","81.0","20","1","실제 노출 로그 / 점수·순위는 실험용"
"XEr49F57Woo","QwSVJLo6n3","H0196","R0196_1","100.0","1","16","실제 노출 로그 / 점수·순위는 실험용"
"XEz3dFnWs21","QwSVJLo6n3","H0140","R0140_1","99.0","2","182","실제 노출 로그 / 점수·순위는 실험용"
"XEiNFSEDuuE","QwSVJLo6n3","H0084","R0084_1","98.0","3","149","실제 노출 로그 / 점수·순위는 실험용"
"XEyQC0gArlI","QwSVJLo6n3","H0028","R0028_1","97.0","4","117","실제 노출 로그 / 점수·순위는 실험용"
"XEAVPT9KLJ0","QwSVJLo6n3","H0168","R0168_1","96.0","5","101","실제 노출 로그 / 점수·순위는 실험용"
"XEoMDP71QPE","QwSVJLo6n3","H0112","R0112_1","95.0","6","69","실제 노출 로그 / 점수·순위는 실험용"
"XE54rZvKZhe","QwSVJLo6n3","H0056","R0056_1","94.0","7","36","실제 노출 로그 / 점수·순위는 실험용"
"XEPBcHnkcJs","QwSVJLo6n3","H0195","R0195_1","93.0","8","11","실제 노출 로그 / 점수·순위는 실험용"
"XEEOqsX0b6q","QwSVJLo6n3","H0139","R0139_1","92.0","9","178","실제 노출 로그 / 점수·순위는 실험용"
"XEBTni0WE0D","QwSVJLo6n3","H0083","R0083_1","91.0","10","145","실제 노출 로그 / 점수·순위는 실험용"
"XEqh5gY8A9q","QwSVJLo6n3","H0027","R0027_1","90.0","11","113","실제 노출 로그 / 점수·순위는 실험용"
"XE5kVKW9E4a","QwSVJLo6n3","H0167","R0167_1","89.0","12","97","실제 노출 로그 / 점수·순위는 실험용"
"XEbTNVpEIDw","QwSVJLo6n3","H0111","R0111_1","88.0","13","65","실제 노출 로그 / 점수·순위는 실험용"
"XEPTA4snZQX","QwSVJLo6n3","H0055","R0055_1","87.0","14","31","실제 노출 로그 / 점수·순위는 실험용"
"XEP80ms6Mo6","QwSVJLo6n3","H0194","R0194_1","86.0","15","6","실제 노출 로그 / 점수·순위는 실험용"
"XEq4TME1gCr","QwSVJLo6n3","H0138","R0138_1","85.0","16","174","실제 노출 로그 / 점수·순위는 실험용"
"XEBm4BEJg13","QwSVJLo6n3","H0082","R0082_1","84.0","17","141","실제 노출 로그 / 점수·순위는 실험용"
"XEdmq1Yy4AL","QwSVJLo6n3","H0026","R0026_1","83.0","18","109","실제 노출 로그 / 점수·순위는 실험용"
"XEvT1h3PU60","QwSVJLo6n3","H0166","R0166_1","82.0","19","93","실제 노출 로그 / 점수·순위는 실험용"
"XEChJtQ6Rej","QwSVJLo6n3","H0110","R0110_1","81.0","20","61","실제 노출 로그 / 점수·순위는 실험용"
"XEFIdhTgFzr","QwSVJLo6n3","H0054","R0054_1","80.0","21","26","실제 노출 로그 / 점수·순위는 실험용"
"XEB3v45LI0e","QwSVJLo6n3","H0193","R0193_1","79.0","22","1","실제 노출 로그 / 점수·순위는 실험용"
"XEq5c21dA2u","QwSVJLo6n3","H0137","R0137_1","78.0","23","170","실제 노출 로그 / 점수·순위는 실험용"
"XEUMGq9WhCy","QwSVJLo6n3","H0081","R0081_1","77.0","24","137","실제 노출 로그 / 점수·순위는 실험용"
"XEEgoqwmTPv","QwSVJLo6n3","H0025","R0025_1","76.0","25","105","실제 노출 로그 / 점수·순위는 실험용"
"XEgMC3oMiTY","QwSVJLo6n3","H0165","R0165_1","75.0","26","89","실제 노출 로그 / 점수·순위는 실험용"
"XEeLodt0v4A","QwSVJLo6n3","H0109","R0109_1","74.0","27","57","실제 노출 로그 / 점수·순위는 실험용"
"XEY8NNcdqqB","QwSVJLo6n3","H0053","R0053_1","73.0","28","21","실제 노출 로그 / 점수·순위는 실험용"
"XEQ43OqCzeQ","QwSVJLo6n3","H0192","R0192_1","72.0","29","198","실제 노출 로그 / 점수·순위는 실험용"
"XErmexQEXZH","QwSVJLo6n3","H0136","R0136_1","71.0","30","166","실제 노출 로그 / 점수·순위는 실험용"
"XEVeyRxnMjc","QwSVJLo6n3","H0080","R0080_1","70.0","31","133","실제 노출 로그 / 점수·순위는 실험용"
"XE7BUs0UlD5","QwSVJLo6n3","H0024","R0024_1","69.0","32","102","실제 노출 로그 / 점수·순위는 실험용"
"XEjkb06JLuH","QwSVJLo6n3","H0164","R0164_1","68.0","33","85","실제 노출 로그 / 점수·순위는 실험용"
"XEvmnRf0VsM","QwSVJLo6n3","H0108","R0108_1","67.0","34","53","실제 노출 로그 / 점수·순위는 실험용"
"XEeKXpN04je","QwSVJLo6n3","H0052","R0052_1","66.0","35","17","실제 노출 로그 / 점수·순위는 실험용"
"XEq9fHZekdE","QwSVJLo6n3","H0051","R0051_1","65.0","36","12","실제 노출 로그 / 점수·순위는 실험용"
"XEkU2Pyz1k0","QwSVJLo6n3","H0191","R0191_1","64.0","37","194","실제 노출 로그 / 점수·순위는 실험용"
"XESzwO5xwAB","QwSVJLo6n3","H0135","R0135_1","63.0","38","162","실제 노출 로그 / 점수·순위는 실험용"
"XEl1BauSKhJ","QwSVJLo6n3","H0079","R0079_1","62.0","39","129","실제 노출 로그 / 점수·순위는 실험용"
"XEtn1sNtChc","QwSVJLo6n3","H0023","R0023_1","61.0","40","98","실제 노출 로그 / 점수·순위는 실험용"
"XERcvZBc1JH","QwSVJLo6n3","H0163","R0163_1","60.0","41","81","실제 노출 로그 / 점수·순위는 실험용"
"XExCLRCKIK3","QwSVJLo6n3","H0107","R0107_1","59.0","42","49","실제 노출 로그 / 점수·순위는 실험용"
"XEQCxTTxnGF","QwSVJLo6n3","H0050","R0050_1","58.0","43","7","실제 노출 로그 / 점수·순위는 실험용"
"XETFkl032MP","QwSVJLo6n3","H0190","R0190_1","57.0","44","190","실제 노출 로그 / 점수·순위는 실험용"
"XE6k11Vndga","QwSVJLo6n3","H0134","R0134_1","56.0","45","157","실제 노출 로그 / 점수·순위는 실험용"
"XEQfVfbN9nu","QwSVJLo6n3","H0078","R0078_1","55.0","46","125","실제 노출 로그 / 점수·순위는 실험용"
"XEzwwX9dPJx","QwSVJLo6n3","H0022","R0022_1","54.0","47","94","실제 노출 로그 / 점수·순위는 실험용"
"XEk3LjxJTLR","QwSVJLo6n3","H0162","R0162_1","53.0","48","77","실제 노출 로그 / 점수·순위는 실험용"
"XEDZFZ5idN3","QwSVJLo6n3","H0106","R0106_1","52.0","49","45","실제 노출 로그 / 점수·순위는 실험용"
"XE9iwn4xGmI","QwSVJLo6n3","H0049","R0049_1","51.0","50","2","실제 노출 로그 / 점수·순위는 실험용"
"XEkjRWpZD2d","QwSVJLo6n3","H0189","R0189_1","50.0","51","186","실제 노출 로그 / 점수·순위는 실험용"
"XEqEagNn5ed","QwSVJLo6n3","H0133","R0133_1","49.0","52","153","실제 노출 로그 / 점수·순위는 실험용"
"XEJua0fomTg","QwSVJLo6n3","H0077","R0077_1","48.0","53","121","실제 노출 로그 / 점수·순위는 실험용"
"XE65amG3sH4","QwSVJLo6n3","H0021","R0021_1","47.0","54","90","실제 노출 로그 / 점수·순위는 실험용"
"XERXQ5HU91o","QwSVJLo6n3","H0161","R0161_1","46.0","55","73","실제 노출 로그 / 점수·순위는 실험용"
"XEvxhEw8kTs","QwSVJLo6n3","H0105","R0105_1","45.0","56","41","실제 노출 로그 / 점수·순위는 실험용"
"XEnaO8gIcsE","QwSVJLo6n3","H0048","R0048_1","44.0","57","199","실제 노출 로그 / 점수·순위는 실험용"
"XEf3FEkaFxx","QwSVJLo6n3","H0188","R0188_1","43.0","58","183","실제 노출 로그 / 점수·순위는 실험용"
"XETP7bdw0wR","QwSVJLo6n3","H0132","R0132_1","42.0","59","150","실제 노출 로그 / 점수·순위는 실험용"
"XEHu6A0kM63","QwSVJLo6n3","H0076","R0076_1","41.0","60","118","실제 노출 로그 / 점수·순위는 실험용"
"XEOolj7iskZ","QwSVJLo6n3","H0020","R0020_1","40.0","61","86","실제 노출 로그 / 점수·순위는 실험용"
"XEKkGWpt0F0","QwSVJLo6n3","H0160","R0160_1","39.0","62","70","실제 노출 로그 / 점수·순위는 실험용"
"XET1Wu0Smzk","QwSVJLo6n3","H0104","R0104_1","38.0","63","37","실제 노출 로그 / 점수·순위는 실험용"
"XExICvR69Ff","QwSVJLo6n3","H0047","R0047_1","37.0","64","195","실제 노출 로그 / 점수·순위는 실험용"
"XEo9YInUtlJ","QwSVJLo6n3","H0187","R0187_1","36.0","65","179","실제 노출 로그 / 점수·순위는 실험용"
"XEIf9AGbuv5","QwSVJLo6n3","H0131","R0131_1","35.0","66","146","실제 노출 로그 / 점수·순위는 실험용"
"XE93xoXb8wk","QwSVJLo6n3","H0075","R0075_1","34.0","67","114","실제 노출 로그 / 점수·순위는 실험용"
"XEE7O8xIqBv","QwSVJLo6n3","H0019","R0019_1","33.0","68","82","실제 노출 로그 / 점수·순위는 실험용"
"XEbuwRnwcJt","QwSVJLo6n3","H0159","R0159_1","32.0","69","66","실제 노출 로그 / 점수·순위는 실험용"
"XEQgNRmejKE","QwSVJLo6n3","H0103","R0103_1","31.0","70","32","실제 노출 로그 / 점수·순위는 실험용"
"XExbNfl5Iuc","QwSVJLo6n3","H0102","R0102_1","30.0","71","27","실제 노출 로그 / 점수·순위는 실험용"
"XEn4Otd7rqI","QwSVJLo6n3","H0046","R0046_1","29.0","72","191","실제 노출 로그 / 점수·순위는 실험용"
"XEWmLOWWnZ4","QwSVJLo6n3","H0186","R0186_1","28.0","73","175","실제 노출 로그 / 점수·순위는 실험용"
"XEByA5yqITx","QwSVJLo6n3","H0130","R0130_1","27.0","74","142","실제 노출 로그 / 점수·순위는 실험용"
"XEn68FDmvI2","QwSVJLo6n3","H0074","R0074_1","26.0","75","110","실제 노출 로그 / 점수·순위는 실험용"
"XEKXuwAi60x","QwSVJLo6n3","H0018","R0018_1","25.0","76","78","실제 노출 로그 / 점수·순위는 실험용"
"XEsRhYLKZqG","QwSVJLo6n3","H0158","R0158_1","24.0","77","62","실제 노출 로그 / 점수·순위는 실험용"
"XEzpZqocVHO","QwSVJLo6n3","H0101","R0101_1","23.0","78","22","실제 노출 로그 / 점수·순위는 실험용"
"XEFbSKs4EK9","QwSVJLo6n3","H0045","R0045_1","22.0","79","187","실제 노출 로그 / 점수·순위는 실험용"
"XEs4Lh8A7Bu","QwSVJLo6n3","H0185","R0185_1","21.0","80","171","실제 노출 로그 / 점수·순위는 실험용"
"XEq2rIT4oGG","QwSVJLo6n3","H0129","R0129_1","20.0","81","138","실제 노출 로그 / 점수·순위는 실험용"
"XEsPjLSd7yR","QwSVJLo6n3","H0073","R0073_1","19.0","82","106","실제 노출 로그 / 점수·순위는 실험용"
"XE0Xl6oy0ms","QwSVJLo6n3","H0017","R0017_1","18.0","83","74","실제 노출 로그 / 점수·순위는 실험용"
"XEW7HDgEFPx","QwSVJLo6n3","H0157","R0157_1","17.0","84","58","실제 노출 로그 / 점수·순위는 실험용"
"XEUUzn3CPgx","QwSVJLo6n3","H0100","R0100_1","16.0","85","18","실제 노출 로그 / 점수·순위는 실험용"
"XEpMBHC3Dnm","QwSVJLo6n3","H0044","R0044_1","15.0","86","184","실제 노출 로그 / 점수·순위는 실험용"
"XELf389y5hs","QwSVJLo6n3","H0184","R0184_1","14.0","87","167","실제 노출 로그 / 점수·순위는 실험용"
"XEP9dVD7RVY","QwSVJLo6n3","H0128","R0128_1","13.0","88","134","실제 노출 로그 / 점수·순위는 실험용"
"XE5iyZiwSoU","QwSVJLo6n3","H0072","R0072_1","12.0","89","103","실제 노출 로그 / 점수·순위는 실험용"
"XEuDoFRpkyU","QwSVJLo6n3","H0016","R0016_1","11.0","90","71","실제 노출 로그 / 점수·순위는 실험용"
"XEmo6wJDC6N","QwSVJLo6n3","H0156","R0156_1","10.0","91","54","실제 노출 로그 / 점수·순위는 실험용"
"XEhOwEOgFD6","QwSVJLo6n3","H0099","R0099_1","9.0","92","13","실제 노출 로그 / 점수·순위는 실험용"
"XEbrwIPH08W","QwSVJLo6n3","H0043","R0043_1","8.0","93","180","실제 노출 로그 / 점수·순위는 실험용"
"XETCUuJu7PI","QwSVJLo6n3","H0183","R0183_1","7.0","94","163","실제 노출 로그 / 점수·순위는 실험용"
"XEadtLZxtsg","QwSVJLo6n3","H0127","R0127_1","6.0","95","130","실제 노출 로그 / 점수·순위는 실험용"
"XEuq2R7bkIi","QwSVJLo6n3","H0071","R0071_1","5.0","96","99","실제 노출 로그 / 점수·순위는 실험용"
"XEFPHk53QEo","QwSVJLo6n3","H0015","R0015_1","4.0","97","67","실제 노출 로그 / 점수·순위는 실험용"
"XESwaWZMsCK","QwSVJLo6n3","H0155","R0155_1","3.0","98","50","실제 노출 로그 / 점수·순위는 실험용"
"XEqMGS34Zva","QwSVJLo6n3","H0098","R0098_1","2.0","99","8","실제 노출 로그 / 점수·순위는 실험용"
"XEAEhsV42QP","QwSVJLo6n3","H0042","R0042_1","1.0","100","176","실제 노출 로그 / 점수·순위는 실험용"
"XEKNFopW7iF","QwSVJLo6n3","H0182","R0182_1","0.0","101","158","실제 노출 로그 / 점수·순위는 실험용"
"XELXuRm0igS","QwSVJLo6n3","H0126","R0126_1","0.0","102","126","실제 노출 로그 / 점수·순위는 실험용"
"XEp3RQ9PNoo","QwSVJLo6n3","H0070","R0070_1","0.0","103","95","실제 노출 로그 / 점수·순위는 실험용"
"XEYW0lHl5z6","QwSVJLo6n3","H0014","R0014_1","0.0","104","63","실제 노출 로그 / 점수·순위는 실험용"
"XE332gKClF5","QwSVJLo6n3","H0154","R0154_1","0.0","105","46","실제 노출 로그 / 점수·순위는 실험용"
"XEHg96Jy0Fw","QwSVJLo6n3","H0097","R0097_1","0.0","106","3","실제 노출 로그 / 점수·순위는 실험용"
"XEPG6NEMZig","QwSVJLo6n3","H0041","R0041_1","0.0","107","172","실제 노출 로그 / 점수·순위는 실험용"
"XErvR079j7u","QwSVJLo6n3","H0181","R0181_1","0.0","108","154","실제 노출 로그 / 점수·순위는 실험용"
"XE1l0kLkW84","QwSVJLo6n3","H0125","R0125_1","0.0","109","122","실제 노출 로그 / 점수·순위는 실험용"
"XEYoXMbNNM6","QwSVJLo6n3","H0069","R0069_1","0.0","110","91","실제 노출 로그 / 점수·순위는 실험용"
"XE7G4StzNDp","QwSVJLo6n3","H0013","R0013_1","0.0","111","59","실제 노출 로그 / 점수·순위는 실험용"
"XEHuPiOaUvD","QwSVJLo6n3","H0153","R0153_1","0.0","112","42","실제 노출 로그 / 점수·순위는 실험용"
"XEOCvZIGbc4","QwSVJLo6n3","H0152","R0152_1","0.0","113","38","실제 노출 로그 / 점수·순위는 실험용"
"XExLcbdgx7K","QwSVJLo6n3","H0096","R0096_1","0.0","114","200","실제 노출 로그 / 점수·순위는 실험용"
"XE1Etrjv13S","QwSVJLo6n3","H0040","R0040_1","0.0","115","168","실제 노출 로그 / 점수·순위는 실험용"
"XEQpe3vNdRs","QwSVJLo6n3","H0180","R0180_1","0.0","116","151","실제 노출 로그 / 점수·순위는 실험용"
"XE3LoIiBfKL","QwSVJLo6n3","H0124","R0124_1","0.0","117","119","실제 노출 로그 / 점수·순위는 실험용"
"XE3NmlO9zzm","QwSVJLo6n3","H0068","R0068_1","0.0","118","87","실제 노출 로그 / 점수·순위는 실험용"
"XEzIGlAbHL1","QwSVJLo6n3","H0012","R0012_1","0.0","119","55","실제 노출 로그 / 점수·순위는 실험용"
"XEb0F006Fk7","QwSVJLo6n3","H0151","R0151_1","0.0","120","33","실제 노출 로그 / 점수·순위는 실험용"
"XELw0kSCX61","QwSVJLo6n3","H0095","R0095_1","0.0","121","196","실제 노출 로그 / 점수·순위는 실험용"
"XE1kDq4cyN0","QwSVJLo6n3","H0039","R0039_1","0.0","122","164","실제 노출 로그 / 점수·순위는 실험용"
"XEq43XPyIcT","QwSVJLo6n3","H0179","R0179_1","0.0","123","147","실제 노출 로그 / 점수·순위는 실험용"
"XEIPcNBu8Yd","QwSVJLo6n3","H0123","R0123_1","0.0","124","115","실제 노출 로그 / 점수·순위는 실험용"
"XEte6nXItRQ","QwSVJLo6n3","H0067","R0067_1","0.0","125","83","실제 노출 로그 / 점수·순위는 실험용"
"XEO7XNQP7n5","QwSVJLo6n3","H0011","R0011_1","0.0","126","51","실제 노출 로그 / 점수·순위는 실험용"
"XEvsQGSjkeg","QwSVJLo6n3","H0150","R0150_1","0.0","127","28","실제 노출 로그 / 점수·순위는 실험용"
"XEGkDJ4GzEP","QwSVJLo6n3","H0094","R0094_1","0.0","128","192","실제 노출 로그 / 점수·순위는 실험용"
"XEUm7VoA7d6","QwSVJLo6n3","H0038","R0038_1","0.0","129","159","실제 노출 로그 / 점수·순위는 실험용"
"XEGIgKE8EpN","QwSVJLo6n3","H0178","R0178_1","0.0","130","143","실제 노출 로그 / 점수·순위는 실험용"
"XEj0TL8ECVg","QwSVJLo6n3","H0122","R0122_1","0.0","131","111","실제 노출 로그 / 점수·순위는 실험용"
"XEFOI36sDXw","QwSVJLo6n3","H0066","R0066_1","0.0","132","79","실제 노출 로그 / 점수·순위는 실험용"
"XEXtgxwz7fF","QwSVJLo6n3","H0010","R0010_1","0.0","133","47","실제 노출 로그 / 점수·순위는 실험용"
"XEWv4PjeI7X","QwSVJLo6n3","H0149","R0149_1","0.0","134","23","실제 노출 로그 / 점수·순위는 실험용"
"XERBDVfrz42","QwSVJLo6n3","H0093","R0093_1","0.0","135","188","실제 노출 로그 / 점수·순위는 실험용"
"XEzy7ZduWjX","QwSVJLo6n3","H0037","R0037_1","0.0","136","155","실제 노출 로그 / 점수·순위는 실험용"
"XEpiVr7fak0","QwSVJLo6n3","H0177","R0177_1","0.0","137","139","실제 노출 로그 / 점수·순위는 실험용"
"XEmZ73DKQ9R","QwSVJLo6n3","H0121","R0121_1","0.0","138","107","실제 노출 로그 / 점수·순위는 실험용"
"XEe5a49LDsq","QwSVJLo6n3","H0065","R0065_1","0.0","139","75","실제 노출 로그 / 점수·순위는 실험용"
"XEj95NEgTpI","QwSVJLo6n3","H0009","R0009_1","0.0","140","43","실제 노출 로그 / 점수·순위는 실험용"
"XEtBgaxre1Z","QwSVJLo6n3","H0148","R0148_1","0.0","141","19","실제 노출 로그 / 점수·순위는 실험용"
"XEEVIkQ0fD0","QwSVJLo6n3","H0092","R0092_1","0.0","142","185","실제 노출 로그 / 점수·순위는 실험용"
"XEmMx56T1bR","QwSVJLo6n3","H0036","R0036_1","0.0","143","152","실제 노출 로그 / 점수·순위는 실험용"
"XEGNzoS2LBc","QwSVJLo6n3","H0176","R0176_1","0.0","144","135","실제 노출 로그 / 점수·순위는 실험용"
"XE5q9B42T17","QwSVJLo6n3","H0120","R0120_1","0.0","145","104","실제 노출 로그 / 점수·순위는 실험용"
"XEGsciwTcT4","QwSVJLo6n3","H0064","R0064_1","0.0","146","72","실제 노출 로그 / 점수·순위는 실험용"
"XEzTNvzj7qB","QwSVJLo6n3","H0008","R0008_1","0.0","147","39","실제 노출 로그 / 점수·순위는 실험용"
"XEYqa1dbjr0","QwSVJLo6n3","H0147","R0147_1","0.0","148","14","실제 노출 로그 / 점수·순위는 실험용"
"XE5YdUFoJt2","QwSVJLo6n3","H0091","R0091_1","0.0","149","181","실제 노출 로그 / 점수·순위는 실험용"
"XEEq8B1bswY","QwSVJLo6n3","H0035","R0035_1","0.0","150","148","실제 노출 로그 / 점수·순위는 실험용"
"XEgs53KJE7J","QwSVJLo6n3","H0175","R0175_1","0.0","151","131","실제 노출 로그 / 점수·순위는 실험용"
"XEZjKwgBz8l","QwSVJLo6n3","H0119","R0119_1","0.0","152","100","실제 노출 로그 / 점수·순위는 실험용"
"XEd1RddItE2","QwSVJLo6n3","H0063","R0063_1","0.0","153","68","실제 노출 로그 / 점수·순위는 실험용"
"XEyCEfvj5MA","QwSVJLo6n3","H0007","R0007_1","0.0","154","34","실제 노출 로그 / 점수·순위는 실험용"
"XERzCDeQfxP","QwSVJLo6n3","H0146","R0146_1","0.0","155","9","실제 노출 로그 / 점수·순위는 실험용"
"XEj7l8SG8o0","QwSVJLo6n3","H0090","R0090_1","0.0","156","177","실제 노출 로그 / 점수·순위는 실험용"
"XEAaNGdk5Oz","QwSVJLo6n3","H0034","R0034_1","0.0","157","144","실제 노출 로그 / 점수·순위는 실험용"
"XEwGPWMvP0z","QwSVJLo6n3","H0174","R0174_1","0.0","158","127","실제 노출 로그 / 점수·순위는 실험용"
"XEVXLQ37Akz","QwSVJLo6n3","H0118","R0118_1","0.0","159","96","실제 노출 로그 / 점수·순위는 실험용"
"XEyUvYsAJ8W","QwSVJLo6n3","H0062","R0062_1","0.0","160","64","실제 노출 로그 / 점수·순위는 실험용"
"XEx9HbVDyh6","QwSVJLo6n3","H0006","R0006_1","0.0","161","29","실제 노출 로그 / 점수·순위는 실험용"
"XER8LGQrsS1","QwSVJLo6n3","H0145","R0145_1","0.0","162","4","실제 노출 로그 / 점수·순위는 실험용"
"XEbjYlyN4az","QwSVJLo6n3","H0089","R0089_1","0.0","163","173","실제 노출 로그 / 점수·순위는 실험용"
"XEEHjLtW8u7","QwSVJLo6n3","H0033","R0033_1","0.0","164","140","실제 노출 로그 / 점수·순위는 실험용"
"XE1Rx02PfCt","QwSVJLo6n3","H0173","R0173_1","0.0","165","123","실제 노출 로그 / 점수·순위는 실험용"
"XE47poLlwwz","QwSVJLo6n3","H0117","R0117_1","0.0","166","92","실제 노출 로그 / 점수·순위는 실험용"
"XE09BXeiITq","QwSVJLo6n3","H0061","R0061_1","0.0","167","60","실제 노출 로그 / 점수·순위는 실험용"
"XEr9M0TSb5y","QwSVJLo6n3","H0005","R0005_1","0.0","168","24","실제 노출 로그 / 점수·순위는 실험용"
"XEt1if7zgFB","QwSVJLo6n3","H0200","R0200_1","0.0","169","40","실제 노출 로그 / 점수·순위는 실험용"
"XEuQ62zJj4C","QwSVJLo6n3","H0144","R0144_1","0.0","170","201","실제 노출 로그 / 점수·순위는 실험용"
"XEP0IHWsq7K","QwSVJLo6n3","H0088","R0088_1","0.0","171","169","실제 노출 로그 / 점수·순위는 실험용"
"XEOB5atM50k","QwSVJLo6n3","H0032","R0032_1","0.0","172","136","실제 노출 로그 / 점수·순위는 실험용"
"XErFSeFC1KK","QwSVJLo6n3","H0172","R0172_1","0.0","173","120","실제 노출 로그 / 점수·순위는 실험용"
"XE5YwIqAvkb","QwSVJLo6n3","H0116","R0116_1","0.0","174","88","실제 노출 로그 / 점수·순위는 실험용"
"XEWkG2FlySd","QwSVJLo6n3","H0060","R0060_1","0.0","175","56","실제 노출 로그 / 점수·순위는 실험용"
"XEHI2PCaxLD","QwSVJLo6n3","H0004","R0004_1","0.0","176","20","실제 노출 로그 / 점수·순위는 실험용"
"XE99Ja8deIC","QwSVJLo6n3","H0199","R0199_1","0.0","177","35","실제 노출 로그 / 점수·순위는 실험용"
"XE0K5Ec30TU","QwSVJLo6n3","H0143","R0143_1","0.0","178","197","실제 노출 로그 / 점수·순위는 실험용"
"XEr0DqF5Sfz","QwSVJLo6n3","H0087","R0087_1","0.0","179","165","실제 노출 로그 / 점수·순위는 실험용"
"XEV5UdotFn1","QwSVJLo6n3","H0031","R0031_1","0.0","180","132","실제 노출 로그 / 점수·순위는 실험용"
"XE9yNq2bQaF","QwSVJLo6n3","H0171","R0171_1","0.0","181","116","실제 노출 로그 / 점수·순위는 실험용"
"XE4jEXW8ieY","QwSVJLo6n3","H0115","R0115_1","0.0","182","84","실제 노출 로그 / 점수·순위는 실험용"
"XEEfZv8tP4a","QwSVJLo6n3","H0059","R0059_1","0.0","183","52","실제 노출 로그 / 점수·순위는 실험용"
"XEqh6hcwXVt","QwSVJLo6n3","H0003","R0003_1","0.0","184","15","실제 노출 로그 / 점수·순위는 실험용"
"XEeQfjGHcVz","QwSVJLo6n3","H0758","R0758_1","0.0","185","160","실제 노출 로그 / 점수·순위는 실험용"
"XE5iZeBDTPa","QwSVJLo6n3","H0198","R0198_1","0.0","186","30","실제 노출 로그 / 점수·순위는 실험용"
"XEqIJALAl1l","QwSVJLo6n3","H0142","R0142_1","0.0","187","193","실제 노출 로그 / 점수·순위는 실험용"
"XEGs8CtVQN4","QwSVJLo6n3","H0086","R0086_1","0.0","188","161","실제 노출 로그 / 점수·순위는 실험용"
"XEqHPPjQq5J","QwSVJLo6n3","H0030","R0030_1","0.0","189","128","실제 노출 로그 / 점수·순위는 실험용"
"XEtGmAdr1si","QwSVJLo6n3","H0170","R0170_1","0.0","190","112","실제 노출 로그 / 점수·순위는 실험용"
"XEoTaQTpwCC","QwSVJLo6n3","H0114","R0114_1","0.0","191","80","실제 노출 로그 / 점수·순위는 실험용"
"XEoGudGEGzy","QwSVJLo6n3","H0058","R0058_1","0.0","192","48","실제 노출 로그 / 점수·순위는 실험용"
"XEqMIgFUoft","QwSVJLo6n3","H0002","R0002_1","0.0","193","10","실제 노출 로그 / 점수·순위는 실험용"
"XEWbxA5Ip0X","QwSVJLo6n3","H0197","R0197_1","0.0","194","25","실제 노출 로그 / 점수·순위는 실험용"
"XEmkocfJ9fL","QwSVJLo6n3","H0141","R0141_1","0.0","195","189","실제 노출 로그 / 점수·순위는 실험용"
"XEhE0p82loL","QwSVJLo6n3","H0085","R0085_1","0.0","196","156","실제 노출 로그 / 점수·순위는 실험용"
"XEutRVm4XyB","QwSVJLo6n3","H0029","R0029_1","0.0","197","124","실제 노출 로그 / 점수·순위는 실험용"
"XETmEodUF0Q","QwSVJLo6n3","H0169","R0169_1","0.0","198","108","실제 노출 로그 / 점수·순위는 실험용"
"XEJceCXlU8E","QwSVJLo6n3","H0113","R0113_1","0.0","199","76","실제 노출 로그 / 점수·순위는 실험용"
"XE20sBv7Fg9","QwSVJLo6n3","H0057","R0057_1","0.0","200","44","실제 노출 로그 / 점수·순위는 실험용"
"XETsuCIGzXK","QwSVJLo6n3","H0001","R0001_1","0.0","201","5","실제 노출 로그 / 점수·순위는 실험용"
"XE7UqahD2cZ","Qx444Zmlxf","H0252","R0252_1","100.0","1","48","실제 노출 로그 / 점수·순위는 실험용"
"XEU3WFZEZNz","Qx444Zmlxf","H0392","R0392_1","99.0","2","29","실제 노출 로그 / 점수·순위는 실험용"
"XEXu05xgXg5","Qx444Zmlxf","H0308","R0308_1","98.0","3","85","실제 노출 로그 / 점수·순위는 실험용"
"XElsUMZbGy1","Qx444Zmlxf","H0251","R0251_1","97.0","4","43","실제 노출 로그 / 점수·순위는 실험용"
"XEihgS52ktq","Qx444Zmlxf","H0391","R0391_1","96.0","5","25","실제 노출 로그 / 점수·순위는 실험용"
"XE6b1EYhQRG","Qx444Zmlxf","H0363","R0363_1","95.0","6","113","실제 노출 로그 / 점수·순위는 실험용"
"XEIgCyiEfY7","Qx444Zmlxf","H0307","R0307_1","94.0","7","81","실제 노출 로그 / 점수·순위는 실험용"
"XEmuXqWrwaD","Qx444Zmlxf","H0250","R0250_1","93.0","8","38","실제 노출 로그 / 점수·순위는 실험용"
"XET5RAAHJwy","Qx444Zmlxf","H0390","R0390_1","92.0","9","21","실제 노출 로그 / 점수·순위는 실험용"
"XEa4JZycKcB","Qx444Zmlxf","H0362","R0362_1","91.0","10","109","실제 노출 로그 / 점수·순위는 실험용"
"XEhFgl03dEb","Qx444Zmlxf","H0306","R0306_1","90.0","11","77","실제 노출 로그 / 점수·순위는 실험용"
"XEmxXoCCbLM","Qx444Zmlxf","H0249","R0249_1","89.0","12","33","실제 노출 로그 / 점수·순위는 실험용"
"XEfEiZxhDeR","Qx444Zmlxf","H0389","R0389_1","88.0","13","17","실제 노출 로그 / 점수·순위는 실험용"
"XEZt9BYfv1I","Qx444Zmlxf","H0361","R0361_1","87.0","14","105","실제 노출 로그 / 점수·순위는 실험용"
"XEsCAcCyhde","Qx444Zmlxf","H0305","R0305_1","86.0","15","73","실제 노출 로그 / 점수·순위는 실험용"
"XENmPK6051F","Qx444Zmlxf","H0304","R0304_1","85.0","16","68","실제 노출 로그 / 점수·순위는 실험용"
"XE9Uz5JAHWy","Qx444Zmlxf","H0248","R0248_1","84.0","17","30","실제 노출 로그 / 점수·순위는 실험용"
"XEe4tQEarJ5","Qx444Zmlxf","H0388","R0388_1","83.0","18","13","실제 노출 로그 / 점수·순위는 실험용"
"XElwxw2GTF9","Qx444Zmlxf","H0360","R0360_1","82.0","19","101","실제 노출 로그 / 점수·순위는 실험용"
"XEBKWNSW7ar","Qx444Zmlxf","H0303","R0303_1","81.0","20","63","실제 노출 로그 / 점수·순위는 실험용"
"XE8WCk5VQhc","Qx444Zmlxf","H0247","R0247_1","80.0","21","26","실제 노출 로그 / 점수·순위는 실험용"
"XEID91wVltG","Qx444Zmlxf","H0387","R0387_1","79.0","22","9","실제 노출 로그 / 점수·순위는 실험용"
"XELnfMlr5eN","Qx444Zmlxf","H0219","R0219_1","78.0","23","114","실제 노출 로그 / 점수·순위는 실험용"
"XERaGD5Db6k","Qx444Zmlxf","H0359","R0359_1","77.0","24","97","실제 노출 로그 / 점수·순위는 실험용"
"XE9uyYok917","Qx444Zmlxf","H0302","R0302_1","76.0","25","58","실제 노출 로그 / 점수·순위는 실험용"
"XEMvRKZcXce","Qx444Zmlxf","H0246","R0246_1","75.0","26","22","실제 노출 로그 / 점수·순위는 실험용"
"XEb5E2tcBSN","Qx444Zmlxf","H0386","R0386_1","74.0","27","5","실제 노출 로그 / 점수·순위는 실험용"
"XEohu1XKX3S","Qx444Zmlxf","H0218","R0218_1","73.0","28","110","실제 노출 로그 / 점수·순위는 실험용"
"XE0UNcKQgwH","Qx444Zmlxf","H0358","R0358_1","72.0","29","93","실제 노출 로그 / 점수·순위는 실험용"
"XE6MOetCAs3","Qx444Zmlxf","H0301","R0301_1","71.0","30","53","실제 노출 로그 / 점수·순위는 실험용"
"XEbtq0S8rZp","Qx444Zmlxf","H0245","R0245_1","70.0","31","18","실제 노출 로그 / 점수·순위는 실험용"
"XE4of6FRFoh","Qx444Zmlxf","H0385","R0385_1","69.0","32","1","실제 노출 로그 / 점수·순위는 실험용"
"XE60bt10cJa","Qx444Zmlxf","H0217","R0217_1","68.0","33","106","실제 노출 로그 / 점수·순위는 실험용"
"XEIQiDXb65x","Qx444Zmlxf","H0357","R0357_1","67.0","34","89","실제 노출 로그 / 점수·순위는 실험용"
"XEeyerDA2cN","Qx444Zmlxf","H0300","R0300_1","66.0","35","49","실제 노출 로그 / 점수·순위는 실험용"
"XEBhhobED3B","Qx444Zmlxf","H0244","R0244_1","65.0","36","14","실제 노출 로그 / 점수·순위는 실험용"
"XE3uPvzBCw2","Qx444Zmlxf","H0216","R0216_1","64.0","37","102","실제 노출 로그 / 점수·순위는 실험용"
"XEc35Obrawk","Qx444Zmlxf","H0356","R0356_1","63.0","38","86","실제 노출 로그 / 점수·순위는 실험용"
"XEhKX7m7mwS","Qx444Zmlxf","H0299","R0299_1","62.0","39","44","실제 노출 로그 / 점수·순위는 실험용"
"XEPgkN0iTuq","Qx444Zmlxf","H0243","R0243_1","61.0","40","10","실제 노출 로그 / 점수·순위는 실험용"
"XEAtc43iOKw","Qx444Zmlxf","H0215","R0215_1","60.0","41","98","실제 노출 로그 / 점수·순위는 실험용"
"XERX66bNEC3","Qx444Zmlxf","H0355","R0355_1","59.0","42","82","실제 노출 로그 / 점수·순위는 실험용"
"XESXXtKy4ah","Qx444Zmlxf","H0354","R0354_1","58.0","43","78","실제 노출 로그 / 점수·순위는 실험용"
"XEyQHYDzHKh","Qx444Zmlxf","H0298","R0298_1","57.0","44","39","실제 노출 로그 / 점수·순위는 실험용"
"XEEl2obJIdi","Qx444Zmlxf","H0242","R0242_1","56.0","45","6","실제 노출 로그 / 점수·순위는 실험용"
"XEqg6mzOEAU","Qx444Zmlxf","H0214","R0214_1","55.0","46","94","실제 노출 로그 / 점수·순위는 실험용"
"XEHlDtyVGc9","Qx444Zmlxf","H0353","R0353_1","54.0","47","74","실제 노출 로그 / 점수·순위는 실험용"
"XEqx40Mbe87","Qx444Zmlxf","H0297","R0297_1","53.0","48","34","실제 노출 로그 / 점수·순위는 실험용"
"XEATC629nwK","Qx444Zmlxf","H0241","R0241_1","52.0","49","2","실제 노출 로그 / 점수·순위는 실험용"
"XEVs2li2ExA","Qx444Zmlxf","H0213","R0213_1","51.0","50","90","실제 노출 로그 / 점수·순위는 실험용"
"XEkC58s2HWr","Qx444Zmlxf","H0352","R0352_1","50.0","51","69","실제 노출 로그 / 점수·순위는 실험용"
"XEMtnj5Vb4s","Qx444Zmlxf","H0296","R0296_1","49.0","52","31","실제 노출 로그 / 점수·순위는 실험용"
"XEqgQ0yEtJm","Qx444Zmlxf","H0212","R0212_1","48.0","53","87","실제 노출 로그 / 점수·순위는 실험용"
"XEhXUzSG0Ow","Qx444Zmlxf","H0351","R0351_1","47.0","54","64","실제 노출 로그 / 점수·순위는 실험용"
"XEvi82QKWd9","Qx444Zmlxf","H0295","R0295_1","46.0","55","27","실제 노출 로그 / 점수·순위는 실험용"
"XEK0P6VteHi","Qx444Zmlxf","H0267","R0267_1","45.0","56","115","실제 노출 로그 / 점수·순위는 실험용"
"XEKIahGLx4m","Qx444Zmlxf","H0211","R0211_1","44.0","57","83","실제 노출 로그 / 점수·순위는 실험용"
"XELBh17jH9j","Qx444Zmlxf","H0350","R0350_1","43.0","58","59","실제 노출 로그 / 점수·순위는 실험용"
"XENT0ozkZ1l","Qx444Zmlxf","H0294","R0294_1","42.0","59","23","실제 노출 로그 / 점수·순위는 실험용"
"XE9hXIR94Qs","Qx444Zmlxf","H0266","R0266_1","41.0","60","111","실제 노출 로그 / 점수·순위는 실험용"
"XEWV7CZeFqJ","Qx444Zmlxf","H0210","R0210_1","40.0","61","79","실제 노출 로그 / 점수·순위는 실험용"
"XEtKPFUo5ua","Qx444Zmlxf","H0349","R0349_1","39.0","62","54","실제 노출 로그 / 점수·순위는 실험용"
"XERoVTXSp6h","Qx444Zmlxf","H0293","R0293_1","38.0","63","19","실제 노출 로그 / 점수·순위는 실험용"
"XEfMr4ck2R3","Qx444Zmlxf","H0265","R0265_1","37.0","64","107","실제 노출 로그 / 점수·순위는 실험용"
"XEFNk2rJosL","Qx444Zmlxf","H0209","R0209_1","36.0","65","75","실제 노출 로그 / 점수·순위는 실험용"
"XERGiWvipLp","Qx444Zmlxf","H0348","R0348_1","35.0","66","50","실제 노출 로그 / 점수·순위는 실험용"
"XEp8JK3FcCs","Qx444Zmlxf","H0292","R0292_1","34.0","67","15","실제 노출 로그 / 점수·순위는 실험용"
"XEDh4XCYIEx","Qx444Zmlxf","H0264","R0264_1","33.0","68","103","실제 노출 로그 / 점수·순위는 실험용"
"XEWsjrFx4rD","Qx444Zmlxf","H0208","R0208_1","32.0","69","70","실제 노출 로그 / 점수·순위는 실험용"
"XEgfHv0ctfq","Qx444Zmlxf","H0347","R0347_1","31.0","70","45","실제 노출 로그 / 점수·순위는 실험용"
"XEG2zxwYTRA","Qx444Zmlxf","H0291","R0291_1","30.0","71","11","실제 노출 로그 / 점수·순위는 실험용"
"XEENJRZf3NM","Qx444Zmlxf","H0263","R0263_1","29.0","72","99","실제 노출 로그 / 점수·순위는 실험용"
"XEK9q2QKPAQ","Qx444Zmlxf","H0207","R0207_1","28.0","73","65","실제 노출 로그 / 점수·순위는 실험용"
"XEZCIKpAAic","Qx444Zmlxf","H0346","R0346_1","27.0","74","40","실제 노출 로그 / 점수·순위는 실험용"
"XE8GPPpRu2N","Qx444Zmlxf","H0290","R0290_1","26.0","75","7","실제 노출 로그 / 점수·순위는 실험용"
"XE9CUhpcq82","Qx444Zmlxf","H0262","R0262_1","25.0","76","95","실제 노출 로그 / 점수·순위는 실험용"
"XEFIvHCkbfX","Qx444Zmlxf","H0206","R0206_1","24.0","77","60","실제 노출 로그 / 점수·순위는 실험용"
"XEkqZgZ2hiK","Qx444Zmlxf","H0345","R0345_1","23.0","78","35","실제 노출 로그 / 점수·순위는 실험용"
"XEPAe2vMic5","Qx444Zmlxf","H0289","R0289_1","22.0","79","3","실제 노출 로그 / 점수·순위는 실험용"
"XEjdOQemth2","Qx444Zmlxf","H0261","R0261_1","21.0","80","91","실제 노출 로그 / 점수·순위는 실험용"
"XEkSpQW8T63","Qx444Zmlxf","H0205","R0205_1","20.0","81","55","실제 노출 로그 / 점수·순위는 실험용"
"XEn5rHLSXMx","Qx444Zmlxf","H0400","R0400_1","19.0","82","71","실제 노출 로그 / 점수·순위는 실험용"
"XEsh1auFYRh","Qx444Zmlxf","H0344","R0344_1","18.0","83","32","실제 노출 로그 / 점수·순위는 실험용"
"XEXyyyuBHR3","Qx444Zmlxf","H0260","R0260_1","17.0","84","88","실제 노출 로그 / 점수·순위는 실험용"
"XE8LlaQhW2Z","Qx444Zmlxf","H0204","R0204_1","16.0","85","51","실제 노출 로그 / 점수·순위는 실험용"
"XEqgjQWjA3U","Qx444Zmlxf","H0203","R0203_1","15.0","86","46","실제 노출 로그 / 점수·순위는 실험용"
"XEPpbs8cK1j","Qx444Zmlxf","H0399","R0399_1","14.0","87","66","실제 노출 로그 / 점수·순위는 실험용"
"XE2krxi68Gt","Qx444Zmlxf","H0343","R0343_1","13.0","88","28","실제 노출 로그 / 점수·순위는 실험용"
"XENAnIyUrHi","Qx444Zmlxf","H0315","R0315_1","12.0","89","116","실제 노출 로그 / 점수·순위는 실험용"
"XEV28MiEhx7","Qx444Zmlxf","H0259","R0259_1","11.0","90","84","실제 노출 로그 / 점수·순위는 실험용"
"XEP2UW7SVjC","Qx444Zmlxf","H0202","R0202_1","10.0","91","41","실제 노출 로그 / 점수·순위는 실험용"
"XEM0gX9pQQ7","Qx444Zmlxf","H0398","R0398_1","9.0","92","61","실제 노출 로그 / 점수·순위는 실험용"
"XEW34CDmHV4","Qx444Zmlxf","H0342","R0342_1","8.0","93","24","실제 노출 로그 / 점수·순위는 실험용"
"XE0eKZa1kfY","Qx444Zmlxf","H0314","R0314_1","7.0","94","112","실제 노출 로그 / 점수·순위는 실험용"
"XEAZ8YWErIn","Qx444Zmlxf","H0258","R0258_1","6.0","95","80","실제 노출 로그 / 점수·순위는 실험용"
"XE4cGSAx1SA","Qx444Zmlxf","H0201","R0201_1","5.0","96","36","실제 노출 로그 / 점수·순위는 실험용"
"XEHPPfAFLc6","Qx444Zmlxf","H0397","R0397_1","4.0","97","56","실제 노출 로그 / 점수·순위는 실험용"
"XEKuPPvJxzn","Qx444Zmlxf","H0341","R0341_1","3.0","98","20","실제 노출 로그 / 점수·순위는 실험용"
"XEa1Oqteur9","Qx444Zmlxf","H0313","R0313_1","2.0","99","108","실제 노출 로그 / 점수·순위는 실험용"
"XEtc8PbNuaK","Qx444Zmlxf","H0257","R0257_1","1.0","100","76","실제 노출 로그 / 점수·순위는 실험용"
"XEy4J4y1m8a","Qx444Zmlxf","H0396","R0396_1","0.0","101","52","실제 노출 로그 / 점수·순위는 실험용"
"XEyLtv8mSJ6","Qx444Zmlxf","H0340","R0340_1","0.0","102","16","실제 노출 로그 / 점수·순위는 실험용"
"XExj0jC9bb1","Qx444Zmlxf","H0312","R0312_1","0.0","103","104","실제 노출 로그 / 점수·순위는 실험용"
"XEl15A5fKNA","Qx444Zmlxf","H0256","R0256_1","0.0","104","72","실제 노출 로그 / 점수·순위는 실험용"
"XExPbLHN0ee","Qx444Zmlxf","H0395","R0395_1","0.0","105","47","실제 노출 로그 / 점수·순위는 실험용"
"XE2y4y12hGe","Qx444Zmlxf","H0339","R0339_1","0.0","106","12","실제 노출 로그 / 점수·순위는 실험용"
"XEviNm02CWT","Qx444Zmlxf","H0311","R0311_1","0.0","107","100","실제 노출 로그 / 점수·순위는 실험용"
"XET6esUrE0k","Qx444Zmlxf","H0255","R0255_1","0.0","108","67","실제 노출 로그 / 점수·순위는 실험용"
"XEjofO1ma0o","Qx444Zmlxf","H0394","R0394_1","0.0","109","42","실제 노출 로그 / 점수·순위는 실험용"
"XEL7hiX3aE8","Qx444Zmlxf","H0338","R0338_1","0.0","110","8","실제 노출 로그 / 점수·순위는 실험용"
"XEPOUwHMzmW","Qx444Zmlxf","H0310","R0310_1","0.0","111","96","실제 노출 로그 / 점수·순위는 실험용"
"XEjOhgGqOdL","Qx444Zmlxf","H0254","R0254_1","0.0","112","62","실제 노출 로그 / 점수·순위는 실험용"
"XEiNqz2Si24","Qx444Zmlxf","H0253","R0253_1","0.0","113","57","실제 노출 로그 / 점수·순위는 실험용"
"XEwd5RHPiHw","Qx444Zmlxf","H0393","R0393_1","0.0","114","37","실제 노출 로그 / 점수·순위는 실험용"
"XEnMB78Kl83","Qx444Zmlxf","H0337","R0337_1","0.0","115","4","실제 노출 로그 / 점수·순위는 실험용"
"XES7RqqnqdC","Qx444Zmlxf","H0309","R0309_1","0.0","116","92","실제 노출 로그 / 점수·순위는 실험용"
"XEg1Rurntqv","Q18KTaGj8e","H0252","R0252_1","100.0","1","11","실제 노출 로그 / 점수·순위는 실험용"
"XEn1NdJfW7d","Q18KTaGj8e","H0392","R0392_1","99.0","2","7","실제 노출 로그 / 점수·순위는 실험용"
"XEl4M18LAn0","Q18KTaGj8e","H0336","R0336_1","98.0","3","41","실제 노출 로그 / 점수·순위는 실험용"
"XEkpz6wSfBa","Q18KTaGj8e","H0224","R0224_1","97.0","4","29","실제 노출 로그 / 점수·순위는 실험용"
"XE5lDXf3SXJ","Q18KTaGj8e","H0308","R0308_1","96.0","5","17","실제 노출 로그 / 점수·순위는 실험용"
"XED0WCGWEZM","Q18KTaGj8e","H0251","R0251_1","95.0","6","10","실제 노출 로그 / 점수·순위는 실험용"
"XEqXjiYVbU6","Q18KTaGj8e","H0335","R0335_1","94.0","7","40","실제 노출 로그 / 점수·순위는 실험용"
"XEwYTOBGbWc","Q18KTaGj8e","H0279","R0279_1","93.0","8","35","실제 노출 로그 / 점수·순위는 실험용"
"XEF8bFVBrZY","Q18KTaGj8e","H0363","R0363_1","92.0","9","25","실제 노출 로그 / 점수·순위는 실험용"
"XEAqMeqUFw4","Q18KTaGj8e","H0390","R0390_1","91.0","10","5","실제 노출 로그 / 점수·순위는 실험용"
"XEYh273e69v","Q18KTaGj8e","H0278","R0278_1","90.0","11","34","실제 노출 로그 / 점수·순위는 실험용"
"XE9JmbrnkxF","Q18KTaGj8e","H0222","R0222_1","89.0","12","28","실제 노출 로그 / 점수·순위는 실험용"
"XEMWHIA7Ccs","Q18KTaGj8e","H0362","R0362_1","88.0","13","23","실제 노출 로그 / 점수·순위는 실험용"
"XEWY0viDksx","Q18KTaGj8e","H0306","R0306_1","87.0","14","16","실제 노출 로그 / 점수·순위는 실험용"
"XE8gStUsnZC","Q18KTaGj8e","H0249","R0249_1","86.0","15","9","실제 노출 로그 / 점수·순위는 실험용"
"XEMQHJzXO2Q","Q18KTaGj8e","H0389","R0389_1","85.0","16","3","실제 노출 로그 / 점수·순위는 실험용"
"XEWsCdeUJ5o","Q18KTaGj8e","H0333","R0333_1","84.0","17","39","실제 노출 로그 / 점수·순위는 실험용"
"XEuH806o0xu","Q18KTaGj8e","H0221","R0221_1","83.0","18","27","실제 노출 로그 / 점수·순위는 실험용"
"XEQnAgE194W","Q18KTaGj8e","H0305","R0305_1","82.0","19","15","실제 노출 로그 / 점수·순위는 실험용"
"XEy9mKRXmvv","Q18KTaGj8e","H0248","R0248_1","81.0","20","8","실제 노출 로그 / 점수·순위는 실험용"
"XEdu7Q7GmN1","Q18KTaGj8e","H0332","R0332_1","80.0","21","38","실제 노출 로그 / 점수·순위는 실험용"
"XEczNv7Scmc","Q18KTaGj8e","H0276","R0276_1","79.0","22","33","실제 노출 로그 / 점수·순위는 실험용"
"XE92SCEO5KT","Q18KTaGj8e","H0360","R0360_1","78.0","23","21","실제 노출 로그 / 점수·순위는 실험용"
"XEP8DPUa0yq","Q18KTaGj8e","H0303","R0303_1","77.0","24","14","실제 노출 로그 / 점수·순위는 실험용"
"XEcZorLW0IT","Q18KTaGj8e","H0387","R0387_1","76.0","25","2","실제 노출 로그 / 점수·순위는 실험용"
"XEjWBdi1rmm","Q18KTaGj8e","H0275","R0275_1","75.0","26","32","실제 노출 로그 / 점수·순위는 실험용"
"XERAqw4v0tA","Q18KTaGj8e","H0219","R0219_1","74.0","27","26","실제 노출 로그 / 점수·순위는 실험용"
"XE4BJs0hCN4","Q18KTaGj8e","H0359","R0359_1","73.0","28","20","실제 노출 로그 / 점수·순위는 실험용"
"XETmVfZaM5B","Q18KTaGj8e","H0302","R0302_1","72.0","29","13","실제 노출 로그 / 점수·순위는 실험용"
"XEWHIxQR2nc","Q18KTaGj8e","H0246","R0246_1","71.0","30","6","실제 노출 로그 / 점수·순위는 실험용"
"XEnBWC3mhwG","Q18KTaGj8e","H0386","R0386_1","70.0","31","1","실제 노출 로그 / 점수·순위는 실험용"
"XE8CuXDVG9k","Q18KTaGj8e","H0330","R0330_1","69.0","32","37","실제 노출 로그 / 점수·순위는 실험용"
"XEnTtB9ooL6","Q18KTaGj8e","H0218","R0218_1","68.0","33","24","실제 노출 로그 / 점수·순위는 실험용"
"XE4GOXDduK2","Q18KTaGj8e","H0245","R0245_1","67.0","34","4","실제 노출 로그 / 점수·순위는 실험용"
"XE9xZN1gXB6","Q18KTaGj8e","H0329","R0329_1","66.0","35","36","실제 노출 로그 / 점수·순위는 실험용"
"XEy0be6PZmM","Q18KTaGj8e","H0273","R0273_1","65.0","36","31","실제 노출 로그 / 점수·순위는 실험용"
"XE4arCCTj9k","Q18KTaGj8e","H0357","R0357_1","64.0","37","19","실제 노출 로그 / 점수·순위는 실험용"
"XEPRJPyagA8","Q18KTaGj8e","H0300","R0300_1","63.0","38","12","실제 노출 로그 / 점수·순위는 실험용"
"XErGTypwiYy","Q18KTaGj8e","H0384","R0384_1","62.0","39","42","실제 노출 로그 / 점수·순위는 실험용"
"XET3U4pkw4p","Q18KTaGj8e","H0272","R0272_1","61.0","40","30","실제 노출 로그 / 점수·순위는 실험용"
"XEdnIFl2xGL","Q18KTaGj8e","H0216","R0216_1","60.0","41","22","실제 노출 로그 / 점수·순위는 실험용"
"XEG6DoCwxDt","Q18KTaGj8e","H0356","R0356_1","59.0","42","18","실제 노출 로그 / 점수·순위는 실험용"
"XEUhzRI4Awp","Q9NAGk8lOS","H0252","R0252_1","100.0","1","48","실제 노출 로그 / 점수·순위는 실험용"
"XE5PK0gpRuy","Q9NAGk8lOS","H0392","R0392_1","99.0","2","29","실제 노출 로그 / 점수·순위는 실험용"
"XEsuquveWtV","Q9NAGk8lOS","H0336","R0336_1","98.0","3","197","실제 노출 로그 / 점수·순위는 실험용"
"XEsnbgiILE8","Q9NAGk8lOS","H0280","R0280_1","97.0","4","165","실제 노출 로그 / 점수·순위는 실험용"
"XEG5XHBj7q7","Q9NAGk8lOS","H0224","R0224_1","96.0","5","133","실제 노출 로그 / 점수·순위는 실험용"
"XE6XZpM5gag","Q9NAGk8lOS","H0364","R0364_1","95.0","6","117","실제 노출 로그 / 점수·순위는 실험용"
"XEKExaYG2j9","Q9NAGk8lOS","H0308","R0308_1","94.0","7","85","실제 노출 로그 / 점수·순위는 실험용"
"XEB5MvYedKS","Q9NAGk8lOS","H0251","R0251_1","93.0","8","43","실제 노출 로그 / 점수·순위는 실험용"
"XE6YUSD6bEc","Q9NAGk8lOS","H0391","R0391_1","92.0","9","25","실제 노출 로그 / 점수·순위는 실험용"
"XESRdofjDlF","Q9NAGk8lOS","H0335","R0335_1","91.0","10","193","실제 노출 로그 / 점수·순위는 실험용"
"XE4dQaIYmuM","Q9NAGk8lOS","H0279","R0279_1","90.0","11","161","실제 노출 로그 / 점수·순위는 실험용"
"XEtd88jN7yQ","Q9NAGk8lOS","H0223","R0223_1","89.0","12","129","실제 노출 로그 / 점수·순위는 실험용"
"XE9V2jv7kqY","Q9NAGk8lOS","H0363","R0363_1","88.0","13","113","실제 노출 로그 / 점수·순위는 실험용"
"XEioSczL57C","Q9NAGk8lOS","H0307","R0307_1","87.0","14","81","실제 노출 로그 / 점수·순위는 실험용"
"XEbXd6nJ4HB","Q9NAGk8lOS","H0250","R0250_1","86.0","15","38","실제 노출 로그 / 점수·순위는 실험용"
"XEY07zjZmaZ","Q9NAGk8lOS","H0390","R0390_1","85.0","16","21","실제 노출 로그 / 점수·순위는 실험용"
"XER5nbsywNA","Q9NAGk8lOS","H0334","R0334_1","84.0","17","189","실제 노출 로그 / 점수·순위는 실험용"
"XEYTS4aysbZ","Q9NAGk8lOS","H0278","R0278_1","83.0","18","157","실제 노출 로그 / 점수·순위는 실험용"
"XEMFAX50yrd","Q9NAGk8lOS","H0222","R0222_1","82.0","19","125","실제 노출 로그 / 점수·순위는 실험용"
"XEuGZGyGEai","Q9NAGk8lOS","H0362","R0362_1","81.0","20","109","실제 노출 로그 / 점수·순위는 실험용"
"XEf32lTsjYn","Q9NAGk8lOS","H0306","R0306_1","80.0","21","77","실제 노출 로그 / 점수·순위는 실험용"
"XEDgqNmQUju","Q9NAGk8lOS","H0249","R0249_1","79.0","22","33","실제 노출 로그 / 점수·순위는 실험용"
"XEXGiXF8Wp5","Q9NAGk8lOS","H0389","R0389_1","78.0","23","17","실제 노출 로그 / 점수·순위는 실험용"
"XEZsuhS0SHP","Q9NAGk8lOS","H0333","R0333_1","77.0","24","185","실제 노출 로그 / 점수·순위는 실험용"
"XE2bv1xQo4t","Q9NAGk8lOS","H0277","R0277_1","76.0","25","153","실제 노출 로그 / 점수·순위는 실험용"
"XEESzEiDvlU","Q9NAGk8lOS","H0221","R0221_1","75.0","26","121","실제 노출 로그 / 점수·순위는 실험용"
"XEHHCHFe1YH","Q9NAGk8lOS","H0361","R0361_1","74.0","27","105","실제 노출 로그 / 점수·순위는 실험용"
"XEH3Skzn60Q","Q9NAGk8lOS","H0305","R0305_1","73.0","28","73","실제 노출 로그 / 점수·순위는 실험용"
"XEe33dgBM48","Q9NAGk8lOS","H0304","R0304_1","72.0","29","68","실제 노출 로그 / 점수·순위는 실험용"
"XEgYnkB1BcI","Q9NAGk8lOS","H0248","R0248_1","71.0","30","30","실제 노출 로그 / 점수·순위는 실험용"
"XEgn49POEny","Q9NAGk8lOS","H0388","R0388_1","70.0","31","13","실제 노출 로그 / 점수·순위는 실험용"
"XEErk25og1w","Q9NAGk8lOS","H0332","R0332_1","69.0","32","181","실제 노출 로그 / 점수·순위는 실험용"
"XE84WNQjPD7","Q9NAGk8lOS","H0276","R0276_1","68.0","33","149","실제 노출 로그 / 점수·순위는 실험용"
"XETRDr5H0IK","Q9NAGk8lOS","H0220","R0220_1","67.0","34","118","실제 노출 로그 / 점수·순위는 실험용"
"XEWoxKq4yPd","Q9NAGk8lOS","H0360","R0360_1","66.0","35","101","실제 노출 로그 / 점수·순위는 실험용"
"XECUzW1ULJ9","Q9NAGk8lOS","H0303","R0303_1","65.0","36","63","실제 노출 로그 / 점수·순위는 실험용"
"XEGj42wQGxP","Q9NAGk8lOS","H0247","R0247_1","64.0","37","26","실제 노출 로그 / 점수·순위는 실험용"
"XEKtSe9vXPo","Q9NAGk8lOS","H0387","R0387_1","63.0","38","9","실제 노출 로그 / 점수·순위는 실험용"
"XEa0PSuWqLz","Q9NAGk8lOS","H0331","R0331_1","62.0","39","177","실제 노출 로그 / 점수·순위는 실험용"
"XE0n9f0n2Sx","Q9NAGk8lOS","H0275","R0275_1","61.0","40","145","실제 노출 로그 / 점수·순위는 실험용"
"XEnnyZ68C9Z","Q9NAGk8lOS","H0219","R0219_1","60.0","41","114","실제 노출 로그 / 점수·순위는 실험용"
"XETCUu42Sya","Q9NAGk8lOS","H0359","R0359_1","59.0","42","97","실제 노출 로그 / 점수·순위는 실험용"
"XExLhQr2dsZ","Q9NAGk8lOS","H0302","R0302_1","58.0","43","58","실제 노출 로그 / 점수·순위는 실험용"
"XEU8IM7dk4X","Q9NAGk8lOS","H0246","R0246_1","57.0","44","22","실제 노출 로그 / 점수·순위는 실험용"
"XE2XbpiuNyt","Q9NAGk8lOS","H0386","R0386_1","56.0","45","5","실제 노출 로그 / 점수·순위는 실험용"
"XEqW60knk25","Q9NAGk8lOS","H0330","R0330_1","55.0","46","173","실제 노출 로그 / 점수·순위는 실험용"
"XEbKFo9KRTX","Q9NAGk8lOS","H0274","R0274_1","54.0","47","141","실제 노출 로그 / 점수·순위는 실험용"
"XEQLjJ06OL9","Q9NAGk8lOS","H0218","R0218_1","53.0","48","110","실제 노출 로그 / 점수·순위는 실험용"
"XEuSn57GuZI","Q9NAGk8lOS","H0358","R0358_1","52.0","49","93","실제 노출 로그 / 점수·순위는 실험용"
"XE5xRqkIcml","Q9NAGk8lOS","H0301","R0301_1","51.0","50","53","실제 노출 로그 / 점수·순위는 실험용"
"XEt179XaC0H","Q9NAGk8lOS","H0245","R0245_1","50.0","51","18","실제 노출 로그 / 점수·순위는 실험용"
"XEOawh2QkjM","Q9NAGk8lOS","H0385","R0385_1","49.0","52","1","실제 노출 로그 / 점수·순위는 실험용"
"XEOOVSi6NGH","Q9NAGk8lOS","H0329","R0329_1","48.0","53","169","실제 노출 로그 / 점수·순위는 실험용"
"XE030ZLYzKl","Q9NAGk8lOS","H0273","R0273_1","47.0","54","137","실제 노출 로그 / 점수·순위는 실험용"
"XEvFk8ONEvw","Q9NAGk8lOS","H0217","R0217_1","46.0","55","106","실제 노출 로그 / 점수·순위는 실험용"
"XEoDis0sn47","Q9NAGk8lOS","H0357","R0357_1","45.0","56","89","실제 노출 로그 / 점수·순위는 실험용"
"XEHTVUSpav7","Q9NAGk8lOS","H0300","R0300_1","44.0","57","49","실제 노출 로그 / 점수·순위는 실험용"
"XE71gSwil3s","Q9NAGk8lOS","H0244","R0244_1","43.0","58","14","실제 노출 로그 / 점수·순위는 실험용"
"XEIYG9muy9P","Q9NAGk8lOS","H0384","R0384_1","42.0","59","198","실제 노출 로그 / 점수·순위는 실험용"
"XEWtd44pL0b","Q9NAGk8lOS","H0328","R0328_1","41.0","60","166","실제 노출 로그 / 점수·순위는 실험용"
"XEeisUvLYEJ","Q9NAGk8lOS","H0272","R0272_1","40.0","61","134","실제 노출 로그 / 점수·순위는 실험용"
"XEIW0WrAYtB","Q9NAGk8lOS","H0216","R0216_1","39.0","62","102","실제 노출 로그 / 점수·순위는 실험용"
"XEgcukNQhyj","Q9NAGk8lOS","H0356","R0356_1","38.0","63","86","실제 노출 로그 / 점수·순위는 실험용"
"XEud5BvN1V8","Q9NAGk8lOS","H0299","R0299_1","37.0","64","44","실제 노출 로그 / 점수·순위는 실험용"
"XE2Dp1nLwlo","Q9NAGk8lOS","H0243","R0243_1","36.0","65","10","실제 노출 로그 / 점수·순위는 실험용"
"XEbd7EDpd2F","Q9NAGk8lOS","H0383","R0383_1","35.0","66","194","실제 노출 로그 / 점수·순위는 실험용"
"XEynkJnXmVH","Q9NAGk8lOS","H0327","R0327_1","34.0","67","162","실제 노출 로그 / 점수·순위는 실험용"
"XE816y9a9gg","Q9NAGk8lOS","H0271","R0271_1","33.0","68","130","실제 노출 로그 / 점수·순위는 실험용"
"XE9IFP75053","Q9NAGk8lOS","H0215","R0215_1","32.0","69","98","실제 노출 로그 / 점수·순위는 실험용"
"XEXsY4q6MF6","Q9NAGk8lOS","H0355","R0355_1","31.0","70","82","실제 노출 로그 / 점수·순위는 실험용"
"XEoReKuYlX1","Q9NAGk8lOS","H0354","R0354_1","30.0","71","78","실제 노출 로그 / 점수·순위는 실험용"
"XE4SrDOuIjl","Q9NAGk8lOS","H0298","R0298_1","29.0","72","39","실제 노출 로그 / 점수·순위는 실험용"
"XEAp1SgVbvS","Q9NAGk8lOS","H0242","R0242_1","28.0","73","6","실제 노출 로그 / 점수·순위는 실험용"
"XEoIoeNEtdh","Q9NAGk8lOS","H0382","R0382_1","27.0","74","190","실제 노출 로그 / 점수·순위는 실험용"
"XEXLBR4j80T","Q9NAGk8lOS","H0326","R0326_1","26.0","75","158","실제 노출 로그 / 점수·순위는 실험용"
"XExecEc1Cts","Q9NAGk8lOS","H0270","R0270_1","25.0","76","126","실제 노출 로그 / 점수·순위는 실험용"
"XEoAJbgJoHu","Q9NAGk8lOS","H0214","R0214_1","24.0","77","94","실제 노출 로그 / 점수·순위는 실험용"
"XElUnZL0h3R","Q9NAGk8lOS","H0353","R0353_1","23.0","78","74","실제 노출 로그 / 점수·순위는 실험용"
"XESaZX31cxJ","Q9NAGk8lOS","H0297","R0297_1","22.0","79","34","실제 노출 로그 / 점수·순위는 실험용"
"XE6WFlaqtZf","Q9NAGk8lOS","H0241","R0241_1","21.0","80","2","실제 노출 로그 / 점수·순위는 실험용"
"XEe4rppcJ64","Q9NAGk8lOS","H0381","R0381_1","20.0","81","186","실제 노출 로그 / 점수·순위는 실험용"
"XEyyy0yFwTk","Q9NAGk8lOS","H0325","R0325_1","19.0","82","154","실제 노출 로그 / 점수·순위는 실험용"
"XEXzMQh7rg2","Q9NAGk8lOS","H0269","R0269_1","18.0","83","122","실제 노출 로그 / 점수·순위는 실험용"
"XEmEHrnmiXE","Q9NAGk8lOS","H0213","R0213_1","17.0","84","90","실제 노출 로그 / 점수·순위는 실험용"
"XEGeAHNBmQX","Q9NAGk8lOS","H0352","R0352_1","16.0","85","69","실제 노출 로그 / 점수·순위는 실험용"
"XEe0uqDU6kg","Q9NAGk8lOS","H0296","R0296_1","15.0","86","31","실제 노출 로그 / 점수·순위는 실험용"
"XEsJD0vi4mM","Q9NAGk8lOS","H0240","R0240_1","14.0","87","199","실제 노출 로그 / 점수·순위는 실험용"
"XEGl0JDVX7r","Q9NAGk8lOS","H0380","R0380_1","13.0","88","182","실제 노출 로그 / 점수·순위는 실험용"
"XEpL66z3dwW","Q9NAGk8lOS","H0324","R0324_1","12.0","89","150","실제 노출 로그 / 점수·순위는 실험용"
"XEzyXHXx1lW","Q9NAGk8lOS","H0268","R0268_1","11.0","90","119","실제 노출 로그 / 점수·순위는 실험용"
"XEDLiO34bJR","Q9NAGk8lOS","H0212","R0212_1","10.0","91","87","실제 노출 로그 / 점수·순위는 실험용"
"XE5GVcOMwCC","Q9NAGk8lOS","H0351","R0351_1","9.0","92","64","실제 노출 로그 / 점수·순위는 실험용"
"XE2OzNbsOAQ","Q9NAGk8lOS","H0295","R0295_1","8.0","93","27","실제 노출 로그 / 점수·순위는 실험용"
"XEPFRMigzOI","Q9NAGk8lOS","H0239","R0239_1","7.0","94","195","실제 노출 로그 / 점수·순위는 실험용"
"XEHxrVlB4X8","Q9NAGk8lOS","H0379","R0379_1","6.0","95","178","실제 노출 로그 / 점수·순위는 실험용"
"XE2UhEu09q9","Q9NAGk8lOS","H0323","R0323_1","5.0","96","146","실제 노출 로그 / 점수·순위는 실험용"
"XEWdmHmQe6t","Q9NAGk8lOS","H0267","R0267_1","4.0","97","115","실제 노출 로그 / 점수·순위는 실험용"
"XEmu1KFHjKP","Q9NAGk8lOS","H0211","R0211_1","3.0","98","83","실제 노출 로그 / 점수·순위는 실험용"
"XEvsenAXt2l","Q9NAGk8lOS","H0350","R0350_1","2.0","99","59","실제 노출 로그 / 점수·순위는 실험용"
"XEQ52E4QfJ4","Q9NAGk8lOS","H0294","R0294_1","1.0","100","23","실제 노출 로그 / 점수·순위는 실험용"
"XE5WKFA1NmY","Q9NAGk8lOS","H0238","R0238_1","0.0","101","191","실제 노출 로그 / 점수·순위는 실험용"
"XEAEaGA5zC8","Q9NAGk8lOS","H0378","R0378_1","0.0","102","174","실제 노출 로그 / 점수·순위는 실험용"
"XEHSSVOS23o","Q9NAGk8lOS","H0322","R0322_1","0.0","103","142","실제 노출 로그 / 점수·순위는 실험용"
"XEPh5R487MY","Q9NAGk8lOS","H0266","R0266_1","0.0","104","111","실제 노출 로그 / 점수·순위는 실험용"
"XEUHnocTtKw","Q9NAGk8lOS","H0210","R0210_1","0.0","105","79","실제 노출 로그 / 점수·순위는 실험용"
"XEskHkp4Xj8","Q9NAGk8lOS","H0349","R0349_1","0.0","106","54","실제 노출 로그 / 점수·순위는 실험용"
"XEItPAuJpxM","Q9NAGk8lOS","H0293","R0293_1","0.0","107","19","실제 노출 로그 / 점수·순위는 실험용"
"XEYbHjzOOZg","Q9NAGk8lOS","H0237","R0237_1","0.0","108","187","실제 노출 로그 / 점수·순위는 실험용"
"XE1J2PO2S0t","Q9NAGk8lOS","H0377","R0377_1","0.0","109","170","실제 노출 로그 / 점수·순위는 실험용"
"XEVjusO6J05","Q9NAGk8lOS","H0321","R0321_1","0.0","110","138","실제 노출 로그 / 점수·순위는 실험용"
"XEBvpj906fh","Q9NAGk8lOS","H0265","R0265_1","0.0","111","107","실제 노출 로그 / 점수·순위는 실험용"
"XE0UAx7hZWP","Q9NAGk8lOS","H0209","R0209_1","0.0","112","75","실제 노출 로그 / 점수·순위는 실험용"
"XEWAcGdwx8Y","Q9NAGk8lOS","H0348","R0348_1","0.0","113","50","실제 노출 로그 / 점수·순위는 실험용"
"XEsiL968vEq","Q9NAGk8lOS","H0292","R0292_1","0.0","114","15","실제 노출 로그 / 점수·순위는 실험용"
"XEGqHtpASLm","Q9NAGk8lOS","H0236","R0236_1","0.0","115","183","실제 노출 로그 / 점수·순위는 실험용"
"XElfV1kudSz","Q9NAGk8lOS","H0376","R0376_1","0.0","116","167","실제 노출 로그 / 점수·순위는 실험용"
"XE1zcToXqrM","Q9NAGk8lOS","H0320","R0320_1","0.0","117","135","실제 노출 로그 / 점수·순위는 실험용"
"XEb0oCoO5c9","Q9NAGk8lOS","H0264","R0264_1","0.0","118","103","실제 노출 로그 / 점수·순위는 실험용"
"XEtSzCrMggB","Q9NAGk8lOS","H0208","R0208_1","0.0","119","70","실제 노출 로그 / 점수·순위는 실험용"
"XE9cexvUylf","Q9NAGk8lOS","H0347","R0347_1","0.0","120","45","실제 노출 로그 / 점수·순위는 실험용"
"XE1cTsHmXWW","Q9NAGk8lOS","H0291","R0291_1","0.0","121","11","실제 노출 로그 / 점수·순위는 실험용"
"XEa7UShFgc9","Q9NAGk8lOS","H0235","R0235_1","0.0","122","179","실제 노출 로그 / 점수·순위는 실험용"
"XEy7ADaYHxG","Q9NAGk8lOS","H0375","R0375_1","0.0","123","163","실제 노출 로그 / 점수·순위는 실험용"
"XEurU6E5Y0s","Q9NAGk8lOS","H0319","R0319_1","0.0","124","131","실제 노출 로그 / 점수·순위는 실험용"
"XEWT32hE1q1","Q9NAGk8lOS","H0263","R0263_1","0.0","125","99","실제 노출 로그 / 점수·순위는 실험용"
"XEhSV54oYqF","Q9NAGk8lOS","H0207","R0207_1","0.0","126","65","실제 노출 로그 / 점수·순위는 실험용"
"XEtrGa5AhF4","Q9NAGk8lOS","H0346","R0346_1","0.0","127","40","실제 노출 로그 / 점수·순위는 실험용"
"XEvfeph0QEV","Q9NAGk8lOS","H0290","R0290_1","0.0","128","7","실제 노출 로그 / 점수·순위는 실험용"
"XEX2tM75NTY","Q9NAGk8lOS","H0234","R0234_1","0.0","129","175","실제 노출 로그 / 점수·순위는 실험용"
"XEvVC95jcBl","Q9NAGk8lOS","H0374","R0374_1","0.0","130","159","실제 노출 로그 / 점수·순위는 실험용"
"XEmV4OwpCjb","Q9NAGk8lOS","H0318","R0318_1","0.0","131","127","실제 노출 로그 / 점수·순위는 실험용"
"XEz7hptwTB7","Q9NAGk8lOS","H0262","R0262_1","0.0","132","95","실제 노출 로그 / 점수·순위는 실험용"
"XEOCOfcONes","Q9NAGk8lOS","H0206","R0206_1","0.0","133","60","실제 노출 로그 / 점수·순위는 실험용"
"XEAey4qHOS8","Q9NAGk8lOS","H0345","R0345_1","0.0","134","35","실제 노출 로그 / 점수·순위는 실험용"
"XE3rhrV70DG","Q9NAGk8lOS","H0289","R0289_1","0.0","135","3","실제 노출 로그 / 점수·순위는 실험용"
"XEtvgKmW5nv","Q9NAGk8lOS","H0233","R0233_1","0.0","136","171","실제 노출 로그 / 점수·순위는 실험용"
"XE8UdQaOqjB","Q9NAGk8lOS","H0373","R0373_1","0.0","137","155","실제 노출 로그 / 점수·순위는 실험용"
"XEs2f2GA7ON","Q9NAGk8lOS","H0317","R0317_1","0.0","138","123","실제 노출 로그 / 점수·순위는 실험용"
"XEC6MFCP5xm","Q9NAGk8lOS","H0261","R0261_1","0.0","139","91","실제 노출 로그 / 점수·순위는 실험용"
"XERxTWeYtpw","Q9NAGk8lOS","H0205","R0205_1","0.0","140","55","실제 노출 로그 / 점수·순위는 실험용"
"XEotiyKu4BG","Q9NAGk8lOS","H0400","R0400_1","0.0","141","71","실제 노출 로그 / 점수·순위는 실험용"
"XE8O5Q0fruy","Q9NAGk8lOS","H0344","R0344_1","0.0","142","32","실제 노출 로그 / 점수·순위는 실험용"
"XE9bIRVFvkP","Q9NAGk8lOS","H0288","R0288_1","0.0","143","200","실제 노출 로그 / 점수·순위는 실험용"
"XE3Xp3ZHgo9","Q9NAGk8lOS","H0232","R0232_1","0.0","144","168","실제 노출 로그 / 점수·순위는 실험용"
"XEg10B1yhRk","Q9NAGk8lOS","H0372","R0372_1","0.0","145","151","실제 노출 로그 / 점수·순위는 실험용"
"XEGDiAOFUnY","Q9NAGk8lOS","H0316","R0316_1","0.0","146","120","실제 노출 로그 / 점수·순위는 실험용"
"XE1V85cSmQF","Q9NAGk8lOS","H0260","R0260_1","0.0","147","88","실제 노출 로그 / 점수·순위는 실험용"
"XEVKjFzu5wH","Q9NAGk8lOS","H0204","R0204_1","0.0","148","51","실제 노출 로그 / 점수·순위는 실험용"
"XExpbv1j3p9","Q9NAGk8lOS","H0203","R0203_1","0.0","149","46","실제 노출 로그 / 점수·순위는 실험용"
"XEO91g2uiEM","Q9NAGk8lOS","H0399","R0399_1","0.0","150","66","실제 노출 로그 / 점수·순위는 실험용"
"XEfGlZaNoAI","Q9NAGk8lOS","H0343","R0343_1","0.0","151","28","실제 노출 로그 / 점수·순위는 실험용"
"XE23nXmD2z3","Q9NAGk8lOS","H0287","R0287_1","0.0","152","196","실제 노출 로그 / 점수·순위는 실험용"
"XEagiaBLqHx","Q9NAGk8lOS","H0231","R0231_1","0.0","153","164","실제 노출 로그 / 점수·순위는 실험용"
"XEPPpVOILlI","Q9NAGk8lOS","H0371","R0371_1","0.0","154","147","실제 노출 로그 / 점수·순위는 실험용"
"XECbAKNwhLm","Q9NAGk8lOS","H0315","R0315_1","0.0","155","116","실제 노출 로그 / 점수·순위는 실험용"
"XEWS1NHBCVx","Q9NAGk8lOS","H0259","R0259_1","0.0","156","84","실제 노출 로그 / 점수·순위는 실험용"
"XEXjmPJUX6y","Q9NAGk8lOS","H0202","R0202_1","0.0","157","41","실제 노출 로그 / 점수·순위는 실험용"
"XE7AqRVuiJF","Q9NAGk8lOS","H0398","R0398_1","0.0","158","61","실제 노출 로그 / 점수·순위는 실험용"
"XE28MWImGWH","Q9NAGk8lOS","H0342","R0342_1","0.0","159","24","실제 노출 로그 / 점수·순위는 실험용"
"XEPY2btY4Po","Q9NAGk8lOS","H0286","R0286_1","0.0","160","192","실제 노출 로그 / 점수·순위는 실험용"
"XEKkGamzpgT","Q9NAGk8lOS","H0230","R0230_1","0.0","161","160","실제 노출 로그 / 점수·순위는 실험용"
"XEZPbEq6ptU","Q9NAGk8lOS","H0370","R0370_1","0.0","162","143","실제 노출 로그 / 점수·순위는 실험용"
"XEAb0yz5qGq","Q9NAGk8lOS","H0314","R0314_1","0.0","163","112","실제 노출 로그 / 점수·순위는 실험용"
"XE9xuufDqDD","Q9NAGk8lOS","H0258","R0258_1","0.0","164","80","실제 노출 로그 / 점수·순위는 실험용"
"XEjmpdVDEQO","Q9NAGk8lOS","H0201","R0201_1","0.0","165","36","실제 노출 로그 / 점수·순위는 실험용"
"XEl2f8XLO5S","Q9NAGk8lOS","H0397","R0397_1","0.0","166","56","실제 노출 로그 / 점수·순위는 실험용"
"XEBKalp5abT","Q9NAGk8lOS","H0341","R0341_1","0.0","167","20","실제 노출 로그 / 점수·순위는 실험용"
"XE0034a0Jo7","Q9NAGk8lOS","H0285","R0285_1","0.0","168","188","실제 노출 로그 / 점수·순위는 실험용"
"XEmeIkuLWvX","Q9NAGk8lOS","H0229","R0229_1","0.0","169","156","실제 노출 로그 / 점수·순위는 실험용"
"XE6rZKkmXeM","Q9NAGk8lOS","H0369","R0369_1","0.0","170","139","실제 노출 로그 / 점수·순위는 실험용"
"XE8WdxjY2GK","Q9NAGk8lOS","H0313","R0313_1","0.0","171","108","실제 노출 로그 / 점수·순위는 실험용"
"XE7U7Fe3CVS","Q9NAGk8lOS","H0257","R0257_1","0.0","172","76","실제 노출 로그 / 점수·순위는 실험용"
"XE82NC5WXmw","Q9NAGk8lOS","H0396","R0396_1","0.0","173","52","실제 노출 로그 / 점수·순위는 실험용"
"XEz60koiI26","Q9NAGk8lOS","H0340","R0340_1","0.0","174","16","실제 노출 로그 / 점수·순위는 실험용"
"XEDvObuWwer","Q9NAGk8lOS","H0284","R0284_1","0.0","175","184","실제 노출 로그 / 점수·순위는 실험용"
"XE0WA0hqHX7","Q9NAGk8lOS","H0228","R0228_1","0.0","176","152","실제 노출 로그 / 점수·순위는 실험용"
"XEBl6YNZeJJ","Q9NAGk8lOS","H0368","R0368_1","0.0","177","136","실제 노출 로그 / 점수·순위는 실험용"
"XE71DiQYSB1","Q9NAGk8lOS","H0312","R0312_1","0.0","178","104","실제 노출 로그 / 점수·순위는 실험용"
"XE6kpaHx6fd","Q9NAGk8lOS","H0256","R0256_1","0.0","179","72","실제 노출 로그 / 점수·순위는 실험용"
"XEz73kaY8n4","Q9NAGk8lOS","H0395","R0395_1","0.0","180","47","실제 노출 로그 / 점수·순위는 실험용"
"XEfPCCfWj5I","Q9NAGk8lOS","H0339","R0339_1","0.0","181","12","실제 노출 로그 / 점수·순위는 실험용"
"XEn7EWC7QNY","Q9NAGk8lOS","H0283","R0283_1","0.0","182","180","실제 노출 로그 / 점수·순위는 실험용"
"XE1TRhNFTNB","Q9NAGk8lOS","H0227","R0227_1","0.0","183","148","실제 노출 로그 / 점수·순위는 실험용"
"XEOuzN73p6x","Q9NAGk8lOS","H0367","R0367_1","0.0","184","132","실제 노출 로그 / 점수·순위는 실험용"
"XEDzR3EY0SU","Q9NAGk8lOS","H0311","R0311_1","0.0","185","100","실제 노출 로그 / 점수·순위는 실험용"
"XEkYRdNqazd","Q9NAGk8lOS","H0255","R0255_1","0.0","186","67","실제 노출 로그 / 점수·순위는 실험용"
"XEwC0XOdBBO","Q9NAGk8lOS","H0394","R0394_1","0.0","187","42","실제 노출 로그 / 점수·순위는 실험용"
"XERu4JZkKgJ","Q9NAGk8lOS","H0338","R0338_1","0.0","188","8","실제 노출 로그 / 점수·순위는 실험용"
"XEi28YrCt4h","Q9NAGk8lOS","H0282","R0282_1","0.0","189","176","실제 노출 로그 / 점수·순위는 실험용"
"XER7LnQ76JZ","Q9NAGk8lOS","H0226","R0226_1","0.0","190","144","실제 노출 로그 / 점수·순위는 실험용"
"XE9FOeRkNm6","Q9NAGk8lOS","H0366","R0366_1","0.0","191","128","실제 노출 로그 / 점수·순위는 실험용"
"XEr7q5eOvcD","Q9NAGk8lOS","H0310","R0310_1","0.0","192","96","실제 노출 로그 / 점수·순위는 실험용"
"XEE4s3M0o8N","Q9NAGk8lOS","H0254","R0254_1","0.0","193","62","실제 노출 로그 / 점수·순위는 실험용"
"XEctz6JIlmy","Q9NAGk8lOS","H0253","R0253_1","0.0","194","57","실제 노출 로그 / 점수·순위는 실험용"
"XEUi9aVOM6S","Q9NAGk8lOS","H0393","R0393_1","0.0","195","37","실제 노출 로그 / 점수·순위는 실험용"
"XEm5N9fOXue","Q9NAGk8lOS","H0337","R0337_1","0.0","196","4","실제 노출 로그 / 점수·순위는 실험용"
"XEFcyEtYuD0","Q9NAGk8lOS","H0281","R0281_1","0.0","197","172","실제 노출 로그 / 점수·순위는 실험용"
"XEehihRWR7V","Q9NAGk8lOS","H0225","R0225_1","0.0","198","140","실제 노출 로그 / 점수·순위는 실험용"
"XEFG6j9nGgK","Q9NAGk8lOS","H0365","R0365_1","0.0","199","124","실제 노출 로그 / 점수·순위는 실험용"
"XEkVYWaPKw8","Q9NAGk8lOS","H0309","R0309_1","0.0","200","92","실제 노출 로그 / 점수·순위는 실험용"
"XEXrHDigegJ","QcvPBwoECR","H0251","R0251_1","100.0","1","2","실제 노출 로그 / 점수·순위는 실험용"
"XELZKHx6lvK","QcvPBwoECR","H0291","R0291_1","99.0","2","1","실제 노출 로그 / 점수·순위는 실험용"
"XEIMBb7KGAy","QHiWt5hbZX","H0251","R0251_1","100.0","1","2","실제 노출 로그 / 점수·순위는 실험용"
"XEUFljNobDY","QHiWt5hbZX","H0291","R0291_1","99.0","2","1","실제 노출 로그 / 점수·순위는 실험용"
"XER4pcSEhCU","Qe3uY6H1Ix","H0083","R0083_1","100.0","1","15","실제 노출 로그 / 점수·순위는 실험용"
"XEphw46Bmiz","Qe3uY6H1Ix","H0193","R0193_1","99.0","2","1","실제 노출 로그 / 점수·순위는 실험용"
"XE292Jz1Ucs","Qe3uY6H1Ix","H0053","R0053_1","98.0","3","3","실제 노출 로그 / 점수·순위는 실험용"
"XEvnm2pDg0d","Qe3uY6H1Ix","H0023","R0023_1","97.0","4","10","실제 노출 로그 / 점수·순위는 실험용"
"XEHIe2AEG5b","Qe3uY6H1Ix","H0163","R0163_1","96.0","5","9","실제 노출 로그 / 점수·순위는 실험용"
"XEnwlUN1o5y","Qe3uY6H1Ix","H0133","R0133_1","95.0","6","16","실제 노출 로그 / 점수·순위는 실험용"
"XEtCYxsSj6e","Qe3uY6H1Ix","H0103","R0103_1","94.0","7","4","실제 노출 로그 / 점수·순위는 실험용"
"XErBxLlp0jO","Qe3uY6H1Ix","H0073","R0073_1","93.0","8","11","실제 노출 로그 / 점수·순위는 실험용"
"XEOqvba7Gzh","Qe3uY6H1Ix","H0043","R0043_1","92.0","9","18","실제 노출 로그 / 점수·순위는 실험용"
"XE3cbzZ19x3","Qe3uY6H1Ix","H0183","R0183_1","91.0","10","17","실제 노출 로그 / 점수·순위는 실험용"
"XE8aUDHuAkW","Qe3uY6H1Ix","H0013","R0013_1","90.0","11","6","실제 노출 로그 / 점수·순위는 실험용"
"XEURL6e3wOU","Qe3uY6H1Ix","H0153","R0153_1","89.0","12","5","실제 노출 로그 / 점수·순위는 실험용"
"XEimE1xepal","Qe3uY6H1Ix","H0123","R0123_1","88.0","13","12","실제 노출 로그 / 점수·순위는 실험용"
"XExs3CldEuL","Qe3uY6H1Ix","H0093","R0093_1","87.0","14","19","실제 노출 로그 / 점수·순위는 실험용"
"XEuTQRXpbsr","Qe3uY6H1Ix","H0063","R0063_1","86.0","15","7","실제 노출 로그 / 점수·순위는 실험용"
"XENrjUtmyIr","Qe3uY6H1Ix","H0033","R0033_1","85.0","16","14","실제 노출 로그 / 점수·순위는 실험용"
"XE2uDpSJVwD","Qe3uY6H1Ix","H0173","R0173_1","84.0","17","13","실제 노출 로그 / 점수·순위는 실험용"
"XEYRXS58aGq","Qe3uY6H1Ix","H0143","R0143_1","83.0","18","20","실제 노출 로그 / 점수·순위는 실험용"
"XEZoSDE9yIm","Qe3uY6H1Ix","H0003","R0003_1","82.0","19","2","실제 노출 로그 / 점수·순위는 실험용"
"XEyctdWJuhy","Qe3uY6H1Ix","H0113","R0113_1","81.0","20","8","실제 노출 로그 / 점수·순위는 실험용"
"XERacXm2dyB","QOL6MOrUPe","H0022","R0022_1","100.0","1","2","실제 노출 로그 / 점수·순위는 실험용"
"XE7nw4tRWy5","QOL6MOrUPe","H0162","R0162_1","99.0","2","1","실제 노출 로그 / 점수·순위는 실험용"
"XEyds0j9vdn","Q3lldU1XCw","H0022","R0022_1","100.0","1","2","실제 노출 로그 / 점수·순위는 실험용"
"XELjxC1EgGb","Q3lldU1XCw","H0162","R0162_1","99.0","2","1","실제 노출 로그 / 점수·순위는 실험용"
"XE40qnDvZV1","QD8mraWVi4","H0112","R0112_1","100.0","1","7","실제 노출 로그 / 점수·순위는 실험용"
"XEnkLWpLfHk","QD8mraWVi4","H0082","R0082_1","99.0","2","14","실제 노출 로그 / 점수·순위는 실험용"
"XEPmx4ZlKKS","QD8mraWVi4","H0192","R0192_1","98.0","3","20","실제 노출 로그 / 점수·순위는 실험용"
"XEvxE3mDnSw","QD8mraWVi4","H0052","R0052_1","97.0","4","2","실제 노출 로그 / 점수·순위는 실험용"
"XEJGjkMymEH","QD8mraWVi4","H0022","R0022_1","96.0","5","9","실제 노출 로그 / 점수·순위는 실험용"
"XEzp7qW1rF2","QD8mraWVi4","H0162","R0162_1","95.0","6","8","실제 노출 로그 / 점수·순위는 실험용"
"XEHFK4tOLab","QD8mraWVi4","H0132","R0132_1","94.0","7","15","실제 노출 로그 / 점수·순위는 실험용"
"XE0OdzI1G14","QD8mraWVi4","H0102","R0102_1","93.0","8","3","실제 노출 로그 / 점수·순위는 실험용"
"XEwbh1rgfBG","QD8mraWVi4","H0072","R0072_1","92.0","9","10","실제 노출 로그 / 점수·순위는 실험용"
"XETkFJ23f79","QD8mraWVi4","H0042","R0042_1","91.0","10","17","실제 노출 로그 / 점수·순위는 실험용"
"XEbWNUhiSo8","QD8mraWVi4","H0182","R0182_1","90.0","11","16","실제 노출 로그 / 점수·순위는 실험용"
"XErGNwlw7ah","QD8mraWVi4","H0152","R0152_1","89.0","12","4","실제 노출 로그 / 점수·순위는 실험용"
"XEG16cky54t","QD8mraWVi4","H0012","R0012_1","88.0","13","5","실제 노출 로그 / 점수·순위는 실험용"
"XEulsaAbSzl","QD8mraWVi4","H0122","R0122_1","87.0","14","11","실제 노출 로그 / 점수·순위는 실험용"
"XE8YIjvJxsS","QD8mraWVi4","H0092","R0092_1","86.0","15","18","실제 노출 로그 / 점수·순위는 실험용"
"XE3tR7N959u","QD8mraWVi4","H0062","R0062_1","85.0","16","6","실제 노출 로그 / 점수·순위는 실험용"
"XEv8fb9WI40","QD8mraWVi4","H0032","R0032_1","84.0","17","13","실제 노출 로그 / 점수·순위는 실험용"
"XE7sJGIfHYm","QD8mraWVi4","H0172","R0172_1","83.0","18","12","실제 노출 로그 / 점수·순위는 실험용"
"XEFYjiCBCdm","QD8mraWVi4","H0142","R0142_1","82.0","19","19","실제 노출 로그 / 점수·순위는 실험용"
"XEEo1NQERSa","QD8mraWVi4","H0002","R0002_1","81.0","20","1","실제 노출 로그 / 점수·순위는 실험용"
"XEtOAWJzChP","QwcHLdY10x","H0195","R0195_1","100.0","1","2","실제 노출 로그 / 점수·순위는 실험용"
"XEsCwXHbnqY","QwcHLdY10x","H0193","R0193_1","99.0","2","1","실제 노출 로그 / 점수·순위는 실험용"
"XEZp0Xr6uef","QwcHLdY10x","H0025","R0025_1","98.0","3","5","실제 노출 로그 / 점수·순위는 실험용"
"XEUJ6iAIOw4","QwcHLdY10x","H0023","R0023_1","97.0","4","4","실제 노출 로그 / 점수·순위는 실험용"
"XEuk4Xz9FQ8","QwcHLdY10x","H0021","R0021_1","96.0","5","3","실제 노출 로그 / 점수·순위는 실험용"
"XEFj37OFn9J","Qwa7ToFcYm","H0196","R0196_1","100.0","1","16","실제 노출 로그 / 점수·순위는 실험용"
"XEp843qfNWX","Qwa7ToFcYm","H0140","R0140_1","99.0","2","181","실제 노출 로그 / 점수·순위는 실험용"
"XEN6nKS00kS","Qwa7ToFcYm","H0084","R0084_1","98.0","3","149","실제 노출 로그 / 점수·순위는 실험용"
"XExltNcSVQL","Qwa7ToFcYm","H0028","R0028_1","97.0","4","117","실제 노출 로그 / 점수·순위는 실험용"
"XE5E8hmJI78","Qwa7ToFcYm","H0168","R0168_1","96.0","5","101","실제 노출 로그 / 점수·순위는 실험용"
"XERYD4CpcLY","Qwa7ToFcYm","H0112","R0112_1","95.0","6","69","실제 노출 로그 / 점수·순위는 실험용"
"XEeunpGdhO1","Qwa7ToFcYm","H0056","R0056_1","94.0","7","36","실제 노출 로그 / 점수·순위는 실험용"
"XElU1uQ60Nm","Qwa7ToFcYm","H0195","R0195_1","93.0","8","11","실제 노출 로그 / 점수·순위는 실험용"
"XE2a5QCt5zq","Qwa7ToFcYm","H0139","R0139_1","92.0","9","177","실제 노출 로그 / 점수·순위는 실험용"
"XEf1CbI9EBS","Qwa7ToFcYm","H0083","R0083_1","91.0","10","145","실제 노출 로그 / 점수·순위는 실험용"
"XEM9d7rswZ7","Qwa7ToFcYm","H0027","R0027_1","90.0","11","113","실제 노출 로그 / 점수·순위는 실험용"
"XEToQ7voHqy","Qwa7ToFcYm","H0167","R0167_1","89.0","12","97","실제 노출 로그 / 점수·순위는 실험용"
"XEqjhvlYD8p","Qwa7ToFcYm","H0111","R0111_1","88.0","13","65","실제 노출 로그 / 점수·순위는 실험용"
"XEv0Cgn5dkh","Qwa7ToFcYm","H0055","R0055_1","87.0","14","31","실제 노출 로그 / 점수·순위는 실험용"
"XE3NMk3W9w3","Qwa7ToFcYm","H0194","R0194_1","86.0","15","6","실제 노출 로그 / 점수·순위는 실험용"
"XEcKVHO8NfR","Qwa7ToFcYm","H0138","R0138_1","85.0","16","173","실제 노출 로그 / 점수·순위는 실험용"
"XEUuLrRg30c","Qwa7ToFcYm","H0082","R0082_1","84.0","17","141","실제 노출 로그 / 점수·순위는 실험용"
"XENIuHeyItr","Qwa7ToFcYm","H0026","R0026_1","83.0","18","109","실제 노출 로그 / 점수·순위는 실험용"
"XEpMFkT98Xp","Qwa7ToFcYm","H0166","R0166_1","82.0","19","93","실제 노출 로그 / 점수·순위는 실험용"
"XE9Vfx5uhJ2","Qwa7ToFcYm","H0110","R0110_1","81.0","20","61","실제 노출 로그 / 점수·순위는 실험용"
"XEBdBk0rmxs","Qwa7ToFcYm","H0054","R0054_1","80.0","21","26","실제 노출 로그 / 점수·순위는 실험용"
"XEcWOtNw5Oj","Qwa7ToFcYm","H0193","R0193_1","79.0","22","1","실제 노출 로그 / 점수·순위는 실험용"
"XEfz4khuAjl","Qwa7ToFcYm","H0137","R0137_1","78.0","23","169","실제 노출 로그 / 점수·순위는 실험용"
"XE74Qyt9VQS","Qwa7ToFcYm","H0081","R0081_1","77.0","24","137","실제 노출 로그 / 점수·순위는 실험용"
"XE1nlgVPOTo","Qwa7ToFcYm","H0025","R0025_1","76.0","25","105","실제 노출 로그 / 점수·순위는 실험용"
"XElAr8npeY5","Qwa7ToFcYm","H0165","R0165_1","75.0","26","89","실제 노출 로그 / 점수·순위는 실험용"
"XE3AlbUyUOX","Qwa7ToFcYm","H0109","R0109_1","74.0","27","57","실제 노출 로그 / 점수·순위는 실험용"
"XEDDb73RMcu","Qwa7ToFcYm","H0053","R0053_1","73.0","28","21","실제 노출 로그 / 점수·순위는 실험용"
"XELbZYDX3Rv","Qwa7ToFcYm","H0192","R0192_1","72.0","29","197","실제 노출 로그 / 점수·순위는 실험용"
"XEjq0KPBF03","Qwa7ToFcYm","H0136","R0136_1","71.0","30","165","실제 노출 로그 / 점수·순위는 실험용"
"XEuswZdYh5E","Qwa7ToFcYm","H0080","R0080_1","70.0","31","133","실제 노출 로그 / 점수·순위는 실험용"
"XEY7AdBWP6w","Qwa7ToFcYm","H0024","R0024_1","69.0","32","102","실제 노출 로그 / 점수·순위는 실험용"
"XElgZs6oeBQ","Qwa7ToFcYm","H0164","R0164_1","68.0","33","85","실제 노출 로그 / 점수·순위는 실험용"
"XEd58PJinna","Qwa7ToFcYm","H0108","R0108_1","67.0","34","53","실제 노출 로그 / 점수·순위는 실험용"
"XEDQn73Ue24","Qwa7ToFcYm","H0052","R0052_1","66.0","35","17","실제 노출 로그 / 점수·순위는 실험용"
"XEUJhqL2ByZ","Qwa7ToFcYm","H0051","R0051_1","65.0","36","12","실제 노출 로그 / 점수·순위는 실험용"
"XErccMjSGiX","Qwa7ToFcYm","H0191","R0191_1","64.0","37","193","실제 노출 로그 / 점수·순위는 실험용"
"XEp5C7b7Qio","Qwa7ToFcYm","H0135","R0135_1","63.0","38","161","실제 노출 로그 / 점수·순위는 실험용"
"XEa57kwsPHd","Qwa7ToFcYm","H0079","R0079_1","62.0","39","129","실제 노출 로그 / 점수·순위는 실험용"
"XE7QvrYNuBO","Qwa7ToFcYm","H0023","R0023_1","61.0","40","98","실제 노출 로그 / 점수·순위는 실험용"
"XEZFBHD95Zs","Qwa7ToFcYm","H0163","R0163_1","60.0","41","81","실제 노출 로그 / 점수·순위는 실험용"
"XEYBmKJoM6G","Qwa7ToFcYm","H0107","R0107_1","59.0","42","49","실제 노출 로그 / 점수·순위는 실험용"
"XE7FjOMJdNC","Qwa7ToFcYm","H0050","R0050_1","58.0","43","7","실제 노출 로그 / 점수·순위는 실험용"
"XE1fSvOlllb","Qwa7ToFcYm","H0190","R0190_1","57.0","44","189","실제 노출 로그 / 점수·순위는 실험용"
"XEtjG9aauRr","Qwa7ToFcYm","H0134","R0134_1","56.0","45","157","실제 노출 로그 / 점수·순위는 실험용"
"XEiHMzNWDTd","Qwa7ToFcYm","H0078","R0078_1","55.0","46","125","실제 노출 로그 / 점수·순위는 실험용"
"XELrtUklKO3","Qwa7ToFcYm","H0022","R0022_1","54.0","47","94","실제 노출 로그 / 점수·순위는 실험용"
"XEnh6NpkSdv","Qwa7ToFcYm","H0162","R0162_1","53.0","48","77","실제 노출 로그 / 점수·순위는 실험용"
"XEMOXlkLSfJ","Qwa7ToFcYm","H0106","R0106_1","52.0","49","45","실제 노출 로그 / 점수·순위는 실험용"
"XE4Xz43PcnE","Qwa7ToFcYm","H0049","R0049_1","51.0","50","2","실제 노출 로그 / 점수·순위는 실험용"
"XETsZq9WiUZ","Qwa7ToFcYm","H0189","R0189_1","50.0","51","185","실제 노출 로그 / 점수·순위는 실험용"
"XEP490eqzxy","Qwa7ToFcYm","H0133","R0133_1","49.0","52","153","실제 노출 로그 / 점수·순위는 실험용"
"XElQLsstd6q","Qwa7ToFcYm","H0077","R0077_1","48.0","53","121","실제 노출 로그 / 점수·순위는 실험용"
"XEwbTwykyhm","Qwa7ToFcYm","H0021","R0021_1","47.0","54","90","실제 노출 로그 / 점수·순위는 실험용"
"XEnrKDoDAkw","Qwa7ToFcYm","H0161","R0161_1","46.0","55","73","실제 노출 로그 / 점수·순위는 실험용"
"XEnNOD5bKNq","Qwa7ToFcYm","H0105","R0105_1","45.0","56","41","실제 노출 로그 / 점수·순위는 실험용"
"XEeNWgB1C6J","Qwa7ToFcYm","H0048","R0048_1","44.0","57","198","실제 노출 로그 / 점수·순위는 실험용"
"XEoRM3EerGd","Qwa7ToFcYm","H0188","R0188_1","43.0","58","182","실제 노출 로그 / 점수·순위는 실험용"
"XERyrq6uHGK","Qwa7ToFcYm","H0132","R0132_1","42.0","59","150","실제 노출 로그 / 점수·순위는 실험용"
"XE7G7OEyB23","Qwa7ToFcYm","H0076","R0076_1","41.0","60","118","실제 노출 로그 / 점수·순위는 실험용"
"XEXgsl704EP","Qwa7ToFcYm","H0020","R0020_1","40.0","61","86","실제 노출 로그 / 점수·순위는 실험용"
"XEJYAMFtit9","Qwa7ToFcYm","H0160","R0160_1","39.0","62","70","실제 노출 로그 / 점수·순위는 실험용"
"XEaVFNTG52q","Qwa7ToFcYm","H0104","R0104_1","38.0","63","37","실제 노출 로그 / 점수·순위는 실험용"
"XEilcpaD04L","Qwa7ToFcYm","H0047","R0047_1","37.0","64","194","실제 노출 로그 / 점수·순위는 실험용"
"XEEOS0C9LlK","Qwa7ToFcYm","H0187","R0187_1","36.0","65","178","실제 노출 로그 / 점수·순위는 실험용"
"XEzqo0HZGTh","Qwa7ToFcYm","H0131","R0131_1","35.0","66","146","실제 노출 로그 / 점수·순위는 실험용"
"XE7t8hPO0IY","Qwa7ToFcYm","H0075","R0075_1","34.0","67","114","실제 노출 로그 / 점수·순위는 실험용"
"XEu5QvBuE6x","Qwa7ToFcYm","H0019","R0019_1","33.0","68","82","실제 노출 로그 / 점수·순위는 실험용"
"XE2yiGX7kij","Qwa7ToFcYm","H0159","R0159_1","32.0","69","66","실제 노출 로그 / 점수·순위는 실험용"
"XEe7rj7lfCv","Qwa7ToFcYm","H0103","R0103_1","31.0","70","32","실제 노출 로그 / 점수·순위는 실험용"
"XE6Mz7iAAgg","Qwa7ToFcYm","H0102","R0102_1","30.0","71","27","실제 노출 로그 / 점수·순위는 실험용"
"XE62qng6lqR","Qwa7ToFcYm","H0046","R0046_1","29.0","72","190","실제 노출 로그 / 점수·순위는 실험용"
"XEuhYHskg3a","Qwa7ToFcYm","H0186","R0186_1","28.0","73","174","실제 노출 로그 / 점수·순위는 실험용"
"XE8ieJQXjbV","Qwa7ToFcYm","H0130","R0130_1","27.0","74","142","실제 노출 로그 / 점수·순위는 실험용"
"XEtt7gR9r2D","Qwa7ToFcYm","H0074","R0074_1","26.0","75","110","실제 노출 로그 / 점수·순위는 실험용"
"XEMV66bZMKj","Qwa7ToFcYm","H0018","R0018_1","25.0","76","78","실제 노출 로그 / 점수·순위는 실험용"
"XEFgclOQ3Ds","Qwa7ToFcYm","H0158","R0158_1","24.0","77","62","실제 노출 로그 / 점수·순위는 실험용"
"XETjD7VGClx","Qwa7ToFcYm","H0101","R0101_1","23.0","78","22","실제 노출 로그 / 점수·순위는 실험용"
"XEytHhkQgGg","Qwa7ToFcYm","H0045","R0045_1","22.0","79","186","실제 노출 로그 / 점수·순위는 실험용"
"XELeDq3nnIA","Qwa7ToFcYm","H0185","R0185_1","21.0","80","170","실제 노출 로그 / 점수·순위는 실험용"
"XEkYG59nAgn","Qwa7ToFcYm","H0129","R0129_1","20.0","81","138","실제 노출 로그 / 점수·순위는 실험용"
"XETU5vzBNGl","Qwa7ToFcYm","H0073","R0073_1","19.0","82","106","실제 노출 로그 / 점수·순위는 실험용"
"XEszNG3q1Eu","Qwa7ToFcYm","H0017","R0017_1","18.0","83","74","실제 노출 로그 / 점수·순위는 실험용"
"XEHGqIrkkL4","Qwa7ToFcYm","H0157","R0157_1","17.0","84","58","실제 노출 로그 / 점수·순위는 실험용"
"XEVXJDLJi1S","Qwa7ToFcYm","H0100","R0100_1","16.0","85","18","실제 노출 로그 / 점수·순위는 실험용"
"XEZAhXJOZ4Z","Qwa7ToFcYm","H0044","R0044_1","15.0","86","183","실제 노출 로그 / 점수·순위는 실험용"
"XEBC4LiRKg5","Qwa7ToFcYm","H0184","R0184_1","14.0","87","166","실제 노출 로그 / 점수·순위는 실험용"
"XEQP82L26mm","Qwa7ToFcYm","H0128","R0128_1","13.0","88","134","실제 노출 로그 / 점수·순위는 실험용"
"XEZmoMYdUOI","Qwa7ToFcYm","H0072","R0072_1","12.0","89","103","실제 노출 로그 / 점수·순위는 실험용"
"XEgzouTBkWB","Qwa7ToFcYm","H0016","R0016_1","11.0","90","71","실제 노출 로그 / 점수·순위는 실험용"
"XE45WXSfR6P","Qwa7ToFcYm","H0156","R0156_1","10.0","91","54","실제 노출 로그 / 점수·순위는 실험용"
"XE54SpLFr6T","Qwa7ToFcYm","H0099","R0099_1","9.0","92","13","실제 노출 로그 / 점수·순위는 실험용"
"XEUxx1Zsjgd","Qwa7ToFcYm","H0043","R0043_1","8.0","93","179","실제 노출 로그 / 점수·순위는 실험용"
"XE5Qh2LyEHc","Qwa7ToFcYm","H0183","R0183_1","7.0","94","162","실제 노출 로그 / 점수·순위는 실험용"
"XE1NaDq3pbI","Qwa7ToFcYm","H0127","R0127_1","6.0","95","130","실제 노출 로그 / 점수·순위는 실험용"
"XE4j1K212Oy","Qwa7ToFcYm","H0071","R0071_1","5.0","96","99","실제 노출 로그 / 점수·순위는 실험용"
"XEHgdwDc5Y3","Qwa7ToFcYm","H0015","R0015_1","4.0","97","67","실제 노출 로그 / 점수·순위는 실험용"
"XEeJSn7C4e2","Qwa7ToFcYm","H0155","R0155_1","3.0","98","50","실제 노출 로그 / 점수·순위는 실험용"
"XExpy4Sao2x","Qwa7ToFcYm","H0098","R0098_1","2.0","99","8","실제 노출 로그 / 점수·순위는 실험용"
"XEma9ZOeXn0","Qwa7ToFcYm","H0042","R0042_1","1.0","100","175","실제 노출 로그 / 점수·순위는 실험용"
"XEvcrlspw22","Qwa7ToFcYm","H0182","R0182_1","0.0","101","158","실제 노출 로그 / 점수·순위는 실험용"
"XEUkFwwLyYI","Qwa7ToFcYm","H0126","R0126_1","0.0","102","126","실제 노출 로그 / 점수·순위는 실험용"
"XEF5r74bmOC","Qwa7ToFcYm","H0070","R0070_1","0.0","103","95","실제 노출 로그 / 점수·순위는 실험용"
"XEAXfBukHlj","Qwa7ToFcYm","H0014","R0014_1","0.0","104","63","실제 노출 로그 / 점수·순위는 실험용"
"XEer1LLAjTe","Qwa7ToFcYm","H0154","R0154_1","0.0","105","46","실제 노출 로그 / 점수·순위는 실험용"
"XEqKkDPejwV","Qwa7ToFcYm","H0097","R0097_1","0.0","106","3","실제 노출 로그 / 점수·순위는 실험용"
"XEVSvebQcpT","Qwa7ToFcYm","H0041","R0041_1","0.0","107","171","실제 노출 로그 / 점수·순위는 실험용"
"XETDKqQuzIv","Qwa7ToFcYm","H0181","R0181_1","0.0","108","154","실제 노출 로그 / 점수·순위는 실험용"
"XEuoBMEJaoh","Qwa7ToFcYm","H0125","R0125_1","0.0","109","122","실제 노출 로그 / 점수·순위는 실험용"
"XEiuIAQpJkV","Qwa7ToFcYm","H0069","R0069_1","0.0","110","91","실제 노출 로그 / 점수·순위는 실험용"
"XECjEGkqT7h","Qwa7ToFcYm","H0013","R0013_1","0.0","111","59","실제 노출 로그 / 점수·순위는 실험용"
"XElqxHQ4IUN","Qwa7ToFcYm","H0153","R0153_1","0.0","112","42","실제 노출 로그 / 점수·순위는 실험용"
"XEM64jTwd8x","Qwa7ToFcYm","H0152","R0152_1","0.0","113","38","실제 노출 로그 / 점수·순위는 실험용"
"XEo5bIa6I0l","Qwa7ToFcYm","H0096","R0096_1","0.0","114","199","실제 노출 로그 / 점수·순위는 실험용"
"XEBnq0I1B0T","Qwa7ToFcYm","H0040","R0040_1","0.0","115","167","실제 노출 로그 / 점수·순위는 실험용"
"XE1zMlu42CF","Qwa7ToFcYm","H0180","R0180_1","0.0","116","151","실제 노출 로그 / 점수·순위는 실험용"
"XEwa0qb5WIL","Qwa7ToFcYm","H0124","R0124_1","0.0","117","119","실제 노출 로그 / 점수·순위는 실험용"
"XEn9WuRlS9L","Qwa7ToFcYm","H0068","R0068_1","0.0","118","87","실제 노출 로그 / 점수·순위는 실험용"
"XE5aAcuwQeX","Qwa7ToFcYm","H0012","R0012_1","0.0","119","55","실제 노출 로그 / 점수·순위는 실험용"
"XEev8w2WhOF","Qwa7ToFcYm","H0151","R0151_1","0.0","120","33","실제 노출 로그 / 점수·순위는 실험용"
"XEtVimb732X","Qwa7ToFcYm","H0095","R0095_1","0.0","121","195","실제 노출 로그 / 점수·순위는 실험용"
"XE721scXkuf","Qwa7ToFcYm","H0039","R0039_1","0.0","122","163","실제 노출 로그 / 점수·순위는 실험용"
"XEOM8AttH7I","Qwa7ToFcYm","H0179","R0179_1","0.0","123","147","실제 노출 로그 / 점수·순위는 실험용"
"XEmFw6uSbTh","Qwa7ToFcYm","H0123","R0123_1","0.0","124","115","실제 노출 로그 / 점수·순위는 실험용"
"XET42fzu1MJ","Qwa7ToFcYm","H0067","R0067_1","0.0","125","83","실제 노출 로그 / 점수·순위는 실험용"
"XElLpByRGSk","Qwa7ToFcYm","H0011","R0011_1","0.0","126","51","실제 노출 로그 / 점수·순위는 실험용"
"XEJdEIyrqyJ","Qwa7ToFcYm","H0150","R0150_1","0.0","127","28","실제 노출 로그 / 점수·순위는 실험용"
"XEP3iHNoZTb","Qwa7ToFcYm","H0094","R0094_1","0.0","128","191","실제 노출 로그 / 점수·순위는 실험용"
"XE4d1bptea1","Qwa7ToFcYm","H0038","R0038_1","0.0","129","159","실제 노출 로그 / 점수·순위는 실험용"
"XEhZPnjohZ5","Qwa7ToFcYm","H0178","R0178_1","0.0","130","143","실제 노출 로그 / 점수·순위는 실험용"
"XEw64tcLuLK","Qwa7ToFcYm","H0122","R0122_1","0.0","131","111","실제 노출 로그 / 점수·순위는 실험용"
"XEPHU0CdeaU","Qwa7ToFcYm","H0066","R0066_1","0.0","132","79","실제 노출 로그 / 점수·순위는 실험용"
"XEtIh4eGU56","Qwa7ToFcYm","H0010","R0010_1","0.0","133","47","실제 노출 로그 / 점수·순위는 실험용"
"XE6Qpq5qvz3","Qwa7ToFcYm","H0149","R0149_1","0.0","134","23","실제 노출 로그 / 점수·순위는 실험용"
"XEcp53GNuST","Qwa7ToFcYm","H0093","R0093_1","0.0","135","187","실제 노출 로그 / 점수·순위는 실험용"
"XE4dEuQCH6f","Qwa7ToFcYm","H0037","R0037_1","0.0","136","155","실제 노출 로그 / 점수·순위는 실험용"
"XETpgBKjWPY","Qwa7ToFcYm","H0177","R0177_1","0.0","137","139","실제 노출 로그 / 점수·순위는 실험용"
"XEpXPX0YVbM","Qwa7ToFcYm","H0121","R0121_1","0.0","138","107","실제 노출 로그 / 점수·순위는 실험용"
"XErbzi64TyG","Qwa7ToFcYm","H0065","R0065_1","0.0","139","75","실제 노출 로그 / 점수·순위는 실험용"
"XEm3gMR7iQ2","Qwa7ToFcYm","H0009","R0009_1","0.0","140","43","실제 노출 로그 / 점수·순위는 실험용"
"XEYYvwTqqOr","Qwa7ToFcYm","H0148","R0148_1","0.0","141","19","실제 노출 로그 / 점수·순위는 실험용"
"XErU71HUK1K","Qwa7ToFcYm","H0092","R0092_1","0.0","142","184","실제 노출 로그 / 점수·순위는 실험용"
"XEWheiyLP8j","Qwa7ToFcYm","H0036","R0036_1","0.0","143","152","실제 노출 로그 / 점수·순위는 실험용"
"XEq0iLCeat0","Qwa7ToFcYm","H0176","R0176_1","0.0","144","135","실제 노출 로그 / 점수·순위는 실험용"
"XEfRtiqMXkQ","Qwa7ToFcYm","H0120","R0120_1","0.0","145","104","실제 노출 로그 / 점수·순위는 실험용"
"XEkDlWZ26Or","Qwa7ToFcYm","H0064","R0064_1","0.0","146","72","실제 노출 로그 / 점수·순위는 실험용"
"XEDtdSQeB1l","Qwa7ToFcYm","H0008","R0008_1","0.0","147","39","실제 노출 로그 / 점수·순위는 실험용"
"XEzPbsAFfIk","Qwa7ToFcYm","H0147","R0147_1","0.0","148","14","실제 노출 로그 / 점수·순위는 실험용"
"XEk6iGWS9s7","Qwa7ToFcYm","H0091","R0091_1","0.0","149","180","실제 노출 로그 / 점수·순위는 실험용"
"XE1HNwbpDrH","Qwa7ToFcYm","H0035","R0035_1","0.0","150","148","실제 노출 로그 / 점수·순위는 실험용"
"XETXoxnIzHu","Qwa7ToFcYm","H0175","R0175_1","0.0","151","131","실제 노출 로그 / 점수·순위는 실험용"
"XE1t1P1DJYD","Qwa7ToFcYm","H0119","R0119_1","0.0","152","100","실제 노출 로그 / 점수·순위는 실험용"
"XEEy9ouTOPC","Qwa7ToFcYm","H0063","R0063_1","0.0","153","68","실제 노출 로그 / 점수·순위는 실험용"
"XEsQ718t8B4","Qwa7ToFcYm","H0007","R0007_1","0.0","154","34","실제 노출 로그 / 점수·순위는 실험용"
"XEMUJKXWM2v","Qwa7ToFcYm","H0146","R0146_1","0.0","155","9","실제 노출 로그 / 점수·순위는 실험용"
"XETznYKfB8p","Qwa7ToFcYm","H0090","R0090_1","0.0","156","176","실제 노출 로그 / 점수·순위는 실험용"
"XEwJTXzNuUz","Qwa7ToFcYm","H0034","R0034_1","0.0","157","144","실제 노출 로그 / 점수·순위는 실험용"
"XEFOXi7o3lp","Qwa7ToFcYm","H0174","R0174_1","0.0","158","127","실제 노출 로그 / 점수·순위는 실험용"
"XE4tgwBLybh","Qwa7ToFcYm","H0118","R0118_1","0.0","159","96","실제 노출 로그 / 점수·순위는 실험용"
"XEilUh0Phl3","Qwa7ToFcYm","H0062","R0062_1","0.0","160","64","실제 노출 로그 / 점수·순위는 실험용"
"XEVr5pGwYBH","Qwa7ToFcYm","H0006","R0006_1","0.0","161","29","실제 노출 로그 / 점수·순위는 실험용"
"XE50TbPLPvU","Qwa7ToFcYm","H0145","R0145_1","0.0","162","4","실제 노출 로그 / 점수·순위는 실험용"
"XEQVYGhRwok","Qwa7ToFcYm","H0089","R0089_1","0.0","163","172","실제 노출 로그 / 점수·순위는 실험용"
"XEDa86pjTzv","Qwa7ToFcYm","H0033","R0033_1","0.0","164","140","실제 노출 로그 / 점수·순위는 실험용"
"XE2Sq6wnjRJ","Qwa7ToFcYm","H0173","R0173_1","0.0","165","123","실제 노출 로그 / 점수·순위는 실험용"
"XEwk3FYDW3J","Qwa7ToFcYm","H0117","R0117_1","0.0","166","92","실제 노출 로그 / 점수·순위는 실험용"
"XEQgRsdKnx7","Qwa7ToFcYm","H0061","R0061_1","0.0","167","60","실제 노출 로그 / 점수·순위는 실험용"
"XEK4TNEANNL","Qwa7ToFcYm","H0005","R0005_1","0.0","168","24","실제 노출 로그 / 점수·순위는 실험용"
"XERS6ttS07D","Qwa7ToFcYm","H0200","R0200_1","0.0","169","40","실제 노출 로그 / 점수·순위는 실험용"
"XES8G7Nu5OK","Qwa7ToFcYm","H0144","R0144_1","0.0","170","200","실제 노출 로그 / 점수·순위는 실험용"
"XEL61momqza","Qwa7ToFcYm","H0088","R0088_1","0.0","171","168","실제 노출 로그 / 점수·순위는 실험용"
"XESFVl7tFWY","Qwa7ToFcYm","H0032","R0032_1","0.0","172","136","실제 노출 로그 / 점수·순위는 실험용"
"XE2XgFjP4x8","Qwa7ToFcYm","H0172","R0172_1","0.0","173","120","실제 노출 로그 / 점수·순위는 실험용"
"XEjz6gGY71s","Qwa7ToFcYm","H0116","R0116_1","0.0","174","88","실제 노출 로그 / 점수·순위는 실험용"
"XEeOnHiSVVZ","Qwa7ToFcYm","H0060","R0060_1","0.0","175","56","실제 노출 로그 / 점수·순위는 실험용"
"XEzMvncgoeN","Qwa7ToFcYm","H0004","R0004_1","0.0","176","20","실제 노출 로그 / 점수·순위는 실험용"
"XEzl7BuDHcz","Qwa7ToFcYm","H0199","R0199_1","0.0","177","35","실제 노출 로그 / 점수·순위는 실험용"
"XEBcBAhHT7F","Qwa7ToFcYm","H0143","R0143_1","0.0","178","196","실제 노출 로그 / 점수·순위는 실험용"
"XE4PRCo9Wbo","Qwa7ToFcYm","H0087","R0087_1","0.0","179","164","실제 노출 로그 / 점수·순위는 실험용"
"XExglRR8PEy","Qwa7ToFcYm","H0031","R0031_1","0.0","180","132","실제 노출 로그 / 점수·순위는 실험용"
"XEDsInqbDuo","Qwa7ToFcYm","H0171","R0171_1","0.0","181","116","실제 노출 로그 / 점수·순위는 실험용"
"XEK0D000yA1","Qwa7ToFcYm","H0115","R0115_1","0.0","182","84","실제 노출 로그 / 점수·순위는 실험용"
"XEsXgzEumie","Qwa7ToFcYm","H0059","R0059_1","0.0","183","52","실제 노출 로그 / 점수·순위는 실험용"
"XEALg7H2sZt","Qwa7ToFcYm","H0003","R0003_1","0.0","184","15","실제 노출 로그 / 점수·순위는 실험용"
"XEcJ2mUNk55","Qwa7ToFcYm","H0198","R0198_1","0.0","185","30","실제 노출 로그 / 점수·순위는 실험용"
"XEI3jJDlLsv","Qwa7ToFcYm","H0142","R0142_1","0.0","186","192","실제 노출 로그 / 점수·순위는 실험용"
"XEdbmqWRnlS","Qwa7ToFcYm","H0086","R0086_1","0.0","187","160","실제 노출 로그 / 점수·순위는 실험용"
"XEbmK4Jn4Fi","Qwa7ToFcYm","H0030","R0030_1","0.0","188","128","실제 노출 로그 / 점수·순위는 실험용"
"XEqSHcQTnr4","Qwa7ToFcYm","H0170","R0170_1","0.0","189","112","실제 노출 로그 / 점수·순위는 실험용"
"XEC7Nbn7y6m","Qwa7ToFcYm","H0114","R0114_1","0.0","190","80","실제 노출 로그 / 점수·순위는 실험용"
"XE9AaNjpUZR","Qwa7ToFcYm","H0058","R0058_1","0.0","191","48","실제 노출 로그 / 점수·순위는 실험용"
"XEPf6vgLdNC","Qwa7ToFcYm","H0002","R0002_1","0.0","192","10","실제 노출 로그 / 점수·순위는 실험용"
"XEVOtakRfxO","Qwa7ToFcYm","H0197","R0197_1","0.0","193","25","실제 노출 로그 / 점수·순위는 실험용"
"XEu172DmUve","Qwa7ToFcYm","H0141","R0141_1","0.0","194","188","실제 노출 로그 / 점수·순위는 실험용"
"XEqD2MRezAg","Qwa7ToFcYm","H0085","R0085_1","0.0","195","156","실제 노출 로그 / 점수·순위는 실험용"
"XElgyu60r45","Qwa7ToFcYm","H0029","R0029_1","0.0","196","124","실제 노출 로그 / 점수·순위는 실험용"
"XE26FBleUO8","Qwa7ToFcYm","H0169","R0169_1","0.0","197","108","실제 노출 로그 / 점수·순위는 실험용"
"XEPWx5sOkTB","Qwa7ToFcYm","H0113","R0113_1","0.0","198","76","실제 노출 로그 / 점수·순위는 실험용"
"XExL4apTrjf","Qwa7ToFcYm","H0057","R0057_1","0.0","199","44","실제 노출 로그 / 점수·순위는 실험용"
"XE0bFBkrBt2","Qwa7ToFcYm","H0001","R0001_1","0.0","200","5","실제 노출 로그 / 점수·순위는 실험용"
"XE97Uh426vI","Q8AHm6zzeG","H0196","R0196_1","100.0","1","16","실제 노출 로그 / 점수·순위는 실험용"
"XEvwBflrVLt","Q8AHm6zzeG","H0140","R0140_1","99.0","2","181","실제 노출 로그 / 점수·순위는 실험용"
"XExUg9EhRUp","Q8AHm6zzeG","H0084","R0084_1","98.0","3","149","실제 노출 로그 / 점수·순위는 실험용"
"XEbhLzUPZ1O","Q8AHm6zzeG","H0028","R0028_1","97.0","4","117","실제 노출 로그 / 점수·순위는 실험용"
"XEDj2e3ZBdo","Q8AHm6zzeG","H0168","R0168_1","96.0","5","101","실제 노출 로그 / 점수·순위는 실험용"
"XElTng32ZV5","Q8AHm6zzeG","H0112","R0112_1","95.0","6","69","실제 노출 로그 / 점수·순위는 실험용"
"XEH3EDhgyjn","Q8AHm6zzeG","H0056","R0056_1","94.0","7","36","실제 노출 로그 / 점수·순위는 실험용"
"XEzyTDk5U5R","Q8AHm6zzeG","H0195","R0195_1","93.0","8","11","실제 노출 로그 / 점수·순위는 실험용"
"XEVva1ayvTa","Q8AHm6zzeG","H0139","R0139_1","92.0","9","177","실제 노출 로그 / 점수·순위는 실험용"
"XEoIWSeo0q3","Q8AHm6zzeG","H0083","R0083_1","91.0","10","145","실제 노출 로그 / 점수·순위는 실험용"
"XEPuJkI6P7j","Q8AHm6zzeG","H0027","R0027_1","90.0","11","113","실제 노출 로그 / 점수·순위는 실험용"
"XE5SRVZtcqC","Q8AHm6zzeG","H0167","R0167_1","89.0","12","97","실제 노출 로그 / 점수·순위는 실험용"
"XEFamuFSQDz","Q8AHm6zzeG","H0111","R0111_1","88.0","13","65","실제 노출 로그 / 점수·순위는 실험용"
"XE7r2xyiRyV","Q8AHm6zzeG","H0055","R0055_1","87.0","14","31","실제 노출 로그 / 점수·순위는 실험용"
"XERO6xCl54o","Q8AHm6zzeG","H0194","R0194_1","86.0","15","6","실제 노출 로그 / 점수·순위는 실험용"
"XETV3RoRWEH","Q8AHm6zzeG","H0138","R0138_1","85.0","16","173","실제 노출 로그 / 점수·순위는 실험용"
"XEGqfOJBJVI","Q8AHm6zzeG","H0082","R0082_1","84.0","17","141","실제 노출 로그 / 점수·순위는 실험용"
"XEQL7lO8uMB","Q8AHm6zzeG","H0026","R0026_1","83.0","18","109","실제 노출 로그 / 점수·순위는 실험용"
"XEBKmIMRyOj","Q8AHm6zzeG","H0166","R0166_1","82.0","19","93","실제 노출 로그 / 점수·순위는 실험용"
"XEre4Aw2LJ7","Q8AHm6zzeG","H0110","R0110_1","81.0","20","61","실제 노출 로그 / 점수·순위는 실험용"
"XEcsqa2QiXL","Q8AHm6zzeG","H0054","R0054_1","80.0","21","26","실제 노출 로그 / 점수·순위는 실험용"
"XEuC9QLMNl0","Q8AHm6zzeG","H0193","R0193_1","79.0","22","1","실제 노출 로그 / 점수·순위는 실험용"
"XEtTDQJsabz","Q8AHm6zzeG","H0137","R0137_1","78.0","23","169","실제 노출 로그 / 점수·순위는 실험용"
"XE7e78YlQO4","Q8AHm6zzeG","H0081","R0081_1","77.0","24","137","실제 노출 로그 / 점수·순위는 실험용"
"XEhi9U6AhEa","Q8AHm6zzeG","H0025","R0025_1","76.0","25","105","실제 노출 로그 / 점수·순위는 실험용"
"XEIdxmubuDX","Q8AHm6zzeG","H0165","R0165_1","75.0","26","89","실제 노출 로그 / 점수·순위는 실험용"
"XExJE9vhWRk","Q8AHm6zzeG","H0109","R0109_1","74.0","27","57","실제 노출 로그 / 점수·순위는 실험용"
"XEEPYuHrAJ8","Q8AHm6zzeG","H0053","R0053_1","73.0","28","21","실제 노출 로그 / 점수·순위는 실험용"
"XE5WKOpU4rW","Q8AHm6zzeG","H0192","R0192_1","72.0","29","197","실제 노출 로그 / 점수·순위는 실험용"
"XEK3y3pqys3","Q8AHm6zzeG","H0136","R0136_1","71.0","30","165","실제 노출 로그 / 점수·순위는 실험용"
"XE6mi64A1d0","Q8AHm6zzeG","H0080","R0080_1","70.0","31","133","실제 노출 로그 / 점수·순위는 실험용"
"XEHDSn6jQF3","Q8AHm6zzeG","H0024","R0024_1","69.0","32","102","실제 노출 로그 / 점수·순위는 실험용"
"XEBpynjl4Er","Q8AHm6zzeG","H0164","R0164_1","68.0","33","85","실제 노출 로그 / 점수·순위는 실험용"
"XEM5CNh09Cg","Q8AHm6zzeG","H0108","R0108_1","67.0","34","53","실제 노출 로그 / 점수·순위는 실험용"
"XEGMpZzbr88","Q8AHm6zzeG","H0052","R0052_1","66.0","35","17","실제 노출 로그 / 점수·순위는 실험용"
"XEISG4ZDw7i","Q8AHm6zzeG","H0051","R0051_1","65.0","36","12","실제 노출 로그 / 점수·순위는 실험용"
"XEzGVTwg30y","Q8AHm6zzeG","H0191","R0191_1","64.0","37","193","실제 노출 로그 / 점수·순위는 실험용"
"XEVbR64uUL6","Q8AHm6zzeG","H0135","R0135_1","63.0","38","161","실제 노출 로그 / 점수·순위는 실험용"
"XEYoTbCpuUG","Q8AHm6zzeG","H0079","R0079_1","62.0","39","129","실제 노출 로그 / 점수·순위는 실험용"
"XErb5nxOPPE","Q8AHm6zzeG","H0023","R0023_1","61.0","40","98","실제 노출 로그 / 점수·순위는 실험용"
"XE0U8SNg8Pq","Q8AHm6zzeG","H0163","R0163_1","60.0","41","81","실제 노출 로그 / 점수·순위는 실험용"
"XEZbat2tMbM","Q8AHm6zzeG","H0107","R0107_1","59.0","42","49","실제 노출 로그 / 점수·순위는 실험용"
"XE5KRHBgtiK","Q8AHm6zzeG","H0050","R0050_1","58.0","43","7","실제 노출 로그 / 점수·순위는 실험용"
"XEslbztxP75","Q8AHm6zzeG","H0190","R0190_1","57.0","44","189","실제 노출 로그 / 점수·순위는 실험용"
"XEZ2t64TkRb","Q8AHm6zzeG","H0134","R0134_1","56.0","45","157","실제 노출 로그 / 점수·순위는 실험용"
"XE3PgwH95CB","Q8AHm6zzeG","H0078","R0078_1","55.0","46","125","실제 노출 로그 / 점수·순위는 실험용"
"XEAvCzDsAu1","Q8AHm6zzeG","H0022","R0022_1","54.0","47","94","실제 노출 로그 / 점수·순위는 실험용"
"XEiVft2K11c","Q8AHm6zzeG","H0162","R0162_1","53.0","48","77","실제 노출 로그 / 점수·순위는 실험용"
"XEQHwjlFbuB","Q8AHm6zzeG","H0106","R0106_1","52.0","49","45","실제 노출 로그 / 점수·순위는 실험용"
"XEsHc12Kd5s","Q8AHm6zzeG","H0049","R0049_1","51.0","50","2","실제 노출 로그 / 점수·순위는 실험용"
"XErZKSaCjEM","Q8AHm6zzeG","H0189","R0189_1","50.0","51","185","실제 노출 로그 / 점수·순위는 실험용"
"XE758idMuic","Q8AHm6zzeG","H0133","R0133_1","49.0","52","153","실제 노출 로그 / 점수·순위는 실험용"
"XEF9t2r8Qix","Q8AHm6zzeG","H0077","R0077_1","48.0","53","121","실제 노출 로그 / 점수·순위는 실험용"
"XEnLrQfOIs6","Q8AHm6zzeG","H0021","R0021_1","47.0","54","90","실제 노출 로그 / 점수·순위는 실험용"
"XE11KrCYQnv","Q8AHm6zzeG","H0161","R0161_1","46.0","55","73","실제 노출 로그 / 점수·순위는 실험용"
"XEK4Dj997YR","Q8AHm6zzeG","H0105","R0105_1","45.0","56","41","실제 노출 로그 / 점수·순위는 실험용"
"XETDhFs8K1u","Q8AHm6zzeG","H0048","R0048_1","44.0","57","198","실제 노출 로그 / 점수·순위는 실험용"
"XEzQ6qk8jFh","Q8AHm6zzeG","H0188","R0188_1","43.0","58","182","실제 노출 로그 / 점수·순위는 실험용"
"XEfbQqCXEyE","Q8AHm6zzeG","H0132","R0132_1","42.0","59","150","실제 노출 로그 / 점수·순위는 실험용"
"XEv8ewqIlg2","Q8AHm6zzeG","H0076","R0076_1","41.0","60","118","실제 노출 로그 / 점수·순위는 실험용"
"XEvGm80S2Q8","Q8AHm6zzeG","H0020","R0020_1","40.0","61","86","실제 노출 로그 / 점수·순위는 실험용"
"XE1PWwRygPa","Q8AHm6zzeG","H0160","R0160_1","39.0","62","70","실제 노출 로그 / 점수·순위는 실험용"
"XE9PP9iwvma","Q8AHm6zzeG","H0104","R0104_1","38.0","63","37","실제 노출 로그 / 점수·순위는 실험용"
"XEz8ggdk2ii","Q8AHm6zzeG","H0047","R0047_1","37.0","64","194","실제 노출 로그 / 점수·순위는 실험용"
"XE3ZT1w42jh","Q8AHm6zzeG","H0187","R0187_1","36.0","65","178","실제 노출 로그 / 점수·순위는 실험용"
"XEwiSnS52jB","Q8AHm6zzeG","H0131","R0131_1","35.0","66","146","실제 노출 로그 / 점수·순위는 실험용"
"XE04jH4zGR8","Q8AHm6zzeG","H0075","R0075_1","34.0","67","114","실제 노출 로그 / 점수·순위는 실험용"
"XEpYnfka3Oo","Q8AHm6zzeG","H0019","R0019_1","33.0","68","82","실제 노출 로그 / 점수·순위는 실험용"
"XEO4cFbSMt0","Q8AHm6zzeG","H0159","R0159_1","32.0","69","66","실제 노출 로그 / 점수·순위는 실험용"
"XEfQ6163mVW","Q8AHm6zzeG","H0103","R0103_1","31.0","70","32","실제 노출 로그 / 점수·순위는 실험용"
"XEKwlFm8yKZ","Q8AHm6zzeG","H0102","R0102_1","30.0","71","27","실제 노출 로그 / 점수·순위는 실험용"
"XE1YczECQuH","Q8AHm6zzeG","H0046","R0046_1","29.0","72","190","실제 노출 로그 / 점수·순위는 실험용"
"XEn5XHGj9lO","Q8AHm6zzeG","H0186","R0186_1","28.0","73","174","실제 노출 로그 / 점수·순위는 실험용"
"XEyIRuVdH5p","Q8AHm6zzeG","H0130","R0130_1","27.0","74","142","실제 노출 로그 / 점수·순위는 실험용"
"XECdoY8UVWP","Q8AHm6zzeG","H0074","R0074_1","26.0","75","110","실제 노출 로그 / 점수·순위는 실험용"
"XEQ5B0dxaNr","Q8AHm6zzeG","H0018","R0018_1","25.0","76","78","실제 노출 로그 / 점수·순위는 실험용"
"XE6K7PS7w31","Q8AHm6zzeG","H0158","R0158_1","24.0","77","62","실제 노출 로그 / 점수·순위는 실험용"
"XE1jPB6hwja","Q8AHm6zzeG","H0101","R0101_1","23.0","78","22","실제 노출 로그 / 점수·순위는 실험용"
"XEdUD9CkPUH","Q8AHm6zzeG","H0045","R0045_1","22.0","79","186","실제 노출 로그 / 점수·순위는 실험용"
"XE4SFy4ddDt","Q8AHm6zzeG","H0185","R0185_1","21.0","80","170","실제 노출 로그 / 점수·순위는 실험용"
"XE1QTIhhMGj","Q8AHm6zzeG","H0129","R0129_1","20.0","81","138","실제 노출 로그 / 점수·순위는 실험용"
"XEqjUPfmL1z","Q8AHm6zzeG","H0073","R0073_1","19.0","82","106","실제 노출 로그 / 점수·순위는 실험용"
"XERZZytOwUb","Q8AHm6zzeG","H0017","R0017_1","18.0","83","74","실제 노출 로그 / 점수·순위는 실험용"
"XELUjAHa5cC","Q8AHm6zzeG","H0157","R0157_1","17.0","84","58","실제 노출 로그 / 점수·순위는 실험용"
"XEVP9KzbXgl","Q8AHm6zzeG","H0100","R0100_1","16.0","85","18","실제 노출 로그 / 점수·순위는 실험용"
"XEwcnF59l4r","Q8AHm6zzeG","H0044","R0044_1","15.0","86","183","실제 노출 로그 / 점수·순위는 실험용"
"XEVr7RJREsA","Q8AHm6zzeG","H0184","R0184_1","14.0","87","166","실제 노출 로그 / 점수·순위는 실험용"
"XEFLooXj2ia","Q8AHm6zzeG","H0128","R0128_1","13.0","88","134","실제 노출 로그 / 점수·순위는 실험용"
"XEY4rDkKxaa","Q8AHm6zzeG","H0072","R0072_1","12.0","89","103","실제 노출 로그 / 점수·순위는 실험용"
"XEnuBzRZCkJ","Q8AHm6zzeG","H0016","R0016_1","11.0","90","71","실제 노출 로그 / 점수·순위는 실험용"
"XES7vsUi15l","Q8AHm6zzeG","H0156","R0156_1","10.0","91","54","실제 노출 로그 / 점수·순위는 실험용"
"XEazegPaUu2","Q8AHm6zzeG","H0099","R0099_1","9.0","92","13","실제 노출 로그 / 점수·순위는 실험용"
"XEZ31CmVey0","Q8AHm6zzeG","H0043","R0043_1","8.0","93","179","실제 노출 로그 / 점수·순위는 실험용"
"XEundMRXaKo","Q8AHm6zzeG","H0183","R0183_1","7.0","94","162","실제 노출 로그 / 점수·순위는 실험용"
"XEg8sbMwQTu","Q8AHm6zzeG","H0127","R0127_1","6.0","95","130","실제 노출 로그 / 점수·순위는 실험용"
"XEEFlz6CANr","Q8AHm6zzeG","H0071","R0071_1","5.0","96","99","실제 노출 로그 / 점수·순위는 실험용"
"XE1FEiWdeUj","Q8AHm6zzeG","H0015","R0015_1","4.0","97","67","실제 노출 로그 / 점수·순위는 실험용"
"XE9Y4HDa3vQ","Q8AHm6zzeG","H0155","R0155_1","3.0","98","50","실제 노출 로그 / 점수·순위는 실험용"
"XECaTJ7zC6O","Q8AHm6zzeG","H0098","R0098_1","2.0","99","8","실제 노출 로그 / 점수·순위는 실험용"
"XE5ItfNzq3T","Q8AHm6zzeG","H0042","R0042_1","1.0","100","175","실제 노출 로그 / 점수·순위는 실험용"
"XEx8zcKbNr1","Q8AHm6zzeG","H0182","R0182_1","0.0","101","158","실제 노출 로그 / 점수·순위는 실험용"
"XEo3rP6KvUp","Q8AHm6zzeG","H0126","R0126_1","0.0","102","126","실제 노출 로그 / 점수·순위는 실험용"
"XEk5GQtDze4","Q8AHm6zzeG","H0070","R0070_1","0.0","103","95","실제 노출 로그 / 점수·순위는 실험용"
"XEtWEPpxwzJ","Q8AHm6zzeG","H0014","R0014_1","0.0","104","63","실제 노출 로그 / 점수·순위는 실험용"
"XE0NzOCQtRT","Q8AHm6zzeG","H0154","R0154_1","0.0","105","46","실제 노출 로그 / 점수·순위는 실험용"
"XEsBM96uibd","Q8AHm6zzeG","H0097","R0097_1","0.0","106","3","실제 노출 로그 / 점수·순위는 실험용"
"XEnUoGzjeoo","Q8AHm6zzeG","H0041","R0041_1","0.0","107","171","실제 노출 로그 / 점수·순위는 실험용"
"XExFFWLvduF","Q8AHm6zzeG","H0181","R0181_1","0.0","108","154","실제 노출 로그 / 점수·순위는 실험용"
"XEKRy27VW15","Q8AHm6zzeG","H0125","R0125_1","0.0","109","122","실제 노출 로그 / 점수·순위는 실험용"
"XEncN6ICYcB","Q8AHm6zzeG","H0069","R0069_1","0.0","110","91","실제 노출 로그 / 점수·순위는 실험용"
"XEmnin1EX7L","Q8AHm6zzeG","H0013","R0013_1","0.0","111","59","실제 노출 로그 / 점수·순위는 실험용"
"XECzIdHM7te","Q8AHm6zzeG","H0153","R0153_1","0.0","112","42","실제 노출 로그 / 점수·순위는 실험용"
"XEpq9nu0S1o","Q8AHm6zzeG","H0152","R0152_1","0.0","113","38","실제 노출 로그 / 점수·순위는 실험용"
"XEYphyvf6Yf","Q8AHm6zzeG","H0096","R0096_1","0.0","114","199","실제 노출 로그 / 점수·순위는 실험용"
"XEOMYeSvqqR","Q8AHm6zzeG","H0040","R0040_1","0.0","115","167","실제 노출 로그 / 점수·순위는 실험용"
"XESET7VO92d","Q8AHm6zzeG","H0180","R0180_1","0.0","116","151","실제 노출 로그 / 점수·순위는 실험용"
"XEaEfUoH35j","Q8AHm6zzeG","H0124","R0124_1","0.0","117","119","실제 노출 로그 / 점수·순위는 실험용"
"XEUR8IwZPQ9","Q8AHm6zzeG","H0068","R0068_1","0.0","118","87","실제 노출 로그 / 점수·순위는 실험용"
"XE7PbyLx6GP","Q8AHm6zzeG","H0012","R0012_1","0.0","119","55","실제 노출 로그 / 점수·순위는 실험용"
"XEmXQMWrBBt","Q8AHm6zzeG","H0151","R0151_1","0.0","120","33","실제 노출 로그 / 점수·순위는 실험용"
"XEMol36YnYx","Q8AHm6zzeG","H0095","R0095_1","0.0","121","195","실제 노출 로그 / 점수·순위는 실험용"
"XEPORknUEKS","Q8AHm6zzeG","H0039","R0039_1","0.0","122","163","실제 노출 로그 / 점수·순위는 실험용"
"XExD7mcKoRx","Q8AHm6zzeG","H0179","R0179_1","0.0","123","147","실제 노출 로그 / 점수·순위는 실험용"
"XEmwadIe4Jg","Q8AHm6zzeG","H0123","R0123_1","0.0","124","115","실제 노출 로그 / 점수·순위는 실험용"
"XEYzc7G4kFy","Q8AHm6zzeG","H0067","R0067_1","0.0","125","83","실제 노출 로그 / 점수·순위는 실험용"
"XEH4YcIU8x6","Q8AHm6zzeG","H0011","R0011_1","0.0","126","51","실제 노출 로그 / 점수·순위는 실험용"
"XE3JAXzlU7k","Q8AHm6zzeG","H0150","R0150_1","0.0","127","28","실제 노출 로그 / 점수·순위는 실험용"
"XET1B4AYEVZ","Q8AHm6zzeG","H0094","R0094_1","0.0","128","191","실제 노출 로그 / 점수·순위는 실험용"
"XEULLjEX3T4","Q8AHm6zzeG","H0038","R0038_1","0.0","129","159","실제 노출 로그 / 점수·순위는 실험용"
"XEwtYAyPnko","Q8AHm6zzeG","H0178","R0178_1","0.0","130","143","실제 노출 로그 / 점수·순위는 실험용"
"XERbUdOMfim","Q8AHm6zzeG","H0122","R0122_1","0.0","131","111","실제 노출 로그 / 점수·순위는 실험용"
"XEnmh3zlGFx","Q8AHm6zzeG","H0066","R0066_1","0.0","132","79","실제 노출 로그 / 점수·순위는 실험용"
"XEpNRAAi9T8","Q8AHm6zzeG","H0010","R0010_1","0.0","133","47","실제 노출 로그 / 점수·순위는 실험용"
"XEizQPDZ2Yh","Q8AHm6zzeG","H0149","R0149_1","0.0","134","23","실제 노출 로그 / 점수·순위는 실험용"
"XEXoQY7fy7g","Q8AHm6zzeG","H0093","R0093_1","0.0","135","187","실제 노출 로그 / 점수·순위는 실험용"
"XEiYwXt3IoT","Q8AHm6zzeG","H0037","R0037_1","0.0","136","155","실제 노출 로그 / 점수·순위는 실험용"
"XEVFIk0J8vP","Q8AHm6zzeG","H0177","R0177_1","0.0","137","139","실제 노출 로그 / 점수·순위는 실험용"
"XE1n0lkj3Kd","Q8AHm6zzeG","H0121","R0121_1","0.0","138","107","실제 노출 로그 / 점수·순위는 실험용"
"XEYkBLYVgzA","Q8AHm6zzeG","H0065","R0065_1","0.0","139","75","실제 노출 로그 / 점수·순위는 실험용"
"XEEsWSSZ8QH","Q8AHm6zzeG","H0009","R0009_1","0.0","140","43","실제 노출 로그 / 점수·순위는 실험용"
"XEnWx6mBnLo","Q8AHm6zzeG","H0148","R0148_1","0.0","141","19","실제 노출 로그 / 점수·순위는 실험용"
"XEAlYtfCdyz","Q8AHm6zzeG","H0092","R0092_1","0.0","142","184","실제 노출 로그 / 점수·순위는 실험용"
"XEmvl00Q4Sa","Q8AHm6zzeG","H0036","R0036_1","0.0","143","152","실제 노출 로그 / 점수·순위는 실험용"
"XEFips8eFrb","Q8AHm6zzeG","H0176","R0176_1","0.0","144","135","실제 노출 로그 / 점수·순위는 실험용"
"XEoeRScuLjI","Q8AHm6zzeG","H0120","R0120_1","0.0","145","104","실제 노출 로그 / 점수·순위는 실험용"
"XE41dm7C6lb","Q8AHm6zzeG","H0064","R0064_1","0.0","146","72","실제 노출 로그 / 점수·순위는 실험용"
"XEz0WQF0G34","Q8AHm6zzeG","H0008","R0008_1","0.0","147","39","실제 노출 로그 / 점수·순위는 실험용"
"XETy2Dhv9sJ","Q8AHm6zzeG","H0147","R0147_1","0.0","148","14","실제 노출 로그 / 점수·순위는 실험용"
"XEIRmkljvVk","Q8AHm6zzeG","H0091","R0091_1","0.0","149","180","실제 노출 로그 / 점수·순위는 실험용"
"XEVDO2DeVi9","Q8AHm6zzeG","H0035","R0035_1","0.0","150","148","실제 노출 로그 / 점수·순위는 실험용"
"XEmVjMLsaKv","Q8AHm6zzeG","H0175","R0175_1","0.0","151","131","실제 노출 로그 / 점수·순위는 실험용"
"XEycCnBgR0X","Q8AHm6zzeG","H0119","R0119_1","0.0","152","100","실제 노출 로그 / 점수·순위는 실험용"
"XEUmasw3KkP","Q8AHm6zzeG","H0063","R0063_1","0.0","153","68","실제 노출 로그 / 점수·순위는 실험용"
"XEQXL5MqzTN","Q8AHm6zzeG","H0007","R0007_1","0.0","154","34","실제 노출 로그 / 점수·순위는 실험용"
"XEvvYD6kHYm","Q8AHm6zzeG","H0146","R0146_1","0.0","155","9","실제 노출 로그 / 점수·순위는 실험용"
"XE24MPXe031","Q8AHm6zzeG","H0090","R0090_1","0.0","156","176","실제 노출 로그 / 점수·순위는 실험용"
"XEjrV3tOiP7","Q8AHm6zzeG","H0034","R0034_1","0.0","157","144","실제 노출 로그 / 점수·순위는 실험용"
"XEuBBRvYz8G","Q8AHm6zzeG","H0174","R0174_1","0.0","158","127","실제 노출 로그 / 점수·순위는 실험용"
"XE0dNu7AS8l","Q8AHm6zzeG","H0118","R0118_1","0.0","159","96","실제 노출 로그 / 점수·순위는 실험용"
"XEaGc2Dtqha","Q8AHm6zzeG","H0062","R0062_1","0.0","160","64","실제 노출 로그 / 점수·순위는 실험용"
"XEwxqFq5Z30","Q8AHm6zzeG","H0006","R0006_1","0.0","161","29","실제 노출 로그 / 점수·순위는 실험용"
"XE3z3D7dagP","Q8AHm6zzeG","H0145","R0145_1","0.0","162","4","실제 노출 로그 / 점수·순위는 실험용"
"XEvyBhhXgYO","Q8AHm6zzeG","H0089","R0089_1","0.0","163","172","실제 노출 로그 / 점수·순위는 실험용"
"XEX9Qj6ayDF","Q8AHm6zzeG","H0033","R0033_1","0.0","164","140","실제 노출 로그 / 점수·순위는 실험용"
"XEXjI0vaAlU","Q8AHm6zzeG","H0173","R0173_1","0.0","165","123","실제 노출 로그 / 점수·순위는 실험용"
"XER4BrIVmS0","Q8AHm6zzeG","H0117","R0117_1","0.0","166","92","실제 노출 로그 / 점수·순위는 실험용"
"XEIMnNCMJr1","Q8AHm6zzeG","H0061","R0061_1","0.0","167","60","실제 노출 로그 / 점수·순위는 실험용"
"XEE3Wftn64u","Q8AHm6zzeG","H0005","R0005_1","0.0","168","24","실제 노출 로그 / 점수·순위는 실험용"
"XErCDqJ4UfD","Q8AHm6zzeG","H0200","R0200_1","0.0","169","40","실제 노출 로그 / 점수·순위는 실험용"
"XEF0N2dSadl","Q8AHm6zzeG","H0144","R0144_1","0.0","170","200","실제 노출 로그 / 점수·순위는 실험용"
"XEwiUpSH7V0","Q8AHm6zzeG","H0088","R0088_1","0.0","171","168","실제 노출 로그 / 점수·순위는 실험용"
"XEoD7a2LLUS","Q8AHm6zzeG","H0032","R0032_1","0.0","172","136","실제 노출 로그 / 점수·순위는 실험용"
"XE1X3p5usnC","Q8AHm6zzeG","H0172","R0172_1","0.0","173","120","실제 노출 로그 / 점수·순위는 실험용"
"XEHQ606GjFd","Q8AHm6zzeG","H0116","R0116_1","0.0","174","88","실제 노출 로그 / 점수·순위는 실험용"
"XEVlCUAiyME","Q8AHm6zzeG","H0060","R0060_1","0.0","175","56","실제 노출 로그 / 점수·순위는 실험용"
"XEwHk2MmsNn","Q8AHm6zzeG","H0004","R0004_1","0.0","176","20","실제 노출 로그 / 점수·순위는 실험용"
"XEUGKayVx9N","Q8AHm6zzeG","H0199","R0199_1","0.0","177","35","실제 노출 로그 / 점수·순위는 실험용"
"XEAUvpVbLqi","Q8AHm6zzeG","H0143","R0143_1","0.0","178","196","실제 노출 로그 / 점수·순위는 실험용"
"XEoPhEPSFPW","Q8AHm6zzeG","H0087","R0087_1","0.0","179","164","실제 노출 로그 / 점수·순위는 실험용"
"XEHQ9VVSkt6","Q8AHm6zzeG","H0031","R0031_1","0.0","180","132","실제 노출 로그 / 점수·순위는 실험용"
"XE3WUfHVrqO","Q8AHm6zzeG","H0171","R0171_1","0.0","181","116","실제 노출 로그 / 점수·순위는 실험용"
"XEmpELii80a","Q8AHm6zzeG","H0115","R0115_1","0.0","182","84","실제 노출 로그 / 점수·순위는 실험용"
"XE89feW4ITO","Q8AHm6zzeG","H0059","R0059_1","0.0","183","52","실제 노출 로그 / 점수·순위는 실험용"
"XE9XYFZZ5Xz","Q8AHm6zzeG","H0003","R0003_1","0.0","184","15","실제 노출 로그 / 점수·순위는 실험용"
"XE4N3biaLCa","Q8AHm6zzeG","H0198","R0198_1","0.0","185","30","실제 노출 로그 / 점수·순위는 실험용"
"XEgtdOCkxGB","Q8AHm6zzeG","H0142","R0142_1","0.0","186","192","실제 노출 로그 / 점수·순위는 실험용"
"XEqefMtOZhE","Q8AHm6zzeG","H0086","R0086_1","0.0","187","160","실제 노출 로그 / 점수·순위는 실험용"
"XEFgOYNiDgU","Q8AHm6zzeG","H0030","R0030_1","0.0","188","128","실제 노출 로그 / 점수·순위는 실험용"
"XEGDZXn2MIN","Q8AHm6zzeG","H0170","R0170_1","0.0","189","112","실제 노출 로그 / 점수·순위는 실험용"
"XEOmwsjWIkc","Q8AHm6zzeG","H0114","R0114_1","0.0","190","80","실제 노출 로그 / 점수·순위는 실험용"
"XE4BVSq7d6m","Q8AHm6zzeG","H0058","R0058_1","0.0","191","48","실제 노출 로그 / 점수·순위는 실험용"
"XEm6p14TF7b","Q8AHm6zzeG","H0002","R0002_1","0.0","192","10","실제 노출 로그 / 점수·순위는 실험용"
"XEliuzI3mp0","Q8AHm6zzeG","H0197","R0197_1","0.0","193","25","실제 노출 로그 / 점수·순위는 실험용"
"XEok5FQnWkl","Q8AHm6zzeG","H0141","R0141_1","0.0","194","188","실제 노출 로그 / 점수·순위는 실험용"
"XE6DZ3oQEH4","Q8AHm6zzeG","H0085","R0085_1","0.0","195","156","실제 노출 로그 / 점수·순위는 실험용"
"XE7wbDBJ7lr","Q8AHm6zzeG","H0029","R0029_1","0.0","196","124","실제 노출 로그 / 점수·순위는 실험용"
"XEIsLQR8cZv","Q8AHm6zzeG","H0169","R0169_1","0.0","197","108","실제 노출 로그 / 점수·순위는 실험용"
"XECOL6uFigZ","Q8AHm6zzeG","H0113","R0113_1","0.0","198","76","실제 노출 로그 / 점수·순위는 실험용"
"XEg0C3SVnPI","Q8AHm6zzeG","H0057","R0057_1","0.0","199","44","실제 노출 로그 / 점수·순위는 실험용"
"XEOB4vBowb6","Q8AHm6zzeG","H0001","R0001_1","0.0","200","5","실제 노출 로그 / 점수·순위는 실험용"
"XEF5KfI9xxY","QfRK4ebqHF","H0134","R0134_1","100.0","1","2","실제 노출 로그 / 점수·순위는 실험용"
"XEZcDJs85jo","QfRK4ebqHF","H0104","R0104_1","99.0","2","1","실제 노출 로그 / 점수·순위는 실험용"
"XEGgSwDOiN7","QfRK4ebqHF","H0094","R0094_1","98.0","3","3","실제 노출 로그 / 점수·순위는 실험용"
"XEbYEyb77jb","QJaBJG5wb3","H0677","R0677_1","100.0","1","1","실제 노출 로그 / 점수·순위는 실험용"
"XES55v63Fd6","QxeYMVXn1u","H0727","R0727_1","100.0","1","3","실제 노출 로그 / 점수·순위는 실험용"
"XEB5BdMYPVq","QxeYMVXn1u","H0697","R0697_1","99.0","2","10","실제 노출 로그 / 점수·순위는 실험용"
"XEHL37pI5FN","QxeYMVXn1u","H0667","R0667_1","98.0","3","18","실제 노출 로그 / 점수·순위는 실험용"
"XEtSvEGpyB9","QxeYMVXn1u","H0637","R0637_1","97.0","4","5","실제 노출 로그 / 점수·순위는 실험용"
"XECUZFCEFOI","QxeYMVXn1u","H0777","R0777_1","96.0","5","4","실제 노출 로그 / 점수·순위는 실험용"
"XEgYoizyZ8W","QxeYMVXn1u","H0607","R0607_1","95.0","6","13","실제 노출 로그 / 점수·순위는 실험용"
"XETtRhFj15M","QxeYMVXn1u","H0747","R0747_1","94.0","7","11","실제 노출 로그 / 점수·순위는 실험용"
"XEKkThNvYD4","QxeYMVXn1u","H0717","R0717_1","93.0","8","19","실제 노출 로그 / 점수·순위는 실험용"
"XE7p6uLKL6L","QxeYMVXn1u","H0687","R0687_1","92.0","9","6","실제 노출 로그 / 점수·순위는 실험용"
"XEviMpKaZa5","QxeYMVXn1u","H0657","R0657_1","91.0","10","14","실제 노출 로그 / 점수·순위는 실험용"
"XEWoP3oTWdm","QxeYMVXn1u","H0797","R0797_1","90.0","11","12","실제 노출 로그 / 점수·순위는 실험용"
"XE6EsCB390a","QxeYMVXn1u","H0627","R0627_1","89.0","12","1","실제 노출 로그 / 점수·순위는 실험용"
"XEK4eJ7vWhf","QxeYMVXn1u","H0767","R0767_1","88.0","13","20","실제 노출 로그 / 점수·순위는 실험용"
"XEBN4qrBUCH","QxeYMVXn1u","H0737","R0737_1","87.0","14","7","실제 노출 로그 / 점수·순위는 실험용"
"XEaLAv6ebcm","QxeYMVXn1u","H0707","R0707_1","86.0","15","15","실제 노출 로그 / 점수·순위는 실험용"
"XEVo3s131WF","QxeYMVXn1u","H0677","R0677_1","85.0","16","2","실제 노출 로그 / 점수·순위는 실험용"
"XENc2Lfq8Wq","QxeYMVXn1u","H0647","R0647_1","84.0","17","9","실제 노출 로그 / 점수·순위는 실험용"
"XEi50Yu97vA","QxeYMVXn1u","H0787","R0787_1","83.0","18","8","실제 노출 로그 / 점수·순위는 실험용"
"XEceUmWdPTq","QxeYMVXn1u","H0757","R0757_1","82.0","19","16","실제 노출 로그 / 점수·순위는 실험용"
"XEp8RfoC9Oy","QxeYMVXn1u","H0617","R0617_1","81.0","20","17","실제 노출 로그 / 점수·순위는 실험용"
"XEktT1S5rlC","QgOAz8QOQt","H0194","R0194_1","100.0","1","1","실제 노출 로그 / 점수·순위는 실험용"
"XEiEGXdfOMK","QAb1vZ4GAk","H0194","R0194_1","100.0","1","1","실제 노출 로그 / 점수·순위는 실험용"
"XEiKv1MzPrt","Qt4HZi0lkI","H0082","R0082_1","100.0","1","2","실제 노출 로그 / 점수·순위는 실험용"
"XEIGRas5xyR","Qt4HZi0lkI","H0022","R0022_1","99.0","2","1","실제 노출 로그 / 점수·순위는 실험용"
"XENtY335wXw","QhNXUk5Q17","H0082","R0082_1","100.0","1","2","실제 노출 로그 / 점수·순위는 실험용"
"XE6xzRYj17U","QhNXUk5Q17","H0022","R0022_1","99.0","2","1","실제 노출 로그 / 점수·순위는 실험용"
"XE2Dzeda50p","QzW6pHMQvO","H0082","R0082_1","100.0","1","2","실제 노출 로그 / 점수·순위는 실험용"
"XEL0rvwUbUc","QzW6pHMQvO","H0022","R0022_1","99.0","2","1","실제 노출 로그 / 점수·순위는 실험용"
"XE2wv98Je6O","Q5g1usJmNO","H0134","R0134_1","100.0","1","2","실제 노출 로그 / 점수·순위는 실험용"
"XE552i3D4uY","Q5g1usJmNO","H0104","R0104_1","99.0","2","1","실제 노출 로그 / 점수·순위는 실험용"
"XEzA0hsv7tp","Q5g1usJmNO","H0094","R0094_1","98.0","3","3","실제 노출 로그 / 점수·순위는 실험용"
"XEnNp0KkHLm","QH7peFLBoy","H0134","R0134_1","100.0","1","2","실제 노출 로그 / 점수·순위는 실험용"
"XEioyNFWV9W","QH7peFLBoy","H0104","R0104_1","99.0","2","1","실제 노출 로그 / 점수·순위는 실험용"
"XE3HNVktHhA","QH7peFLBoy","H0094","R0094_1","98.0","3","3","실제 노출 로그 / 점수·순위는 실험용"
"XEAWdP2xsRO","Qtg4AuTk80","H0336","R0336_1","100.0","1","40","실제 노출 로그 / 점수·순위는 실험용"
"XEdupugeew2","Qtg4AuTk80","H0251","R0251_1","99.0","2","10","실제 노출 로그 / 점수·순위는 실험용"
"XEUglfFeuPo","Qtg4AuTk80","H0391","R0391_1","98.0","3","6","실제 노출 로그 / 점수·순위는 실험용"
"XESVZmK3gCZ","Qtg4AuTk80","H0306","R0306_1","97.0","4","16","실제 노출 로그 / 점수·순위는 실험용"
"XE3gxYe4QF8","Qtg4AuTk80","H0221","R0221_1","96.0","5","25","실제 노출 로그 / 점수·순위는 실험용"
"XEgC9lMj0Jk","Qtg4AuTk80","H0361","R0361_1","95.0","6","22","실제 노출 로그 / 점수·순위는 실험용"
"XEWwf4bICnA","Qtg4AuTk80","H0276","R0276_1","94.0","7","31","실제 노출 로그 / 점수·순위는 실험용"
"XE8zcCHbKhT","Qtg4AuTk80","H0331","R0331_1","93.0","8","36","실제 노출 로그 / 점수·순위는 실험용"
"XEqkTAgfxmL","Qtg4AuTk80","H0246","R0246_1","92.0","9","5","실제 노출 로그 / 점수·순위는 실험용"
"XEUR0KQen6Y","Qtg4AuTk80","H0386","R0386_1","91.0","10","2","실제 노출 로그 / 점수·순위는 실험용"
"XE7BBjOGKT0","Qtg4AuTk80","H0301","R0301_1","90.0","11","12","실제 노출 로그 / 점수·순위는 실험용"
"XElRqD7RHzC","Qtg4AuTk80","H0216","R0216_1","89.0","12","21","실제 노출 로그 / 점수·순위는 실험용"
"XEunZB6Rcwb","Qtg4AuTk80","H0356","R0356_1","88.0","13","18","실제 노출 로그 / 점수·순위는 실험용"
"XEerrYmKkp0","Qtg4AuTk80","H0271","R0271_1","87.0","14","27","실제 노출 로그 / 점수·순위는 실험용"
"XEFONcUcpTO","Qtg4AuTk80","H0326","R0326_1","86.0","15","32","실제 노출 로그 / 점수·순위는 실험용"
"XEBR9wfZjif","Qtg4AuTk80","H0241","R0241_1","85.0","16","1","실제 노출 로그 / 점수·순위는 실험용"
"XEDRsTNjI89","Qtg4AuTk80","H0381","R0381_1","84.0","17","38","실제 노출 로그 / 점수·순위는 실험용"
"XELLOUO60gI","Qtg4AuTk80","H0296","R0296_1","83.0","18","7","실제 노출 로그 / 점수·순위는 실험용"
"XEsnh49Jtsj","Qtg4AuTk80","H0351","R0351_1","82.0","19","14","실제 노출 로그 / 점수·순위는 실험용"
"XEiMDzzHHo2","Qtg4AuTk80","H0211","R0211_1","81.0","20","17","실제 노출 로그 / 점수·순위는 실험용"
"XE5y1DwLQmD","Qtg4AuTk80","H0266","R0266_1","80.0","21","23","실제 노출 로그 / 점수·순위는 실험용"
"XEFxLyEFXN6","Qtg4AuTk80","H0321","R0321_1","79.0","22","28","실제 노출 로그 / 점수·순위는 실험용"
"XEsG4MyhHLz","Qtg4AuTk80","H0236","R0236_1","78.0","23","37","실제 노출 로그 / 점수·순위는 실험용"
"XEu80dznmW6","Qtg4AuTk80","H0376","R0376_1","77.0","24","34","실제 노출 로그 / 점수·순위는 실험용"
"XEeB6uUbYJA","Qtg4AuTk80","H0291","R0291_1","76.0","25","3","실제 노출 로그 / 점수·순위는 실험용"
"XEoVTB4gHoQ","Qtg4AuTk80","H0346","R0346_1","75.0","26","9","실제 노출 로그 / 점수·순위는 실험용"
"XEZ91kmEtaV","Qtg4AuTk80","H0206","R0206_1","74.0","27","13","실제 노출 로그 / 점수·순위는 실험용"
"XEmW0aDrdH2","Qtg4AuTk80","H0261","R0261_1","73.0","28","19","실제 노출 로그 / 점수·순위는 실험용"
"XE4H2o2mw0e","Qtg4AuTk80","H0316","R0316_1","72.0","29","24","실제 노출 로그 / 점수·순위는 실험용"
"XE69UR3fCVk","Qtg4AuTk80","H0231","R0231_1","71.0","30","33","실제 노출 로그 / 점수·순위는 실험용"
"XEa0uZGUw37","Qtg4AuTk80","H0371","R0371_1","70.0","31","30","실제 노출 로그 / 점수·순위는 실험용"
"XEjLbmz3zGw","Qtg4AuTk80","H0286","R0286_1","69.0","32","39","실제 노출 로그 / 점수·순위는 실험용"
"XE44R9lQO3O","Qtg4AuTk80","H0201","R0201_1","68.0","33","8","실제 노출 로그 / 점수·순위는 실험용"
"XE4eRm9DDdx","Qtg4AuTk80","H0341","R0341_1","67.0","34","4","실제 노출 로그 / 점수·순위는 실험용"
"XEyjQIkW74B","Qtg4AuTk80","H0396","R0396_1","66.0","35","11","실제 노출 로그 / 점수·순위는 실험용"
"XESxTVmLkX1","Qtg4AuTk80","H0256","R0256_1","65.0","36","15","실제 노출 로그 / 점수·순위는 실험용"
"XEtF434k7RK","Qtg4AuTk80","H0311","R0311_1","64.0","37","20","실제 노출 로그 / 점수·순위는 실험용"
"XEYndANxXKF","Qtg4AuTk80","H0226","R0226_1","63.0","38","29","실제 노출 로그 / 점수·순위는 실험용"
"XEsWdCNACLS","Qtg4AuTk80","H0366","R0366_1","62.0","39","26","실제 노출 로그 / 점수·순위는 실험용"
"XE4lewUrz77","Qtg4AuTk80","H0281","R0281_1","61.0","40","35","실제 노출 로그 / 점수·순위는 실험용"
"XEtRBWVNrLE","QQi1j1K7dx","H0251","R0251_1","100.0","1","6","실제 노출 로그 / 점수·순위는 실험용"
"XEUcfytR3u8","QQi1j1K7dx","H0391","R0391_1","99.0","2","4","실제 노출 로그 / 점수·순위는 실험용"
"XE03ZZs9feN","QQi1j1K7dx","H0221","R0221_1","98.0","3","13","실제 노출 로그 / 점수·순위는 실험용"
"XE9zCOsKWJN","QQi1j1K7dx","H0361","R0361_1","97.0","4","12","실제 노출 로그 / 점수·순위는 실험용"
"XEgRZd7RjKV","QQi1j1K7dx","H0331","R0331_1","96.0","5","19","실제 노출 로그 / 점수·순위는 실험용"
"XE253bz5uZE","QQi1j1K7dx","H0301","R0301_1","95.0","6","7","실제 노출 로그 / 점수·순위는 실험용"
"XEI760b6lmC","QQi1j1K7dx","H0271","R0271_1","94.0","7","14","실제 노출 로그 / 점수·순위는 실험용"
"XE6G4jARysQ","QQi1j1K7dx","H0241","R0241_1","93.0","8","1","실제 노출 로그 / 점수·순위는 실험용"
"XEhFrox94gz","QQi1j1K7dx","H0381","R0381_1","92.0","9","20","실제 노출 로그 / 점수·순위는 실험용"
"XESudj8JLyo","QQi1j1K7dx","H0351","R0351_1","91.0","10","8","실제 노출 로그 / 점수·순위는 실험용"
"XEZeHON5GsI","QQi1j1K7dx","H0211","R0211_1","90.0","11","9","실제 노출 로그 / 점수·순위는 실험용"
"XENJVXvG82z","QQi1j1K7dx","H0321","R0321_1","89.0","12","15","실제 노출 로그 / 점수·순위는 실험용"
"XESL6OWL1Hl","QQi1j1K7dx","H0291","R0291_1","88.0","13","2","실제 노출 로그 / 점수·순위는 실험용"
"XEUvVqPSOIP","QQi1j1K7dx","H0261","R0261_1","87.0","14","10","실제 노출 로그 / 점수·순위는 실험용"
"XE5KSmpvyIL","QQi1j1K7dx","H0231","R0231_1","86.0","15","17","실제 노출 로그 / 점수·순위는 실험용"
"XE7ZLflM5ur","QQi1j1K7dx","H0371","R0371_1","85.0","16","16","실제 노출 로그 / 점수·순위는 실험용"
"XEdEafqv2BK","QQi1j1K7dx","H0201","R0201_1","84.0","17","5","실제 노출 로그 / 점수·순위는 실험용"
"XE7YozfHUIk","QQi1j1K7dx","H0341","R0341_1","83.0","18","3","실제 노출 로그 / 점수·순위는 실험용"
"XE3q1payHM4","QQi1j1K7dx","H0311","R0311_1","82.0","19","11","실제 노출 로그 / 점수·순위는 실험용"
"XEK4Gezu30z","QQi1j1K7dx","H0281","R0281_1","81.0","20","18","실제 노출 로그 / 점수·순위는 실험용"
"XEj6jMqUC1t","Ql67r81EpA","H0251","R0251_1","100.0","1","6","실제 노출 로그 / 점수·순위는 실험용"
"XEjpYNsOl6M","Ql67r81EpA","H0391","R0391_1","99.0","2","4","실제 노출 로그 / 점수·순위는 실험용"
"XEZm8phEu32","Ql67r81EpA","H0221","R0221_1","98.0","3","13","실제 노출 로그 / 점수·순위는 실험용"
"XEZsMcd2maC","Ql67r81EpA","H0361","R0361_1","97.0","4","12","실제 노출 로그 / 점수·순위는 실험용"
"XEUeIYWv1oB","Ql67r81EpA","H0331","R0331_1","96.0","5","19","실제 노출 로그 / 점수·순위는 실험용"
"XE0tf0UlAK5","Ql67r81EpA","H0301","R0301_1","95.0","6","7","실제 노출 로그 / 점수·순위는 실험용"
"XEr5mTgYdEs","Ql67r81EpA","H0271","R0271_1","94.0","7","14","실제 노출 로그 / 점수·순위는 실험용"
"XECfmsNgaTK","Ql67r81EpA","H0241","R0241_1","93.0","8","1","실제 노출 로그 / 점수·순위는 실험용"
"XEOgngDGuul","Ql67r81EpA","H0381","R0381_1","92.0","9","20","실제 노출 로그 / 점수·순위는 실험용"
"XELJP2OeBU3","Ql67r81EpA","H0351","R0351_1","91.0","10","8","실제 노출 로그 / 점수·순위는 실험용"
"XEhJ6jP269K","Ql67r81EpA","H0211","R0211_1","90.0","11","9","실제 노출 로그 / 점수·순위는 실험용"
"XE3mmwcNFtU","Ql67r81EpA","H0321","R0321_1","89.0","12","15","실제 노출 로그 / 점수·순위는 실험용"
"XEaxLYxjaaV","Ql67r81EpA","H0291","R0291_1","88.0","13","2","실제 노출 로그 / 점수·순위는 실험용"
"XEPvtfPpOLC","Ql67r81EpA","H0261","R0261_1","87.0","14","10","실제 노출 로그 / 점수·순위는 실험용"
"XE9krGQKyj9","Ql67r81EpA","H0231","R0231_1","86.0","15","17","실제 노출 로그 / 점수·순위는 실험용"
"XEdULSTGowp","Ql67r81EpA","H0371","R0371_1","85.0","16","16","실제 노출 로그 / 점수·순위는 실험용"
"XE3rIjLMxrs","Ql67r81EpA","H0201","R0201_1","84.0","17","5","실제 노출 로그 / 점수·순위는 실험용"
"XEgw86UUM3W","Ql67r81EpA","H0341","R0341_1","83.0","18","3","실제 노출 로그 / 점수·순위는 실험용"
"XE5sqrl7HTJ","Ql67r81EpA","H0311","R0311_1","82.0","19","11","실제 노출 로그 / 점수·순위는 실험용"
"XEzyMX0E3VL","Ql67r81EpA","H0281","R0281_1","81.0","20","18","실제 노출 로그 / 점수·순위는 실험용"
"XE3umttu4Uw","Q1E16J31sl","H0951","R0951_1","100.0","1","17","실제 노출 로그 / 점수·순위는 실험용"
"XE42u51NqJ2","Q1E16J31sl","H0811","R0811_1","99.0","2","18","실제 노출 로그 / 점수·순위는 실험용"
"XEfpe38EQUe","Q1E16J31sl","H0921","R0921_1","98.0","3","4","실제 노출 로그 / 점수·순위는 실험용"
"XEECPRJ5ttt","Q1E16J31sl","H0891","R0891_1","97.0","4","11","실제 노출 로그 / 점수·순위는 실험용"
"XEyE9zJtkwy","Q1E16J31sl","H0861","R0861_1","96.0","5","19","실제 노출 로그 / 점수·순위는 실험용"
"XEmX5vb7zzW","Q1E16J31sl","H0831","R0831_1","95.0","6","6","실제 노출 로그 / 점수·순위는 실험용"
"XEhVpj1PmXw","Q1E16J31sl","H0971","R0971_1","94.0","7","5","실제 노출 로그 / 점수·순위는 실험용"
"XEFs7CNuAEv","Q1E16J31sl","H0801","R0801_1","93.0","8","14","실제 노출 로그 / 점수·순위는 실험용"
"XEk26cd9hZI","Q1E16J31sl","H0941","R0941_1","92.0","9","12","실제 노출 로그 / 점수·순위는 실험용"
"XEnJRGiAj4x","Q1E16J31sl","H0911","R0911_1","91.0","10","20","실제 노출 로그 / 점수·순위는 실험용"
"XEwL1EZEm5T","Q1E16J31sl","H0881","R0881_1","90.0","11","7","실제 노출 로그 / 점수·순위는 실험용"
"XE4Haf2k2rC","Q1E16J31sl","H0851","R0851_1","89.0","12","15","실제 노출 로그 / 점수·순위는 실험용"
"XEEBmYwgrYr","Q1E16J31sl","H0991","R0991_1","88.0","13","13","실제 노출 로그 / 점수·순위는 실험용"
"XEJrVJbz3Ht","Q1E16J31sl","H0821","R0821_1","87.0","14","2","실제 노출 로그 / 점수·순위는 실험용"
"XEhO8JXkgHD","Q1E16J31sl","H0961","R0961_1","86.0","15","1","실제 노출 로그 / 점수·순위는 실험용"
"XEVLyvNY5UQ","Q1E16J31sl","H0931","R0931_1","85.0","16","8","실제 노출 로그 / 점수·순위는 실험용"
"XE9yHIoG492","Q1E16J31sl","H0901","R0901_1","84.0","17","16","실제 노출 로그 / 점수·순위는 실험용"
"XE0ObXC0bgV","Q1E16J31sl","H0871","R0871_1","83.0","18","3","실제 노출 로그 / 점수·순위는 실험용"
"XEiz4FtXuiU","Q1E16J31sl","H0841","R0841_1","82.0","19","10","실제 노출 로그 / 점수·순위는 실험용"
"XECHQhBOALo","Q1E16J31sl","H0981","R0981_1","81.0","20","9","실제 노출 로그 / 점수·순위는 실험용"
"XE3Yo8LOKaS","Q5OhEcNvDL","H0951","R0951_1","100.0","1","17","실제 노출 로그 / 점수·순위는 실험용"
"XEerVQmObHx","Q5OhEcNvDL","H0811","R0811_1","99.0","2","18","실제 노출 로그 / 점수·순위는 실험용"
"XErVfEXV5v6","Q5OhEcNvDL","H0921","R0921_1","98.0","3","4","실제 노출 로그 / 점수·순위는 실험용"
"XEsvCk3jMlO","Q5OhEcNvDL","H0891","R0891_1","97.0","4","11","실제 노출 로그 / 점수·순위는 실험용"
"XEbWZTD25V8","Q5OhEcNvDL","H0861","R0861_1","96.0","5","19","실제 노출 로그 / 점수·순위는 실험용"
"XEplRGi95Pn","Q5OhEcNvDL","H0831","R0831_1","95.0","6","6","실제 노출 로그 / 점수·순위는 실험용"
"XEJCHH9kQR4","Q5OhEcNvDL","H0971","R0971_1","94.0","7","5","실제 노출 로그 / 점수·순위는 실험용"
"XEoCoVN97ic","Q5OhEcNvDL","H0801","R0801_1","93.0","8","14","실제 노출 로그 / 점수·순위는 실험용"
"XEvntqiKW7k","Q5OhEcNvDL","H0941","R0941_1","92.0","9","12","실제 노출 로그 / 점수·순위는 실험용"
"XEPB5m1ML0q","Q5OhEcNvDL","H0911","R0911_1","91.0","10","20","실제 노출 로그 / 점수·순위는 실험용"
"XEYEbe476Ba","Q5OhEcNvDL","H0881","R0881_1","90.0","11","7","실제 노출 로그 / 점수·순위는 실험용"
"XEJ8p6RcyVB","Q5OhEcNvDL","H0851","R0851_1","89.0","12","15","실제 노출 로그 / 점수·순위는 실험용"
"XE2VtQvKsH5","Q5OhEcNvDL","H0991","R0991_1","88.0","13","13","실제 노출 로그 / 점수·순위는 실험용"
"XE8TIqpac64","Q5OhEcNvDL","H0821","R0821_1","87.0","14","2","실제 노출 로그 / 점수·순위는 실험용"
"XEkXsWfj2cV","Q5OhEcNvDL","H0961","R0961_1","86.0","15","1","실제 노출 로그 / 점수·순위는 실험용"
"XEaQmnzZeVm","Q5OhEcNvDL","H0931","R0931_1","85.0","16","8","실제 노출 로그 / 점수·순위는 실험용"
"XEZ0qw51t2w","Q5OhEcNvDL","H0901","R0901_1","84.0","17","16","실제 노출 로그 / 점수·순위는 실험용"
"XExy7jpL09V","Q5OhEcNvDL","H0871","R0871_1","83.0","18","3","실제 노출 로그 / 점수·순위는 실험용"
"XEfONrEyTnt","Q5OhEcNvDL","H0841","R0841_1","82.0","19","10","실제 노출 로그 / 점수·순위는 실험용"
"XEGn37kD4js","Q5OhEcNvDL","H0981","R0981_1","81.0","20","9","실제 노출 로그 / 점수·순위는 실험용"
"XEGOzjN0t08","Q0hj3lX3d2","H0251","R0251_1","100.0","1","6","실제 노출 로그 / 점수·순위는 실험용"
"XEeR5IRTJn2","Q0hj3lX3d2","H0391","R0391_1","99.0","2","4","실제 노출 로그 / 점수·순위는 실험용"
"XEcqbKT3Rfq","Q0hj3lX3d2","H0221","R0221_1","98.0","3","13","실제 노출 로그 / 점수·순위는 실험용"
"XE5EPDbsyvG","Q0hj3lX3d2","H0361","R0361_1","97.0","4","12","실제 노출 로그 / 점수·순위는 실험용"
"XEGcet5zHNj","Q0hj3lX3d2","H0331","R0331_1","96.0","5","19","실제 노출 로그 / 점수·순위는 실험용"
"XEflVU6b5gm","Q0hj3lX3d2","H0301","R0301_1","95.0","6","7","실제 노출 로그 / 점수·순위는 실험용"
"XEFfZ83bYA4","Q0hj3lX3d2","H0271","R0271_1","94.0","7","14","실제 노출 로그 / 점수·순위는 실험용"
"XEo4KCryYyl","Q0hj3lX3d2","H0241","R0241_1","93.0","8","1","실제 노출 로그 / 점수·순위는 실험용"
"XEUGCEnSGOU","Q0hj3lX3d2","H0381","R0381_1","92.0","9","20","실제 노출 로그 / 점수·순위는 실험용"
"XEFEgPHGeCP","Q0hj3lX3d2","H0351","R0351_1","91.0","10","8","실제 노출 로그 / 점수·순위는 실험용"
"XEIiy1IRw8H","Q0hj3lX3d2","H0211","R0211_1","90.0","11","9","실제 노출 로그 / 점수·순위는 실험용"
"XEcYFhkyQ12","Q0hj3lX3d2","H0321","R0321_1","89.0","12","15","실제 노출 로그 / 점수·순위는 실험용"
"XECY2To90dS","Q0hj3lX3d2","H0291","R0291_1","88.0","13","2","실제 노출 로그 / 점수·순위는 실험용"
"XEOAhCryKEe","Q0hj3lX3d2","H0261","R0261_1","87.0","14","10","실제 노출 로그 / 점수·순위는 실험용"
"XE4UasCSgox","Q0hj3lX3d2","H0231","R0231_1","86.0","15","17","실제 노출 로그 / 점수·순위는 실험용"
"XEbt5Pi5teT","Q0hj3lX3d2","H0371","R0371_1","85.0","16","16","실제 노출 로그 / 점수·순위는 실험용"
"XE2kmMBL1aW","Q0hj3lX3d2","H0201","R0201_1","84.0","17","5","실제 노출 로그 / 점수·순위는 실험용"
"XEIE61B5ami","Q0hj3lX3d2","H0341","R0341_1","83.0","18","3","실제 노출 로그 / 점수·순위는 실험용"
"XEs3kGOQvoM","Q0hj3lX3d2","H0311","R0311_1","82.0","19","11","실제 노출 로그 / 점수·순위는 실험용"
"XEFOlN4rQwU","Q0hj3lX3d2","H0281","R0281_1","81.0","20","18","실제 노출 로그 / 점수·순위는 실험용"
"XE2s7vW144j","Q7KYhEjXuF","H0868","R0868_1","100.0","1","2","실제 노출 로그 / 점수·순위는 실험용"
"XEPtXrrcA3C","Q7KYhEjXuF","H0838","R0838_1","99.0","2","9","실제 노출 로그 / 점수·순위는 실험용"
"XEybZeV4ymN","Q7KYhEjXuF","H0978","R0978_1","98.0","3","8","실제 노출 로그 / 점수·순위는 실험용"
"XEAoJWO7fIb","Q7KYhEjXuF","H0808","R0808_1","97.0","4","17","실제 노출 로그 / 점수·순위는 실험용"
"XEcCNer1rIl","Q7KYhEjXuF","H0948","R0948_1","96.0","5","15","실제 노출 로그 / 점수·순위는 실험용"
"XE1fbbzJcvM","Q7KYhEjXuF","H0918","R0918_1","95.0","6","3","실제 노출 로그 / 점수·순위는 실험용"
"XE5Yk8wKAKd","Q7KYhEjXuF","H0888","R0888_1","94.0","7","10","실제 노출 로그 / 점수·순위는 실험용"
"XEfN3PbYknH","Q7KYhEjXuF","H0858","R0858_1","93.0","8","18","실제 노출 로그 / 점수·순위는 실험용"
"XEdf1IaVT47","Q7KYhEjXuF","H0998","R0998_1","92.0","9","16","실제 노출 로그 / 점수·순위는 실험용"
"XERcBc9ZFU4","Q7KYhEjXuF","H0828","R0828_1","91.0","10","5","실제 노출 로그 / 점수·순위는 실험용"
"XEG29li6OVp","Q7KYhEjXuF","H0968","R0968_1","90.0","11","4","실제 노출 로그 / 점수·순위는 실험용"
"XErWwQUmTtV","Q7KYhEjXuF","H0938","R0938_1","89.0","12","11","실제 노출 로그 / 점수·순위는 실험용"
"XER8UVPkkrJ","Q7KYhEjXuF","H0908","R0908_1","88.0","13","19","실제 노출 로그 / 점수·순위는 실험용"
"XEzDd5LcVUB","Q7KYhEjXuF","H0878","R0878_1","87.0","14","6","실제 노출 로그 / 점수·순위는 실험용"
"XESBvgK8Wat","Q7KYhEjXuF","H0848","R0848_1","86.0","15","13","실제 노출 로그 / 점수·순위는 실험용"
"XEYObd2gbC1","Q7KYhEjXuF","H0988","R0988_1","85.0","16","12","실제 노출 로그 / 점수·순위는 실험용"
"XEh4hZYm02f","Q7KYhEjXuF","H0958","R0958_1","84.0","17","20","실제 노출 로그 / 점수·순위는 실험용"
"XEj8FU41w0I","Q7KYhEjXuF","H0818","R0818_1","83.0","18","1","실제 노출 로그 / 점수·순위는 실험용"
"XER7AhNgRQ7","Q7KYhEjXuF","H0928","R0928_1","82.0","19","7","실제 노출 로그 / 점수·순위는 실험용"
"XE1CSBYgg1T","Q7KYhEjXuF","H0898","R0898_1","81.0","20","14","실제 노출 로그 / 점수·순위는 실험용"
"XEZ4aiDtcjx","QD19rpKLBu","H0951","R0951_1","100.0","1","17","실제 노출 로그 / 점수·순위는 실험용"
"XEJljz4zLdQ","QD19rpKLBu","H0811","R0811_1","99.0","2","18","실제 노출 로그 / 점수·순위는 실험용"
"XEUDehFnK2z","QD19rpKLBu","H0921","R0921_1","98.0","3","4","실제 노출 로그 / 점수·순위는 실험용"
"XE3JGvSCgNu","QD19rpKLBu","H0891","R0891_1","97.0","4","11","실제 노출 로그 / 점수·순위는 실험용"
"XEg2awQdNjL","QD19rpKLBu","H0861","R0861_1","96.0","5","19","실제 노출 로그 / 점수·순위는 실험용"
"XEnhh6kN3xN","QD19rpKLBu","H0831","R0831_1","95.0","6","6","실제 노출 로그 / 점수·순위는 실험용"
"XEuRVlCNbSo","QD19rpKLBu","H0971","R0971_1","94.0","7","5","실제 노출 로그 / 점수·순위는 실험용"
"XEAuL1BmZ0M","QD19rpKLBu","H0801","R0801_1","93.0","8","14","실제 노출 로그 / 점수·순위는 실험용"
"XEN6hqsDuox","QD19rpKLBu","H0941","R0941_1","92.0","9","12","실제 노출 로그 / 점수·순위는 실험용"
"XEI0YZKaJuW","QD19rpKLBu","H0911","R0911_1","91.0","10","20","실제 노출 로그 / 점수·순위는 실험용"
"XENNsIDnUTx","QD19rpKLBu","H0881","R0881_1","90.0","11","7","실제 노출 로그 / 점수·순위는 실험용"
"XE7c6XI4e77","QD19rpKLBu","H0851","R0851_1","89.0","12","15","실제 노출 로그 / 점수·순위는 실험용"
"XEjuyNLwiTS","QD19rpKLBu","H0991","R0991_1","88.0","13","13","실제 노출 로그 / 점수·순위는 실험용"
"XEZ57Dbw335","QD19rpKLBu","H0821","R0821_1","87.0","14","2","실제 노출 로그 / 점수·순위는 실험용"
"XEAS9EL11Yq","QD19rpKLBu","H0961","R0961_1","86.0","15","1","실제 노출 로그 / 점수·순위는 실험용"
"XEy2jqiHIKi","QD19rpKLBu","H0931","R0931_1","85.0","16","8","실제 노출 로그 / 점수·순위는 실험용"
"XE39UYZHFDG","QD19rpKLBu","H0901","R0901_1","84.0","17","16","실제 노출 로그 / 점수·순위는 실험용"
"XExjZFoW5tq","QD19rpKLBu","H0871","R0871_1","83.0","18","3","실제 노출 로그 / 점수·순위는 실험용"
"XE5kJ1zvRo0","QD19rpKLBu","H0841","R0841_1","82.0","19","10","실제 노출 로그 / 점수·순위는 실험용"
"XEP62O9iPzN","QD19rpKLBu","H0981","R0981_1","81.0","20","9","실제 노출 로그 / 점수·순위는 실험용"
"XEAw2dDxB27","QKasDgCgMX","H0951","R0951_1","100.0","1","17","실제 노출 로그 / 점수·순위는 실험용"
"XEUlajvv9fx","QKasDgCgMX","H0811","R0811_1","99.0","2","18","실제 노출 로그 / 점수·순위는 실험용"
"XE8eI3kesch","QKasDgCgMX","H0921","R0921_1","98.0","3","4","실제 노출 로그 / 점수·순위는 실험용"
"XEtxfHOWu9z","QKasDgCgMX","H0891","R0891_1","97.0","4","11","실제 노출 로그 / 점수·순위는 실험용"
"XEh84yp7p40","QKasDgCgMX","H0861","R0861_1","96.0","5","19","실제 노출 로그 / 점수·순위는 실험용"
"XEFL4fHbPsr","QKasDgCgMX","H0831","R0831_1","95.0","6","6","실제 노출 로그 / 점수·순위는 실험용"
"XE1HNOd3d36","QKasDgCgMX","H0971","R0971_1","94.0","7","5","실제 노출 로그 / 점수·순위는 실험용"
"XEhAihiXUgk","QKasDgCgMX","H0801","R0801_1","93.0","8","14","실제 노출 로그 / 점수·순위는 실험용"
"XEFSONZx3LM","QKasDgCgMX","H0941","R0941_1","92.0","9","12","실제 노출 로그 / 점수·순위는 실험용"
"XEK9Ev4vjFB","QKasDgCgMX","H0911","R0911_1","91.0","10","20","실제 노출 로그 / 점수·순위는 실험용"
"XEIoBbC98Zd","QKasDgCgMX","H0881","R0881_1","90.0","11","7","실제 노출 로그 / 점수·순위는 실험용"
"XE0IDplZUuF","QKasDgCgMX","H0851","R0851_1","89.0","12","15","실제 노출 로그 / 점수·순위는 실험용"
"XEnW9kBJG0J","QKasDgCgMX","H0991","R0991_1","88.0","13","13","실제 노출 로그 / 점수·순위는 실험용"
"XEj60F7M5ZP","QKasDgCgMX","H0821","R0821_1","87.0","14","2","실제 노출 로그 / 점수·순위는 실험용"
"XECdP1Y1kC4","QKasDgCgMX","H0961","R0961_1","86.0","15","1","실제 노출 로그 / 점수·순위는 실험용"
"XEo13oTcWDC","QKasDgCgMX","H0931","R0931_1","85.0","16","8","실제 노출 로그 / 점수·순위는 실험용"
"XEWQisNxJF1","QKasDgCgMX","H0901","R0901_1","84.0","17","16","실제 노출 로그 / 점수·순위는 실험용"
"XEzVq9Q1l2t","QKasDgCgMX","H0871","R0871_1","83.0","18","3","실제 노출 로그 / 점수·순위는 실험용"
"XEQP3wq9l96","QKasDgCgMX","H0841","R0841_1","82.0","19","10","실제 노출 로그 / 점수·순위는 실험용"
"XEWD72bxC6n","QKasDgCgMX","H0981","R0981_1","81.0","20","9","실제 노출 로그 / 점수·순위는 실험용"
"XElLAhc8n2R","QFeDedfFiH","H0923","R0923_1","100.0","1","5","실제 노출 로그 / 점수·순위는 실험용"
"XExGWft8q1W","QFeDedfFiH","H0893","R0893_1","99.0","2","12","실제 노출 로그 / 점수·순위는 실험용"
"XEkbKNJT55M","QFeDedfFiH","H0863","R0863_1","98.0","3","20","실제 노출 로그 / 점수·순위는 실험용"
"XEWW9z3Q5uu","QFeDedfFiH","H0833","R0833_1","97.0","4","7","실제 노출 로그 / 점수·순위는 실험용"
"XEvlSawSZY2","QFeDedfFiH","H0973","R0973_1","96.0","5","6","실제 노출 로그 / 점수·순위는 실험용"
"XEWuL41gHb7","QFeDedfFiH","H0803","R0803_1","95.0","6","15","실제 노출 로그 / 점수·순위는 실험용"
"XEKA9PO76AF","QFeDedfFiH","H0943","R0943_1","94.0","7","13","실제 노출 로그 / 점수·순위는 실험용"
"XEEG2zba50S","QFeDedfFiH","H0913","R0913_1","93.0","8","1","실제 노출 로그 / 점수·순위는 실험용"
"XEmMPldcTQu","QFeDedfFiH","H0883","R0883_1","92.0","9","8","실제 노출 로그 / 점수·순위는 실험용"
"XEFzd5MC5nj","QFeDedfFiH","H0853","R0853_1","91.0","10","16","실제 노출 로그 / 점수·순위는 실험용"
"XEE0LFRrDFJ","QFeDedfFiH","H0993","R0993_1","90.0","11","14","실제 노출 로그 / 점수·순위는 실험용"
"XE5x5fQexje","QFeDedfFiH","H0823","R0823_1","89.0","12","3","실제 노출 로그 / 점수·순위는 실험용"
"XE3T6QfHc6g","QFeDedfFiH","H0963","R0963_1","88.0","13","2","실제 노출 로그 / 점수·순위는 실험용"
"XEO6Hqme0fG","QFeDedfFiH","H0933","R0933_1","87.0","14","9","실제 노출 로그 / 점수·순위는 실험용"
"XEpXCrw1RQN","QFeDedfFiH","H0903","R0903_1","86.0","15","17","실제 노출 로그 / 점수·순위는 실험용"
"XEoVi80nsFS","QFeDedfFiH","H0873","R0873_1","85.0","16","4","실제 노출 로그 / 점수·순위는 실험용"
"XEtsDAzhJw0","QFeDedfFiH","H0843","R0843_1","84.0","17","11","실제 노출 로그 / 점수·순위는 실험용"
"XEsG78SY6DV","QFeDedfFiH","H0983","R0983_1","83.0","18","10","실제 노출 로그 / 점수·순위는 실험용"
"XEmJqBpDnjZ","QFeDedfFiH","H0953","R0953_1","82.0","19","18","실제 노출 로그 / 점수·순위는 실험용"
"XEQhJb37Yi3","QFeDedfFiH","H0813","R0813_1","81.0","20","19","실제 노출 로그 / 점수·순위는 실험용"
"XEkdUG7z9BW","QzEPjGbPin","H0923","R0923_1","100.0","1","5","실제 노출 로그 / 점수·순위는 실험용"
"XErXVzzDQ7s","QzEPjGbPin","H0893","R0893_1","99.0","2","12","실제 노출 로그 / 점수·순위는 실험용"
"XEJEA1v4qzO","QzEPjGbPin","H0863","R0863_1","98.0","3","20","실제 노출 로그 / 점수·순위는 실험용"
"XEHtPX7LwPb","QzEPjGbPin","H0833","R0833_1","97.0","4","7","실제 노출 로그 / 점수·순위는 실험용"
"XEF4bRV6tx3","QzEPjGbPin","H0973","R0973_1","96.0","5","6","실제 노출 로그 / 점수·순위는 실험용"
"XE0Mu5fQEsP","QzEPjGbPin","H0803","R0803_1","95.0","6","15","실제 노출 로그 / 점수·순위는 실험용"
"XEcH4LYUA8F","QzEPjGbPin","H0943","R0943_1","94.0","7","13","실제 노출 로그 / 점수·순위는 실험용"
"XEhW7s8CxyZ","QzEPjGbPin","H0913","R0913_1","93.0","8","1","실제 노출 로그 / 점수·순위는 실험용"
"XE0L1L9j6uV","QzEPjGbPin","H0883","R0883_1","92.0","9","8","실제 노출 로그 / 점수·순위는 실험용"
"XEvmt30qlxD","QzEPjGbPin","H0853","R0853_1","91.0","10","16","실제 노출 로그 / 점수·순위는 실험용"
"XERk3qCjZXS","QzEPjGbPin","H0993","R0993_1","90.0","11","14","실제 노출 로그 / 점수·순위는 실험용"
"XENqwsMDkRC","QzEPjGbPin","H0823","R0823_1","89.0","12","3","실제 노출 로그 / 점수·순위는 실험용"
"XEYkIFxrOnq","QzEPjGbPin","H0963","R0963_1","88.0","13","2","실제 노출 로그 / 점수·순위는 실험용"
"XE12ukpnbgw","QzEPjGbPin","H0933","R0933_1","87.0","14","9","실제 노출 로그 / 점수·순위는 실험용"
"XEh4LvtuUT1","QzEPjGbPin","H0903","R0903_1","86.0","15","17","실제 노출 로그 / 점수·순위는 실험용"
"XEo05CkxBXq","QzEPjGbPin","H0873","R0873_1","85.0","16","4","실제 노출 로그 / 점수·순위는 실험용"
"XE0iy3ewGCI","QzEPjGbPin","H0843","R0843_1","84.0","17","11","실제 노출 로그 / 점수·순위는 실험용"
"XExotzlwZqP","QzEPjGbPin","H0983","R0983_1","83.0","18","10","실제 노출 로그 / 점수·순위는 실험용"
"XEXTYeDfXxQ","QzEPjGbPin","H0953","R0953_1","82.0","19","18","실제 노출 로그 / 점수·순위는 실험용"
"XEW4gOQdcam","QzEPjGbPin","H0813","R0813_1","81.0","20","19","실제 노출 로그 / 점수·순위는 실험용"
"XECvH8jXdQ8","QB3WlYYqhr","H0251","R0251_1","100.0","1","1","실제 노출 로그 / 점수·순위는 실험용"
"XEgChJhBjeO","Q4ojVzeYmP","H0251","R0251_1","100.0","1","1","실제 노출 로그 / 점수·순위는 실험용"
"XERsK5Khi7K","Qz8qULWeAO","H0251","R0251_1","100.0","1","1","실제 노출 로그 / 점수·순위는 실험용"
"XEj7os6ICzm","QFE89HVGJy","H0251","R0251_1","100.0","1","6","실제 노출 로그 / 점수·순위는 실험용"
"XEKhSlmRJKx","QFE89HVGJy","H0391","R0391_1","99.0","2","4","실제 노출 로그 / 점수·순위는 실험용"
"XEiJz2bjRmY","QFE89HVGJy","H0221","R0221_1","98.0","3","13","실제 노출 로그 / 점수·순위는 실험용"
"XEoFDFrf3Gn","QFE89HVGJy","H0361","R0361_1","97.0","4","12","실제 노출 로그 / 점수·순위는 실험용"
"XEGcNX2DqAg","QFE89HVGJy","H0331","R0331_1","96.0","5","19","실제 노출 로그 / 점수·순위는 실험용"
"XEh76Uy6Pe7","QFE89HVGJy","H0301","R0301_1","95.0","6","7","실제 노출 로그 / 점수·순위는 실험용"
"XE8dVR4YyLD","QFE89HVGJy","H0271","R0271_1","94.0","7","14","실제 노출 로그 / 점수·순위는 실험용"
"XExH77kzWsh","QFE89HVGJy","H0241","R0241_1","93.0","8","1","실제 노출 로그 / 점수·순위는 실험용"
"XE8u8SzHefr","QFE89HVGJy","H0381","R0381_1","92.0","9","20","실제 노출 로그 / 점수·순위는 실험용"
"XEFVtXOSDpX","QFE89HVGJy","H0351","R0351_1","91.0","10","8","실제 노출 로그 / 점수·순위는 실험용"
"XEIWNoPpT2y","QFE89HVGJy","H0211","R0211_1","90.0","11","9","실제 노출 로그 / 점수·순위는 실험용"
"XEDH3kCVIh0","QFE89HVGJy","H0321","R0321_1","89.0","12","15","실제 노출 로그 / 점수·순위는 실험용"
"XE31cnZHScN","QFE89HVGJy","H0291","R0291_1","88.0","13","2","실제 노출 로그 / 점수·순위는 실험용"
"XEvbjH4y0hA","QFE89HVGJy","H0261","R0261_1","87.0","14","10","실제 노출 로그 / 점수·순위는 실험용"
"XEBoCt1snK8","QFE89HVGJy","H0231","R0231_1","86.0","15","17","실제 노출 로그 / 점수·순위는 실험용"
"XEVrQD5ZH5k","QFE89HVGJy","H0371","R0371_1","85.0","16","16","실제 노출 로그 / 점수·순위는 실험용"
"XEIVx3dOHmD","QFE89HVGJy","H0201","R0201_1","84.0","17","5","실제 노출 로그 / 점수·순위는 실험용"
"XEYJx52vdZG","QFE89HVGJy","H0341","R0341_1","83.0","18","3","실제 노출 로그 / 점수·순위는 실험용"
"XEySbX9c5Ih","QFE89HVGJy","H0311","R0311_1","82.0","19","11","실제 노출 로그 / 점수·순위는 실험용"
"XEo4YhRCPvs","QFE89HVGJy","H0281","R0281_1","81.0","20","18","실제 노출 로그 / 점수·순위는 실험용"
"XEI6ieioYuJ","QLrcXogjG4","H0083","R0083_1","100.0","1","15","실제 노출 로그 / 점수·순위는 실험용"
"XEI9L61ojA2","QLrcXogjG4","H0193","R0193_1","99.0","2","1","실제 노출 로그 / 점수·순위는 실험용"
"XE5BWaLok7q","QLrcXogjG4","H0053","R0053_1","98.0","3","3","실제 노출 로그 / 점수·순위는 실험용"
"XEGWgglXsqv","QLrcXogjG4","H0023","R0023_1","97.0","4","10","실제 노출 로그 / 점수·순위는 실험용"
"XEoRxPhpTVH","QLrcXogjG4","H0163","R0163_1","96.0","5","9","실제 노출 로그 / 점수·순위는 실험용"
"XESFfSJR9Hf","QLrcXogjG4","H0133","R0133_1","95.0","6","16","실제 노출 로그 / 점수·순위는 실험용"
"XEQx56AqIJ4","QLrcXogjG4","H0103","R0103_1","94.0","7","4","실제 노출 로그 / 점수·순위는 실험용"
"XE7Xls8MdNp","QLrcXogjG4","H0073","R0073_1","93.0","8","11","실제 노출 로그 / 점수·순위는 실험용"
"XEwHyNCMp1a","QLrcXogjG4","H0043","R0043_1","92.0","9","18","실제 노출 로그 / 점수·순위는 실험용"
"XEGABZv25U3","QLrcXogjG4","H0183","R0183_1","91.0","10","17","실제 노출 로그 / 점수·순위는 실험용"
"XEOWyM4rA2p","QLrcXogjG4","H0013","R0013_1","90.0","11","6","실제 노출 로그 / 점수·순위는 실험용"
"XEhC0J6yJNQ","QLrcXogjG4","H0153","R0153_1","89.0","12","5","실제 노출 로그 / 점수·순위는 실험용"
"XEsKKIlu08N","QLrcXogjG4","H0123","R0123_1","88.0","13","12","실제 노출 로그 / 점수·순위는 실험용"
"XEgqlZmc2P0","QLrcXogjG4","H0093","R0093_1","87.0","14","19","실제 노출 로그 / 점수·순위는 실험용"
"XEHlhCaXB2P","QLrcXogjG4","H0063","R0063_1","86.0","15","7","실제 노출 로그 / 점수·순위는 실험용"
"XEVXuW7aBcu","QLrcXogjG4","H0033","R0033_1","85.0","16","14","실제 노출 로그 / 점수·순위는 실험용"
"XE7XfZhkW1s","QLrcXogjG4","H0173","R0173_1","84.0","17","13","실제 노출 로그 / 점수·순위는 실험용"
"XEGBO7ezr6V","QLrcXogjG4","H0143","R0143_1","83.0","18","20","실제 노출 로그 / 점수·순위는 실험용"
"XEhKBkUQvtt","QLrcXogjG4","H0003","R0003_1","82.0","19","2","실제 노출 로그 / 점수·순위는 실험용"
"XExGQEEpSP4","QLrcXogjG4","H0113","R0113_1","81.0","20","8","실제 노출 로그 / 점수·순위는 실험용"
"XEnMUAGAxxh","QPBoqRdZbv","H0224","R0224_1","100.0","1","13","실제 노출 로그 / 점수·순위는 실험용"
"XEmXOEARbfD","QPBoqRdZbv","H0364","R0364_1","99.0","2","12","실제 노출 로그 / 점수·순위는 실험용"
"XEghpPISRDP","QPBoqRdZbv","H0334","R0334_1","98.0","3","19","실제 노출 로그 / 점수·순위는 실험용"
"XESwsUZ6VGr","QPBoqRdZbv","H0304","R0304_1","97.0","4","7","실제 노출 로그 / 점수·순위는 실험용"
"XEFXyAseUO7","QPBoqRdZbv","H0274","R0274_1","96.0","5","14","실제 노출 로그 / 점수·순위는 실험용"
"XEQpXRRby3W","QPBoqRdZbv","H0244","R0244_1","95.0","6","1","실제 노출 로그 / 점수·순위는 실험용"
"XEHvNc9fRrq","QPBoqRdZbv","H0384","R0384_1","94.0","7","20","실제 노출 로그 / 점수·순위는 실험용"
"XEK723Fp1cC","QPBoqRdZbv","H0354","R0354_1","93.0","8","8","실제 노출 로그 / 점수·순위는 실험용"
"XEOtkhPMVqv","QPBoqRdZbv","H0214","R0214_1","92.0","9","9","실제 노출 로그 / 점수·순위는 실험용"
"XEHPStx9vdz","QPBoqRdZbv","H0324","R0324_1","91.0","10","15","실제 노출 로그 / 점수·순위는 실험용"
"XEfGKEygqZI","QPBoqRdZbv","H0294","R0294_1","90.0","11","2","실제 노출 로그 / 점수·순위는 실험용"
"XE9YitY4OOd","QPBoqRdZbv","H0264","R0264_1","89.0","12","10","실제 노출 로그 / 점수·순위는 실험용"
"XEonoIne1f5","QPBoqRdZbv","H0234","R0234_1","88.0","13","17","실제 노출 로그 / 점수·순위는 실험용"
"XE2JdB1s1ZR","QPBoqRdZbv","H0374","R0374_1","87.0","14","16","실제 노출 로그 / 점수·순위는 실험용"
"XE4vKKoulIj","QPBoqRdZbv","H0344","R0344_1","86.0","15","3","실제 노출 로그 / 점수·순위는 실험용"
"XETpwdYOIS7","QPBoqRdZbv","H0204","R0204_1","85.0","16","5","실제 노출 로그 / 점수·순위는 실험용"
"XEtrEg39LW7","QPBoqRdZbv","H0314","R0314_1","84.0","17","11","실제 노출 로그 / 점수·순위는 실험용"
"XEWHUkdsBrm","QPBoqRdZbv","H0284","R0284_1","83.0","18","18","실제 노출 로그 / 점수·순위는 실험용"
"XE6aleAEiBE","QPBoqRdZbv","H0394","R0394_1","82.0","19","4","실제 노출 로그 / 점수·순위는 실험용"
"XEQ0310WO4W","QPBoqRdZbv","H0254","R0254_1","81.0","20","6","실제 노출 로그 / 점수·순위는 실험용"
"XEXZ6ws412a","Q8F2x5T73e","H0252","R0252_1","100.0","1","48","실제 노출 로그 / 점수·순위는 실험용"
"XEuEm6ciSaQ","Q8F2x5T73e","H0392","R0392_1","99.0","2","29","실제 노출 로그 / 점수·순위는 실험용"
"XEGARzXBUdp","Q8F2x5T73e","H0336","R0336_1","98.0","3","197","실제 노출 로그 / 점수·순위는 실험용"
"XEwOgzCAyOc","Q8F2x5T73e","H0280","R0280_1","97.0","4","165","실제 노출 로그 / 점수·순위는 실험용"
"XERyU7xp6os","Q8F2x5T73e","H0224","R0224_1","96.0","5","133","실제 노출 로그 / 점수·순위는 실험용"
"XE8GYJrsEuS","Q8F2x5T73e","H0364","R0364_1","95.0","6","117","실제 노출 로그 / 점수·순위는 실험용"
"XEBM0J8OhnI","Q8F2x5T73e","H0308","R0308_1","94.0","7","85","실제 노출 로그 / 점수·순위는 실험용"
"XEU7N5EGUxy","Q8F2x5T73e","H0251","R0251_1","93.0","8","43","실제 노출 로그 / 점수·순위는 실험용"
"XEwDzvYFA5i","Q8F2x5T73e","H0391","R0391_1","92.0","9","25","실제 노출 로그 / 점수·순위는 실험용"
"XEqNxhl8hZ9","Q8F2x5T73e","H0335","R0335_1","91.0","10","193","실제 노출 로그 / 점수·순위는 실험용"
"XE2fI7ukjwq","Q8F2x5T73e","H0279","R0279_1","90.0","11","161","실제 노출 로그 / 점수·순위는 실험용"
"XEiSYd0Xbmi","Q8F2x5T73e","H0223","R0223_1","89.0","12","129","실제 노출 로그 / 점수·순위는 실험용"
"XEhok0X64qg","Q8F2x5T73e","H0363","R0363_1","88.0","13","113","실제 노출 로그 / 점수·순위는 실험용"
"XEVuKnzfv0S","Q8F2x5T73e","H0307","R0307_1","87.0","14","81","실제 노출 로그 / 점수·순위는 실험용"
"XEFCbrTQ4Ir","Q8F2x5T73e","H0250","R0250_1","86.0","15","38","실제 노출 로그 / 점수·순위는 실험용"
"XEEPiCK7C7r","Q8F2x5T73e","H0390","R0390_1","85.0","16","21","실제 노출 로그 / 점수·순위는 실험용"
"XEjjp70Uogl","Q8F2x5T73e","H0334","R0334_1","84.0","17","189","실제 노출 로그 / 점수·순위는 실험용"
"XEl6O77KkIw","Q8F2x5T73e","H0278","R0278_1","83.0","18","157","실제 노출 로그 / 점수·순위는 실험용"
"XEVRSaiJ5QS","Q8F2x5T73e","H0222","R0222_1","82.0","19","125","실제 노출 로그 / 점수·순위는 실험용"
"XEM8hup0DX8","Q8F2x5T73e","H0362","R0362_1","81.0","20","109","실제 노출 로그 / 점수·순위는 실험용"
"XEJUSWrvWfx","Q8F2x5T73e","H0306","R0306_1","80.0","21","77","실제 노출 로그 / 점수·순위는 실험용"
"XEqga76Vg73","Q8F2x5T73e","H0249","R0249_1","79.0","22","33","실제 노출 로그 / 점수·순위는 실험용"
"XEKBUo06XBu","Q8F2x5T73e","H0389","R0389_1","78.0","23","17","실제 노출 로그 / 점수·순위는 실험용"
"XEuoFZeEdmC","Q8F2x5T73e","H0333","R0333_1","77.0","24","185","실제 노출 로그 / 점수·순위는 실험용"
"XExEEu7wTay","Q8F2x5T73e","H0277","R0277_1","76.0","25","153","실제 노출 로그 / 점수·순위는 실험용"
"XE4vgPqJwOB","Q8F2x5T73e","H0221","R0221_1","75.0","26","121","실제 노출 로그 / 점수·순위는 실험용"
"XELAbfIfOWl","Q8F2x5T73e","H0361","R0361_1","74.0","27","105","실제 노출 로그 / 점수·순위는 실험용"
"XE6haCnfcrI","Q8F2x5T73e","H0305","R0305_1","73.0","28","73","실제 노출 로그 / 점수·순위는 실험용"
"XEVFuumtRiZ","Q8F2x5T73e","H0304","R0304_1","72.0","29","68","실제 노출 로그 / 점수·순위는 실험용"
"XENPWNMBP4t","Q8F2x5T73e","H0248","R0248_1","71.0","30","30","실제 노출 로그 / 점수·순위는 실험용"
"XExnm2vBa5B","Q8F2x5T73e","H0388","R0388_1","70.0","31","13","실제 노출 로그 / 점수·순위는 실험용"
"XELZ7WHOGkB","Q8F2x5T73e","H0332","R0332_1","69.0","32","181","실제 노출 로그 / 점수·순위는 실험용"
"XEA2qSDjxvf","Q8F2x5T73e","H0276","R0276_1","68.0","33","149","실제 노출 로그 / 점수·순위는 실험용"
"XEzrnOccidu","Q8F2x5T73e","H0220","R0220_1","67.0","34","118","실제 노출 로그 / 점수·순위는 실험용"
"XER7j1s8tDH","Q8F2x5T73e","H0360","R0360_1","66.0","35","101","실제 노출 로그 / 점수·순위는 실험용"
"XEMkARy0Mm7","Q8F2x5T73e","H0303","R0303_1","65.0","36","63","실제 노출 로그 / 점수·순위는 실험용"
"XEnd4NPPZ6e","Q8F2x5T73e","H0247","R0247_1","64.0","37","26","실제 노출 로그 / 점수·순위는 실험용"
"XE3LHUzTy3l","Q8F2x5T73e","H0387","R0387_1","63.0","38","9","실제 노출 로그 / 점수·순위는 실험용"
"XEIW5zbteid","Q8F2x5T73e","H0331","R0331_1","62.0","39","177","실제 노출 로그 / 점수·순위는 실험용"
"XE2SbT3IPO7","Q8F2x5T73e","H0275","R0275_1","61.0","40","145","실제 노출 로그 / 점수·순위는 실험용"
"XEoLRduD7T9","Q8F2x5T73e","H0219","R0219_1","60.0","41","114","실제 노출 로그 / 점수·순위는 실험용"
"XEIAWzR8X7R","Q8F2x5T73e","H0359","R0359_1","59.0","42","97","실제 노출 로그 / 점수·순위는 실험용"
"XE7M1ywQSTd","Q8F2x5T73e","H0302","R0302_1","58.0","43","58","실제 노출 로그 / 점수·순위는 실험용"
"XEUg1Xt2q7J","Q8F2x5T73e","H0246","R0246_1","57.0","44","22","실제 노출 로그 / 점수·순위는 실험용"
"XEwA1aK2NE8","Q8F2x5T73e","H0386","R0386_1","56.0","45","5","실제 노출 로그 / 점수·순위는 실험용"
"XENqZaVm1d0","Q8F2x5T73e","H0330","R0330_1","55.0","46","173","실제 노출 로그 / 점수·순위는 실험용"
"XEdtj9HgLYN","Q8F2x5T73e","H0274","R0274_1","54.0","47","141","실제 노출 로그 / 점수·순위는 실험용"
"XElM4G13RXk","Q8F2x5T73e","H0218","R0218_1","53.0","48","110","실제 노출 로그 / 점수·순위는 실험용"
"XEl3idDroYJ","Q8F2x5T73e","H0358","R0358_1","52.0","49","93","실제 노출 로그 / 점수·순위는 실험용"
"XEEN4rnVsPN","Q8F2x5T73e","H0301","R0301_1","51.0","50","53","실제 노출 로그 / 점수·순위는 실험용"
"XE74zOJudrF","Q8F2x5T73e","H0245","R0245_1","50.0","51","18","실제 노출 로그 / 점수·순위는 실험용"
"XEyvJ1MrKPL","Q8F2x5T73e","H0385","R0385_1","49.0","52","1","실제 노출 로그 / 점수·순위는 실험용"
"XEmLGzjLl1b","Q8F2x5T73e","H0329","R0329_1","48.0","53","169","실제 노출 로그 / 점수·순위는 실험용"
"XEtfyNka8ql","Q8F2x5T73e","H0273","R0273_1","47.0","54","137","실제 노출 로그 / 점수·순위는 실험용"
"XEveoJ1DsAq","Q8F2x5T73e","H0217","R0217_1","46.0","55","106","실제 노출 로그 / 점수·순위는 실험용"
"XEI2B2QRt9Z","Q8F2x5T73e","H0357","R0357_1","45.0","56","89","실제 노출 로그 / 점수·순위는 실험용"
"XEDRNTsoig1","Q8F2x5T73e","H0300","R0300_1","44.0","57","49","실제 노출 로그 / 점수·순위는 실험용"
"XECVhuBkxfc","Q8F2x5T73e","H0244","R0244_1","43.0","58","14","실제 노출 로그 / 점수·순위는 실험용"
"XEijo5o5Y2Z","Q8F2x5T73e","H0384","R0384_1","42.0","59","198","실제 노출 로그 / 점수·순위는 실험용"
"XEXdGFT640I","Q8F2x5T73e","H0328","R0328_1","41.0","60","166","실제 노출 로그 / 점수·순위는 실험용"
"XEFVIMGvXRq","Q8F2x5T73e","H0272","R0272_1","40.0","61","134","실제 노출 로그 / 점수·순위는 실험용"
"XEw6Ns7YFJQ","Q8F2x5T73e","H0216","R0216_1","39.0","62","102","실제 노출 로그 / 점수·순위는 실험용"
"XEcW3U5gg4m","Q8F2x5T73e","H0356","R0356_1","38.0","63","86","실제 노출 로그 / 점수·순위는 실험용"
"XEn5ZrkAsgU","Q8F2x5T73e","H0299","R0299_1","37.0","64","44","실제 노출 로그 / 점수·순위는 실험용"
"XEcI1WxvtsL","Q8F2x5T73e","H0243","R0243_1","36.0","65","10","실제 노출 로그 / 점수·순위는 실험용"
"XEtm5yRMFNb","Q8F2x5T73e","H0383","R0383_1","35.0","66","194","실제 노출 로그 / 점수·순위는 실험용"
"XE4HmX4KrIK","Q8F2x5T73e","H0327","R0327_1","34.0","67","162","실제 노출 로그 / 점수·순위는 실험용"
"XEbJ7dRneH6","Q8F2x5T73e","H0271","R0271_1","33.0","68","130","실제 노출 로그 / 점수·순위는 실험용"
"XECyno5fvA4","Q8F2x5T73e","H0215","R0215_1","32.0","69","98","실제 노출 로그 / 점수·순위는 실험용"
"XExUi32l1s0","Q8F2x5T73e","H0355","R0355_1","31.0","70","82","실제 노출 로그 / 점수·순위는 실험용"
"XEY0M70OA6r","Q8F2x5T73e","H0354","R0354_1","30.0","71","78","실제 노출 로그 / 점수·순위는 실험용"
"XE480E1evvY","Q8F2x5T73e","H0298","R0298_1","29.0","72","39","실제 노출 로그 / 점수·순위는 실험용"
"XElk6nvvBlD","Q8F2x5T73e","H0242","R0242_1","28.0","73","6","실제 노출 로그 / 점수·순위는 실험용"
"XEzaxcuCv9c","Q8F2x5T73e","H0382","R0382_1","27.0","74","190","실제 노출 로그 / 점수·순위는 실험용"
"XELjQrip1ck","Q8F2x5T73e","H0326","R0326_1","26.0","75","158","실제 노출 로그 / 점수·순위는 실험용"
"XErqPk1wERq","Q8F2x5T73e","H0270","R0270_1","25.0","76","126","실제 노출 로그 / 점수·순위는 실험용"
"XEZd0KPPNEN","Q8F2x5T73e","H0214","R0214_1","24.0","77","94","실제 노출 로그 / 점수·순위는 실험용"
"XEiP36FvKl1","Q8F2x5T73e","H0353","R0353_1","23.0","78","74","실제 노출 로그 / 점수·순위는 실험용"
"XExlKSpe5Or","Q8F2x5T73e","H0297","R0297_1","22.0","79","34","실제 노출 로그 / 점수·순위는 실험용"
"XEsRqIhB2wK","Q8F2x5T73e","H0241","R0241_1","21.0","80","2","실제 노출 로그 / 점수·순위는 실험용"
"XE9DJUYRDvm","Q8F2x5T73e","H0381","R0381_1","20.0","81","186","실제 노출 로그 / 점수·순위는 실험용"
"XEFmL1TVK2P","Q8F2x5T73e","H0325","R0325_1","19.0","82","154","실제 노출 로그 / 점수·순위는 실험용"
"XEVO0I7tyi4","Q8F2x5T73e","H0269","R0269_1","18.0","83","122","실제 노출 로그 / 점수·순위는 실험용"
"XEriI0v0b8U","Q8F2x5T73e","H0213","R0213_1","17.0","84","90","실제 노출 로그 / 점수·순위는 실험용"
"XEZ24yBeLWJ","Q8F2x5T73e","H0352","R0352_1","16.0","85","69","실제 노출 로그 / 점수·순위는 실험용"
"XEK5qD8l9N0","Q8F2x5T73e","H0296","R0296_1","15.0","86","31","실제 노출 로그 / 점수·순위는 실험용"
"XE6RbEN1mhF","Q8F2x5T73e","H0240","R0240_1","14.0","87","199","실제 노출 로그 / 점수·순위는 실험용"
"XE9r35X3GU1","Q8F2x5T73e","H0380","R0380_1","13.0","88","182","실제 노출 로그 / 점수·순위는 실험용"
"XEN1xthNUUJ","Q8F2x5T73e","H0324","R0324_1","12.0","89","150","실제 노출 로그 / 점수·순위는 실험용"
"XEm4ZcB45jo","Q8F2x5T73e","H0268","R0268_1","11.0","90","119","실제 노출 로그 / 점수·순위는 실험용"
"XEDSRqD3O1P","Q8F2x5T73e","H0212","R0212_1","10.0","91","87","실제 노출 로그 / 점수·순위는 실험용"
"XEs54vHk0oA","Q8F2x5T73e","H0351","R0351_1","9.0","92","64","실제 노출 로그 / 점수·순위는 실험용"
"XEyeB7Izqbd","Q8F2x5T73e","H0295","R0295_1","8.0","93","27","실제 노출 로그 / 점수·순위는 실험용"
"XEszSR1kuHh","Q8F2x5T73e","H0239","R0239_1","7.0","94","195","실제 노출 로그 / 점수·순위는 실험용"
"XE10KNvrjxk","Q8F2x5T73e","H0379","R0379_1","6.0","95","178","실제 노출 로그 / 점수·순위는 실험용"
"XEZ67ToHSZg","Q8F2x5T73e","H0323","R0323_1","5.0","96","146","실제 노출 로그 / 점수·순위는 실험용"
"XEoRV3hGYDu","Q8F2x5T73e","H0267","R0267_1","4.0","97","115","실제 노출 로그 / 점수·순위는 실험용"
"XEi7Ja7NKOX","Q8F2x5T73e","H0211","R0211_1","3.0","98","83","실제 노출 로그 / 점수·순위는 실험용"
"XETUd8VXP7U","Q8F2x5T73e","H0350","R0350_1","2.0","99","59","실제 노출 로그 / 점수·순위는 실험용"
"XEJNHDGS52E","Q8F2x5T73e","H0294","R0294_1","1.0","100","23","실제 노출 로그 / 점수·순위는 실험용"
"XEOQ5kmNfL5","Q8F2x5T73e","H0238","R0238_1","0.0","101","191","실제 노출 로그 / 점수·순위는 실험용"
"XEMU4o7XJ0d","Q8F2x5T73e","H0378","R0378_1","0.0","102","174","실제 노출 로그 / 점수·순위는 실험용"
"XEoge5cg49m","Q8F2x5T73e","H0322","R0322_1","0.0","103","142","실제 노출 로그 / 점수·순위는 실험용"
"XEV4XIKk1x1","Q8F2x5T73e","H0266","R0266_1","0.0","104","111","실제 노출 로그 / 점수·순위는 실험용"
"XEZ5JTp8yI5","Q8F2x5T73e","H0210","R0210_1","0.0","105","79","실제 노출 로그 / 점수·순위는 실험용"
"XEeKswN5q5j","Q8F2x5T73e","H0349","R0349_1","0.0","106","54","실제 노출 로그 / 점수·순위는 실험용"
"XEgi2XQTaax","Q8F2x5T73e","H0293","R0293_1","0.0","107","19","실제 노출 로그 / 점수·순위는 실험용"
"XETT0oJi0xY","Q8F2x5T73e","H0237","R0237_1","0.0","108","187","실제 노출 로그 / 점수·순위는 실험용"
"XEi9ZHA9oQ5","Q8F2x5T73e","H0377","R0377_1","0.0","109","170","실제 노출 로그 / 점수·순위는 실험용"
"XEKa8UkPaVW","Q8F2x5T73e","H0321","R0321_1","0.0","110","138","실제 노출 로그 / 점수·순위는 실험용"
"XENFvvWc5gS","Q8F2x5T73e","H0265","R0265_1","0.0","111","107","실제 노출 로그 / 점수·순위는 실험용"
"XEMJSgfRctX","Q8F2x5T73e","H0209","R0209_1","0.0","112","75","실제 노출 로그 / 점수·순위는 실험용"
"XE2lzcvd96h","Q8F2x5T73e","H0348","R0348_1","0.0","113","50","실제 노출 로그 / 점수·순위는 실험용"
"XEK9jutSeGa","Q8F2x5T73e","H0292","R0292_1","0.0","114","15","실제 노출 로그 / 점수·순위는 실험용"
"XELyGnsn0Fp","Q8F2x5T73e","H0236","R0236_1","0.0","115","183","실제 노출 로그 / 점수·순위는 실험용"
"XEuV5v5aQyp","Q8F2x5T73e","H0376","R0376_1","0.0","116","167","실제 노출 로그 / 점수·순위는 실험용"
"XE2mhIS7sCS","Q8F2x5T73e","H0320","R0320_1","0.0","117","135","실제 노출 로그 / 점수·순위는 실험용"
"XEOUEZ1vH1k","Q8F2x5T73e","H0264","R0264_1","0.0","118","103","실제 노출 로그 / 점수·순위는 실험용"
"XEaRSRFvzhP","Q8F2x5T73e","H0208","R0208_1","0.0","119","70","실제 노출 로그 / 점수·순위는 실험용"
"XErVvKe9FfU","Q8F2x5T73e","H0347","R0347_1","0.0","120","45","실제 노출 로그 / 점수·순위는 실험용"
"XEwFc1oSlYI","Q8F2x5T73e","H0291","R0291_1","0.0","121","11","실제 노출 로그 / 점수·순위는 실험용"
"XEO52cCEI8v","Q8F2x5T73e","H0235","R0235_1","0.0","122","179","실제 노출 로그 / 점수·순위는 실험용"
"XEp9gBIOk6X","Q8F2x5T73e","H0375","R0375_1","0.0","123","163","실제 노출 로그 / 점수·순위는 실험용"
"XEHC4nZvW7o","Q8F2x5T73e","H0319","R0319_1","0.0","124","131","실제 노출 로그 / 점수·순위는 실험용"
"XE1vJ9A7fV5","Q8F2x5T73e","H0263","R0263_1","0.0","125","99","실제 노출 로그 / 점수·순위는 실험용"
"XEUsDq7Rw2Z","Q8F2x5T73e","H0207","R0207_1","0.0","126","65","실제 노출 로그 / 점수·순위는 실험용"
"XEUQqvjYy5o","Q8F2x5T73e","H0346","R0346_1","0.0","127","40","실제 노출 로그 / 점수·순위는 실험용"
"XEN6S2KWE0a","Q8F2x5T73e","H0290","R0290_1","0.0","128","7","실제 노출 로그 / 점수·순위는 실험용"
"XEIvP22pVXP","Q8F2x5T73e","H0234","R0234_1","0.0","129","175","실제 노출 로그 / 점수·순위는 실험용"
"XELQ6S9xUn2","Q8F2x5T73e","H0374","R0374_1","0.0","130","159","실제 노출 로그 / 점수·순위는 실험용"
"XEY4GZ8TYvO","Q8F2x5T73e","H0318","R0318_1","0.0","131","127","실제 노출 로그 / 점수·순위는 실험용"
"XEzM8Bw1FEC","Q8F2x5T73e","H0262","R0262_1","0.0","132","95","실제 노출 로그 / 점수·순위는 실험용"
"XEw1MXdBQVE","Q8F2x5T73e","H0206","R0206_1","0.0","133","60","실제 노출 로그 / 점수·순위는 실험용"
"XECv9bNM2af","Q8F2x5T73e","H0345","R0345_1","0.0","134","35","실제 노출 로그 / 점수·순위는 실험용"
"XEr3XHfHrkD","Q8F2x5T73e","H0289","R0289_1","0.0","135","3","실제 노출 로그 / 점수·순위는 실험용"
"XE0cWxF6F5f","Q8F2x5T73e","H0233","R0233_1","0.0","136","171","실제 노출 로그 / 점수·순위는 실험용"
"XEmPlCUNs72","Q8F2x5T73e","H0373","R0373_1","0.0","137","155","실제 노출 로그 / 점수·순위는 실험용"
"XE7eLuTNHpf","Q8F2x5T73e","H0317","R0317_1","0.0","138","123","실제 노출 로그 / 점수·순위는 실험용"
"XEsT87dMh4s","Q8F2x5T73e","H0261","R0261_1","0.0","139","91","실제 노출 로그 / 점수·순위는 실험용"
"XEZ1NAkjDqi","Q8F2x5T73e","H0205","R0205_1","0.0","140","55","실제 노출 로그 / 점수·순위는 실험용"
"XE6BG90h67r","Q8F2x5T73e","H0400","R0400_1","0.0","141","71","실제 노출 로그 / 점수·순위는 실험용"
"XEZEh9QOxcX","Q8F2x5T73e","H0344","R0344_1","0.0","142","32","실제 노출 로그 / 점수·순위는 실험용"
"XEHOKNRX6Qb","Q8F2x5T73e","H0288","R0288_1","0.0","143","200","실제 노출 로그 / 점수·순위는 실험용"
"XEnxxfmf3qF","Q8F2x5T73e","H0232","R0232_1","0.0","144","168","실제 노출 로그 / 점수·순위는 실험용"
"XE86LSG3dF5","Q8F2x5T73e","H0372","R0372_1","0.0","145","151","실제 노출 로그 / 점수·순위는 실험용"
"XECpaivW8Yb","Q8F2x5T73e","H0316","R0316_1","0.0","146","120","실제 노출 로그 / 점수·순위는 실험용"
"XEcmIfToIEi","Q8F2x5T73e","H0260","R0260_1","0.0","147","88","실제 노출 로그 / 점수·순위는 실험용"
"XEFVuR5RCjr","Q8F2x5T73e","H0204","R0204_1","0.0","148","51","실제 노출 로그 / 점수·순위는 실험용"
"XEHoEpLg7wV","Q8F2x5T73e","H0203","R0203_1","0.0","149","46","실제 노출 로그 / 점수·순위는 실험용"
"XEDmHm37LWW","Q8F2x5T73e","H0399","R0399_1","0.0","150","66","실제 노출 로그 / 점수·순위는 실험용"
"XE4iSU4UCQD","Q8F2x5T73e","H0343","R0343_1","0.0","151","28","실제 노출 로그 / 점수·순위는 실험용"
"XEXLt4KksvN","Q8F2x5T73e","H0287","R0287_1","0.0","152","196","실제 노출 로그 / 점수·순위는 실험용"
"XEXf3ffxy12","Q8F2x5T73e","H0231","R0231_1","0.0","153","164","실제 노출 로그 / 점수·순위는 실험용"
"XEvxaXSqRZ9","Q8F2x5T73e","H0371","R0371_1","0.0","154","147","실제 노출 로그 / 점수·순위는 실험용"
"XEqiXw9Oo83","Q8F2x5T73e","H0315","R0315_1","0.0","155","116","실제 노출 로그 / 점수·순위는 실험용"
"XEuSBexTTQQ","Q8F2x5T73e","H0259","R0259_1","0.0","156","84","실제 노출 로그 / 점수·순위는 실험용"
"XEjJ4byvI3T","Q8F2x5T73e","H0202","R0202_1","0.0","157","41","실제 노출 로그 / 점수·순위는 실험용"
"XEavalpHMU4","Q8F2x5T73e","H0398","R0398_1","0.0","158","61","실제 노출 로그 / 점수·순위는 실험용"
"XEhD5XRj1pr","Q8F2x5T73e","H0342","R0342_1","0.0","159","24","실제 노출 로그 / 점수·순위는 실험용"
"XEdSzIcBt0S","Q8F2x5T73e","H0286","R0286_1","0.0","160","192","실제 노출 로그 / 점수·순위는 실험용"
"XEcF6PvVZsq","Q8F2x5T73e","H0230","R0230_1","0.0","161","160","실제 노출 로그 / 점수·순위는 실험용"
"XEW7b93HvrJ","Q8F2x5T73e","H0370","R0370_1","0.0","162","143","실제 노출 로그 / 점수·순위는 실험용"
"XE1ZUwfSckX","Q8F2x5T73e","H0314","R0314_1","0.0","163","112","실제 노출 로그 / 점수·순위는 실험용"
"XEpQY9spc7H","Q8F2x5T73e","H0258","R0258_1","0.0","164","80","실제 노출 로그 / 점수·순위는 실험용"
"XE2z0JyWrHv","Q8F2x5T73e","H0201","R0201_1","0.0","165","36","실제 노출 로그 / 점수·순위는 실험용"
"XEIJi2vFJXY","Q8F2x5T73e","H0397","R0397_1","0.0","166","56","실제 노출 로그 / 점수·순위는 실험용"
"XE7ks94Re0G","Q8F2x5T73e","H0341","R0341_1","0.0","167","20","실제 노출 로그 / 점수·순위는 실험용"
"XEwu1Gdxjx2","Q8F2x5T73e","H0285","R0285_1","0.0","168","188","실제 노출 로그 / 점수·순위는 실험용"
"XENWmP1zQo7","Q8F2x5T73e","H0229","R0229_1","0.0","169","156","실제 노출 로그 / 점수·순위는 실험용"
"XEqimZxnGbT","Q8F2x5T73e","H0369","R0369_1","0.0","170","139","실제 노출 로그 / 점수·순위는 실험용"
"XEGBAdMOVzb","Q8F2x5T73e","H0313","R0313_1","0.0","171","108","실제 노출 로그 / 점수·순위는 실험용"
"XEb1b3FBNN1","Q8F2x5T73e","H0257","R0257_1","0.0","172","76","실제 노출 로그 / 점수·순위는 실험용"
"XE1KR7mVZNV","Q8F2x5T73e","H0396","R0396_1","0.0","173","52","실제 노출 로그 / 점수·순위는 실험용"
"XEos6yi7FOL","Q8F2x5T73e","H0340","R0340_1","0.0","174","16","실제 노출 로그 / 점수·순위는 실험용"
"XEjI5UQ31TU","Q8F2x5T73e","H0284","R0284_1","0.0","175","184","실제 노출 로그 / 점수·순위는 실험용"
"XEVKNkMIGKe","Q8F2x5T73e","H0228","R0228_1","0.0","176","152","실제 노출 로그 / 점수·순위는 실험용"
"XEdKbYFkIoa","Q8F2x5T73e","H0368","R0368_1","0.0","177","136","실제 노출 로그 / 점수·순위는 실험용"
"XEFZOrEU4dX","Q8F2x5T73e","H0312","R0312_1","0.0","178","104","실제 노출 로그 / 점수·순위는 실험용"
"XERy0nmdnrb","Q8F2x5T73e","H0256","R0256_1","0.0","179","72","실제 노출 로그 / 점수·순위는 실험용"
"XEIXUS6tk9u","Q8F2x5T73e","H0395","R0395_1","0.0","180","47","실제 노출 로그 / 점수·순위는 실험용"
"XE9asIlqEY7","Q8F2x5T73e","H0339","R0339_1","0.0","181","12","실제 노출 로그 / 점수·순위는 실험용"
"XEpBG85LKRq","Q8F2x5T73e","H0283","R0283_1","0.0","182","180","실제 노출 로그 / 점수·순위는 실험용"
"XEOLMvaCgk5","Q8F2x5T73e","H0227","R0227_1","0.0","183","148","실제 노출 로그 / 점수·순위는 실험용"
"XED95uoibvy","Q8F2x5T73e","H0367","R0367_1","0.0","184","132","실제 노출 로그 / 점수·순위는 실험용"
"XEe5GEIEcG9","Q8F2x5T73e","H0311","R0311_1","0.0","185","100","실제 노출 로그 / 점수·순위는 실험용"
"XEqKceygrBV","Q8F2x5T73e","H0255","R0255_1","0.0","186","67","실제 노출 로그 / 점수·순위는 실험용"
"XEv4wRZqrCP","Q8F2x5T73e","H0394","R0394_1","0.0","187","42","실제 노출 로그 / 점수·순위는 실험용"
"XE3pPfzjoT3","Q8F2x5T73e","H0338","R0338_1","0.0","188","8","실제 노출 로그 / 점수·순위는 실험용"
"XEo8WMW0XCP","Q8F2x5T73e","H0282","R0282_1","0.0","189","176","실제 노출 로그 / 점수·순위는 실험용"
"XEliZ7NIEvu","Q8F2x5T73e","H0226","R0226_1","0.0","190","144","실제 노출 로그 / 점수·순위는 실험용"
"XE76r4PZacF","Q8F2x5T73e","H0366","R0366_1","0.0","191","128","실제 노출 로그 / 점수·순위는 실험용"
"XEb4n2ckGa4","Q8F2x5T73e","H0310","R0310_1","0.0","192","96","실제 노출 로그 / 점수·순위는 실험용"
"XEH1Lxe6zuY","Q8F2x5T73e","H0254","R0254_1","0.0","193","62","실제 노출 로그 / 점수·순위는 실험용"
"XE4Ny67qyIi","Q8F2x5T73e","H0253","R0253_1","0.0","194","57","실제 노출 로그 / 점수·순위는 실험용"
"XEsqp2BAGsB","Q8F2x5T73e","H0393","R0393_1","0.0","195","37","실제 노출 로그 / 점수·순위는 실험용"
"XEznC0hJPAn","Q8F2x5T73e","H0337","R0337_1","0.0","196","4","실제 노출 로그 / 점수·순위는 실험용"
"XEho337ZoeH","Q8F2x5T73e","H0281","R0281_1","0.0","197","172","실제 노출 로그 / 점수·순위는 실험용"
"XEtWkbk845W","Q8F2x5T73e","H0225","R0225_1","0.0","198","140","실제 노출 로그 / 점수·순위는 실험용"
"XEorIiRWIkM","Q8F2x5T73e","H0365","R0365_1","0.0","199","124","실제 노출 로그 / 점수·순위는 실험용"
"XEcL89fEgpG","Q8F2x5T73e","H0309","R0309_1","0.0","200","92","실제 노출 로그 / 점수·순위는 실험용"
"XE0okBLrXMb","Qt0WKa0SLV","H0252","R0252_1","100.0","1","48","실제 노출 로그 / 점수·순위는 실험용"
"XET4QxW8htQ","Qt0WKa0SLV","H0392","R0392_1","99.0","2","29","실제 노출 로그 / 점수·순위는 실험용"
"XEpLzBfkVzH","Qt0WKa0SLV","H0336","R0336_1","98.0","3","197","실제 노출 로그 / 점수·순위는 실험용"
"XEMsX5au0yD","Qt0WKa0SLV","H0280","R0280_1","97.0","4","165","실제 노출 로그 / 점수·순위는 실험용"
"XEuKD5ye4em","Qt0WKa0SLV","H0224","R0224_1","96.0","5","133","실제 노출 로그 / 점수·순위는 실험용"
"XE3rmu5dpxh","Qt0WKa0SLV","H0364","R0364_1","95.0","6","117","실제 노출 로그 / 점수·순위는 실험용"
"XEu42FPeMEC","Qt0WKa0SLV","H0308","R0308_1","94.0","7","85","실제 노출 로그 / 점수·순위는 실험용"
"XEyPwV6j05L","Qt0WKa0SLV","H0251","R0251_1","93.0","8","43","실제 노출 로그 / 점수·순위는 실험용"
"XEBi8rmTop6","Qt0WKa0SLV","H0391","R0391_1","92.0","9","25","실제 노출 로그 / 점수·순위는 실험용"
"XE1A2k3FPDK","Qt0WKa0SLV","H0335","R0335_1","91.0","10","193","실제 노출 로그 / 점수·순위는 실험용"
"XEF9mG0j0zx","Qt0WKa0SLV","H0279","R0279_1","90.0","11","161","실제 노출 로그 / 점수·순위는 실험용"
"XE4GQWiDN2v","Qt0WKa0SLV","H0223","R0223_1","89.0","12","129","실제 노출 로그 / 점수·순위는 실험용"
"XEgN6IckqNh","Qt0WKa0SLV","H0363","R0363_1","88.0","13","113","실제 노출 로그 / 점수·순위는 실험용"
"XEiT5cmZCHO","Qt0WKa0SLV","H0307","R0307_1","87.0","14","81","실제 노출 로그 / 점수·순위는 실험용"
"XEJcLBBzBnK","Qt0WKa0SLV","H0250","R0250_1","86.0","15","38","실제 노출 로그 / 점수·순위는 실험용"
"XEUQpoLelJl","Qt0WKa0SLV","H0390","R0390_1","85.0","16","21","실제 노출 로그 / 점수·순위는 실험용"
"XEv93HlaGeb","Qt0WKa0SLV","H0334","R0334_1","84.0","17","189","실제 노출 로그 / 점수·순위는 실험용"
"XEIawdjKZjW","Qt0WKa0SLV","H0278","R0278_1","83.0","18","157","실제 노출 로그 / 점수·순위는 실험용"
"XEyguGJg5Bm","Qt0WKa0SLV","H0222","R0222_1","82.0","19","125","실제 노출 로그 / 점수·순위는 실험용"
"XEyX2N4eN1g","Qt0WKa0SLV","H0362","R0362_1","81.0","20","109","실제 노출 로그 / 점수·순위는 실험용"
"XE4VolPwVBR","Qt0WKa0SLV","H0306","R0306_1","80.0","21","77","실제 노출 로그 / 점수·순위는 실험용"
"XEEtc0vXbJm","Qt0WKa0SLV","H0249","R0249_1","79.0","22","33","실제 노출 로그 / 점수·순위는 실험용"
"XE5wJ3tDsis","Qt0WKa0SLV","H0389","R0389_1","78.0","23","17","실제 노출 로그 / 점수·순위는 실험용"
"XEeFDIsb0s0","Qt0WKa0SLV","H0333","R0333_1","77.0","24","185","실제 노출 로그 / 점수·순위는 실험용"
"XEMtH9VyJLX","Qt0WKa0SLV","H0277","R0277_1","76.0","25","153","실제 노출 로그 / 점수·순위는 실험용"
"XEcZwOS1Vi0","Qt0WKa0SLV","H0221","R0221_1","75.0","26","121","실제 노출 로그 / 점수·순위는 실험용"
"XEhQmScQqJN","Qt0WKa0SLV","H0361","R0361_1","74.0","27","105","실제 노출 로그 / 점수·순위는 실험용"
"XEBD4VlO6MI","Qt0WKa0SLV","H0305","R0305_1","73.0","28","73","실제 노출 로그 / 점수·순위는 실험용"
"XEOy36XS3zM","Qt0WKa0SLV","H0304","R0304_1","72.0","29","68","실제 노출 로그 / 점수·순위는 실험용"
"XEwafWXVEQI","Qt0WKa0SLV","H0248","R0248_1","71.0","30","30","실제 노출 로그 / 점수·순위는 실험용"
"XEmylQcfgBx","Qt0WKa0SLV","H0388","R0388_1","70.0","31","13","실제 노출 로그 / 점수·순위는 실험용"
"XEcs3vhWDSx","Qt0WKa0SLV","H0332","R0332_1","69.0","32","181","실제 노출 로그 / 점수·순위는 실험용"
"XEuCmlWusyY","Qt0WKa0SLV","H0276","R0276_1","68.0","33","149","실제 노출 로그 / 점수·순위는 실험용"
"XEP04Bi1C06","Qt0WKa0SLV","H0220","R0220_1","67.0","34","118","실제 노출 로그 / 점수·순위는 실험용"
"XEs6g23S1pl","Qt0WKa0SLV","H0360","R0360_1","66.0","35","101","실제 노출 로그 / 점수·순위는 실험용"
"XEQCmQstmee","Qt0WKa0SLV","H0303","R0303_1","65.0","36","63","실제 노출 로그 / 점수·순위는 실험용"
"XEgtnHsod2i","Qt0WKa0SLV","H0247","R0247_1","64.0","37","26","실제 노출 로그 / 점수·순위는 실험용"
"XEfgg5o2BwN","Qt0WKa0SLV","H0387","R0387_1","63.0","38","9","실제 노출 로그 / 점수·순위는 실험용"
"XEb6xFZrEHd","Qt0WKa0SLV","H0331","R0331_1","62.0","39","177","실제 노출 로그 / 점수·순위는 실험용"
"XEHor3X9wAS","Qt0WKa0SLV","H0275","R0275_1","61.0","40","145","실제 노출 로그 / 점수·순위는 실험용"
"XET1UYGQfOy","Qt0WKa0SLV","H0219","R0219_1","60.0","41","114","실제 노출 로그 / 점수·순위는 실험용"
"XEb4w9IGTiv","Qt0WKa0SLV","H0359","R0359_1","59.0","42","97","실제 노출 로그 / 점수·순위는 실험용"
"XE64C0un6G0","Qt0WKa0SLV","H0302","R0302_1","58.0","43","58","실제 노출 로그 / 점수·순위는 실험용"
"XEijh3NOHmS","Qt0WKa0SLV","H0246","R0246_1","57.0","44","22","실제 노출 로그 / 점수·순위는 실험용"
"XEiYmNYHHPh","Qt0WKa0SLV","H0386","R0386_1","56.0","45","5","실제 노출 로그 / 점수·순위는 실험용"
"XEN2cdtHf4t","Qt0WKa0SLV","H0330","R0330_1","55.0","46","173","실제 노출 로그 / 점수·순위는 실험용"
"XE8nDc8RnYe","Qt0WKa0SLV","H0274","R0274_1","54.0","47","141","실제 노출 로그 / 점수·순위는 실험용"
"XE4wq7MThqK","Qt0WKa0SLV","H0218","R0218_1","53.0","48","110","실제 노출 로그 / 점수·순위는 실험용"
"XE7sE2QQXAy","Qt0WKa0SLV","H0358","R0358_1","52.0","49","93","실제 노출 로그 / 점수·순위는 실험용"
"XEDz30yzfU3","Qt0WKa0SLV","H0301","R0301_1","51.0","50","53","실제 노출 로그 / 점수·순위는 실험용"
"XErf5Zbf4h8","Qt0WKa0SLV","H0245","R0245_1","50.0","51","18","실제 노출 로그 / 점수·순위는 실험용"
"XEJjPvi287Q","Qt0WKa0SLV","H0385","R0385_1","49.0","52","1","실제 노출 로그 / 점수·순위는 실험용"
"XEJ9JDxTJGr","Qt0WKa0SLV","H0329","R0329_1","48.0","53","169","실제 노출 로그 / 점수·순위는 실험용"
"XEw6EtDVUsN","Qt0WKa0SLV","H0273","R0273_1","47.0","54","137","실제 노출 로그 / 점수·순위는 실험용"
"XEjba0LcITI","Qt0WKa0SLV","H0217","R0217_1","46.0","55","106","실제 노출 로그 / 점수·순위는 실험용"
"XEcCW9hhSm5","Qt0WKa0SLV","H0357","R0357_1","45.0","56","89","실제 노출 로그 / 점수·순위는 실험용"
"XEvc8EqsQUH","Qt0WKa0SLV","H0300","R0300_1","44.0","57","49","실제 노출 로그 / 점수·순위는 실험용"
"XEUplCtK4wW","Qt0WKa0SLV","H0244","R0244_1","43.0","58","14","실제 노출 로그 / 점수·순위는 실험용"
"XEf54LPT9pz","Qt0WKa0SLV","H0384","R0384_1","42.0","59","198","실제 노출 로그 / 점수·순위는 실험용"
"XEPiDp7pGiD","Qt0WKa0SLV","H0328","R0328_1","41.0","60","166","실제 노출 로그 / 점수·순위는 실험용"
"XElEKCR4IG0","Qt0WKa0SLV","H0272","R0272_1","40.0","61","134","실제 노출 로그 / 점수·순위는 실험용"
"XEpj1V9BqRX","Qt0WKa0SLV","H0216","R0216_1","39.0","62","102","실제 노출 로그 / 점수·순위는 실험용"
"XECLB0gRz7K","Qt0WKa0SLV","H0356","R0356_1","38.0","63","86","실제 노출 로그 / 점수·순위는 실험용"
"XEPj8PYq0bU","Qt0WKa0SLV","H0299","R0299_1","37.0","64","44","실제 노출 로그 / 점수·순위는 실험용"
"XEUbd4g0pzy","Qt0WKa0SLV","H0243","R0243_1","36.0","65","10","실제 노출 로그 / 점수·순위는 실험용"
"XEHjet6DLd2","Qt0WKa0SLV","H0383","R0383_1","35.0","66","194","실제 노출 로그 / 점수·순위는 실험용"
"XEVrsdsmRRx","Qt0WKa0SLV","H0327","R0327_1","34.0","67","162","실제 노출 로그 / 점수·순위는 실험용"
"XEEZhxKzZdL","Qt0WKa0SLV","H0271","R0271_1","33.0","68","130","실제 노출 로그 / 점수·순위는 실험용"
"XESwInXAdM4","Qt0WKa0SLV","H0215","R0215_1","32.0","69","98","실제 노출 로그 / 점수·순위는 실험용"
"XEgCtl0RBbS","Qt0WKa0SLV","H0355","R0355_1","31.0","70","82","실제 노출 로그 / 점수·순위는 실험용"
"XEYiK7FIWy0","Qt0WKa0SLV","H0354","R0354_1","30.0","71","78","실제 노출 로그 / 점수·순위는 실험용"
"XE2zagZd3t7","Qt0WKa0SLV","H0298","R0298_1","29.0","72","39","실제 노출 로그 / 점수·순위는 실험용"
"XEvggoOtIEv","Qt0WKa0SLV","H0242","R0242_1","28.0","73","6","실제 노출 로그 / 점수·순위는 실험용"
"XEVNoedb37b","Qt0WKa0SLV","H0382","R0382_1","27.0","74","190","실제 노출 로그 / 점수·순위는 실험용"
"XEJPh7WPzGg","Qt0WKa0SLV","H0326","R0326_1","26.0","75","158","실제 노출 로그 / 점수·순위는 실험용"
"XEcRgTFkGsB","Qt0WKa0SLV","H0270","R0270_1","25.0","76","126","실제 노출 로그 / 점수·순위는 실험용"
"XECbhsUeJ96","Qt0WKa0SLV","H0214","R0214_1","24.0","77","94","실제 노출 로그 / 점수·순위는 실험용"
"XEsR4oXH1vC","Qt0WKa0SLV","H0353","R0353_1","23.0","78","74","실제 노출 로그 / 점수·순위는 실험용"
"XEBI4iGSgTh","Qt0WKa0SLV","H0297","R0297_1","22.0","79","34","실제 노출 로그 / 점수·순위는 실험용"
"XE4FIkfyfh9","Qt0WKa0SLV","H0241","R0241_1","21.0","80","2","실제 노출 로그 / 점수·순위는 실험용"
"XEn4S8bWaol","Qt0WKa0SLV","H0381","R0381_1","20.0","81","186","실제 노출 로그 / 점수·순위는 실험용"
"XEvomb7HX0v","Qt0WKa0SLV","H0325","R0325_1","19.0","82","154","실제 노출 로그 / 점수·순위는 실험용"
"XEp8gXEiWit","Qt0WKa0SLV","H0269","R0269_1","18.0","83","122","실제 노출 로그 / 점수·순위는 실험용"
"XEprZhX3vJQ","Qt0WKa0SLV","H0213","R0213_1","17.0","84","90","실제 노출 로그 / 점수·순위는 실험용"
"XE3BSYMWwEm","Qt0WKa0SLV","H0352","R0352_1","16.0","85","69","실제 노출 로그 / 점수·순위는 실험용"
"XEZUr3KOaxF","Qt0WKa0SLV","H0296","R0296_1","15.0","86","31","실제 노출 로그 / 점수·순위는 실험용"
"XE7O4WSxB1Y","Qt0WKa0SLV","H0240","R0240_1","14.0","87","199","실제 노출 로그 / 점수·순위는 실험용"
"XEePrykeO1B","Qt0WKa0SLV","H0380","R0380_1","13.0","88","182","실제 노출 로그 / 점수·순위는 실험용"
"XEejoIJQx50","Qt0WKa0SLV","H0324","R0324_1","12.0","89","150","실제 노출 로그 / 점수·순위는 실험용"
"XEbIEBo0VI6","Qt0WKa0SLV","H0268","R0268_1","11.0","90","119","실제 노출 로그 / 점수·순위는 실험용"
"XE0e2iY254n","Qt0WKa0SLV","H0212","R0212_1","10.0","91","87","실제 노출 로그 / 점수·순위는 실험용"
"XEOgE4ATk67","Qt0WKa0SLV","H0351","R0351_1","9.0","92","64","실제 노출 로그 / 점수·순위는 실험용"
"XEMgSTXQN6G","Qt0WKa0SLV","H0295","R0295_1","8.0","93","27","실제 노출 로그 / 점수·순위는 실험용"
"XEusCcWrXaO","Qt0WKa0SLV","H0239","R0239_1","7.0","94","195","실제 노출 로그 / 점수·순위는 실험용"
"XEH8wkeXUcS","Qt0WKa0SLV","H0379","R0379_1","6.0","95","178","실제 노출 로그 / 점수·순위는 실험용"
"XEej31slHgy","Qt0WKa0SLV","H0323","R0323_1","5.0","96","146","실제 노출 로그 / 점수·순위는 실험용"
"XEnmug3NDGW","Qt0WKa0SLV","H0267","R0267_1","4.0","97","115","실제 노출 로그 / 점수·순위는 실험용"
"XEdqqy0dJ0U","Qt0WKa0SLV","H0211","R0211_1","3.0","98","83","실제 노출 로그 / 점수·순위는 실험용"
"XEUhrES1lM9","Qt0WKa0SLV","H0350","R0350_1","2.0","99","59","실제 노출 로그 / 점수·순위는 실험용"
"XEbyt82uJ4b","Qt0WKa0SLV","H0294","R0294_1","1.0","100","23","실제 노출 로그 / 점수·순위는 실험용"
"XEDe4pS3Cda","Qt0WKa0SLV","H0238","R0238_1","0.0","101","191","실제 노출 로그 / 점수·순위는 실험용"
"XEZXB18erpi","Qt0WKa0SLV","H0378","R0378_1","0.0","102","174","실제 노출 로그 / 점수·순위는 실험용"
"XERf9DIWEPf","Qt0WKa0SLV","H0322","R0322_1","0.0","103","142","실제 노출 로그 / 점수·순위는 실험용"
"XE40zbeOPCA","Qt0WKa0SLV","H0266","R0266_1","0.0","104","111","실제 노출 로그 / 점수·순위는 실험용"
"XErAgCi3YxV","Qt0WKa0SLV","H0210","R0210_1","0.0","105","79","실제 노출 로그 / 점수·순위는 실험용"
"XE8VGKvw1I0","Qt0WKa0SLV","H0349","R0349_1","0.0","106","54","실제 노출 로그 / 점수·순위는 실험용"
"XEsPzD5rgAe","Qt0WKa0SLV","H0293","R0293_1","0.0","107","19","실제 노출 로그 / 점수·순위는 실험용"
"XE4pGmYzd2o","Qt0WKa0SLV","H0237","R0237_1","0.0","108","187","실제 노출 로그 / 점수·순위는 실험용"
"XEf5OFGP0Fn","Qt0WKa0SLV","H0377","R0377_1","0.0","109","170","실제 노출 로그 / 점수·순위는 실험용"
"XEkuVm7C1jH","Qt0WKa0SLV","H0321","R0321_1","0.0","110","138","실제 노출 로그 / 점수·순위는 실험용"
"XEPmXXBmwoC","Qt0WKa0SLV","H0265","R0265_1","0.0","111","107","실제 노출 로그 / 점수·순위는 실험용"
"XEpQGW8r0ud","Qt0WKa0SLV","H0209","R0209_1","0.0","112","75","실제 노출 로그 / 점수·순위는 실험용"
"XEjDg6NF2Kr","Qt0WKa0SLV","H0348","R0348_1","0.0","113","50","실제 노출 로그 / 점수·순위는 실험용"
"XE6iYO1rA43","Qt0WKa0SLV","H0292","R0292_1","0.0","114","15","실제 노출 로그 / 점수·순위는 실험용"
"XEwg6YtCU12","Qt0WKa0SLV","H0236","R0236_1","0.0","115","183","실제 노출 로그 / 점수·순위는 실험용"
"XEcLXQlWkc5","Qt0WKa0SLV","H0376","R0376_1","0.0","116","167","실제 노출 로그 / 점수·순위는 실험용"
"XENLqJr8qdY","Qt0WKa0SLV","H0320","R0320_1","0.0","117","135","실제 노출 로그 / 점수·순위는 실험용"
"XEqYWOx7v8g","Qt0WKa0SLV","H0264","R0264_1","0.0","118","103","실제 노출 로그 / 점수·순위는 실험용"
"XE3JWJCc7km","Qt0WKa0SLV","H0208","R0208_1","0.0","119","70","실제 노출 로그 / 점수·순위는 실험용"
"XE6QU9HMxYF","Qt0WKa0SLV","H0347","R0347_1","0.0","120","45","실제 노출 로그 / 점수·순위는 실험용"
"XE3z4pRhRXS","Qt0WKa0SLV","H0291","R0291_1","0.0","121","11","실제 노출 로그 / 점수·순위는 실험용"
"XEaaTbQTPi2","Qt0WKa0SLV","H0235","R0235_1","0.0","122","179","실제 노출 로그 / 점수·순위는 실험용"
"XE79UP9Ly7m","Qt0WKa0SLV","H0375","R0375_1","0.0","123","163","실제 노출 로그 / 점수·순위는 실험용"
"XEqQCGaQFtx","Qt0WKa0SLV","H0319","R0319_1","0.0","124","131","실제 노출 로그 / 점수·순위는 실험용"
"XEp4FxzoVpN","Qt0WKa0SLV","H0263","R0263_1","0.0","125","99","실제 노출 로그 / 점수·순위는 실험용"
"XExPgRUxD4r","Qt0WKa0SLV","H0207","R0207_1","0.0","126","65","실제 노출 로그 / 점수·순위는 실험용"
"XET1FEXPRL5","Qt0WKa0SLV","H0346","R0346_1","0.0","127","40","실제 노출 로그 / 점수·순위는 실험용"
"XE57gxyaKgJ","Qt0WKa0SLV","H0290","R0290_1","0.0","128","7","실제 노출 로그 / 점수·순위는 실험용"
"XEBiFHhTqIn","Qt0WKa0SLV","H0234","R0234_1","0.0","129","175","실제 노출 로그 / 점수·순위는 실험용"
"XEG3uPWkZWX","Qt0WKa0SLV","H0374","R0374_1","0.0","130","159","실제 노출 로그 / 점수·순위는 실험용"
"XEE3Og092Jb","Qt0WKa0SLV","H0318","R0318_1","0.0","131","127","실제 노출 로그 / 점수·순위는 실험용"
"XEXNJzRDL4T","Qt0WKa0SLV","H0262","R0262_1","0.0","132","95","실제 노출 로그 / 점수·순위는 실험용"
"XE5CaYZpUPs","Qt0WKa0SLV","H0206","R0206_1","0.0","133","60","실제 노출 로그 / 점수·순위는 실험용"
"XEeIwrYxpGw","Qt0WKa0SLV","H0345","R0345_1","0.0","134","35","실제 노출 로그 / 점수·순위는 실험용"
"XE0Nh9S82aD","Qt0WKa0SLV","H0289","R0289_1","0.0","135","3","실제 노출 로그 / 점수·순위는 실험용"
"XEuTBdOt5nf","Qt0WKa0SLV","H0233","R0233_1","0.0","136","171","실제 노출 로그 / 점수·순위는 실험용"
"XEW0ua5c0S7","Qt0WKa0SLV","H0373","R0373_1","0.0","137","155","실제 노출 로그 / 점수·순위는 실험용"
"XEiCxu0V9Zp","Qt0WKa0SLV","H0317","R0317_1","0.0","138","123","실제 노출 로그 / 점수·순위는 실험용"
"XE0pvhWKLLw","Qt0WKa0SLV","H0261","R0261_1","0.0","139","91","실제 노출 로그 / 점수·순위는 실험용"
"XEJ2NbpBRde","Qt0WKa0SLV","H0205","R0205_1","0.0","140","55","실제 노출 로그 / 점수·순위는 실험용"
"XEhyiSTaBL0","Qt0WKa0SLV","H0400","R0400_1","0.0","141","71","실제 노출 로그 / 점수·순위는 실험용"
"XEE5WhXQSRQ","Qt0WKa0SLV","H0344","R0344_1","0.0","142","32","실제 노출 로그 / 점수·순위는 실험용"
"XEZcM28n1pZ","Qt0WKa0SLV","H0288","R0288_1","0.0","143","200","실제 노출 로그 / 점수·순위는 실험용"
"XEe67zrMwQ0","Qt0WKa0SLV","H0232","R0232_1","0.0","144","168","실제 노출 로그 / 점수·순위는 실험용"
"XEBj17wLcTn","Qt0WKa0SLV","H0372","R0372_1","0.0","145","151","실제 노출 로그 / 점수·순위는 실험용"
"XEsmEqc6Fa8","Qt0WKa0SLV","H0316","R0316_1","0.0","146","120","실제 노출 로그 / 점수·순위는 실험용"
"XEH2zzM0K2C","Qt0WKa0SLV","H0260","R0260_1","0.0","147","88","실제 노출 로그 / 점수·순위는 실험용"
"XER4iu7vAP7","Qt0WKa0SLV","H0204","R0204_1","0.0","148","51","실제 노출 로그 / 점수·순위는 실험용"
"XEiU6Ws6L9x","Qt0WKa0SLV","H0203","R0203_1","0.0","149","46","실제 노출 로그 / 점수·순위는 실험용"
"XEp75pnKCGZ","Qt0WKa0SLV","H0399","R0399_1","0.0","150","66","실제 노출 로그 / 점수·순위는 실험용"
"XEjtffjoTUq","Qt0WKa0SLV","H0343","R0343_1","0.0","151","28","실제 노출 로그 / 점수·순위는 실험용"
"XE9glNtmjYD","Qt0WKa0SLV","H0287","R0287_1","0.0","152","196","실제 노출 로그 / 점수·순위는 실험용"
"XEWjJ8qYbQW","Qt0WKa0SLV","H0231","R0231_1","0.0","153","164","실제 노출 로그 / 점수·순위는 실험용"
"XE7CJI5GOiY","Qt0WKa0SLV","H0371","R0371_1","0.0","154","147","실제 노출 로그 / 점수·순위는 실험용"
"XETKEF0850d","Qt0WKa0SLV","H0315","R0315_1","0.0","155","116","실제 노출 로그 / 점수·순위는 실험용"
"XEEI6RiZeXZ","Qt0WKa0SLV","H0259","R0259_1","0.0","156","84","실제 노출 로그 / 점수·순위는 실험용"
"XEvJmwklfwq","Qt0WKa0SLV","H0202","R0202_1","0.0","157","41","실제 노출 로그 / 점수·순위는 실험용"
"XE5UHWE8LF0","Qt0WKa0SLV","H0398","R0398_1","0.0","158","61","실제 노출 로그 / 점수·순위는 실험용"
"XE5Wp7B3zwl","Qt0WKa0SLV","H0342","R0342_1","0.0","159","24","실제 노출 로그 / 점수·순위는 실험용"
"XEprggL9IQG","Qt0WKa0SLV","H0286","R0286_1","0.0","160","192","실제 노출 로그 / 점수·순위는 실험용"
"XERrExKv2q4","Qt0WKa0SLV","H0230","R0230_1","0.0","161","160","실제 노출 로그 / 점수·순위는 실험용"
"XE31huLw8rX","Qt0WKa0SLV","H0370","R0370_1","0.0","162","143","실제 노출 로그 / 점수·순위는 실험용"
"XEsdrQTio0R","Qt0WKa0SLV","H0314","R0314_1","0.0","163","112","실제 노출 로그 / 점수·순위는 실험용"
"XE0iLPf0J2T","Qt0WKa0SLV","H0258","R0258_1","0.0","164","80","실제 노출 로그 / 점수·순위는 실험용"
"XEPuqunxhkR","Qt0WKa0SLV","H0201","R0201_1","0.0","165","36","실제 노출 로그 / 점수·순위는 실험용"
"XEXrLJ4TW3N","Qt0WKa0SLV","H0397","R0397_1","0.0","166","56","실제 노출 로그 / 점수·순위는 실험용"
"XEfpxBsNKvK","Qt0WKa0SLV","H0341","R0341_1","0.0","167","20","실제 노출 로그 / 점수·순위는 실험용"
"XEgC3N0fc3G","Qt0WKa0SLV","H0285","R0285_1","0.0","168","188","실제 노출 로그 / 점수·순위는 실험용"
"XE9qq5ZpKpI","Qt0WKa0SLV","H0229","R0229_1","0.0","169","156","실제 노출 로그 / 점수·순위는 실험용"
"XEhbUw330lR","Qt0WKa0SLV","H0369","R0369_1","0.0","170","139","실제 노출 로그 / 점수·순위는 실험용"
"XEJAW548ryh","Qt0WKa0SLV","H0313","R0313_1","0.0","171","108","실제 노출 로그 / 점수·순위는 실험용"
"XE1bK9V0aBr","Qt0WKa0SLV","H0257","R0257_1","0.0","172","76","실제 노출 로그 / 점수·순위는 실험용"
"XEbYd4N0xnY","Qt0WKa0SLV","H0396","R0396_1","0.0","173","52","실제 노출 로그 / 점수·순위는 실험용"
"XERK1FmyzHA","Qt0WKa0SLV","H0340","R0340_1","0.0","174","16","실제 노출 로그 / 점수·순위는 실험용"
"XEIb2cHrcF9","Qt0WKa0SLV","H0284","R0284_1","0.0","175","184","실제 노출 로그 / 점수·순위는 실험용"
"XEktJtSemGp","Qt0WKa0SLV","H0228","R0228_1","0.0","176","152","실제 노출 로그 / 점수·순위는 실험용"
"XEUfdZ6sqwN","Qt0WKa0SLV","H0368","R0368_1","0.0","177","136","실제 노출 로그 / 점수·순위는 실험용"
"XE2MRppdDdj","Qt0WKa0SLV","H0312","R0312_1","0.0","178","104","실제 노출 로그 / 점수·순위는 실험용"
"XEhEP4dcpYP","Qt0WKa0SLV","H0256","R0256_1","0.0","179","72","실제 노출 로그 / 점수·순위는 실험용"
"XEdav7DsdSX","Qt0WKa0SLV","H0395","R0395_1","0.0","180","47","실제 노출 로그 / 점수·순위는 실험용"
"XEv51fxjCsz","Qt0WKa0SLV","H0339","R0339_1","0.0","181","12","실제 노출 로그 / 점수·순위는 실험용"
"XEtzZ0bLsTD","Qt0WKa0SLV","H0283","R0283_1","0.0","182","180","실제 노출 로그 / 점수·순위는 실험용"
"XEeUZvFEc6i","Qt0WKa0SLV","H0227","R0227_1","0.0","183","148","실제 노출 로그 / 점수·순위는 실험용"
"XE7WEdGulL5","Qt0WKa0SLV","H0367","R0367_1","0.0","184","132","실제 노출 로그 / 점수·순위는 실험용"
"XE3m8PkqIxF","Qt0WKa0SLV","H0311","R0311_1","0.0","185","100","실제 노출 로그 / 점수·순위는 실험용"
"XEkVZlY8uFS","Qt0WKa0SLV","H0255","R0255_1","0.0","186","67","실제 노출 로그 / 점수·순위는 실험용"
"XEe5iXFpi94","Qt0WKa0SLV","H0394","R0394_1","0.0","187","42","실제 노출 로그 / 점수·순위는 실험용"
"XEdnkDc7Mnc","Qt0WKa0SLV","H0338","R0338_1","0.0","188","8","실제 노출 로그 / 점수·순위는 실험용"
"XE9W6PLBJwU","Qt0WKa0SLV","H0282","R0282_1","0.0","189","176","실제 노출 로그 / 점수·순위는 실험용"
"XEzqSJvwAAL","Qt0WKa0SLV","H0226","R0226_1","0.0","190","144","실제 노출 로그 / 점수·순위는 실험용"
"XEZRrUNgmpn","Qt0WKa0SLV","H0366","R0366_1","0.0","191","128","실제 노출 로그 / 점수·순위는 실험용"
"XEdUSx6dI75","Qt0WKa0SLV","H0310","R0310_1","0.0","192","96","실제 노출 로그 / 점수·순위는 실험용"
"XE7WmJlnjzy","Qt0WKa0SLV","H0254","R0254_1","0.0","193","62","실제 노출 로그 / 점수·순위는 실험용"
"XEFFdA59YBN","Qt0WKa0SLV","H0253","R0253_1","0.0","194","57","실제 노출 로그 / 점수·순위는 실험용"
"XEuGLel3vDk","Qt0WKa0SLV","H0393","R0393_1","0.0","195","37","실제 노출 로그 / 점수·순위는 실험용"
"XEA6O2diMfc","Qt0WKa0SLV","H0337","R0337_1","0.0","196","4","실제 노출 로그 / 점수·순위는 실험용"
"XEURMbuECp5","Qt0WKa0SLV","H0281","R0281_1","0.0","197","172","실제 노출 로그 / 점수·순위는 실험용"
"XE7vy6W43Wg","Qt0WKa0SLV","H0225","R0225_1","0.0","198","140","실제 노출 로그 / 점수·순위는 실험용"
"XEWb4GjchY0","Qt0WKa0SLV","H0365","R0365_1","0.0","199","124","실제 노출 로그 / 점수·순위는 실험용"
"XEgJz40750r","Qt0WKa0SLV","H0309","R0309_1","0.0","200","92","실제 노출 로그 / 점수·순위는 실험용"
"XEJG55k0C6p","Qx8ZxQys2h","H0139","R0139_1","100.0","1","31","실제 노출 로그 / 점수·순위는 실험용"
"XEJNXPyaQ32","Qx8ZxQys2h","H0055","R0055_1","99.0","2","6","실제 노출 로그 / 점수·순위는 실험용"
"XE0ETP0QMaI","Qx8ZxQys2h","H0193","R0193_1","98.0","3","1","실제 노출 로그 / 점수·순위는 실험용"
"XEipzUZ3qfq","Qx8ZxQys2h","H0025","R0025_1","97.0","4","19","실제 노출 로그 / 점수·순위는 실험용"
"XEtfRcW9Bm7","Qx8ZxQys2h","H0109","R0109_1","96.0","5","11","실제 노출 로그 / 점수·순위는 실험용"
"XEaCealTA0k","Qx8ZxQys2h","H0079","R0079_1","95.0","6","23","실제 노출 로그 / 점수·순위는 실험용"
"XEFEcgNNt8j","Qx8ZxQys2h","H0163","R0163_1","94.0","7","15","실제 노출 로그 / 점수·순위는 실험용"
"XEihRCm03mb","Qx8ZxQys2h","H0049","R0049_1","93.0","8","2","실제 노출 로그 / 점수·순위는 실험용"
"XEmwmh73NTt","Qx8ZxQys2h","H0133","R0133_1","92.0","9","27","실제 노출 로그 / 점수·순위는 실험용"
"XEi71O69StW","Qx8ZxQys2h","H0187","R0187_1","91.0","10","32","실제 노출 로그 / 점수·순위는 실험용"
"XEdQEsv57zp","Qx8ZxQys2h","H0019","R0019_1","90.0","11","16","실제 노출 로그 / 점수·순위는 실험용"
"XESFNvaA51Y","Qx8ZxQys2h","H0103","R0103_1","89.0","12","7","실제 노출 로그 / 점수·순위는 실험용"
"XEYPhdSVwEy","Qx8ZxQys2h","H0073","R0073_1","88.0","13","20","실제 노출 로그 / 점수·순위는 실험용"
"XEL7E52c40B","Qx8ZxQys2h","H0157","R0157_1","87.0","14","12","실제 노출 로그 / 점수·순위는 실험용"
"XEjd3BHq3xZ","Qx8ZxQys2h","H0043","R0043_1","86.0","15","33","실제 노출 로그 / 점수·순위는 실험용"
"XE2MFm8ay5L","Qx8ZxQys2h","H0127","R0127_1","85.0","16","24","실제 노출 로그 / 점수·순위는 실험용"
"XEdF5fERJEd","Qx8ZxQys2h","H0097","R0097_1","84.0","17","3","실제 노출 로그 / 점수·순위는 실험용"
"XELkhu85QVX","Qx8ZxQys2h","H0181","R0181_1","83.0","18","28","실제 노출 로그 / 점수·순위는 실험용"
"XEuX1saJuzT","Qx8ZxQys2h","H0013","R0013_1","82.0","19","13","실제 노출 로그 / 점수·순위는 실험용"
"XEvMslHsiWd","Qx8ZxQys2h","H0151","R0151_1","81.0","20","8","실제 노출 로그 / 점수·순위는 실험용"
"XEPmfsiNTaT","Qx8ZxQys2h","H0067","R0067_1","80.0","21","17","실제 노출 로그 / 점수·순위는 실험용"
"XE3J2vs78ZY","Qx8ZxQys2h","H0037","R0037_1","79.0","22","29","실제 노출 로그 / 점수·순위는 실험용"
"XEqk70Lcy1x","Qx8ZxQys2h","H0121","R0121_1","78.0","23","21","실제 노출 로그 / 점수·순위는 실험용"
"XEGg698Vo8M","Qx8ZxQys2h","H0091","R0091_1","77.0","24","34","실제 노출 로그 / 점수·순위는 실험용"
"XEIMtnChQs2","Qx8ZxQys2h","H0175","R0175_1","76.0","25","25","실제 노출 로그 / 점수·순위는 실험용"
"XEDq4wRz27a","Qx8ZxQys2h","H0007","R0007_1","75.0","26","9","실제 노출 로그 / 점수·순위는 실험용"
"XEgd0AvzEN2","Qx8ZxQys2h","H0145","R0145_1","74.0","27","4","실제 노출 로그 / 점수·순위는 실험용"
"XEaej05NnWs","Qx8ZxQys2h","H0061","R0061_1","73.0","28","14","실제 노출 로그 / 점수·순위는 실험용"
"XEANrDYrsxj","Qx8ZxQys2h","H0199","R0199_1","72.0","29","10","실제 노출 로그 / 점수·순위는 실험용"
"XE1d0TCM1BI","Qx8ZxQys2h","H0031","R0031_1","71.0","30","26","실제 노출 로그 / 점수·순위는 실험용"
"XEeDTYyyQqH","Qx8ZxQys2h","H0115","R0115_1","70.0","31","18","실제 노출 로그 / 점수·순위는 실험용"
"XEhBpzbyGVF","Qx8ZxQys2h","H0085","R0085_1","69.0","32","30","실제 노출 로그 / 점수·순위는 실험용"
"XEYhRAMwkjs","Qx8ZxQys2h","H0169","R0169_1","68.0","33","22","실제 노출 로그 / 점수·순위는 실험용"
"XEZwvc9qWw8","Qx8ZxQys2h","H0001","R0001_1","67.0","34","5","실제 노출 로그 / 점수·순위는 실험용"
"XEOily0wCb6","QrZAOp2NGj","H0335","R0335_1","100.0","1","20","실제 노출 로그 / 점수·순위는 실험용"
"XEauwxrfXO8","QrZAOp2NGj","H0305","R0305_1","99.0","2","8","실제 노출 로그 / 점수·순위는 실험용"
"XEjqRJ06m3R","QrZAOp2NGj","H0275","R0275_1","98.0","3","15","실제 노출 로그 / 점수·순위는 실험용"
"XEZXpeexkNt","QrZAOp2NGj","H0245","R0245_1","97.0","4","2","실제 노출 로그 / 점수·순위는 실험용"
"XEpBgcW5nx0","QrZAOp2NGj","H0385","R0385_1","96.0","5","1","실제 노출 로그 / 점수·순위는 실험용"
"XEcLefMocAf","QrZAOp2NGj","H0215","R0215_1","95.0","6","10","실제 노출 로그 / 점수·순위는 실험용"
"XEDcJH6FSvl","QrZAOp2NGj","H0355","R0355_1","94.0","7","9","실제 노출 로그 / 점수·순위는 실험용"
"XEaBphuIz5w","QrZAOp2NGj","H0325","R0325_1","93.0","8","16","실제 노출 로그 / 점수·순위는 실험용"
"XE7YMZE4GFK","QrZAOp2NGj","H0295","R0295_1","92.0","9","3","실제 노출 로그 / 점수·순위는 실험용"
"XEXaUZ0QOjJ","QrZAOp2NGj","H0265","R0265_1","91.0","10","11","실제 노출 로그 / 점수·순위는 실험용"
"XEJ94T4uXWU","QrZAOp2NGj","H0235","R0235_1","90.0","11","18","실제 노출 로그 / 점수·순위는 실험용"
"XEl7nu1a6pj","QrZAOp2NGj","H0375","R0375_1","89.0","12","17","실제 노출 로그 / 점수·순위는 실험용"
"XE9ZZmr417c","QrZAOp2NGj","H0345","R0345_1","88.0","13","4","실제 노출 로그 / 점수·순위는 실험용"
"XEFamfKI5dh","QrZAOp2NGj","H0205","R0205_1","87.0","14","6","실제 노출 로그 / 점수·순위는 실험용"
"XE9GcMCRmyE","QrZAOp2NGj","H0315","R0315_1","86.0","15","12","실제 노출 로그 / 점수·순위는 실험용"
"XEx6O8NZFdR","QrZAOp2NGj","H0285","R0285_1","85.0","16","19","실제 노출 로그 / 점수·순위는 실험용"
"XEMDv7U7jsg","QrZAOp2NGj","H0395","R0395_1","84.0","17","5","실제 노출 로그 / 점수·순위는 실험용"
"XEPz7i1aqJ2","QrZAOp2NGj","H0255","R0255_1","83.0","18","7","실제 노출 로그 / 점수·순위는 실험용"
"XEUp2t0BE6D","QrZAOp2NGj","H0225","R0225_1","82.0","19","14","실제 노출 로그 / 점수·순위는 실험용"
"XETgYUwq2rq","QrZAOp2NGj","H0365","R0365_1","81.0","20","13","실제 노출 로그 / 점수·순위는 실험용"
"XEut4CRyI2h","Q3NxstM9ZB","H0335","R0335_1","100.0","1","20","실제 노출 로그 / 점수·순위는 실험용"
"XEqPt0k6ypj","Q3NxstM9ZB","H0305","R0305_1","99.0","2","8","실제 노출 로그 / 점수·순위는 실험용"
"XEdyYH2L2sf","Q3NxstM9ZB","H0275","R0275_1","98.0","3","15","실제 노출 로그 / 점수·순위는 실험용"
"XECK4z9ZsIR","Q3NxstM9ZB","H0245","R0245_1","97.0","4","2","실제 노출 로그 / 점수·순위는 실험용"
"XES8PmcKBUT","Q3NxstM9ZB","H0385","R0385_1","96.0","5","1","실제 노출 로그 / 점수·순위는 실험용"
"XE27ZjeiCun","Q3NxstM9ZB","H0215","R0215_1","95.0","6","10","실제 노출 로그 / 점수·순위는 실험용"
"XEFPQAkQAPK","Q3NxstM9ZB","H0355","R0355_1","94.0","7","9","실제 노출 로그 / 점수·순위는 실험용"
"XERiKZMhSdM","Q3NxstM9ZB","H0325","R0325_1","93.0","8","16","실제 노출 로그 / 점수·순위는 실험용"
"XEEoroSHl6G","Q3NxstM9ZB","H0295","R0295_1","92.0","9","3","실제 노출 로그 / 점수·순위는 실험용"
"XEkkxkb3F2q","Q3NxstM9ZB","H0265","R0265_1","91.0","10","11","실제 노출 로그 / 점수·순위는 실험용"
"XEiXxjTrSfg","Q3NxstM9ZB","H0235","R0235_1","90.0","11","18","실제 노출 로그 / 점수·순위는 실험용"
"XEw91v4dbHU","Q3NxstM9ZB","H0375","R0375_1","89.0","12","17","실제 노출 로그 / 점수·순위는 실험용"
"XEqF9oPHPaJ","Q3NxstM9ZB","H0345","R0345_1","88.0","13","4","실제 노출 로그 / 점수·순위는 실험용"
"XEI98CUGot6","Q3NxstM9ZB","H0205","R0205_1","87.0","14","6","실제 노출 로그 / 점수·순위는 실험용"
"XEDmCqvhyH7","Q3NxstM9ZB","H0315","R0315_1","86.0","15","12","실제 노출 로그 / 점수·순위는 실험용"
"XEVaK9Nwif5","Q3NxstM9ZB","H0285","R0285_1","85.0","16","19","실제 노출 로그 / 점수·순위는 실험용"
"XEzsqg7WgP4","Q3NxstM9ZB","H0395","R0395_1","84.0","17","5","실제 노출 로그 / 점수·순위는 실험용"
"XEIV8AHAAFz","Q3NxstM9ZB","H0255","R0255_1","83.0","18","7","실제 노출 로그 / 점수·순위는 실험용"
"XEmz51ojriw","Q3NxstM9ZB","H0225","R0225_1","82.0","19","14","실제 노출 로그 / 점수·순위는 실험용"
"XEuNqbt8nto","Q3NxstM9ZB","H0365","R0365_1","81.0","20","13","실제 노출 로그 / 점수·순위는 실험용"
"XE5lU3lClfh","QBCHAwUJn9","H0083","R0083_1","100.0","1","15","실제 노출 로그 / 점수·순위는 실험용"
"XEUiPFnwOpU","QBCHAwUJn9","H0193","R0193_1","99.0","2","1","실제 노출 로그 / 점수·순위는 실험용"
"XEVvNR92i9P","QBCHAwUJn9","H0053","R0053_1","98.0","3","3","실제 노출 로그 / 점수·순위는 실험용"
"XEz4Pwxbm40","QBCHAwUJn9","H0023","R0023_1","97.0","4","10","실제 노출 로그 / 점수·순위는 실험용"
"XES4CgG1wMZ","QBCHAwUJn9","H0163","R0163_1","96.0","5","9","실제 노출 로그 / 점수·순위는 실험용"
"XEueHjuuEuN","QBCHAwUJn9","H0133","R0133_1","95.0","6","16","실제 노출 로그 / 점수·순위는 실험용"
"XE56mfBXgQG","QBCHAwUJn9","H0103","R0103_1","94.0","7","4","실제 노출 로그 / 점수·순위는 실험용"
"XE3mWzrNv6G","QBCHAwUJn9","H0073","R0073_1","93.0","8","11","실제 노출 로그 / 점수·순위는 실험용"
"XEBLI5jMh8L","QBCHAwUJn9","H0043","R0043_1","92.0","9","18","실제 노출 로그 / 점수·순위는 실험용"
"XEzjPWHWrbq","QBCHAwUJn9","H0183","R0183_1","91.0","10","17","실제 노출 로그 / 점수·순위는 실험용"
"XEOfp751qYl","QBCHAwUJn9","H0013","R0013_1","90.0","11","6","실제 노출 로그 / 점수·순위는 실험용"
"XE9jPVSRc9L","QBCHAwUJn9","H0153","R0153_1","89.0","12","5","실제 노출 로그 / 점수·순위는 실험용"
"XE41pwDP2CG","QBCHAwUJn9","H0123","R0123_1","88.0","13","12","실제 노출 로그 / 점수·순위는 실험용"
"XEAuYo3uA5c","QBCHAwUJn9","H0093","R0093_1","87.0","14","19","실제 노출 로그 / 점수·순위는 실험용"
"XE4ZmJPzOmM","QBCHAwUJn9","H0063","R0063_1","86.0","15","7","실제 노출 로그 / 점수·순위는 실험용"
"XEEyn8J3UGG","QBCHAwUJn9","H0033","R0033_1","85.0","16","14","실제 노출 로그 / 점수·순위는 실험용"
"XEAoVoZXTSX","QBCHAwUJn9","H0173","R0173_1","84.0","17","13","실제 노출 로그 / 점수·순위는 실험용"
"XEYykjfu6TN","QBCHAwUJn9","H0143","R0143_1","83.0","18","20","실제 노출 로그 / 점수·순위는 실험용"
"XEVMy8653Yu","QBCHAwUJn9","H0003","R0003_1","82.0","19","2","실제 노출 로그 / 점수·순위는 실험용"
"XEUgAbOQ4gE","QBCHAwUJn9","H0113","R0113_1","81.0","20","8","실제 노출 로그 / 점수·순위는 실험용"
"XER4c7D302T","Q1ZmSWFT1T","H0111","R0111_1","100.0","1","4","실제 노출 로그 / 점수·순위는 실험용"
"XEHqxslq5K7","Q1ZmSWFT1T","H0081","R0081_1","99.0","2","9","실제 노출 로그 / 점수·순위는 실험용"
"XExTSdB0Y3U","Q1ZmSWFT1T","H0051","R0051_1","98.0","3","1","실제 노출 로그 / 점수·순위는 실험용"
"XE3bV1JU4c8","Q1ZmSWFT1T","H0191","R0191_1","97.0","4","13","실제 노출 로그 / 점수·순위는 실험용"
"XEnS3vSA89a","Q1ZmSWFT1T","H0021","R0021_1","96.0","5","6","실제 노출 로그 / 점수·순위는 실험용"
"XEmdXOZ1NY5","Q1ZmSWFT1T","H0161","R0161_1","95.0","6","5","실제 노출 로그 / 점수·순위는 실험용"
"XEhs483dOX1","Q1ZmSWFT1T","H0131","R0131_1","94.0","7","10","실제 노출 로그 / 점수·순위는 실험용"
"XENeWZ5hGpv","Q1ZmSWFT1T","H0101","R0101_1","93.0","8","2","실제 노출 로그 / 점수·순위는 실험용"
"XEuaJoRpdQE","Q1ZmSWFT1T","H0071","R0071_1","92.0","9","7","실제 노출 로그 / 점수·순위는 실험용"
"XEUEc16TyH8","Q1ZmSWFT1T","H0041","R0041_1","91.0","10","11","실제 노출 로그 / 점수·순위는 실험용"
"XEdDRcXR5uQ","Q1ZmSWFT1T","H0011","R0011_1","90.0","11","3","실제 노출 로그 / 점수·순위는 실험용"
"XEsIzaf0K7t","Q1ZmSWFT1T","H0171","R0171_1","89.0","12","8","실제 노출 로그 / 점수·순위는 실험용"
"XE6t6fUVEPC","Q1ZmSWFT1T","H0141","R0141_1","88.0","13","12","실제 노출 로그 / 점수·순위는 실험용"
"XED5aEo76AD","QvArPo2JT7","H0111","R0111_1","100.0","1","7","실제 노출 로그 / 점수·순위는 실험용"
"XEnO3QwzVm6","QvArPo2JT7","H0081","R0081_1","99.0","2","14","실제 노출 로그 / 점수·순위는 실험용"
"XEH11S0SyTu","QvArPo2JT7","H0051","R0051_1","98.0","3","2","실제 노출 로그 / 점수·순위는 실험용"
"XEofpTgs2zR","QvArPo2JT7","H0191","R0191_1","97.0","4","20","실제 노출 로그 / 점수·순위는 실험용"
"XEjeopkZkjy","QvArPo2JT7","H0021","R0021_1","96.0","5","9","실제 노출 로그 / 점수·순위는 실험용"
"XE4rxmmC5Nn","QvArPo2JT7","H0161","R0161_1","95.0","6","8","실제 노출 로그 / 점수·순위는 실험용"
"XEkExyW0xiG","QvArPo2JT7","H0131","R0131_1","94.0","7","15","실제 노출 로그 / 점수·순위는 실험용"
"XEAv0S2ZH0T","QvArPo2JT7","H0101","R0101_1","93.0","8","3","실제 노출 로그 / 점수·순위는 실험용"
"XEOmECjwUqk","QvArPo2JT7","H0071","R0071_1","92.0","9","10","실제 노출 로그 / 점수·순위는 실험용"
"XE49zt7qyDc","QvArPo2JT7","H0041","R0041_1","91.0","10","17","실제 노출 로그 / 점수·순위는 실험용"
"XEUcCG7OGP3","QvArPo2JT7","H0181","R0181_1","90.0","11","16","실제 노출 로그 / 점수·순위는 실험용"
"XEozFYY9XyL","QvArPo2JT7","H0151","R0151_1","89.0","12","4","실제 노출 로그 / 점수·순위는 실험용"
"XEOs0fqdayr","QvArPo2JT7","H0011","R0011_1","88.0","13","5","실제 노출 로그 / 점수·순위는 실험용"
"XEochsll3Ly","QvArPo2JT7","H0121","R0121_1","87.0","14","11","실제 노출 로그 / 점수·순위는 실험용"
"XEf27svT002","QvArPo2JT7","H0091","R0091_1","86.0","15","18","실제 노출 로그 / 점수·순위는 실험용"
"XE7OBFlRDiY","QvArPo2JT7","H0061","R0061_1","85.0","16","6","실제 노출 로그 / 점수·순위는 실험용"
"XEy37Oowx3s","QvArPo2JT7","H0031","R0031_1","84.0","17","13","실제 노출 로그 / 점수·순위는 실험용"
"XEcayZP0BzD","QvArPo2JT7","H0171","R0171_1","83.0","18","12","실제 노출 로그 / 점수·순위는 실험용"
"XE1B6qe13eK","QvArPo2JT7","H0141","R0141_1","82.0","19","19","실제 노출 로그 / 점수·순위는 실험용"
"XEJnma4usX7","QvArPo2JT7","H0001","R0001_1","81.0","20","1","실제 노출 로그 / 점수·순위는 실험용"
"XESN07q8XXX","Q7f2HeFFFW","H0111","R0111_1","100.0","1","7","실제 노출 로그 / 점수·순위는 실험용"
"XEP3aNVUWMj","Q7f2HeFFFW","H0081","R0081_1","99.0","2","14","실제 노출 로그 / 점수·순위는 실험용"
"XErzZuzXMyf","Q7f2HeFFFW","H0051","R0051_1","98.0","3","2","실제 노출 로그 / 점수·순위는 실험용"
"XE0OAS5JM3z","Q7f2HeFFFW","H0191","R0191_1","97.0","4","20","실제 노출 로그 / 점수·순위는 실험용"
"XEAoGf3XfZE","Q7f2HeFFFW","H0021","R0021_1","96.0","5","9","실제 노출 로그 / 점수·순위는 실험용"
"XEZYTDu4Pp0","Q7f2HeFFFW","H0161","R0161_1","95.0","6","8","실제 노출 로그 / 점수·순위는 실험용"
"XEr2kzLA2fR","Q7f2HeFFFW","H0131","R0131_1","94.0","7","15","실제 노출 로그 / 점수·순위는 실험용"
"XExAphz03No","Q7f2HeFFFW","H0101","R0101_1","93.0","8","3","실제 노출 로그 / 점수·순위는 실험용"
"XEE3TN7Fgtc","Q7f2HeFFFW","H0071","R0071_1","92.0","9","10","실제 노출 로그 / 점수·순위는 실험용"
"XEQVuYDhKIj","Q7f2HeFFFW","H0041","R0041_1","91.0","10","17","실제 노출 로그 / 점수·순위는 실험용"
"XEUNsaTeSKK","Q7f2HeFFFW","H0181","R0181_1","90.0","11","16","실제 노출 로그 / 점수·순위는 실험용"
"XEWwn08udf1","Q7f2HeFFFW","H0151","R0151_1","89.0","12","4","실제 노출 로그 / 점수·순위는 실험용"
"XEvJIitiosw","Q7f2HeFFFW","H0011","R0011_1","88.0","13","5","실제 노출 로그 / 점수·순위는 실험용"
"XE1INpZoLRf","Q7f2HeFFFW","H0121","R0121_1","87.0","14","11","실제 노출 로그 / 점수·순위는 실험용"
"XE52vpTOcaR","Q7f2HeFFFW","H0091","R0091_1","86.0","15","18","실제 노출 로그 / 점수·순위는 실험용"
"XE5CnC2ZMfD","Q7f2HeFFFW","H0061","R0061_1","85.0","16","6","실제 노출 로그 / 점수·순위는 실험용"
"XE7UEmdTw6r","Q7f2HeFFFW","H0031","R0031_1","84.0","17","13","실제 노출 로그 / 점수·순위는 실험용"
"XEzGFSAFysu","Q7f2HeFFFW","H0171","R0171_1","83.0","18","12","실제 노출 로그 / 점수·순위는 실험용"
"XEHLl3DIcfz","Q7f2HeFFFW","H0141","R0141_1","82.0","19","19","실제 노출 로그 / 점수·순위는 실험용"
"XEXE3CMDuSc","Q7f2HeFFFW","H0001","R0001_1","81.0","20","1","실제 노출 로그 / 점수·순위는 실험용"
"XE7ZxnOrohh","QNHhx3jdVH","H0671","R0671_1","100.0","1","20","실제 노출 로그 / 점수·순위는 실험용"
"XE3or2dJKaU","QNHhx3jdVH","H0641","R0641_1","99.0","2","7","실제 노출 로그 / 점수·순위는 실험용"
"XE7ZSusTbaA","QNHhx3jdVH","H0781","R0781_1","98.0","3","6","실제 노출 로그 / 점수·순위는 실험용"
"XE4MYzgv1FL","QNHhx3jdVH","H0751","R0751_1","97.0","4","14","실제 노출 로그 / 점수·순위는 실험용"
"XEWuU1pftNh","QNHhx3jdVH","H0611","R0611_1","96.0","5","15","실제 노출 로그 / 점수·순위는 실험용"
"XERkqphbFdQ","QNHhx3jdVH","H0721","R0721_1","95.0","6","1","실제 노출 로그 / 점수·순위는 실험용"
"XE7GKER6lQC","QNHhx3jdVH","H0691","R0691_1","94.0","7","8","실제 노출 로그 / 점수·순위는 실험용"
"XEpX63SQrKQ","QNHhx3jdVH","H0661","R0661_1","93.0","8","16","실제 노출 로그 / 점수·순위는 실험용"
"XEvMfIPS7xq","QNHhx3jdVH","H0631","R0631_1","92.0","9","3","실제 노출 로그 / 점수·순위는 실험용"
"XEJBWSV1os7","QNHhx3jdVH","H0771","R0771_1","91.0","10","2","실제 노출 로그 / 점수·순위는 실험용"
"XEgrTHMx340","QNHhx3jdVH","H0601","R0601_1","90.0","11","11","실제 노출 로그 / 점수·순위는 실험용"
"XEmrQBkLQMW","QNHhx3jdVH","H0741","R0741_1","89.0","12","9","실제 노출 로그 / 점수·순위는 실험용"
"XE6uEnasxHo","QNHhx3jdVH","H0711","R0711_1","88.0","13","17","실제 노출 로그 / 점수·순위는 실험용"
"XE60vKFxfzU","QNHhx3jdVH","H0681","R0681_1","87.0","14","4","실제 노출 로그 / 점수·순위는 실험용"
"XEy2Rh8qbe8","QNHhx3jdVH","H0651","R0651_1","86.0","15","12","실제 노출 로그 / 점수·순위는 실험용"
"XER8CjfWhjo","QNHhx3jdVH","H0791","R0791_1","85.0","16","10","실제 노출 로그 / 점수·순위는 실험용"
"XEhYVjhk9To","QNHhx3jdVH","H0621","R0621_1","84.0","17","19","실제 노출 로그 / 점수·순위는 실험용"
"XExzv7p5rMf","QNHhx3jdVH","H0761","R0761_1","83.0","18","18","실제 노출 로그 / 점수·순위는 실험용"
"XEpYBiK8uAY","QNHhx3jdVH","H0731","R0731_1","82.0","19","5","실제 노출 로그 / 점수·순위는 실험용"
"XEt5I99T8e3","QNHhx3jdVH","H0701","R0701_1","81.0","20","13","실제 노출 로그 / 점수·순위는 실험용"
"XEFVFyACVTH","Qkmoq7rfGj","H0671","R0671_1","100.0","1","20","실제 노출 로그 / 점수·순위는 실험용"
"XEZaoVVn0Of","Qkmoq7rfGj","H0641","R0641_1","99.0","2","7","실제 노출 로그 / 점수·순위는 실험용"
"XEGzwNgLaBN","Qkmoq7rfGj","H0781","R0781_1","98.0","3","6","실제 노출 로그 / 점수·순위는 실험용"
"XEXo4n0WUKN","Qkmoq7rfGj","H0751","R0751_1","97.0","4","14","실제 노출 로그 / 점수·순위는 실험용"
"XELDsYtKmyy","Qkmoq7rfGj","H0611","R0611_1","96.0","5","15","실제 노출 로그 / 점수·순위는 실험용"
"XESycY64VjV","Qkmoq7rfGj","H0721","R0721_1","95.0","6","1","실제 노출 로그 / 점수·순위는 실험용"
"XEhFtUp4qg7","Qkmoq7rfGj","H0691","R0691_1","94.0","7","8","실제 노출 로그 / 점수·순위는 실험용"
"XE8aEC4ceA0","Qkmoq7rfGj","H0661","R0661_1","93.0","8","16","실제 노출 로그 / 점수·순위는 실험용"
"XEIWQbU21qV","Qkmoq7rfGj","H0631","R0631_1","92.0","9","3","실제 노출 로그 / 점수·순위는 실험용"
"XEnJbskYMl8","Qkmoq7rfGj","H0771","R0771_1","91.0","10","2","실제 노출 로그 / 점수·순위는 실험용"
"XEUXhkWMoxo","Qkmoq7rfGj","H0601","R0601_1","90.0","11","11","실제 노출 로그 / 점수·순위는 실험용"
"XEBIHgPcq8C","Qkmoq7rfGj","H0741","R0741_1","89.0","12","9","실제 노출 로그 / 점수·순위는 실험용"
"XEJyl14VB2d","Qkmoq7rfGj","H0711","R0711_1","88.0","13","17","실제 노출 로그 / 점수·순위는 실험용"
"XExfSILtjMx","Qkmoq7rfGj","H0681","R0681_1","87.0","14","4","실제 노출 로그 / 점수·순위는 실험용"
"XERFSaLhxc2","Qkmoq7rfGj","H0651","R0651_1","86.0","15","12","실제 노출 로그 / 점수·순위는 실험용"
"XEU8VFOiMV2","Qkmoq7rfGj","H0791","R0791_1","85.0","16","10","실제 노출 로그 / 점수·순위는 실험용"
"XEsgqPS62Mb","Qkmoq7rfGj","H0621","R0621_1","84.0","17","19","실제 노출 로그 / 점수·순위는 실험용"
"XEUt2XtmD3k","Qkmoq7rfGj","H0761","R0761_1","83.0","18","18","실제 노출 로그 / 점수·순위는 실험용"
"XEDY3gs4Jvp","Qkmoq7rfGj","H0731","R0731_1","82.0","19","5","실제 노출 로그 / 점수·순위는 실험용"
"XEZp9Od8i0N","Qkmoq7rfGj","H0701","R0701_1","81.0","20","13","실제 노출 로그 / 점수·순위는 실험용"
"XEZ8noBeSKg","QhCR0t5IkB","H0671","R0671_1","100.0","1","20","실제 노출 로그 / 점수·순위는 실험용"
"XESUaMUWXkS","QhCR0t5IkB","H0641","R0641_1","99.0","2","7","실제 노출 로그 / 점수·순위는 실험용"
"XEZEi53FUxe","QhCR0t5IkB","H0781","R0781_1","98.0","3","6","실제 노출 로그 / 점수·순위는 실험용"
"XEKiR8s6lkA","QhCR0t5IkB","H0751","R0751_1","97.0","4","14","실제 노출 로그 / 점수·순위는 실험용"
"XEsNtT6oUdB","QhCR0t5IkB","H0611","R0611_1","96.0","5","15","실제 노출 로그 / 점수·순위는 실험용"
"XEuslr0rx1h","QhCR0t5IkB","H0721","R0721_1","95.0","6","1","실제 노출 로그 / 점수·순위는 실험용"
"XE68VU0RQGr","QhCR0t5IkB","H0691","R0691_1","94.0","7","8","실제 노출 로그 / 점수·순위는 실험용"
"XE6sGRnk5Gg","QhCR0t5IkB","H0661","R0661_1","93.0","8","16","실제 노출 로그 / 점수·순위는 실험용"
"XEsLW7Ua8QB","QhCR0t5IkB","H0631","R0631_1","92.0","9","3","실제 노출 로그 / 점수·순위는 실험용"
"XEvadRdtwFn","QhCR0t5IkB","H0771","R0771_1","91.0","10","2","실제 노출 로그 / 점수·순위는 실험용"
"XE7fT9Hx8tA","QhCR0t5IkB","H0601","R0601_1","90.0","11","11","실제 노출 로그 / 점수·순위는 실험용"
"XE2NxlPMLRh","QhCR0t5IkB","H0741","R0741_1","89.0","12","9","실제 노출 로그 / 점수·순위는 실험용"
"XEDhgVNrY8q","QhCR0t5IkB","H0711","R0711_1","88.0","13","17","실제 노출 로그 / 점수·순위는 실험용"
"XEYT4xSZql9","QhCR0t5IkB","H0681","R0681_1","87.0","14","4","실제 노출 로그 / 점수·순위는 실험용"
"XEQmfdt58Et","QhCR0t5IkB","H0651","R0651_1","86.0","15","12","실제 노출 로그 / 점수·순위는 실험용"
"XE51EGKuY6Q","QhCR0t5IkB","H0791","R0791_1","85.0","16","10","실제 노출 로그 / 점수·순위는 실험용"
"XEIgh2WLK83","QhCR0t5IkB","H0621","R0621_1","84.0","17","19","실제 노출 로그 / 점수·순위는 실험용"
"XElcFa156ft","QhCR0t5IkB","H0761","R0761_1","83.0","18","18","실제 노출 로그 / 점수·순위는 실험용"
"XEJ7Ri1urFJ","QhCR0t5IkB","H0731","R0731_1","82.0","19","5","실제 노출 로그 / 점수·순위는 실험용"
"XESGFQK5GQo","QhCR0t5IkB","H0701","R0701_1","81.0","20","13","실제 노출 로그 / 점수·순위는 실험용"
"XEqpBcHKfLP","Q9R6aKDqdQ","H0671","R0671_1","100.0","1","20","실제 노출 로그 / 점수·순위는 실험용"
"XElTJ4pCZ5f","Q9R6aKDqdQ","H0641","R0641_1","99.0","2","7","실제 노출 로그 / 점수·순위는 실험용"
"XEqRJRi3IRM","Q9R6aKDqdQ","H0781","R0781_1","98.0","3","6","실제 노출 로그 / 점수·순위는 실험용"
"XELPEjbFVni","Q9R6aKDqdQ","H0751","R0751_1","97.0","4","14","실제 노출 로그 / 점수·순위는 실험용"
"XEIcKxPTMvt","Q9R6aKDqdQ","H0611","R0611_1","96.0","5","15","실제 노출 로그 / 점수·순위는 실험용"
"XEKq9uxjyjt","Q9R6aKDqdQ","H0721","R0721_1","95.0","6","1","실제 노출 로그 / 점수·순위는 실험용"
"XET5CF6H1g4","Q9R6aKDqdQ","H0691","R0691_1","94.0","7","8","실제 노출 로그 / 점수·순위는 실험용"
"XE6NEAkiobu","Q9R6aKDqdQ","H0661","R0661_1","93.0","8","16","실제 노출 로그 / 점수·순위는 실험용"
"XEblnqNyJua","Q9R6aKDqdQ","H0631","R0631_1","92.0","9","3","실제 노출 로그 / 점수·순위는 실험용"
"XE4cYPMbMxi","Q9R6aKDqdQ","H0771","R0771_1","91.0","10","2","실제 노출 로그 / 점수·순위는 실험용"
"XE8tawjteJ0","Q9R6aKDqdQ","H0601","R0601_1","90.0","11","11","실제 노출 로그 / 점수·순위는 실험용"
"XEVmAUYdIAx","Q9R6aKDqdQ","H0741","R0741_1","89.0","12","9","실제 노출 로그 / 점수·순위는 실험용"
"XEqFdj9mFQd","Q9R6aKDqdQ","H0711","R0711_1","88.0","13","17","실제 노출 로그 / 점수·순위는 실험용"
"XEaQCijgk55","Q9R6aKDqdQ","H0681","R0681_1","87.0","14","4","실제 노출 로그 / 점수·순위는 실험용"
"XEgrJS2I6Mm","Q9R6aKDqdQ","H0651","R0651_1","86.0","15","12","실제 노출 로그 / 점수·순위는 실험용"
"XEL4S1uJGKw","Q9R6aKDqdQ","H0791","R0791_1","85.0","16","10","실제 노출 로그 / 점수·순위는 실험용"
"XEHqmQ3V5op","Q9R6aKDqdQ","H0621","R0621_1","84.0","17","19","실제 노출 로그 / 점수·순위는 실험용"
"XE9yq4So6mS","Q9R6aKDqdQ","H0761","R0761_1","83.0","18","18","실제 노출 로그 / 점수·순위는 실험용"
"XEqTXSQ0zOY","Q9R6aKDqdQ","H0731","R0731_1","82.0","19","5","실제 노출 로그 / 점수·순위는 실험용"
"XE9zqHhql3C","Q9R6aKDqdQ","H0701","R0701_1","81.0","20","13","실제 노출 로그 / 점수·순위는 실험용"
"XE951N8xOjB","QQ0zK37fEm","H0531","R0531_1","100.0","1","2","실제 노출 로그 / 점수·순위는 실험용"
"XEQHEE9wcPM","QQ0zK37fEm","H0501","R0501_1","99.0","2","10","실제 노출 로그 / 점수·순위는 실험용"
"XERsc8rn1v6","QQ0zK37fEm","H0471","R0471_1","98.0","3","17","실제 노출 로그 / 점수·순위는 실험용"
"XEmmIVZlu5a","QQ0zK37fEm","H0441","R0441_1","97.0","4","4","실제 노출 로그 / 점수·순위는 실험용"
"XE5CHjebzPL","QQ0zK37fEm","H0581","R0581_1","96.0","5","3","실제 노출 로그 / 점수·순위는 실험용"
"XERrxjc2PNx","QQ0zK37fEm","H0551","R0551_1","95.0","6","11","실제 노출 로그 / 점수·순위는 실험용"
"XEROnI6wO8C","QQ0zK37fEm","H0411","R0411_1","94.0","7","12","실제 노출 로그 / 점수·순위는 실험용"
"XEu5ZMSL4lO","QQ0zK37fEm","H0521","R0521_1","93.0","8","18","실제 노출 로그 / 점수·순위는 실험용"
"XElqAe8Y2Lq","QQ0zK37fEm","H0491","R0491_1","92.0","9","5","실제 노출 로그 / 점수·순위는 실험용"
"XEg2mqcGi5Y","QQ0zK37fEm","H0461","R0461_1","91.0","10","13","실제 노출 로그 / 점수·순위는 실험용"
"XELq3DgpwAC","QQ0zK37fEm","H0431","R0431_1","90.0","11","20","실제 노출 로그 / 점수·순위는 실험용"
"XE40KEb2rdN","QQ0zK37fEm","H0571","R0571_1","89.0","12","19","실제 노출 로그 / 점수·순위는 실험용"
"XEZ4gNYhhl1","QQ0zK37fEm","H0401","R0401_1","88.0","13","8","실제 노출 로그 / 점수·순위는 실험용"
"XEKitJdfrHw","QQ0zK37fEm","H0541","R0541_1","87.0","14","6","실제 노출 로그 / 점수·순위는 실험용"
"XEFJso0IDiE","QQ0zK37fEm","H0511","R0511_1","86.0","15","14","실제 노출 로그 / 점수·순위는 실험용"
"XEeuYhrVSBq","QQ0zK37fEm","H0481","R0481_1","85.0","16","1","실제 노출 로그 / 점수·순위는 실험용"
"XEmZIGKx7f7","QQ0zK37fEm","H0451","R0451_1","84.0","17","9","실제 노출 로그 / 점수·순위는 실험용"
"XEe5nUtUTBX","QQ0zK37fEm","H0591","R0591_1","83.0","18","7","실제 노출 로그 / 점수·순위는 실험용"
"XE4t4yMXeit","QQ0zK37fEm","H0421","R0421_1","82.0","19","16","실제 노출 로그 / 점수·순위는 실험용"
"XEW5ppu0Tma","QQ0zK37fEm","H0561","R0561_1","81.0","20","15","실제 노출 로그 / 점수·순위는 실험용"
"XEoGcMRUYA1","Q0ziQEmxKz","H0504","R0504_1","100.0","1","11","실제 노출 로그 / 점수·순위는 실험용"
"XE8KmmZtdN0","Q0ziQEmxKz","H0474","R0474_1","99.0","2","18","실제 노출 로그 / 점수·순위는 실험용"
"XEr8MWNc9W7","Q0ziQEmxKz","H0444","R0444_1","98.0","3","5","실제 노출 로그 / 점수·순위는 실험용"
"XESsp4v1zQ3","Q0ziQEmxKz","H0584","R0584_1","97.0","4","4","실제 노출 로그 / 점수·순위는 실험용"
"XEy8RNCBbU6","Q0ziQEmxKz","H0554","R0554_1","96.0","5","12","실제 노출 로그 / 점수·순위는 실험용"
"XEjABcD1vfT","Q0ziQEmxKz","H0414","R0414_1","95.0","6","13","실제 노출 로그 / 점수·순위는 실험용"
"XERTk06dNXE","Q0ziQEmxKz","H0524","R0524_1","94.0","7","19","실제 노출 로그 / 점수·순위는 실험용"
"XEi2dTRzzgT","Q0ziQEmxKz","H0494","R0494_1","93.0","8","6","실제 노출 로그 / 점수·순위는 실험용"
"XE7Hd4OHArw","Q0ziQEmxKz","H0464","R0464_1","92.0","9","14","실제 노출 로그 / 점수·순위는 실험용"
"XEg1cZB3FtF","Q0ziQEmxKz","H0434","R0434_1","91.0","10","1","실제 노출 로그 / 점수·순위는 실험용"
"XEzYNo1AtDM","Q0ziQEmxKz","H0574","R0574_1","90.0","11","20","실제 노출 로그 / 점수·순위는 실험용"
"XEeuJBikOnP","Q0ziQEmxKz","H0404","R0404_1","89.0","12","9","실제 노출 로그 / 점수·순위는 실험용"
"XEKXdokyI3d","Q0ziQEmxKz","H0544","R0544_1","88.0","13","7","실제 노출 로그 / 점수·순위는 실험용"
"XEn9fSXT6tn","Q0ziQEmxKz","H0514","R0514_1","87.0","14","15","실제 노출 로그 / 점수·순위는 실험용"
"XExmm6ezME7","Q0ziQEmxKz","H0484","R0484_1","86.0","15","2","실제 노출 로그 / 점수·순위는 실험용"
"XEdLiWcpJqk","Q0ziQEmxKz","H0454","R0454_1","85.0","16","10","실제 노출 로그 / 점수·순위는 실험용"
"XErQevddDKh","Q0ziQEmxKz","H0594","R0594_1","84.0","17","8","실제 노출 로그 / 점수·순위는 실험용"
"XEtkyaKRyHT","Q0ziQEmxKz","H0424","R0424_1","83.0","18","17","실제 노출 로그 / 점수·순위는 실험용"
"XEEjo0lUDTt","Q0ziQEmxKz","H0564","R0564_1","82.0","19","16","실제 노출 로그 / 점수·순위는 실험용"
"XEg6S5xO9Nr","Q0ziQEmxKz","H0534","R0534_1","81.0","20","3","실제 노출 로그 / 점수·순위는 실험용"
"XE0F1HHCItN","QPFT3MmIOr","H0504","R0504_1","100.0","1","11","실제 노출 로그 / 점수·순위는 실험용"
"XEKZte6kbDO","QPFT3MmIOr","H0474","R0474_1","99.0","2","18","실제 노출 로그 / 점수·순위는 실험용"
"XEGcLK3ADHT","QPFT3MmIOr","H0444","R0444_1","98.0","3","5","실제 노출 로그 / 점수·순위는 실험용"
"XE8Ein61dsr","QPFT3MmIOr","H0584","R0584_1","97.0","4","4","실제 노출 로그 / 점수·순위는 실험용"
"XEIejtK6Coj","QPFT3MmIOr","H0554","R0554_1","96.0","5","12","실제 노출 로그 / 점수·순위는 실험용"
"XE1WuZ5sayz","QPFT3MmIOr","H0414","R0414_1","95.0","6","13","실제 노출 로그 / 점수·순위는 실험용"
"XEW0tS0djzm","QPFT3MmIOr","H0524","R0524_1","94.0","7","19","실제 노출 로그 / 점수·순위는 실험용"
"XELp6uRpekg","QPFT3MmIOr","H0494","R0494_1","93.0","8","6","실제 노출 로그 / 점수·순위는 실험용"
"XEcq74jN8JM","QPFT3MmIOr","H0464","R0464_1","92.0","9","14","실제 노출 로그 / 점수·순위는 실험용"
"XEsYUqLChuN","QPFT3MmIOr","H0434","R0434_1","91.0","10","1","실제 노출 로그 / 점수·순위는 실험용"
"XEoTAmkQymR","QPFT3MmIOr","H0574","R0574_1","90.0","11","20","실제 노출 로그 / 점수·순위는 실험용"
"XETZR7iRf8q","QPFT3MmIOr","H0404","R0404_1","89.0","12","9","실제 노출 로그 / 점수·순위는 실험용"
"XEkrzXt2WuB","QPFT3MmIOr","H0544","R0544_1","88.0","13","7","실제 노출 로그 / 점수·순위는 실험용"
"XEsj1h2PNkW","QPFT3MmIOr","H0514","R0514_1","87.0","14","15","실제 노출 로그 / 점수·순위는 실험용"
"XE0Hfa1242I","QPFT3MmIOr","H0484","R0484_1","86.0","15","2","실제 노출 로그 / 점수·순위는 실험용"
"XEpt7t3X9gB","QPFT3MmIOr","H0454","R0454_1","85.0","16","10","실제 노출 로그 / 점수·순위는 실험용"
"XEdsB81z2SU","QPFT3MmIOr","H0594","R0594_1","84.0","17","8","실제 노출 로그 / 점수·순위는 실험용"
"XE7i6DCarmW","QPFT3MmIOr","H0424","R0424_1","83.0","18","17","실제 노출 로그 / 점수·순위는 실험용"
"XEW6UTEvVwg","QPFT3MmIOr","H0564","R0564_1","82.0","19","16","실제 노출 로그 / 점수·순위는 실험용"
"XE5JfofyGxY","QPFT3MmIOr","H0534","R0534_1","81.0","20","3","실제 노출 로그 / 점수·순위는 실험용"
"XEqjXFICFcF","QMfp2J1ja2","H0391","R0391_1","100.0","1","2","실제 노출 로그 / 점수·순위는 실험용"
"XERY4w1vBaW","QMfp2J1ja2","H0361","R0361_1","99.0","2","5","실제 노출 로그 / 점수·순위는 실험용"
"XEt33KzWmYR","QMfp2J1ja2","H0331","R0331_1","98.0","3","7","실제 노출 로그 / 점수·순위는 실험용"
"XE748XlNeS2","QMfp2J1ja2","H0301","R0301_1","97.0","4","3","실제 노출 로그 / 점수·순위는 실험용"
"XESgLN2t8Se","QMfp2J1ja2","H0271","R0271_1","96.0","5","6","실제 노출 로그 / 점수·순위는 실험용"
"XErBQZ3MbOF","QMfp2J1ja2","H0241","R0241_1","95.0","6","1","실제 노출 로그 / 점수·순위는 실험용"
"XEecX7z8SiI","QMfp2J1ja2","H0211","R0211_1","94.0","7","4","실제 노출 로그 / 점수·순위는 실험용"
"XEsKH2T11x8","QNZZ7f3AVs","H0391","R0391_1","100.0","1","2","실제 노출 로그 / 점수·순위는 실험용"
"XEaKrumi3Lo","QNZZ7f3AVs","H0361","R0361_1","99.0","2","5","실제 노출 로그 / 점수·순위는 실험용"
"XEHIQOUwKL6","QNZZ7f3AVs","H0331","R0331_1","98.0","3","7","실제 노출 로그 / 점수·순위는 실험용"
"XEVsLEuJNTY","QNZZ7f3AVs","H0301","R0301_1","97.0","4","3","실제 노출 로그 / 점수·순위는 실험용"
"XEn8kz35Nn8","QNZZ7f3AVs","H0271","R0271_1","96.0","5","6","실제 노출 로그 / 점수·순위는 실험용"
"XE31Vb7LdZK","QNZZ7f3AVs","H0241","R0241_1","95.0","6","1","실제 노출 로그 / 점수·순위는 실험용"
"XExnRBofnx0","QNZZ7f3AVs","H0211","R0211_1","94.0","7","4","실제 노출 로그 / 점수·순위는 실험용"
"XEwC7v7vubb","QxoEav5d6U","H0391","R0391_1","100.0","1","2","실제 노출 로그 / 점수·순위는 실험용"
"XEE9D4bPh0i","QxoEav5d6U","H0361","R0361_1","99.0","2","5","실제 노출 로그 / 점수·순위는 실험용"
"XE1PWjEgVqn","QxoEav5d6U","H0331","R0331_1","98.0","3","7","실제 노출 로그 / 점수·순위는 실험용"
"XEuSRpS3uOs","QxoEav5d6U","H0301","R0301_1","97.0","4","3","실제 노출 로그 / 점수·순위는 실험용"
"XE5fflZC42n","QxoEav5d6U","H0271","R0271_1","96.0","5","6","실제 노출 로그 / 점수·순위는 실험용"
"XEnaRS20I2v","QxoEav5d6U","H0241","R0241_1","95.0","6","1","실제 노출 로그 / 점수·순위는 실험용"
"XEfiKSuB4IF","QxoEav5d6U","H0211","R0211_1","94.0","7","4","실제 노출 로그 / 점수·순위는 실험용"
"XEOwo4u9TgA","Qz6XeRkveI","H0223","R0223_1","100.0","1","13","실제 노출 로그 / 점수·순위는 실험용"
"XEwCngJ4slS","Qz6XeRkveI","H0363","R0363_1","99.0","2","12","실제 노출 로그 / 점수·순위는 실험용"
"XEa2tpVXKeR","Qz6XeRkveI","H0333","R0333_1","98.0","3","19","실제 노출 로그 / 점수·순위는 실험용"
"XE4IywELxZU","Qz6XeRkveI","H0303","R0303_1","97.0","4","7","실제 노출 로그 / 점수·순위는 실험용"
"XEczMJTT3Q3","Qz6XeRkveI","H0273","R0273_1","96.0","5","14","실제 노출 로그 / 점수·순위는 실험용"
"XE6qSJ0INtZ","Qz6XeRkveI","H0243","R0243_1","95.0","6","1","실제 노출 로그 / 점수·순위는 실험용"
"XEbRp49gVzQ","Qz6XeRkveI","H0383","R0383_1","94.0","7","20","실제 노출 로그 / 점수·순위는 실험용"
"XE17UgGjg5w","Qz6XeRkveI","H0353","R0353_1","93.0","8","8","실제 노출 로그 / 점수·순위는 실험용"
"XEpZDrhkgkU","Qz6XeRkveI","H0213","R0213_1","92.0","9","9","실제 노출 로그 / 점수·순위는 실험용"
"XE3N2ZfDPxs","Qz6XeRkveI","H0323","R0323_1","91.0","10","15","실제 노출 로그 / 점수·순위는 실험용"
"XEwUYp019oG","Qz6XeRkveI","H0293","R0293_1","90.0","11","2","실제 노출 로그 / 점수·순위는 실험용"
"XEkXgeG2tni","Qz6XeRkveI","H0263","R0263_1","89.0","12","10","실제 노출 로그 / 점수·순위는 실험용"
"XEcisO5MoF4","Qz6XeRkveI","H0233","R0233_1","88.0","13","17","실제 노출 로그 / 점수·순위는 실험용"
"XEWMY2dVL48","Qz6XeRkveI","H0373","R0373_1","87.0","14","16","실제 노출 로그 / 점수·순위는 실험용"
"XE2rEXCPJiv","Qz6XeRkveI","H0203","R0203_1","86.0","15","5","실제 노출 로그 / 점수·순위는 실험용"
"XESsfhNcXaE","Qz6XeRkveI","H0343","R0343_1","85.0","16","3","실제 노출 로그 / 점수·순위는 실험용"
"XEZomGoCCZN","Qz6XeRkveI","H0313","R0313_1","84.0","17","11","실제 노출 로그 / 점수·순위는 실험용"
"XEmMpOV0Cpv","Qz6XeRkveI","H0283","R0283_1","83.0","18","18","실제 노출 로그 / 점수·순위는 실험용"
"XEW8dne41Ky","Qz6XeRkveI","H0253","R0253_1","82.0","19","6","실제 노출 로그 / 점수·순위는 실험용"
"XE2wv0Pro76","Qz6XeRkveI","H0393","R0393_1","81.0","20","4","실제 노출 로그 / 점수·순위는 실험용"
"XEtFFkR7t12","QNFRCCVqbP","H0504","R0504_1","100.0","1","100","실제 노출 로그 / 점수·순위는 실험용"
"XEkmXJ1AHVw","QNFRCCVqbP","H0448","R0448_1","99.0","2","61","실제 노출 로그 / 점수·순위는 실험용"
"XEn8cmpmm4y","QNFRCCVqbP","H0588","R0588_1","98.0","3","45","실제 노출 로그 / 점수·순위는 실험용"
"XEtNwND49cI","QNFRCCVqbP","H0532","R0532_1","97.0","4","13","실제 노출 로그 / 점수·순위는 실험용"
"XECLtM8bOLo","QNFRCCVqbP","H0476","R0476_1","96.0","5","181","실제 노출 로그 / 점수·순위는 실험용"
"XEjPupmKXQ3","QNFRCCVqbP","H0420","R0420_1","95.0","6","149","실제 노출 로그 / 점수·순위는 실험용"
"XEBSgPFotw2","QNFRCCVqbP","H0560","R0560_1","94.0","7","133","실제 노출 로그 / 점수·순위는 실험용"
"XEVc5ObIWs7","QNFRCCVqbP","H0503","R0503_1","93.0","8","95","실제 노출 로그 / 점수·순위는 실험용"
"XErwQ36lPn5","QNFRCCVqbP","H0447","R0447_1","92.0","9","57","실제 노출 로그 / 점수·순위는 실험용"
"XEz1tC4yu0K","QNFRCCVqbP","H0587","R0587_1","91.0","10","41","실제 노출 로그 / 점수·순위는 실험용"
"XEkISMIGw6l","QNFRCCVqbP","H0531","R0531_1","90.0","11","9","실제 노출 로그 / 점수·순위는 실험용"
"XEz52gnSIaT","QNFRCCVqbP","H0475","R0475_1","89.0","12","177","실제 노출 로그 / 점수·순위는 실험용"
"XE1CyXY5eIV","QNFRCCVqbP","H0419","R0419_1","88.0","13","145","실제 노출 로그 / 점수·순위는 실험용"
"XElMEpT6nP3","QNFRCCVqbP","H0559","R0559_1","87.0","14","129","실제 노출 로그 / 점수·순위는 실험용"
"XEPrKvSTmv5","QNFRCCVqbP","H0502","R0502_1","86.0","15","90","실제 노출 로그 / 점수·순위는 실험용"
"XE2u5ryLtq1","QNFRCCVqbP","H0446","R0446_1","85.0","16","53","실제 노출 로그 / 점수·순위는 실험용"
"XEkATeJeklC","QNFRCCVqbP","H0586","R0586_1","84.0","17","37","실제 노출 로그 / 점수·순위는 실험용"
"XE4NrAHLD4c","QNFRCCVqbP","H0530","R0530_1","83.0","18","5","실제 노출 로그 / 점수·순위는 실험용"
"XEIEQ52C7W0","QNFRCCVqbP","H0474","R0474_1","82.0","19","173","실제 노출 로그 / 점수·순위는 실험용"
"XE41eKjIIdf","QNFRCCVqbP","H0418","R0418_1","81.0","20","141","실제 노출 로그 / 점수·순위는 실험용"
"XEtkRxaT33a","QNFRCCVqbP","H0558","R0558_1","80.0","21","125","실제 노출 로그 / 점수·순위는 실험용"
"XEvHPHB1GCw","QNFRCCVqbP","H0501","R0501_1","79.0","22","85","실제 노출 로그 / 점수·순위는 실험용"
"XEBgcnmSnr2","QNFRCCVqbP","H0445","R0445_1","78.0","23","49","실제 노출 로그 / 점수·순위는 실험용"
"XEUHeP9qgAy","QNFRCCVqbP","H0585","R0585_1","77.0","24","33","실제 노출 로그 / 점수·순위는 실험용"
"XEEAKrGde8F","QNFRCCVqbP","H0529","R0529_1","76.0","25","1","실제 노출 로그 / 점수·순위는 실험용"
"XEdm08YBPBk","QNFRCCVqbP","H0473","R0473_1","75.0","26","169","실제 노출 로그 / 점수·순위는 실험용"
"XEnrnYXGhvq","QNFRCCVqbP","H0417","R0417_1","74.0","27","137","실제 노출 로그 / 점수·순위는 실험용"
"XELeUU5e2ME","QNFRCCVqbP","H0557","R0557_1","73.0","28","121","실제 노출 로그 / 점수·순위는 실험용"
"XEZE9YIIhtd","QNFRCCVqbP","H0556","R0556_1","72.0","29","117","실제 노출 로그 / 점수·순위는 실험용"
"XE1OO3pFQvq","QNFRCCVqbP","H0500","R0500_1","71.0","30","80","실제 노출 로그 / 점수·순위는 실험용"
"XEL3nriR7Dg","QNFRCCVqbP","H0444","R0444_1","70.0","31","46","실제 노출 로그 / 점수·순위는 실험용"
"XEYpUVjPxys","QNFRCCVqbP","H0584","R0584_1","69.0","32","29","실제 노출 로그 / 점수·순위는 실험용"
"XExuSoW3ZCx","QNFRCCVqbP","H0528","R0528_1","68.0","33","197","실제 노출 로그 / 점수·순위는 실험용"
"XEHuHwUGl6B","QNFRCCVqbP","H0472","R0472_1","67.0","34","165","실제 노출 로그 / 점수·순위는 실험용"
"XEUK1bkewsZ","QNFRCCVqbP","H0416","R0416_1","66.0","35","134","실제 노출 로그 / 점수·순위는 실험용"
"XEFNCp8ARhN","QNFRCCVqbP","H0555","R0555_1","65.0","36","113","실제 노출 로그 / 점수·순위는 실험용"
"XEbm14mIMtZ","QNFRCCVqbP","H0499","R0499_1","64.0","37","75","실제 노출 로그 / 점수·순위는 실험용"
"XEnfNiP1AOs","QNFRCCVqbP","H0443","R0443_1","63.0","38","42","실제 노출 로그 / 점수·순위는 실험용"
"XEjAMhu3WrK","QNFRCCVqbP","H0583","R0583_1","62.0","39","25","실제 노출 로그 / 점수·순위는 실험용"
"XEu44UIP7wv","QNFRCCVqbP","H0527","R0527_1","61.0","40","193","실제 노출 로그 / 점수·순위는 실험용"
"XElz6548cuY","QNFRCCVqbP","H0471","R0471_1","60.0","41","161","실제 노출 로그 / 점수·순위는 실험용"
"XE6WOutNRpu","QNFRCCVqbP","H0415","R0415_1","59.0","42","130","실제 노출 로그 / 점수·순위는 실험용"
"XEgrTL2XAaz","QNFRCCVqbP","H0554","R0554_1","58.0","43","109","실제 노출 로그 / 점수·순위는 실험용"
"XEk10ibBfIu","QNFRCCVqbP","H0498","R0498_1","57.0","44","70","실제 노출 로그 / 점수·순위는 실험용"
"XEbSysYo0FE","QNFRCCVqbP","H0442","R0442_1","56.0","45","38","실제 노출 로그 / 점수·순위는 실험용"
"XEqPqkuRcY0","QNFRCCVqbP","H0582","R0582_1","55.0","46","21","실제 노출 로그 / 점수·순위는 실험용"
"XEdVRYXkeNr","QNFRCCVqbP","H0526","R0526_1","54.0","47","189","실제 노출 로그 / 점수·순위는 실험용"
"XE0FpUg3KrT","QNFRCCVqbP","H0470","R0470_1","53.0","48","157","실제 노출 로그 / 점수·순위는 실험용"
"XELo4lITm6u","QNFRCCVqbP","H0414","R0414_1","52.0","49","126","실제 노출 로그 / 점수·순위는 실험용"
"XEmBJ1ZG5R2","QNFRCCVqbP","H0553","R0553_1","51.0","50","105","실제 노출 로그 / 점수·순위는 실험용"
"XEXeQctjXhW","QNFRCCVqbP","H0497","R0497_1","50.0","51","65","실제 노출 로그 / 점수·순위는 실험용"
"XEnsB1Qno4t","QNFRCCVqbP","H0441","R0441_1","49.0","52","34","실제 노출 로그 / 점수·순위는 실험용"
"XEp3M9dvbQs","QNFRCCVqbP","H0581","R0581_1","48.0","53","17","실제 노출 로그 / 점수·순위는 실험용"
"XE4IIHI81Hj","QNFRCCVqbP","H0525","R0525_1","47.0","54","185","실제 노출 로그 / 점수·순위는 실험용"
"XEtHNdAbfEZ","QNFRCCVqbP","H0469","R0469_1","46.0","55","153","실제 노출 로그 / 점수·순위는 실험용"
"XE6vcVvkkkr","QNFRCCVqbP","H0413","R0413_1","45.0","56","122","실제 노출 로그 / 점수·순위는 실험용"
"XE9s7yTV8PU","QNFRCCVqbP","H0552","R0552_1","44.0","57","101","실제 노출 로그 / 점수·순위는 실험용"
"XEGAvwM5PEA","QNFRCCVqbP","H0496","R0496_1","43.0","58","62","실제 노출 로그 / 점수·순위는 실험용"
"XElI0S10Zir","QNFRCCVqbP","H0440","R0440_1","42.0","59","30","실제 노출 로그 / 점수·순위는 실험용"
"XES894DxREQ","QNFRCCVqbP","H0580","R0580_1","41.0","60","14","실제 노출 로그 / 점수·순위는 실험용"
"XELm0Q3XaNr","QNFRCCVqbP","H0524","R0524_1","40.0","61","182","실제 노출 로그 / 점수·순위는 실험용"
"XEXFSsxtjwW","QNFRCCVqbP","H0468","R0468_1","39.0","62","150","실제 노출 로그 / 점수·순위는 실험용"
"XEK5kVph99z","QNFRCCVqbP","H0412","R0412_1","38.0","63","118","실제 노출 로그 / 점수·순위는 실험용"
"XE4FjJprMAi","QNFRCCVqbP","H0551","R0551_1","37.0","64","96","실제 노출 로그 / 점수·순위는 실험용"
"XEiEgWew1wm","QNFRCCVqbP","H0495","R0495_1","36.0","65","58","실제 노출 로그 / 점수·순위는 실험용"
"XELhBtR5km1","QNFRCCVqbP","H0439","R0439_1","35.0","66","26","실제 노출 로그 / 점수·순위는 실험용"
"XEOrd6B4miP","QNFRCCVqbP","H0579","R0579_1","34.0","67","10","실제 노출 로그 / 점수·순위는 실험용"
"XEpuE6CDtCv","QNFRCCVqbP","H0523","R0523_1","33.0","68","178","실제 노출 로그 / 점수·순위는 실험용"
"XEb6uMqtVQ2","QNFRCCVqbP","H0467","R0467_1","32.0","69","146","실제 노출 로그 / 점수·순위는 실험용"
"XE3F1298A3N","QNFRCCVqbP","H0411","R0411_1","31.0","70","114","실제 노출 로그 / 점수·순위는 실험용"
"XEVBBMfyrAp","QNFRCCVqbP","H0550","R0550_1","30.0","71","91","실제 노출 로그 / 점수·순위는 실험용"
"XENCZ39CreL","QNFRCCVqbP","H0494","R0494_1","29.0","72","54","실제 노출 로그 / 점수·순위는 실험용"
"XE1e4FPWB3a","QNFRCCVqbP","H0438","R0438_1","28.0","73","22","실제 노출 로그 / 점수·순위는 실험용"
"XEHA0HTVN8t","QNFRCCVqbP","H0578","R0578_1","27.0","74","6","실제 노출 로그 / 점수·순위는 실험용"
"XENld9g0Ohq","QNFRCCVqbP","H0522","R0522_1","26.0","75","174","실제 노출 로그 / 점수·순위는 실험용"
"XEdGMcNl8W7","QNFRCCVqbP","H0466","R0466_1","25.0","76","142","실제 노출 로그 / 점수·순위는 실험용"
"XEZ3luxiAjo","QNFRCCVqbP","H0410","R0410_1","24.0","77","110","실제 노출 로그 / 점수·순위는 실험용"
"XEOykhWddqr","QNFRCCVqbP","H0549","R0549_1","23.0","78","86","실제 노출 로그 / 점수·순위는 실험용"
"XEG3qC0vVY4","QNFRCCVqbP","H0493","R0493_1","22.0","79","50","실제 노출 로그 / 점수·순위는 실험용"
"XE5vI3UPoWq","QNFRCCVqbP","H0437","R0437_1","21.0","80","18","실제 노출 로그 / 점수·순위는 실험용"
"XEZG98hRxMZ","QNFRCCVqbP","H0577","R0577_1","20.0","81","2","실제 노출 로그 / 점수·순위는 실험용"
"XE1WDsF766i","QNFRCCVqbP","H0521","R0521_1","19.0","82","170","실제 노출 로그 / 점수·순위는 실험용"
"XE8phyyUDt9","QNFRCCVqbP","H0465","R0465_1","18.0","83","138","실제 노출 로그 / 점수·순위는 실험용"
"XElp46sikHA","QNFRCCVqbP","H0409","R0409_1","17.0","84","106","실제 노출 로그 / 점수·순위는 실험용"
"XEmWdPagBV8","QNFRCCVqbP","H0548","R0548_1","16.0","85","81","실제 노출 로그 / 점수·순위는 실험용"
"XEPAILyb8cx","QNFRCCVqbP","H0492","R0492_1","15.0","86","47","실제 노출 로그 / 점수·순위는 실험용"
"XEB5aIE7fbE","QNFRCCVqbP","H0436","R0436_1","14.0","87","15","실제 노출 로그 / 점수·순위는 실험용"
"XE7sQYow5X6","QNFRCCVqbP","H0576","R0576_1","13.0","88","198","실제 노출 로그 / 점수·순위는 실험용"
"XEoYbYaMXzv","QNFRCCVqbP","H0520","R0520_1","12.0","89","166","실제 노출 로그 / 점수·순위는 실험용"
"XEHTddFdQ0W","QNFRCCVqbP","H0464","R0464_1","11.0","90","135","실제 노출 로그 / 점수·순위는 실험용"
"XEYU8AbyMgc","QNFRCCVqbP","H0408","R0408_1","10.0","91","102","실제 노출 로그 / 점수·순위는 실험용"
"XEHb9QY5eV4","QNFRCCVqbP","H0547","R0547_1","9.0","92","76","실제 노출 로그 / 점수·순위는 실험용"
"XEIGp9xAhAS","QNFRCCVqbP","H0491","R0491_1","8.0","93","43","실제 노출 로그 / 점수·순위는 실험용"
"XEN1GMATOtc","QNFRCCVqbP","H0435","R0435_1","7.0","94","11","실제 노출 로그 / 점수·순위는 실험용"
"XEXIMvd4x4d","QNFRCCVqbP","H0575","R0575_1","6.0","95","194","실제 노출 로그 / 점수·순위는 실험용"
"XEmqCJgn8mZ","QNFRCCVqbP","H0519","R0519_1","5.0","96","162","실제 노출 로그 / 점수·순위는 실험용"
"XEtJwVB4Zq8","QNFRCCVqbP","H0463","R0463_1","4.0","97","131","실제 노출 로그 / 점수·순위는 실험용"
"XELt4xsbHt2","QNFRCCVqbP","H0407","R0407_1","3.0","98","97","실제 노출 로그 / 점수·순위는 실험용"
"XEsTOuETlVR","QNFRCCVqbP","H0546","R0546_1","2.0","99","71","실제 노출 로그 / 점수·순위는 실험용"
"XEppiYF9ZeP","QNFRCCVqbP","H0490","R0490_1","1.0","100","39","실제 노출 로그 / 점수·순위는 실험용"
"XEtudfSqRDo","QNFRCCVqbP","H0434","R0434_1","0.0","101","7","실제 노출 로그 / 점수·순위는 실험용"
"XEEvEnKRHI9","QNFRCCVqbP","H0574","R0574_1","0.0","102","190","실제 노출 로그 / 점수·순위는 실험용"
"XE0ZTFjnpWW","QNFRCCVqbP","H0518","R0518_1","0.0","103","158","실제 노출 로그 / 점수·순위는 실험용"
"XEi7ElmKIpl","QNFRCCVqbP","H0462","R0462_1","0.0","104","127","실제 노출 로그 / 점수·순위는 실험용"
"XEQ6SniFdf6","QNFRCCVqbP","H0406","R0406_1","0.0","105","92","실제 노출 로그 / 점수·순위는 실험용"
"XE3dsiTTtux","QNFRCCVqbP","H0405","R0405_1","0.0","106","87","실제 노출 로그 / 점수·순위는 실험용"
"XE97PEgFmi2","QNFRCCVqbP","H0545","R0545_1","0.0","107","66","실제 노출 로그 / 점수·순위는 실험용"
"XEK6Ug5NCxI","QNFRCCVqbP","H0489","R0489_1","0.0","108","35","실제 노출 로그 / 점수·순위는 실험용"
"XEVTvPP2yny","QNFRCCVqbP","H0433","R0433_1","0.0","109","3","실제 노출 로그 / 점수·순위는 실험용"
"XEUefe4ChSp","QNFRCCVqbP","H0573","R0573_1","0.0","110","186","실제 노출 로그 / 점수·순위는 실험용"
"XEeGUNE2fpX","QNFRCCVqbP","H0517","R0517_1","0.0","111","154","실제 노출 로그 / 점수·순위는 실험용"
"XELF6TX1aIK","QNFRCCVqbP","H0461","R0461_1","0.0","112","123","실제 노출 로그 / 점수·순위는 실험용"
"XERBsF619Gc","QNFRCCVqbP","H0404","R0404_1","0.0","113","82","실제 노출 로그 / 점수·순위는 실험용"
"XEmbaaxqKYc","QNFRCCVqbP","H0600","R0600_1","0.0","114","103","실제 노출 로그 / 점수·순위는 실험용"
"XEH93SEiIA0","QNFRCCVqbP","H0544","R0544_1","0.0","115","63","실제 노출 로그 / 점수·순위는 실험용"
"XEXTQMS7l6N","QNFRCCVqbP","H0488","R0488_1","0.0","116","31","실제 노출 로그 / 점수·순위는 실험용"
"XEXvtTCocXn","QNFRCCVqbP","H0432","R0432_1","0.0","117","199","실제 노출 로그 / 점수·순위는 실험용"
"XEZblrTMAa1","QNFRCCVqbP","H0572","R0572_1","0.0","118","183","실제 노출 로그 / 점수·순위는 실험용"
"XEdwjkTw44n","QNFRCCVqbP","H0516","R0516_1","0.0","119","151","실제 노출 로그 / 점수·순위는 실험용"
"XEOGLfKzc2p","QNFRCCVqbP","H0460","R0460_1","0.0","120","119","실제 노출 로그 / 점수·순위는 실험용"
"XE3enIUI62Y","QNFRCCVqbP","H0403","R0403_1","0.0","121","77","실제 노출 로그 / 점수·순위는 실험용"
"XES3HGb9oXM","QNFRCCVqbP","H0599","R0599_1","0.0","122","98","실제 노출 로그 / 점수·순위는 실험용"
"XEvwDkHH8CO","QNFRCCVqbP","H0543","R0543_1","0.0","123","59","실제 노출 로그 / 점수·순위는 실험용"
"XEOyHwi70xR","QNFRCCVqbP","H0487","R0487_1","0.0","124","27","실제 노출 로그 / 점수·순위는 실험용"
"XE3jNxY6SkH","QNFRCCVqbP","H0431","R0431_1","0.0","125","195","실제 노출 로그 / 점수·순위는 실험용"
"XEBxUfyisOc","QNFRCCVqbP","H0571","R0571_1","0.0","126","179","실제 노출 로그 / 점수·순위는 실험용"
"XEf9G7IeUse","QNFRCCVqbP","H0515","R0515_1","0.0","127","147","실제 노출 로그 / 점수·순위는 실험용"
"XEF1nvK8QJj","QNFRCCVqbP","H0459","R0459_1","0.0","128","115","실제 노출 로그 / 점수·순위는 실험용"
"XE92eSspAdW","QNFRCCVqbP","H0402","R0402_1","0.0","129","72","실제 노출 로그 / 점수·순위는 실험용"
"XEF06m0rOGF","QNFRCCVqbP","H0598","R0598_1","0.0","130","93","실제 노출 로그 / 점수·순위는 실험용"
"XEn7rEBcZv4","QNFRCCVqbP","H0542","R0542_1","0.0","131","55","실제 노출 로그 / 점수·순위는 실험용"
"XEC7uCXjpKX","QNFRCCVqbP","H0486","R0486_1","0.0","132","23","실제 노출 로그 / 점수·순위는 실험용"
"XEcW01ZF1XN","QNFRCCVqbP","H0430","R0430_1","0.0","133","191","실제 노출 로그 / 점수·순위는 실험용"
"XEtAVfa2e6X","QNFRCCVqbP","H0570","R0570_1","0.0","134","175","실제 노출 로그 / 점수·순위는 실험용"
"XEwXNrqKEiP","QNFRCCVqbP","H0514","R0514_1","0.0","135","143","실제 노출 로그 / 점수·순위는 실험용"
"XEU87seQJ3V","QNFRCCVqbP","H0458","R0458_1","0.0","136","111","실제 노출 로그 / 점수·순위는 실험용"
"XEHCcP3TbiO","QNFRCCVqbP","H0401","R0401_1","0.0","137","67","실제 노출 로그 / 점수·순위는 실험용"
"XE1KS7OAJQj","QNFRCCVqbP","H0597","R0597_1","0.0","138","88","실제 노출 로그 / 점수·순위는 실험용"
"XEt3UpcwagT","QNFRCCVqbP","H0541","R0541_1","0.0","139","51","실제 노출 로그 / 점수·순위는 실험용"
"XEILWh80Tuq","QNFRCCVqbP","H0485","R0485_1","0.0","140","19","실제 노출 로그 / 점수·순위는 실험용"
"XEFJ2Lzt1kf","QNFRCCVqbP","H0429","R0429_1","0.0","141","187","실제 노출 로그 / 점수·순위는 실험용"
"XEjA59PkF4C","QNFRCCVqbP","H0569","R0569_1","0.0","142","171","실제 노출 로그 / 점수·순위는 실험용"
"XEu4WqBYJx5","QNFRCCVqbP","H0513","R0513_1","0.0","143","139","실제 노출 로그 / 점수·순위는 실험용"
"XEuAvOkOC52","QNFRCCVqbP","H0457","R0457_1","0.0","144","107","실제 노출 로그 / 점수·순위는 실험용"
"XEKAR8GDaD4","QNFRCCVqbP","H0596","R0596_1","0.0","145","83","실제 노출 로그 / 점수·순위는 실험용"
"XEkexcOPzxz","QNFRCCVqbP","H0540","R0540_1","0.0","146","48","실제 노출 로그 / 점수·순위는 실험용"
"XEIlBjFy1eg","QNFRCCVqbP","H0484","R0484_1","0.0","147","16","실제 노출 로그 / 점수·순위는 실험용"
"XEJ5ibTFgw1","QNFRCCVqbP","H0428","R0428_1","0.0","148","184","실제 노출 로그 / 점수·순위는 실험용"
"XEKqtI4fLcW","QNFRCCVqbP","H0568","R0568_1","0.0","149","167","실제 노출 로그 / 점수·순위는 실험용"
"XERkl9Dj3xE","QNFRCCVqbP","H0512","R0512_1","0.0","150","136","실제 노출 로그 / 점수·순위는 실험용"
"XEghrfML1ap","QNFRCCVqbP","H0456","R0456_1","0.0","151","104","실제 노출 로그 / 점수·순위는 실험용"
"XEOUSGG7tYy","QNFRCCVqbP","H0455","R0455_1","0.0","152","99","실제 노출 로그 / 점수·순위는 실험용"
"XES6sWTrYEi","QNFRCCVqbP","H0595","R0595_1","0.0","153","78","실제 노출 로그 / 점수·순위는 실험용"
"XEHwtqWeW2H","QNFRCCVqbP","H0539","R0539_1","0.0","154","44","실제 노출 로그 / 점수·순위는 실험용"
"XE9nWbTYtDK","QNFRCCVqbP","H0483","R0483_1","0.0","155","12","실제 노출 로그 / 점수·순위는 실험용"
"XEfvDYoOzF3","QNFRCCVqbP","H0427","R0427_1","0.0","156","180","실제 노출 로그 / 점수·순위는 실험용"
"XETf13ghFsm","QNFRCCVqbP","H0567","R0567_1","0.0","157","163","실제 노출 로그 / 점수·순위는 실험용"
"XEGRkcp3cUu","QNFRCCVqbP","H0511","R0511_1","0.0","158","132","실제 노출 로그 / 점수·순위는 실험용"
"XEGIr1uaLUN","QNFRCCVqbP","H0454","R0454_1","0.0","159","94","실제 노출 로그 / 점수·순위는 실험용"
"XEd9YPmG3Fy","QNFRCCVqbP","H0594","R0594_1","0.0","160","73","실제 노출 로그 / 점수·순위는 실험용"
"XEHsT1j61vd","QNFRCCVqbP","H0538","R0538_1","0.0","161","40","실제 노출 로그 / 점수·순위는 실험용"
"XEjrGpnMT46","QNFRCCVqbP","H0482","R0482_1","0.0","162","8","실제 노출 로그 / 점수·순위는 실험용"
"XEBxJ3lWKIX","QNFRCCVqbP","H0426","R0426_1","0.0","163","176","실제 노출 로그 / 점수·순위는 실험용"
"XEYZ17iFk90","QNFRCCVqbP","H0566","R0566_1","0.0","164","159","실제 노출 로그 / 점수·순위는 실험용"
"XExVaxirm55","QNFRCCVqbP","H0510","R0510_1","0.0","165","128","실제 노출 로그 / 점수·순위는 실험용"
"XEH5agfyugd","QNFRCCVqbP","H0453","R0453_1","0.0","166","89","실제 노출 로그 / 점수·순위는 실험용"
"XE8nS9FMa47","QNFRCCVqbP","H0593","R0593_1","0.0","167","68","실제 노출 로그 / 점수·순위는 실험용"
"XEFPnznQVOw","QNFRCCVqbP","H0537","R0537_1","0.0","168","36","실제 노출 로그 / 점수·순위는 실험용"
"XEG6TVVBiAV","QNFRCCVqbP","H0481","R0481_1","0.0","169","4","실제 노출 로그 / 점수·순위는 실험용"
"XE5o2rCCELl","QNFRCCVqbP","H0425","R0425_1","0.0","170","172","실제 노출 로그 / 점수·순위는 실험용"
"XE6OrFVAlZ9","QNFRCCVqbP","H0565","R0565_1","0.0","171","155","실제 노출 로그 / 점수·순위는 실험용"
"XEw0cO2Y13B","QNFRCCVqbP","H0509","R0509_1","0.0","172","124","실제 노출 로그 / 점수·순위는 실험용"
"XEc5hnZ09W0","QNFRCCVqbP","H0452","R0452_1","0.0","173","84","실제 노출 로그 / 점수·순위는 실험용"
"XEzzBsG1duI","QNFRCCVqbP","H0592","R0592_1","0.0","174","64","실제 노출 로그 / 점수·순위는 실험용"
"XEc55kegVdq","QNFRCCVqbP","H0536","R0536_1","0.0","175","32","실제 노출 로그 / 점수·순위는 실험용"
"XE9NhLfkugE","QNFRCCVqbP","H0480","R0480_1","0.0","176","200","실제 노출 로그 / 점수·순위는 실험용"
"XE736PqH7xh","QNFRCCVqbP","H0424","R0424_1","0.0","177","168","실제 노출 로그 / 점수·순위는 실험용"
"XEAMnqq8ebr","QNFRCCVqbP","H0564","R0564_1","0.0","178","152","실제 노출 로그 / 점수·순위는 실험용"
"XEJlFTH0NO4","QNFRCCVqbP","H0508","R0508_1","0.0","179","120","실제 노출 로그 / 점수·순위는 실험용"
"XEi4tLjQCet","QNFRCCVqbP","H0451","R0451_1","0.0","180","79","실제 노출 로그 / 점수·순위는 실험용"
"XE3YGDlSuS3","QNFRCCVqbP","H0591","R0591_1","0.0","181","60","실제 노출 로그 / 점수·순위는 실험용"
"XEEcEUka9Cg","QNFRCCVqbP","H0535","R0535_1","0.0","182","28","실제 노출 로그 / 점수·순위는 실험용"
"XEIP99QdKH8","QNFRCCVqbP","H0479","R0479_1","0.0","183","196","실제 노출 로그 / 점수·순위는 실험용"
"XEYzSYujhWv","QNFRCCVqbP","H0423","R0423_1","0.0","184","164","실제 노출 로그 / 점수·순위는 실험용"
"XExwW9aUnrF","QNFRCCVqbP","H0563","R0563_1","0.0","185","148","실제 노출 로그 / 점수·순위는 실험용"
"XEDF6gxehxB","QNFRCCVqbP","H0507","R0507_1","0.0","186","116","실제 노출 로그 / 점수·순위는 실험용"
"XEaEmE3Z11W","QNFRCCVqbP","H0506","R0506_1","0.0","187","112","실제 노출 로그 / 점수·순위는 실험용"
"XEihKitR4SU","QNFRCCVqbP","H0450","R0450_1","0.0","188","74","실제 노출 로그 / 점수·순위는 실험용"
"XE8rJKlCx74","QNFRCCVqbP","H0590","R0590_1","0.0","189","56","실제 노출 로그 / 점수·순위는 실험용"
"XEmuZTpJNKc","QNFRCCVqbP","H0534","R0534_1","0.0","190","24","실제 노출 로그 / 점수·순위는 실험용"
"XECyK1AILbo","QNFRCCVqbP","H0478","R0478_1","0.0","191","192","실제 노출 로그 / 점수·순위는 실험용"
"XEu0FybY07J","QNFRCCVqbP","H0422","R0422_1","0.0","192","160","실제 노출 로그 / 점수·순위는 실험용"
"XEIJtdyITZP","QNFRCCVqbP","H0562","R0562_1","0.0","193","144","실제 노출 로그 / 점수·순위는 실험용"
"XE1uVfVoK09","QNFRCCVqbP","H0505","R0505_1","0.0","194","108","실제 노출 로그 / 점수·순위는 실험용"
"XEfJgJvCG35","QNFRCCVqbP","H0449","R0449_1","0.0","195","69","실제 노출 로그 / 점수·순위는 실험용"
"XE5ud1WxZ54","QNFRCCVqbP","H0589","R0589_1","0.0","196","52","실제 노출 로그 / 점수·순위는 실험용"
"XEPBUE6n3Er","QNFRCCVqbP","H0533","R0533_1","0.0","197","20","실제 노출 로그 / 점수·순위는 실험용"
"XEHo6UwS0jM","QNFRCCVqbP","H0477","R0477_1","0.0","198","188","실제 노출 로그 / 점수·순위는 실험용"
"XEdi2ko759X","QNFRCCVqbP","H0421","R0421_1","0.0","199","156","실제 노출 로그 / 점수·순위는 실험용"
"XEOaf73eme4","QNFRCCVqbP","H0561","R0561_1","0.0","200","140","실제 노출 로그 / 점수·순위는 실험용"
"XECdwAhVIRj","QS2Nf7ujam","H0504","R0504_1","100.0","1","66","실제 노출 로그 / 점수·순위는 실험용"
"XEErEx6rROJ","QS2Nf7ujam","H0588","R0588_1","99.0","2","29","실제 노출 로그 / 점수·순위는 실험용"
"XEGTasEq7LV","QS2Nf7ujam","H0476","R0476_1","98.0","3","119","실제 노출 로그 / 점수·순위는 실험용"
"XEFLGLmZZDL","QS2Nf7ujam","H0420","R0420_1","97.0","4","99","실제 노출 로그 / 점수·순위는 실험용"
"XEpLDYFV0A0","QS2Nf7ujam","H0560","R0560_1","96.0","5","87","실제 노출 로그 / 점수·순위는 실험용"
"XETaKKv7OXA","QS2Nf7ujam","H0503","R0503_1","95.0","6","61","실제 노출 로그 / 점수·순위는 실험용"
"XEh2ztw5oRS","QS2Nf7ujam","H0447","R0447_1","94.0","7","37","실제 노출 로그 / 점수·순위는 실험용"
"XEDhRuQXSTD","QS2Nf7ujam","H0587","R0587_1","93.0","8","25","실제 노출 로그 / 점수·순위는 실험용"
"XElMv4171n2","QS2Nf7ujam","H0531","R0531_1","92.0","9","5","실제 노출 로그 / 점수·순위는 실험용"
"XEGyY0jktd9","QS2Nf7ujam","H0419","R0419_1","91.0","10","95","실제 노출 로그 / 점수·순위는 실험용"
"XE1uDXbMV3y","QS2Nf7ujam","H0446","R0446_1","90.0","11","33","실제 노출 로그 / 점수·순위는 실험용"
"XEMwEB89s4N","QS2Nf7ujam","H0530","R0530_1","89.0","12","1","실제 노출 로그 / 점수·순위는 실험용"
"XEY8J4InFNb","QS2Nf7ujam","H0474","R0474_1","88.0","13","115","실제 노출 로그 / 점수·순위는 실험용"
"XE40NncwkUn","QS2Nf7ujam","H0558","R0558_1","87.0","14","83","실제 노출 로그 / 점수·순위는 실험용"
"XE2kEM9cc4Z","QS2Nf7ujam","H0501","R0501_1","86.0","15","56","실제 노출 로그 / 점수·순위는 실험용"
"XEqJbFeiZWd","QS2Nf7ujam","H0585","R0585_1","85.0","16","21","실제 노출 로그 / 점수·순위는 실험용"
"XE4sMvdhq2R","QS2Nf7ujam","H0473","R0473_1","84.0","17","111","실제 노출 로그 / 점수·순위는 실험용"
"XEFnXxncas9","QS2Nf7ujam","H0417","R0417_1","83.0","18","91","실제 노출 로그 / 점수·순위는 실험용"
"XE2W2e6zA6H","QS2Nf7ujam","H0557","R0557_1","82.0","19","79","실제 노출 로그 / 점수·순위는 실험용"
"XEnoqrXm7CF","QS2Nf7ujam","H0500","R0500_1","81.0","20","51","실제 노출 로그 / 점수·순위는 실험용"
"XE4bZALEXkI","QS2Nf7ujam","H0444","R0444_1","80.0","21","30","실제 노출 로그 / 점수·순위는 실험용"
"XEEJQJmkGON","QS2Nf7ujam","H0584","R0584_1","79.0","22","17","실제 노출 로그 / 점수·순위는 실험용"
"XETyJ739gPr","QS2Nf7ujam","H0528","R0528_1","78.0","23","131","실제 노출 로그 / 점수·순위는 실험용"
"XE6ZMDxESpW","QS2Nf7ujam","H0416","R0416_1","77.0","24","88","실제 노출 로그 / 점수·순위는 실험용"
"XEWhmaESK73","QS2Nf7ujam","H0555","R0555_1","76.0","25","75","실제 노출 로그 / 점수·순위는 실험용"
"XEobfklki5l","QS2Nf7ujam","H0443","R0443_1","75.0","26","26","실제 노출 로그 / 점수·순위는 실험용"
"XE9xYNOJUVt","QS2Nf7ujam","H0527","R0527_1","74.0","27","127","실제 노출 로그 / 점수·순위는 실험용"
"XE271gj0zMR","QS2Nf7ujam","H0471","R0471_1","73.0","28","107","실제 노출 로그 / 점수·순위는 실험용"
"XE3yOxjpiDZ","QS2Nf7ujam","H0554","R0554_1","72.0","29","71","실제 노출 로그 / 점수·순위는 실험용"
"XEb3OV175WI","QS2Nf7ujam","H0498","R0498_1","71.0","30","46","실제 노출 로그 / 점수·순위는 실험용"
"XE6Hvx7yCyq","QS2Nf7ujam","H0582","R0582_1","70.0","31","13","실제 노출 로그 / 점수·순위는 실험용"
"XEYhbQuQBsq","QS2Nf7ujam","H0470","R0470_1","69.0","32","103","실제 노출 로그 / 점수·순위는 실험용"
"XEkPNDHxfq3","QS2Nf7ujam","H0414","R0414_1","68.0","33","84","실제 노출 로그 / 점수·순위는 실험용"
"XERqmHsPbaR","QS2Nf7ujam","H0497","R0497_1","67.0","34","41","실제 노출 로그 / 점수·순위는 실험용"
"XEMeh0qWW5m","QS2Nf7ujam","H0441","R0441_1","66.0","35","22","실제 노출 로그 / 점수·순위는 실험용"
"XEHUumln6Xw","QS2Nf7ujam","H0581","R0581_1","65.0","36","9","실제 노출 로그 / 점수·순위는 실험용"
"XE7LvNGMCrE","QS2Nf7ujam","H0525","R0525_1","64.0","37","123","실제 노출 로그 / 점수·순위는 실험용"
"XEFQ3BqFfQn","QS2Nf7ujam","H0413","R0413_1","63.0","38","80","실제 노출 로그 / 점수·순위는 실험용"
"XExlCFSiMCu","QS2Nf7ujam","H0552","R0552_1","62.0","39","67","실제 노출 로그 / 점수·순위는 실험용"
"XEOhQQg7Knx","QS2Nf7ujam","H0440","R0440_1","61.0","40","18","실제 노출 로그 / 점수·순위는 실험용"
"XEmKp13Hrqw","QS2Nf7ujam","H0524","R0524_1","60.0","41","120","실제 노출 로그 / 점수·순위는 실험용"
"XESzO0vkzs6","QS2Nf7ujam","H0468","R0468_1","59.0","42","100","실제 노출 로그 / 점수·순위는 실험용"
"XEzmpXJ4vJb","QS2Nf7ujam","H0551","R0551_1","58.0","43","62","실제 노출 로그 / 점수·순위는 실험용"
"XEsv4UC5WAQ","QS2Nf7ujam","H0495","R0495_1","57.0","44","38","실제 노출 로그 / 점수·순위는 실험용"
"XEMyBztPuo1","QS2Nf7ujam","H0579","R0579_1","56.0","45","6","실제 노출 로그 / 점수·순위는 실험용"
"XEi2xkSJbvl","QS2Nf7ujam","H0467","R0467_1","55.0","46","96","실제 노출 로그 / 점수·순위는 실험용"
"XEnJqgJw5eO","QS2Nf7ujam","H0411","R0411_1","54.0","47","76","실제 노출 로그 / 점수·순위는 실험용"
"XEZAJm0K6xR","QS2Nf7ujam","H0494","R0494_1","53.0","48","34","실제 노출 로그 / 점수·순위는 실험용"
"XEMqbTo7k0b","QS2Nf7ujam","H0438","R0438_1","52.0","49","14","실제 노출 로그 / 점수·순위는 실험용"
"XELUXTn8lck","QS2Nf7ujam","H0578","R0578_1","51.0","50","2","실제 노출 로그 / 점수·순위는 실험용"
"XE2evi6mrd5","QS2Nf7ujam","H0522","R0522_1","50.0","51","116","실제 노출 로그 / 점수·순위는 실험용"
"XE3DlZyp4ZR","QS2Nf7ujam","H0410","R0410_1","49.0","52","72","실제 노출 로그 / 점수·순위는 실험용"
"XEgfbSJu7GR","QS2Nf7ujam","H0549","R0549_1","48.0","53","57","실제 노출 로그 / 점수·순위는 실험용"
"XEJURw5zJ6X","QS2Nf7ujam","H0437","R0437_1","47.0","54","10","실제 노출 로그 / 점수·순위는 실험용"
"XELQSeclz7B","QS2Nf7ujam","H0521","R0521_1","46.0","55","112","실제 노출 로그 / 점수·순위는 실험용"
"XEGxzfDWYfT","QS2Nf7ujam","H0465","R0465_1","45.0","56","92","실제 노출 로그 / 점수·순위는 실험용"
"XEbPP5UD6Nv","QS2Nf7ujam","H0548","R0548_1","44.0","57","52","실제 노출 로그 / 점수·순위는 실험용"
"XEGP1hOYi8t","QS2Nf7ujam","H0492","R0492_1","43.0","58","31","실제 노출 로그 / 점수·순위는 실험용"
"XEy1pKTmVj1","QS2Nf7ujam","H0576","R0576_1","42.0","59","132","실제 노출 로그 / 점수·순위는 실험용"
"XEnH49MyiX4","QS2Nf7ujam","H0464","R0464_1","41.0","60","89","실제 노출 로그 / 점수·순위는 실험용"
"XE376ep7U8l","QS2Nf7ujam","H0408","R0408_1","40.0","61","68","실제 노출 로그 / 점수·순위는 실험용"
"XEoRAi412iX","QS2Nf7ujam","H0491","R0491_1","39.0","62","27","실제 노출 로그 / 점수·순위는 실험용"
"XEuqZ1fhGNO","QS2Nf7ujam","H0435","R0435_1","38.0","63","7","실제 노출 로그 / 점수·순위는 실험용"
"XEXv7ov39BM","QS2Nf7ujam","H0575","R0575_1","37.0","64","128","실제 노출 로그 / 점수·순위는 실험용"
"XE5h6TuDoNI","QS2Nf7ujam","H0519","R0519_1","36.0","65","108","실제 노출 로그 / 점수·순위는 실험용"
"XEgsLVVpLr4","QS2Nf7ujam","H0407","R0407_1","35.0","66","63","실제 노출 로그 / 점수·순위는 실험용"
"XEAOz26lu6O","QS2Nf7ujam","H0546","R0546_1","34.0","67","47","실제 노출 로그 / 점수·순위는 실험용"
"XEdpNVEZ7Tw","QS2Nf7ujam","H0434","R0434_1","33.0","68","3","실제 노출 로그 / 점수·순위는 실험용"
"XERXZl30XQR","QS2Nf7ujam","H0518","R0518_1","32.0","69","104","실제 노출 로그 / 점수·순위는 실험용"
"XEJa4YebaLR","QS2Nf7ujam","H0462","R0462_1","31.0","70","85","실제 노출 로그 / 점수·순위는 실험용"
"XE40xwKNOJq","QS2Nf7ujam","H0405","R0405_1","30.0","71","58","실제 노출 로그 / 점수·순위는 실험용"
"XEd8spa9JR4","QS2Nf7ujam","H0545","R0545_1","29.0","72","42","실제 노출 로그 / 점수·순위는 실험용"
"XE1R203NfIc","QS2Nf7ujam","H0489","R0489_1","28.0","73","23","실제 노출 로그 / 점수·순위는 실험용"
"XE0Say833V0","QS2Nf7ujam","H0573","R0573_1","27.0","74","124","실제 노출 로그 / 점수·순위는 실험용"
"XEtk3EeId9k","QS2Nf7ujam","H0461","R0461_1","26.0","75","81","실제 노출 로그 / 점수·순위는 실험용"
"XEOlSCpPaOb","QS2Nf7ujam","H0404","R0404_1","25.0","76","53","실제 노출 로그 / 점수·순위는 실험용"
"XED4aYG3256","QS2Nf7ujam","H0600","R0600_1","24.0","77","69","실제 노출 로그 / 점수·순위는 실험용"
"XE3JaDYLz0o","QS2Nf7ujam","H0488","R0488_1","23.0","78","19","실제 노출 로그 / 점수·순위는 실험용"
"XE4lBBvmDZ6","QS2Nf7ujam","H0432","R0432_1","22.0","79","133","실제 노출 로그 / 점수·순위는 실험용"
"XEBSYBreGuo","QS2Nf7ujam","H0572","R0572_1","21.0","80","121","실제 노출 로그 / 점수·순위는 실험용"
"XEbvfo4rgkm","QS2Nf7ujam","H0516","R0516_1","20.0","81","101","실제 노출 로그 / 점수·순위는 실험용"
"XEJUQWRfk6D","QS2Nf7ujam","H0599","R0599_1","19.0","82","64","실제 노출 로그 / 점수·순위는 실험용"
"XE7TRc7vWPe","QS2Nf7ujam","H0543","R0543_1","18.0","83","39","실제 노출 로그 / 점수·순위는 실험용"
"XEJ7C3BTgAL","QS2Nf7ujam","H0431","R0431_1","17.0","84","129","실제 노출 로그 / 점수·순위는 실험용"
"XEhuTUCHJE9","QS2Nf7ujam","H0515","R0515_1","16.0","85","97","실제 노출 로그 / 점수·순위는 실험용"
"XEgkqcSjd6T","QS2Nf7ujam","H0459","R0459_1","15.0","86","77","실제 노출 로그 / 점수·순위는 실험용"
"XEb0rxrPTS3","QS2Nf7ujam","H0402","R0402_1","14.0","87","48","실제 노출 로그 / 점수·순위는 실험용"
"XEyxiHiMSiE","QS2Nf7ujam","H0542","R0542_1","13.0","88","35","실제 노출 로그 / 점수·순위는 실험용"
"XEBoFTXGnFn","QS2Nf7ujam","H0486","R0486_1","12.0","89","15","실제 노출 로그 / 점수·순위는 실험용"
"XEnmhp5ylGW","QS2Nf7ujam","H0570","R0570_1","11.0","90","117","실제 노출 로그 / 점수·순위는 실험용"
"XE71AbfwAwG","QS2Nf7ujam","H0458","R0458_1","10.0","91","73","실제 노출 로그 / 점수·순위는 실험용"
"XEFIma2jtak","QS2Nf7ujam","H0401","R0401_1","9.0","92","43","실제 노출 로그 / 점수·순위는 실험용"
"XEbVjDfXcUX","QS2Nf7ujam","H0597","R0597_1","8.0","93","59","실제 노출 로그 / 점수·순위는 실험용"
"XE11f8TFcXL","QS2Nf7ujam","H0485","R0485_1","7.0","94","11","실제 노출 로그 / 점수·순위는 실험용"
"XEBRPE2RzM5","QS2Nf7ujam","H0429","R0429_1","6.0","95","125","실제 노출 로그 / 점수·순위는 실험용"
"XEhbMnSBQPB","QS2Nf7ujam","H0569","R0569_1","5.0","96","113","실제 노출 로그 / 점수·순위는 실험용"
"XEBlljgbZOz","QS2Nf7ujam","H0513","R0513_1","4.0","97","93","실제 노출 로그 / 점수·순위는 실험용"
"XE3mP2z9gb9","QS2Nf7ujam","H0596","R0596_1","3.0","98","54","실제 노출 로그 / 점수·순위는 실험용"
"XEL6vui42AS","QS2Nf7ujam","H0540","R0540_1","2.0","99","32","실제 노출 로그 / 점수·순위는 실험용"
"XEKAoULLAXQ","QS2Nf7ujam","H0428","R0428_1","1.0","100","122","실제 노출 로그 / 점수·순위는 실험용"
"XEFKyFX1aC4","QS2Nf7ujam","H0512","R0512_1","0.0","101","90","실제 노출 로그 / 점수·순위는 실험용"
"XElU5ZyWKnA","QS2Nf7ujam","H0456","R0456_1","0.0","102","70","실제 노출 로그 / 점수·순위는 실험용"
"XEwtEH9TtU5","QS2Nf7ujam","H0455","R0455_1","0.0","103","65","실제 노출 로그 / 점수·순위는 실험용"
"XEcHASwxt6D","QS2Nf7ujam","H0539","R0539_1","0.0","104","28","실제 노출 로그 / 점수·순위는 실험용"
"XEBu3IMs0Qr","QS2Nf7ujam","H0483","R0483_1","0.0","105","8","실제 노출 로그 / 점수·순위는 실험용"
"XEmjbzQoqMw","QS2Nf7ujam","H0567","R0567_1","0.0","106","109","실제 노출 로그 / 점수·순위는 실험용"
"XEKiiu0kM1L","QS2Nf7ujam","H0594","R0594_1","0.0","107","49","실제 노출 로그 / 점수·순위는 실험용"
"XEngkHWF4kA","QS2Nf7ujam","H0482","R0482_1","0.0","108","4","실제 노출 로그 / 점수·순위는 실험용"
"XEMPX2ZpeAk","QS2Nf7ujam","H0426","R0426_1","0.0","109","118","실제 노출 로그 / 점수·순위는 실험용"
"XEojGSmVjKD","QS2Nf7ujam","H0566","R0566_1","0.0","110","105","실제 노출 로그 / 점수·순위는 실험용"
"XEoysM9g7Lr","QS2Nf7ujam","H0510","R0510_1","0.0","111","86","실제 노출 로그 / 점수·순위는 실험용"
"XEL58L26xoq","QS2Nf7ujam","H0453","R0453_1","0.0","112","60","실제 노출 로그 / 점수·순위는 실험용"
"XEpUvhlR35W","QS2Nf7ujam","H0593","R0593_1","0.0","113","44","실제 노출 로그 / 점수·순위는 실험용"
"XEwS3Z07VHt","QS2Nf7ujam","H0537","R0537_1","0.0","114","24","실제 노출 로그 / 점수·순위는 실험용"
"XEdM2xi2Kwo","QS2Nf7ujam","H0425","R0425_1","0.0","115","114","실제 노출 로그 / 점수·순위는 실험용"
"XEsySLuXMY0","QS2Nf7ujam","H0509","R0509_1","0.0","116","82","실제 노출 로그 / 점수·순위는 실험용"
"XEnuw12GgFR","QS2Nf7ujam","H0452","R0452_1","0.0","117","55","실제 노출 로그 / 점수·순위는 실험용"
"XED9W00HTba","QS2Nf7ujam","H0536","R0536_1","0.0","118","20","실제 노출 로그 / 점수·순위는 실험용"
"XEE2YRIfLZ4","QS2Nf7ujam","H0480","R0480_1","0.0","119","134","실제 노출 로그 / 점수·순위는 실험용"
"XEpAzWeQdZp","QS2Nf7ujam","H0564","R0564_1","0.0","120","102","실제 노출 로그 / 점수·순위는 실험용"
"XEyWEWEt6Rx","QS2Nf7ujam","H0591","R0591_1","0.0","121","40","실제 노출 로그 / 점수·순위는 실험용"
"XE9EWCgFr4G","QS2Nf7ujam","H0479","R0479_1","0.0","122","130","실제 노출 로그 / 점수·순위는 실험용"
"XEgwSuROBNf","QS2Nf7ujam","H0423","R0423_1","0.0","123","110","실제 노출 로그 / 점수·순위는 실험용"
"XEPrJU0vIvN","QS2Nf7ujam","H0563","R0563_1","0.0","124","98","실제 노출 로그 / 점수·순위는 실험용"
"XEEhwu2sU2V","QS2Nf7ujam","H0507","R0507_1","0.0","125","78","실제 노출 로그 / 점수·순위는 실험용"
"XEmj6smK5FE","QS2Nf7ujam","H0506","R0506_1","0.0","126","74","실제 노출 로그 / 점수·순위는 실험용"
"XE9Cfqo92qV","QS2Nf7ujam","H0450","R0450_1","0.0","127","50","실제 노출 로그 / 점수·순위는 실험용"
"XEb3u1CqhmD","QS2Nf7ujam","H0590","R0590_1","0.0","128","36","실제 노출 로그 / 점수·순위는 실험용"
"XE1hlFTp3Oy","QS2Nf7ujam","H0534","R0534_1","0.0","129","16","실제 노출 로그 / 점수·순위는 실험용"
"XE3UjwBdYVG","QS2Nf7ujam","H0422","R0422_1","0.0","130","106","실제 노출 로그 / 점수·순위는 실험용"
"XEj3HX643QO","QS2Nf7ujam","H0449","R0449_1","0.0","131","45","실제 노출 로그 / 점수·순위는 실험용"
"XE2T6RZPb37","QS2Nf7ujam","H0533","R0533_1","0.0","132","12","실제 노출 로그 / 점수·순위는 실험용"
"XEtKIj0D1F8","QS2Nf7ujam","H0477","R0477_1","0.0","133","126","실제 노출 로그 / 점수·순위는 실험용"
"XEMkH8Bg0u3","QS2Nf7ujam","H0561","R0561_1","0.0","134","94","실제 노출 로그 / 점수·순위는 실험용"
"XEJnZBehiqU","Q1pmoZBGd2","H0504","R0504_1","100.0","1","66","실제 노출 로그 / 점수·순위는 실험용"
"XEJe1Fv3215","Q1pmoZBGd2","H0588","R0588_1","99.0","2","29","실제 노출 로그 / 점수·순위는 실험용"
"XEWr0dVYhrf","Q1pmoZBGd2","H0476","R0476_1","98.0","3","119","실제 노출 로그 / 점수·순위는 실험용"
"XEVFykbQNj2","Q1pmoZBGd2","H0420","R0420_1","97.0","4","99","실제 노출 로그 / 점수·순위는 실험용"
"XEZ8MzVSkjb","Q1pmoZBGd2","H0560","R0560_1","96.0","5","87","실제 노출 로그 / 점수·순위는 실험용"
"XEOEg3sToe6","Q1pmoZBGd2","H0503","R0503_1","95.0","6","61","실제 노출 로그 / 점수·순위는 실험용"
"XE2PR85O2lf","Q1pmoZBGd2","H0447","R0447_1","94.0","7","37","실제 노출 로그 / 점수·순위는 실험용"
"XE825MXnVEq","Q1pmoZBGd2","H0587","R0587_1","93.0","8","25","실제 노출 로그 / 점수·순위는 실험용"
"XEcDA2Um5iR","Q1pmoZBGd2","H0531","R0531_1","92.0","9","5","실제 노출 로그 / 점수·순위는 실험용"
"XEqMD4S8SSt","Q1pmoZBGd2","H0419","R0419_1","91.0","10","95","실제 노출 로그 / 점수·순위는 실험용"
"XEWUt3QjqOr","Q1pmoZBGd2","H0446","R0446_1","90.0","11","33","실제 노출 로그 / 점수·순위는 실험용"
"XE2uTVXJQlC","Q1pmoZBGd2","H0530","R0530_1","89.0","12","1","실제 노출 로그 / 점수·순위는 실험용"
"XEzGi8Fi50k","Q1pmoZBGd2","H0474","R0474_1","88.0","13","115","실제 노출 로그 / 점수·순위는 실험용"
"XEDVutkBw1q","Q1pmoZBGd2","H0558","R0558_1","87.0","14","83","실제 노출 로그 / 점수·순위는 실험용"
"XE3G9FfQuvz","Q1pmoZBGd2","H0501","R0501_1","86.0","15","56","실제 노출 로그 / 점수·순위는 실험용"
"XEI1fYDSKrD","Q1pmoZBGd2","H0585","R0585_1","85.0","16","21","실제 노출 로그 / 점수·순위는 실험용"
"XE7LlCSKwLB","Q1pmoZBGd2","H0473","R0473_1","84.0","17","111","실제 노출 로그 / 점수·순위는 실험용"
"XEAbDbeZnha","Q1pmoZBGd2","H0417","R0417_1","83.0","18","91","실제 노출 로그 / 점수·순위는 실험용"
"XEDv4iHvi6C","Q1pmoZBGd2","H0557","R0557_1","82.0","19","79","실제 노출 로그 / 점수·순위는 실험용"
"XE7Vt2MmjiE","Q1pmoZBGd2","H0500","R0500_1","81.0","20","51","실제 노출 로그 / 점수·순위는 실험용"
"XEvfl1zdV3p","Q1pmoZBGd2","H0444","R0444_1","80.0","21","30","실제 노출 로그 / 점수·순위는 실험용"
"XEgQ6Q5eAub","Q1pmoZBGd2","H0584","R0584_1","79.0","22","17","실제 노출 로그 / 점수·순위는 실험용"
"XEuGFqhqg9z","Q1pmoZBGd2","H0528","R0528_1","78.0","23","131","실제 노출 로그 / 점수·순위는 실험용"
"XEFq0f7NDJl","Q1pmoZBGd2","H0416","R0416_1","77.0","24","88","실제 노출 로그 / 점수·순위는 실험용"
"XEI5cGOQWhe","Q1pmoZBGd2","H0555","R0555_1","76.0","25","75","실제 노출 로그 / 점수·순위는 실험용"
"XE21rLAUCtE","Q1pmoZBGd2","H0443","R0443_1","75.0","26","26","실제 노출 로그 / 점수·순위는 실험용"
"XEFBcO9tO7o","Q1pmoZBGd2","H0527","R0527_1","74.0","27","127","실제 노출 로그 / 점수·순위는 실험용"
"XESAB1E7s72","Q1pmoZBGd2","H0471","R0471_1","73.0","28","107","실제 노출 로그 / 점수·순위는 실험용"
"XE5uOIWVFSL","Q1pmoZBGd2","H0554","R0554_1","72.0","29","71","실제 노출 로그 / 점수·순위는 실험용"
"XERR2XXeKzc","Q1pmoZBGd2","H0498","R0498_1","71.0","30","46","실제 노출 로그 / 점수·순위는 실험용"
"XE5Kgewc5II","Q1pmoZBGd2","H0582","R0582_1","70.0","31","13","실제 노출 로그 / 점수·순위는 실험용"
"XEoNN7nvRTM","Q1pmoZBGd2","H0470","R0470_1","69.0","32","103","실제 노출 로그 / 점수·순위는 실험용"
"XEalA1uj1YX","Q1pmoZBGd2","H0414","R0414_1","68.0","33","84","실제 노출 로그 / 점수·순위는 실험용"
"XEDjxYTZaoq","Q1pmoZBGd2","H0497","R0497_1","67.0","34","41","실제 노출 로그 / 점수·순위는 실험용"
"XEfxZLEwYBw","Q1pmoZBGd2","H0441","R0441_1","66.0","35","22","실제 노출 로그 / 점수·순위는 실험용"
"XEiKZjDnmwF","Q1pmoZBGd2","H0581","R0581_1","65.0","36","9","실제 노출 로그 / 점수·순위는 실험용"
"XEgdLZgne3R","Q1pmoZBGd2","H0525","R0525_1","64.0","37","123","실제 노출 로그 / 점수·순위는 실험용"
"XEIhzgih08z","Q1pmoZBGd2","H0413","R0413_1","63.0","38","80","실제 노출 로그 / 점수·순위는 실험용"
"XEukz93qD1v","Q1pmoZBGd2","H0552","R0552_1","62.0","39","67","실제 노출 로그 / 점수·순위는 실험용"
"XE29G88h5G6","Q1pmoZBGd2","H0440","R0440_1","61.0","40","18","실제 노출 로그 / 점수·순위는 실험용"
"XEstPSqdRk0","Q1pmoZBGd2","H0524","R0524_1","60.0","41","120","실제 노출 로그 / 점수·순위는 실험용"
"XE4euJrktR7","Q1pmoZBGd2","H0468","R0468_1","59.0","42","100","실제 노출 로그 / 점수·순위는 실험용"
"XEMf6u75Qj6","Q1pmoZBGd2","H0551","R0551_1","58.0","43","62","실제 노출 로그 / 점수·순위는 실험용"
"XEJ0Y2BirNW","Q1pmoZBGd2","H0495","R0495_1","57.0","44","38","실제 노출 로그 / 점수·순위는 실험용"
"XEzFcrNplnv","Q1pmoZBGd2","H0579","R0579_1","56.0","45","6","실제 노출 로그 / 점수·순위는 실험용"
"XE07Oc28SOI","Q1pmoZBGd2","H0467","R0467_1","55.0","46","96","실제 노출 로그 / 점수·순위는 실험용"
"XEmMeXlDB42","Q1pmoZBGd2","H0411","R0411_1","54.0","47","76","실제 노출 로그 / 점수·순위는 실험용"
"XEw29jCO4ja","Q1pmoZBGd2","H0494","R0494_1","53.0","48","34","실제 노출 로그 / 점수·순위는 실험용"
"XE13pfMT1SD","Q1pmoZBGd2","H0438","R0438_1","52.0","49","14","실제 노출 로그 / 점수·순위는 실험용"
"XE0vpCN925d","Q1pmoZBGd2","H0578","R0578_1","51.0","50","2","실제 노출 로그 / 점수·순위는 실험용"
"XElKAvluaNQ","Q1pmoZBGd2","H0522","R0522_1","50.0","51","116","실제 노출 로그 / 점수·순위는 실험용"
"XEnYaZhJkor","Q1pmoZBGd2","H0410","R0410_1","49.0","52","72","실제 노출 로그 / 점수·순위는 실험용"
"XEDxgvCoEf9","Q1pmoZBGd2","H0549","R0549_1","48.0","53","57","실제 노출 로그 / 점수·순위는 실험용"
"XEChJ260HKm","Q1pmoZBGd2","H0437","R0437_1","47.0","54","10","실제 노출 로그 / 점수·순위는 실험용"
"XEWOl4P5k3Y","Q1pmoZBGd2","H0521","R0521_1","46.0","55","112","실제 노출 로그 / 점수·순위는 실험용"
"XENrR1p2h9Q","Q1pmoZBGd2","H0465","R0465_1","45.0","56","92","실제 노출 로그 / 점수·순위는 실험용"
"XEXG4682R2J","Q1pmoZBGd2","H0548","R0548_1","44.0","57","52","실제 노출 로그 / 점수·순위는 실험용"
"XEu0H0ZhWRs","Q1pmoZBGd2","H0492","R0492_1","43.0","58","31","실제 노출 로그 / 점수·순위는 실험용"
"XE9vsdNc3I6","Q1pmoZBGd2","H0576","R0576_1","42.0","59","132","실제 노출 로그 / 점수·순위는 실험용"
"XESj0CugDme","Q1pmoZBGd2","H0464","R0464_1","41.0","60","89","실제 노출 로그 / 점수·순위는 실험용"
"XEUtbiQEXiM","Q1pmoZBGd2","H0408","R0408_1","40.0","61","68","실제 노출 로그 / 점수·순위는 실험용"
"XE5OIAGe2nl","Q1pmoZBGd2","H0491","R0491_1","39.0","62","27","실제 노출 로그 / 점수·순위는 실험용"
"XEzudUhA6Rv","Q1pmoZBGd2","H0435","R0435_1","38.0","63","7","실제 노출 로그 / 점수·순위는 실험용"
"XEsuckDI1e5","Q1pmoZBGd2","H0575","R0575_1","37.0","64","128","실제 노출 로그 / 점수·순위는 실험용"
"XEAiYg2R01N","Q1pmoZBGd2","H0519","R0519_1","36.0","65","108","실제 노출 로그 / 점수·순위는 실험용"
"XEs4Mr1wxTk","Q1pmoZBGd2","H0407","R0407_1","35.0","66","63","실제 노출 로그 / 점수·순위는 실험용"
"XES6XtqchYv","Q1pmoZBGd2","H0546","R0546_1","34.0","67","47","실제 노출 로그 / 점수·순위는 실험용"
"XEExA6se6Ss","Q1pmoZBGd2","H0434","R0434_1","33.0","68","3","실제 노출 로그 / 점수·순위는 실험용"
"XEGvsnBSNdq","Q1pmoZBGd2","H0518","R0518_1","32.0","69","104","실제 노출 로그 / 점수·순위는 실험용"
"XEjcEtNE7PV","Q1pmoZBGd2","H0462","R0462_1","31.0","70","85","실제 노출 로그 / 점수·순위는 실험용"
"XEf5nzrMf3q","Q1pmoZBGd2","H0405","R0405_1","30.0","71","58","실제 노출 로그 / 점수·순위는 실험용"
"XE9mzuOyMLv","Q1pmoZBGd2","H0545","R0545_1","29.0","72","42","실제 노출 로그 / 점수·순위는 실험용"
"XE2xXO6cKEn","Q1pmoZBGd2","H0489","R0489_1","28.0","73","23","실제 노출 로그 / 점수·순위는 실험용"
"XE6g7mNu5Q6","Q1pmoZBGd2","H0573","R0573_1","27.0","74","124","실제 노출 로그 / 점수·순위는 실험용"
"XE3xOQ3vzSc","Q1pmoZBGd2","H0461","R0461_1","26.0","75","81","실제 노출 로그 / 점수·순위는 실험용"
"XEtWOYJ9NkO","Q1pmoZBGd2","H0404","R0404_1","25.0","76","53","실제 노출 로그 / 점수·순위는 실험용"
"XEexddAqdPO","Q1pmoZBGd2","H0600","R0600_1","24.0","77","69","실제 노출 로그 / 점수·순위는 실험용"
"XEYGfxEDzwC","Q1pmoZBGd2","H0488","R0488_1","23.0","78","19","실제 노출 로그 / 점수·순위는 실험용"
"XEzkoEmOVB5","Q1pmoZBGd2","H0432","R0432_1","22.0","79","133","실제 노출 로그 / 점수·순위는 실험용"
"XER0TAUvnCy","Q1pmoZBGd2","H0572","R0572_1","21.0","80","121","실제 노출 로그 / 점수·순위는 실험용"
"XERc2Zc04Wc","Q1pmoZBGd2","H0516","R0516_1","20.0","81","101","실제 노출 로그 / 점수·순위는 실험용"
"XEpd41j5khe","Q1pmoZBGd2","H0599","R0599_1","19.0","82","64","실제 노출 로그 / 점수·순위는 실험용"
"XEzb9Kn628C","Q1pmoZBGd2","H0543","R0543_1","18.0","83","39","실제 노출 로그 / 점수·순위는 실험용"
"XEMIDDBnoUW","Q1pmoZBGd2","H0431","R0431_1","17.0","84","129","실제 노출 로그 / 점수·순위는 실험용"
"XErSHdlaVKv","Q1pmoZBGd2","H0515","R0515_1","16.0","85","97","실제 노출 로그 / 점수·순위는 실험용"
"XEhujugtfVq","Q1pmoZBGd2","H0459","R0459_1","15.0","86","77","실제 노출 로그 / 점수·순위는 실험용"
"XESRwqM7C5I","Q1pmoZBGd2","H0402","R0402_1","14.0","87","48","실제 노출 로그 / 점수·순위는 실험용"
"XEOdax3y0bc","Q1pmoZBGd2","H0542","R0542_1","13.0","88","35","실제 노출 로그 / 점수·순위는 실험용"
"XEf2IZWpvED","Q1pmoZBGd2","H0486","R0486_1","12.0","89","15","실제 노출 로그 / 점수·순위는 실험용"
"XEqVUgsbT4G","Q1pmoZBGd2","H0570","R0570_1","11.0","90","117","실제 노출 로그 / 점수·순위는 실험용"
"XESp8o1YTGt","Q1pmoZBGd2","H0458","R0458_1","10.0","91","73","실제 노출 로그 / 점수·순위는 실험용"
"XEW7raAELBT","Q1pmoZBGd2","H0401","R0401_1","9.0","92","43","실제 노출 로그 / 점수·순위는 실험용"
"XE4mBUi753V","Q1pmoZBGd2","H0597","R0597_1","8.0","93","59","실제 노출 로그 / 점수·순위는 실험용"
"XEOoiCC4cde","Q1pmoZBGd2","H0485","R0485_1","7.0","94","11","실제 노출 로그 / 점수·순위는 실험용"
"XErhvM8r6UK","Q1pmoZBGd2","H0429","R0429_1","6.0","95","125","실제 노출 로그 / 점수·순위는 실험용"
"XEsPaQQkL8y","Q1pmoZBGd2","H0569","R0569_1","5.0","96","113","실제 노출 로그 / 점수·순위는 실험용"
"XEGkaJj2YUh","Q1pmoZBGd2","H0513","R0513_1","4.0","97","93","실제 노출 로그 / 점수·순위는 실험용"
"XEgmEOi5m07","Q1pmoZBGd2","H0596","R0596_1","3.0","98","54","실제 노출 로그 / 점수·순위는 실험용"
"XEcP3wobCov","Q1pmoZBGd2","H0540","R0540_1","2.0","99","32","실제 노출 로그 / 점수·순위는 실험용"
"XELV5H1HNWp","Q1pmoZBGd2","H0428","R0428_1","1.0","100","122","실제 노출 로그 / 점수·순위는 실험용"
"XEIE8kNZsMj","Q1pmoZBGd2","H0512","R0512_1","0.0","101","90","실제 노출 로그 / 점수·순위는 실험용"
"XEBEji7sArQ","Q1pmoZBGd2","H0456","R0456_1","0.0","102","70","실제 노출 로그 / 점수·순위는 실험용"
"XEvNQChxZK8","Q1pmoZBGd2","H0455","R0455_1","0.0","103","65","실제 노출 로그 / 점수·순위는 실험용"
"XEPGw1ir7na","Q1pmoZBGd2","H0539","R0539_1","0.0","104","28","실제 노출 로그 / 점수·순위는 실험용"
"XE2RlMOEdgS","Q1pmoZBGd2","H0483","R0483_1","0.0","105","8","실제 노출 로그 / 점수·순위는 실험용"
"XEf4P8bU56v","Q1pmoZBGd2","H0567","R0567_1","0.0","106","109","실제 노출 로그 / 점수·순위는 실험용"
"XEpWLadjKoB","Q1pmoZBGd2","H0594","R0594_1","0.0","107","49","실제 노출 로그 / 점수·순위는 실험용"
"XEA66V1L2Fj","Q1pmoZBGd2","H0482","R0482_1","0.0","108","4","실제 노출 로그 / 점수·순위는 실험용"
"XE7wSUB4eVA","Q1pmoZBGd2","H0426","R0426_1","0.0","109","118","실제 노출 로그 / 점수·순위는 실험용"
"XEcElm6Nu2k","Q1pmoZBGd2","H0566","R0566_1","0.0","110","105","실제 노출 로그 / 점수·순위는 실험용"
"XEGtu5EIt5v","Q1pmoZBGd2","H0510","R0510_1","0.0","111","86","실제 노출 로그 / 점수·순위는 실험용"
"XEM7c9MaoQI","Q1pmoZBGd2","H0453","R0453_1","0.0","112","60","실제 노출 로그 / 점수·순위는 실험용"
"XEtziz6v4AI","Q1pmoZBGd2","H0593","R0593_1","0.0","113","44","실제 노출 로그 / 점수·순위는 실험용"
"XEqlEeP0rYX","Q1pmoZBGd2","H0537","R0537_1","0.0","114","24","실제 노출 로그 / 점수·순위는 실험용"
"XENhl8bO2Yn","Q1pmoZBGd2","H0425","R0425_1","0.0","115","114","실제 노출 로그 / 점수·순위는 실험용"
"XEkqVaGIH11","Q1pmoZBGd2","H0509","R0509_1","0.0","116","82","실제 노출 로그 / 점수·순위는 실험용"
"XEI1g1VfoGK","Q1pmoZBGd2","H0452","R0452_1","0.0","117","55","실제 노출 로그 / 점수·순위는 실험용"
"XEM5ONdk7h5","Q1pmoZBGd2","H0536","R0536_1","0.0","118","20","실제 노출 로그 / 점수·순위는 실험용"
"XEPDAqY71rL","Q1pmoZBGd2","H0480","R0480_1","0.0","119","134","실제 노출 로그 / 점수·순위는 실험용"
"XEX1ZsgXwHA","Q1pmoZBGd2","H0564","R0564_1","0.0","120","102","실제 노출 로그 / 점수·순위는 실험용"
"XExwua3q3Gd","Q1pmoZBGd2","H0591","R0591_1","0.0","121","40","실제 노출 로그 / 점수·순위는 실험용"
"XEPtttRTpJ1","Q1pmoZBGd2","H0479","R0479_1","0.0","122","130","실제 노출 로그 / 점수·순위는 실험용"
"XEWHjrBWhNu","Q1pmoZBGd2","H0423","R0423_1","0.0","123","110","실제 노출 로그 / 점수·순위는 실험용"
"XEWu6ojFzMu","Q1pmoZBGd2","H0563","R0563_1","0.0","124","98","실제 노출 로그 / 점수·순위는 실험용"
"XE6T0ByKihQ","Q1pmoZBGd2","H0507","R0507_1","0.0","125","78","실제 노출 로그 / 점수·순위는 실험용"
"XEF3t6ImOjf","Q1pmoZBGd2","H0506","R0506_1","0.0","126","74","실제 노출 로그 / 점수·순위는 실험용"
"XEXMT43Nd0Q","Q1pmoZBGd2","H0450","R0450_1","0.0","127","50","실제 노출 로그 / 점수·순위는 실험용"
"XE233uV5JcV","Q1pmoZBGd2","H0590","R0590_1","0.0","128","36","실제 노출 로그 / 점수·순위는 실험용"
"XEbQcdC4AG3","Q1pmoZBGd2","H0534","R0534_1","0.0","129","16","실제 노출 로그 / 점수·순위는 실험용"
"XEFwL5H430A","Q1pmoZBGd2","H0422","R0422_1","0.0","130","106","실제 노출 로그 / 점수·순위는 실험용"
"XEg9N1eMgfV","Q1pmoZBGd2","H0449","R0449_1","0.0","131","45","실제 노출 로그 / 점수·순위는 실험용"
"XEWlFHDNJ6t","Q1pmoZBGd2","H0533","R0533_1","0.0","132","12","실제 노출 로그 / 점수·순위는 실험용"
"XE4HWYp1t6l","Q1pmoZBGd2","H0477","R0477_1","0.0","133","126","실제 노출 로그 / 점수·순위는 실험용"
"XEe7MAWi7vO","Q1pmoZBGd2","H0561","R0561_1","0.0","134","94","실제 노출 로그 / 점수·순위는 실험용"
"XEB80NGnLGI","QSN7J6w0JM","H0476","R0476_1","100.0","1","25","실제 노출 로그 / 점수·순위는 실험용"
"XETf5fNXNe8","QSN7J6w0JM","H0531","R0531_1","99.0","2","1","실제 노출 로그 / 점수·순위는 실험용"
"XEnEDII1xlu","QSN7J6w0JM","H0446","R0446_1","98.0","3","7","실제 노출 로그 / 점수·순위는 실험용"
"XEt3pp3pnRz","QSN7J6w0JM","H0501","R0501_1","97.0","4","12","실제 노출 로그 / 점수·순위는 실험용"
"XEc1OGQVAry","QSN7J6w0JM","H0416","R0416_1","96.0","5","18","실제 노출 로그 / 점수·순위는 실험용"
"XEj8l32EqIr","QSN7J6w0JM","H0471","R0471_1","95.0","6","22","실제 노출 로그 / 점수·순위는 실험용"
"XEu9ycKScn4","QSN7J6w0JM","H0441","R0441_1","94.0","7","5","실제 노출 로그 / 점수·순위는 실험용"
"XEqZFZVRJfP","QSN7J6w0JM","H0581","R0581_1","93.0","8","2","실제 노출 로그 / 점수·순위는 실험용"
"XEFW0Izd6it","QSN7J6w0JM","H0551","R0551_1","92.0","9","13","실제 노출 로그 / 점수·순위는 실험용"
"XEi7cHGCUgh","QSN7J6w0JM","H0411","R0411_1","91.0","10","16","실제 노출 로그 / 점수·순위는 실험용"
"XEUIfuwzYEY","QSN7J6w0JM","H0521","R0521_1","90.0","11","23","실제 노출 로그 / 점수·순위는 실험용"
"XE9vhSzWsAq","QSN7J6w0JM","H0576","R0576_1","89.0","12","27","실제 노출 로그 / 점수·순위는 실험용"
"XExceKi3y1L","QSN7J6w0JM","H0491","R0491_1","88.0","13","6","실제 노출 로그 / 점수·순위는 실험용"
"XE9aq2rC37R","QSN7J6w0JM","H0546","R0546_1","87.0","14","10","실제 노출 로그 / 점수·순위는 실험용"
"XEM7hjFtDt0","QSN7J6w0JM","H0461","R0461_1","86.0","15","17","실제 노출 로그 / 점수·순위는 실험용"
"XE7SeBSxM6L","QSN7J6w0JM","H0516","R0516_1","85.0","16","20","실제 노출 로그 / 점수·순위는 실험용"
"XEh6fkHdIBh","QSN7J6w0JM","H0431","R0431_1","84.0","17","26","실제 노출 로그 / 점수·순위는 실험용"
"XEtVZuNz4ff","QSN7J6w0JM","H0486","R0486_1","83.0","18","3","실제 노출 로그 / 점수·순위는 실험용"
"XEppbons14v","QSN7J6w0JM","H0401","R0401_1","82.0","19","9","실제 노출 로그 / 점수·순위는 실험용"
"XEcZag69b7b","QSN7J6w0JM","H0596","R0596_1","81.0","20","11","실제 노출 로그 / 점수·순위는 실험용"
"XEbvYMyRwDD","QSN7J6w0JM","H0456","R0456_1","80.0","21","14","실제 노출 로그 / 점수·순위는 실험용"
"XESVnoRRtu0","QSN7J6w0JM","H0426","R0426_1","79.0","22","24","실제 노출 로그 / 점수·순위는 실험용"
"XEGkzeOb0NJ","QSN7J6w0JM","H0566","R0566_1","78.0","23","21","실제 노출 로그 / 점수·순위는 실험용"
"XECJ2qprXqq","QSN7J6w0JM","H0536","R0536_1","77.0","24","4","실제 노출 로그 / 점수·순위는 실험용"
"XEjejCH7j22","QSN7J6w0JM","H0591","R0591_1","76.0","25","8","실제 노출 로그 / 점수·순위는 실험용"
"XES6zSibAKe","QSN7J6w0JM","H0506","R0506_1","75.0","26","15","실제 노출 로그 / 점수·순위는 실험용"
"XEtAjrSEx89","QSN7J6w0JM","H0561","R0561_1","74.0","27","19","실제 노출 로그 / 점수·순위는 실험용"
"XEhgUem192V","QzsgiJmvpS","H0504","R0504_1","100.0","1","100","실제 노출 로그 / 점수·순위는 실험용"
"XEmRx9OhLDf","QzsgiJmvpS","H0448","R0448_1","99.0","2","61","실제 노출 로그 / 점수·순위는 실험용"
"XEkmW74GURl","QzsgiJmvpS","H0588","R0588_1","98.0","3","45","실제 노출 로그 / 점수·순위는 실험용"
"XEyJkVSA3S3","QzsgiJmvpS","H0532","R0532_1","97.0","4","13","실제 노출 로그 / 점수·순위는 실험용"
"XEOzgjgOh1v","QzsgiJmvpS","H0476","R0476_1","96.0","5","181","실제 노출 로그 / 점수·순위는 실험용"
"XE0eXEzN7va","QzsgiJmvpS","H0420","R0420_1","95.0","6","149","실제 노출 로그 / 점수·순위는 실험용"
"XEQbmZeML7U","QzsgiJmvpS","H0560","R0560_1","94.0","7","133","실제 노출 로그 / 점수·순위는 실험용"
"XE2jlmvWue3","QzsgiJmvpS","H0503","R0503_1","93.0","8","95","실제 노출 로그 / 점수·순위는 실험용"
"XErYR1RaT6p","QzsgiJmvpS","H0447","R0447_1","92.0","9","57","실제 노출 로그 / 점수·순위는 실험용"
"XETRVvxtDZx","QzsgiJmvpS","H0587","R0587_1","91.0","10","41","실제 노출 로그 / 점수·순위는 실험용"
"XEoPQYkyO2h","QzsgiJmvpS","H0531","R0531_1","90.0","11","9","실제 노출 로그 / 점수·순위는 실험용"
"XE7zqdspuFb","QzsgiJmvpS","H0475","R0475_1","89.0","12","177","실제 노출 로그 / 점수·순위는 실험용"
"XEUj7WnF4oT","QzsgiJmvpS","H0419","R0419_1","88.0","13","145","실제 노출 로그 / 점수·순위는 실험용"
"XES65Pz3n3l","QzsgiJmvpS","H0559","R0559_1","87.0","14","129","실제 노출 로그 / 점수·순위는 실험용"
"XERdMBqfQXU","QzsgiJmvpS","H0502","R0502_1","86.0","15","90","실제 노출 로그 / 점수·순위는 실험용"
"XEb6OpFe7J2","QzsgiJmvpS","H0446","R0446_1","85.0","16","53","실제 노출 로그 / 점수·순위는 실험용"
"XElssdUU3Rf","QzsgiJmvpS","H0586","R0586_1","84.0","17","37","실제 노출 로그 / 점수·순위는 실험용"
"XEs5twejmO2","QzsgiJmvpS","H0530","R0530_1","83.0","18","5","실제 노출 로그 / 점수·순위는 실험용"
"XEUoUS1W1nM","QzsgiJmvpS","H0474","R0474_1","82.0","19","173","실제 노출 로그 / 점수·순위는 실험용"
"XEHST6agZJl","QzsgiJmvpS","H0418","R0418_1","81.0","20","141","실제 노출 로그 / 점수·순위는 실험용"
"XEsE1YwaN1J","QzsgiJmvpS","H0558","R0558_1","80.0","21","125","실제 노출 로그 / 점수·순위는 실험용"
"XELabIaKxJq","QzsgiJmvpS","H0501","R0501_1","79.0","22","85","실제 노출 로그 / 점수·순위는 실험용"
"XErNJqwwjvQ","QzsgiJmvpS","H0445","R0445_1","78.0","23","49","실제 노출 로그 / 점수·순위는 실험용"
"XE6SWEvgQWq","QzsgiJmvpS","H0585","R0585_1","77.0","24","33","실제 노출 로그 / 점수·순위는 실험용"
"XEHI62FI2n5","QzsgiJmvpS","H0529","R0529_1","76.0","25","1","실제 노출 로그 / 점수·순위는 실험용"
"XEEO4WzMRJE","QzsgiJmvpS","H0473","R0473_1","75.0","26","169","실제 노출 로그 / 점수·순위는 실험용"
"XENoC8XhmZa","QzsgiJmvpS","H0417","R0417_1","74.0","27","137","실제 노출 로그 / 점수·순위는 실험용"
"XEaDU6pWV7M","QzsgiJmvpS","H0557","R0557_1","73.0","28","121","실제 노출 로그 / 점수·순위는 실험용"
"XEiSy5jTh14","QzsgiJmvpS","H0556","R0556_1","72.0","29","117","실제 노출 로그 / 점수·순위는 실험용"
"XE7kcYv7luK","QzsgiJmvpS","H0500","R0500_1","71.0","30","80","실제 노출 로그 / 점수·순위는 실험용"
"XElEzCIANFB","QzsgiJmvpS","H0444","R0444_1","70.0","31","46","실제 노출 로그 / 점수·순위는 실험용"
"XEGKBBlPeLD","QzsgiJmvpS","H0584","R0584_1","69.0","32","29","실제 노출 로그 / 점수·순위는 실험용"
"XE2xz35sucu","QzsgiJmvpS","H0528","R0528_1","68.0","33","197","실제 노출 로그 / 점수·순위는 실험용"
"XEOZrNij4Ua","QzsgiJmvpS","H0472","R0472_1","67.0","34","165","실제 노출 로그 / 점수·순위는 실험용"
"XEG81SodReg","QzsgiJmvpS","H0416","R0416_1","66.0","35","134","실제 노출 로그 / 점수·순위는 실험용"
"XE5T82RGLkg","QzsgiJmvpS","H0555","R0555_1","65.0","36","113","실제 노출 로그 / 점수·순위는 실험용"
"XEr51oAhAMK","QzsgiJmvpS","H0499","R0499_1","64.0","37","75","실제 노출 로그 / 점수·순위는 실험용"
"XEwMIO2Yu4n","QzsgiJmvpS","H0443","R0443_1","63.0","38","42","실제 노출 로그 / 점수·순위는 실험용"
"XEDaR1VxVz7","QzsgiJmvpS","H0583","R0583_1","62.0","39","25","실제 노출 로그 / 점수·순위는 실험용"
"XEsCiZqFePN","QzsgiJmvpS","H0527","R0527_1","61.0","40","193","실제 노출 로그 / 점수·순위는 실험용"
"XEX9b2E3DhD","QzsgiJmvpS","H0471","R0471_1","60.0","41","161","실제 노출 로그 / 점수·순위는 실험용"
"XEx9qrmTGJ6","QzsgiJmvpS","H0415","R0415_1","59.0","42","130","실제 노출 로그 / 점수·순위는 실험용"
"XEkDk5SqKK5","QzsgiJmvpS","H0554","R0554_1","58.0","43","109","실제 노출 로그 / 점수·순위는 실험용"
"XEz0Ypbe4ni","QzsgiJmvpS","H0498","R0498_1","57.0","44","70","실제 노출 로그 / 점수·순위는 실험용"
"XEqGLUxIGpH","QzsgiJmvpS","H0442","R0442_1","56.0","45","38","실제 노출 로그 / 점수·순위는 실험용"
"XEtZrn6sMvO","QzsgiJmvpS","H0582","R0582_1","55.0","46","21","실제 노출 로그 / 점수·순위는 실험용"
"XETWF3stjnh","QzsgiJmvpS","H0526","R0526_1","54.0","47","189","실제 노출 로그 / 점수·순위는 실험용"
"XEdjsIbPPUe","QzsgiJmvpS","H0470","R0470_1","53.0","48","157","실제 노출 로그 / 점수·순위는 실험용"
"XEKvaYUg2AX","QzsgiJmvpS","H0414","R0414_1","52.0","49","126","실제 노출 로그 / 점수·순위는 실험용"
"XEX0mjE8C60","QzsgiJmvpS","H0553","R0553_1","51.0","50","105","실제 노출 로그 / 점수·순위는 실험용"
"XEngQS5gMFJ","QzsgiJmvpS","H0497","R0497_1","50.0","51","65","실제 노출 로그 / 점수·순위는 실험용"
"XEoOk7KAm01","QzsgiJmvpS","H0441","R0441_1","49.0","52","34","실제 노출 로그 / 점수·순위는 실험용"
"XE8Ul25SV2r","QzsgiJmvpS","H0581","R0581_1","48.0","53","17","실제 노출 로그 / 점수·순위는 실험용"
"XEP1xd7y5xB","QzsgiJmvpS","H0525","R0525_1","47.0","54","185","실제 노출 로그 / 점수·순위는 실험용"
"XEoXS8Nn2LR","QzsgiJmvpS","H0469","R0469_1","46.0","55","153","실제 노출 로그 / 점수·순위는 실험용"
"XElPnGWrgIA","QzsgiJmvpS","H0413","R0413_1","45.0","56","122","실제 노출 로그 / 점수·순위는 실험용"
"XElXtLvsVRs","QzsgiJmvpS","H0552","R0552_1","44.0","57","101","실제 노출 로그 / 점수·순위는 실험용"
"XEUe7eeOjQV","QzsgiJmvpS","H0496","R0496_1","43.0","58","62","실제 노출 로그 / 점수·순위는 실험용"
"XEHtEdWsrmj","QzsgiJmvpS","H0440","R0440_1","42.0","59","30","실제 노출 로그 / 점수·순위는 실험용"
"XEgSErASDjg","QzsgiJmvpS","H0580","R0580_1","41.0","60","14","실제 노출 로그 / 점수·순위는 실험용"
"XEKOVb7XHQ1","QzsgiJmvpS","H0524","R0524_1","40.0","61","182","실제 노출 로그 / 점수·순위는 실험용"
"XELffGff0xX","QzsgiJmvpS","H0468","R0468_1","39.0","62","150","실제 노출 로그 / 점수·순위는 실험용"
"XEm8qlm7MlQ","QzsgiJmvpS","H0412","R0412_1","38.0","63","118","실제 노출 로그 / 점수·순위는 실험용"
"XEKRUH4UoCJ","QzsgiJmvpS","H0551","R0551_1","37.0","64","96","실제 노출 로그 / 점수·순위는 실험용"
"XEinAGYavD9","QzsgiJmvpS","H0495","R0495_1","36.0","65","58","실제 노출 로그 / 점수·순위는 실험용"
"XEDmKlB2XAD","QzsgiJmvpS","H0439","R0439_1","35.0","66","26","실제 노출 로그 / 점수·순위는 실험용"
"XELdRIOFOS5","QzsgiJmvpS","H0579","R0579_1","34.0","67","10","실제 노출 로그 / 점수·순위는 실험용"
"XE220A3ek3n","QzsgiJmvpS","H0523","R0523_1","33.0","68","178","실제 노출 로그 / 점수·순위는 실험용"
"XEBNPqxTN0g","QzsgiJmvpS","H0467","R0467_1","32.0","69","146","실제 노출 로그 / 점수·순위는 실험용"
"XEXO0wWw6Lq","QzsgiJmvpS","H0411","R0411_1","31.0","70","114","실제 노출 로그 / 점수·순위는 실험용"
"XEz3uRXIzX7","QzsgiJmvpS","H0550","R0550_1","30.0","71","91","실제 노출 로그 / 점수·순위는 실험용"
"XEoMpICB5Gq","QzsgiJmvpS","H0494","R0494_1","29.0","72","54","실제 노출 로그 / 점수·순위는 실험용"
"XEwfEQltPu4","QzsgiJmvpS","H0438","R0438_1","28.0","73","22","실제 노출 로그 / 점수·순위는 실험용"
"XEUSgW15H4S","QzsgiJmvpS","H0578","R0578_1","27.0","74","6","실제 노출 로그 / 점수·순위는 실험용"
"XEwDFWVh4nO","QzsgiJmvpS","H0522","R0522_1","26.0","75","174","실제 노출 로그 / 점수·순위는 실험용"
"XEiUx6KvtAS","QzsgiJmvpS","H0466","R0466_1","25.0","76","142","실제 노출 로그 / 점수·순위는 실험용"
"XEheEX9kC9S","QzsgiJmvpS","H0410","R0410_1","24.0","77","110","실제 노출 로그 / 점수·순위는 실험용"
"XEKuMKcssBu","QzsgiJmvpS","H0549","R0549_1","23.0","78","86","실제 노출 로그 / 점수·순위는 실험용"
"XE6ApOeQzu8","QzsgiJmvpS","H0493","R0493_1","22.0","79","50","실제 노출 로그 / 점수·순위는 실험용"
"XEux5Yj2LfM","QzsgiJmvpS","H0437","R0437_1","21.0","80","18","실제 노출 로그 / 점수·순위는 실험용"
"XEZ1GRIZ8aj","QzsgiJmvpS","H0577","R0577_1","20.0","81","2","실제 노출 로그 / 점수·순위는 실험용"
"XEqMbSeqAlC","QzsgiJmvpS","H0521","R0521_1","19.0","82","170","실제 노출 로그 / 점수·순위는 실험용"
"XEVCTTQ5enz","QzsgiJmvpS","H0465","R0465_1","18.0","83","138","실제 노출 로그 / 점수·순위는 실험용"
"XEvXqt60bsv","QzsgiJmvpS","H0409","R0409_1","17.0","84","106","실제 노출 로그 / 점수·순위는 실험용"
"XEqmvOqBMNP","QzsgiJmvpS","H0548","R0548_1","16.0","85","81","실제 노출 로그 / 점수·순위는 실험용"
"XEpERdpz9SP","QzsgiJmvpS","H0492","R0492_1","15.0","86","47","실제 노출 로그 / 점수·순위는 실험용"
"XE6FQtwMEs9","QzsgiJmvpS","H0436","R0436_1","14.0","87","15","실제 노출 로그 / 점수·순위는 실험용"
"XEo57AgAgnL","QzsgiJmvpS","H0576","R0576_1","13.0","88","198","실제 노출 로그 / 점수·순위는 실험용"
"XEMes4TXzRH","QzsgiJmvpS","H0520","R0520_1","12.0","89","166","실제 노출 로그 / 점수·순위는 실험용"
"XExoZ6AGRqY","QzsgiJmvpS","H0464","R0464_1","11.0","90","135","실제 노출 로그 / 점수·순위는 실험용"
"XE75Hoprjr6","QzsgiJmvpS","H0408","R0408_1","10.0","91","102","실제 노출 로그 / 점수·순위는 실험용"
"XEHsKqLkWyv","QzsgiJmvpS","H0547","R0547_1","9.0","92","76","실제 노출 로그 / 점수·순위는 실험용"
"XE6qaYbZq20","QzsgiJmvpS","H0491","R0491_1","8.0","93","43","실제 노출 로그 / 점수·순위는 실험용"
"XEqZkuHpEyY","QzsgiJmvpS","H0435","R0435_1","7.0","94","11","실제 노출 로그 / 점수·순위는 실험용"
"XE09AlZcoI4","QzsgiJmvpS","H0575","R0575_1","6.0","95","194","실제 노출 로그 / 점수·순위는 실험용"
"XE0vLOjPIIz","QzsgiJmvpS","H0519","R0519_1","5.0","96","162","실제 노출 로그 / 점수·순위는 실험용"
"XE9c8m9HpOa","QzsgiJmvpS","H0463","R0463_1","4.0","97","131","실제 노출 로그 / 점수·순위는 실험용"
"XEGQuxQwRAV","QzsgiJmvpS","H0407","R0407_1","3.0","98","97","실제 노출 로그 / 점수·순위는 실험용"
"XEeWg043hx7","QzsgiJmvpS","H0546","R0546_1","2.0","99","71","실제 노출 로그 / 점수·순위는 실험용"
"XEXbNXfwZet","QzsgiJmvpS","H0490","R0490_1","1.0","100","39","실제 노출 로그 / 점수·순위는 실험용"
"XEcOGIWRGjU","QzsgiJmvpS","H0434","R0434_1","0.0","101","7","실제 노출 로그 / 점수·순위는 실험용"
"XE9nGbF652H","QzsgiJmvpS","H0574","R0574_1","0.0","102","190","실제 노출 로그 / 점수·순위는 실험용"
"XEf91mDWNFN","QzsgiJmvpS","H0518","R0518_1","0.0","103","158","실제 노출 로그 / 점수·순위는 실험용"
"XEUDxlLJpCD","QzsgiJmvpS","H0462","R0462_1","0.0","104","127","실제 노출 로그 / 점수·순위는 실험용"
"XERYoLVr6Qw","QzsgiJmvpS","H0406","R0406_1","0.0","105","92","실제 노출 로그 / 점수·순위는 실험용"
"XE6cJgXA4D2","QzsgiJmvpS","H0405","R0405_1","0.0","106","87","실제 노출 로그 / 점수·순위는 실험용"
"XE7uLG8vuzR","QzsgiJmvpS","H0545","R0545_1","0.0","107","66","실제 노출 로그 / 점수·순위는 실험용"
"XE8J60kCyRK","QzsgiJmvpS","H0489","R0489_1","0.0","108","35","실제 노출 로그 / 점수·순위는 실험용"
"XEeGsbzeYKr","QzsgiJmvpS","H0433","R0433_1","0.0","109","3","실제 노출 로그 / 점수·순위는 실험용"
"XEDZ0LwCjPr","QzsgiJmvpS","H0573","R0573_1","0.0","110","186","실제 노출 로그 / 점수·순위는 실험용"
"XEd9MNGMYUi","QzsgiJmvpS","H0517","R0517_1","0.0","111","154","실제 노출 로그 / 점수·순위는 실험용"
"XEA072BNuba","QzsgiJmvpS","H0461","R0461_1","0.0","112","123","실제 노출 로그 / 점수·순위는 실험용"
"XEloEdmBDPj","QzsgiJmvpS","H0404","R0404_1","0.0","113","82","실제 노출 로그 / 점수·순위는 실험용"
"XE2SmsCG3I8","QzsgiJmvpS","H0600","R0600_1","0.0","114","103","실제 노출 로그 / 점수·순위는 실험용"
"XESnHgM58eu","QzsgiJmvpS","H0544","R0544_1","0.0","115","63","실제 노출 로그 / 점수·순위는 실험용"
"XEHq22E9zV9","QzsgiJmvpS","H0488","R0488_1","0.0","116","31","실제 노출 로그 / 점수·순위는 실험용"
"XEl3n6lF8zY","QzsgiJmvpS","H0432","R0432_1","0.0","117","199","실제 노출 로그 / 점수·순위는 실험용"
"XEJ1RV4sUQl","QzsgiJmvpS","H0572","R0572_1","0.0","118","183","실제 노출 로그 / 점수·순위는 실험용"
"XEUi16OY122","QzsgiJmvpS","H0516","R0516_1","0.0","119","151","실제 노출 로그 / 점수·순위는 실험용"
"XEp8CqlRFSv","QzsgiJmvpS","H0460","R0460_1","0.0","120","119","실제 노출 로그 / 점수·순위는 실험용"
"XEpH0f6rTpR","QzsgiJmvpS","H0403","R0403_1","0.0","121","77","실제 노출 로그 / 점수·순위는 실험용"
"XEoXWQhPFS6","QzsgiJmvpS","H0599","R0599_1","0.0","122","98","실제 노출 로그 / 점수·순위는 실험용"
"XEmskrwu0ci","QzsgiJmvpS","H0543","R0543_1","0.0","123","59","실제 노출 로그 / 점수·순위는 실험용"
"XEy54IRXYba","QzsgiJmvpS","H0487","R0487_1","0.0","124","27","실제 노출 로그 / 점수·순위는 실험용"
"XEiEv0Zk7zv","QzsgiJmvpS","H0431","R0431_1","0.0","125","195","실제 노출 로그 / 점수·순위는 실험용"
"XE2KHSqbcNf","QzsgiJmvpS","H0571","R0571_1","0.0","126","179","실제 노출 로그 / 점수·순위는 실험용"
"XEk2C89GbjG","QzsgiJmvpS","H0515","R0515_1","0.0","127","147","실제 노출 로그 / 점수·순위는 실험용"
"XEWhZBhfZyN","QzsgiJmvpS","H0459","R0459_1","0.0","128","115","실제 노출 로그 / 점수·순위는 실험용"
"XE7CHPwTTA0","QzsgiJmvpS","H0402","R0402_1","0.0","129","72","실제 노출 로그 / 점수·순위는 실험용"
"XEpQH97xAnC","QzsgiJmvpS","H0598","R0598_1","0.0","130","93","실제 노출 로그 / 점수·순위는 실험용"
"XEzTGArx64l","QzsgiJmvpS","H0542","R0542_1","0.0","131","55","실제 노출 로그 / 점수·순위는 실험용"
"XE024v6ovhH","QzsgiJmvpS","H0486","R0486_1","0.0","132","23","실제 노출 로그 / 점수·순위는 실험용"
"XEvajfivXH6","QzsgiJmvpS","H0430","R0430_1","0.0","133","191","실제 노출 로그 / 점수·순위는 실험용"
"XEeXA3dUEg8","QzsgiJmvpS","H0570","R0570_1","0.0","134","175","실제 노출 로그 / 점수·순위는 실험용"
"XE3ygm0z7QV","QzsgiJmvpS","H0514","R0514_1","0.0","135","143","실제 노출 로그 / 점수·순위는 실험용"
"XE3C0rXx552","QzsgiJmvpS","H0458","R0458_1","0.0","136","111","실제 노출 로그 / 점수·순위는 실험용"
"XEsSlpo5Gkr","QzsgiJmvpS","H0401","R0401_1","0.0","137","67","실제 노출 로그 / 점수·순위는 실험용"
"XEpi7SBaol2","QzsgiJmvpS","H0597","R0597_1","0.0","138","88","실제 노출 로그 / 점수·순위는 실험용"
"XEz4XUPeeWf","QzsgiJmvpS","H0541","R0541_1","0.0","139","51","실제 노출 로그 / 점수·순위는 실험용"
"XE1WUJAzW0h","QzsgiJmvpS","H0485","R0485_1","0.0","140","19","실제 노출 로그 / 점수·순위는 실험용"
"XE4KwbEzb1P","QzsgiJmvpS","H0429","R0429_1","0.0","141","187","실제 노출 로그 / 점수·순위는 실험용"
"XEUfu5QZHq4","QzsgiJmvpS","H0569","R0569_1","0.0","142","171","실제 노출 로그 / 점수·순위는 실험용"
"XEiv1nAJDqN","QzsgiJmvpS","H0513","R0513_1","0.0","143","139","실제 노출 로그 / 점수·순위는 실험용"
"XEpOZQuwFTO","QzsgiJmvpS","H0457","R0457_1","0.0","144","107","실제 노출 로그 / 점수·순위는 실험용"
"XEfYSvKbc1z","QzsgiJmvpS","H0596","R0596_1","0.0","145","83","실제 노출 로그 / 점수·순위는 실험용"
"XEa0MOx0ATF","QzsgiJmvpS","H0540","R0540_1","0.0","146","48","실제 노출 로그 / 점수·순위는 실험용"
"XEpRWd261l4","QzsgiJmvpS","H0484","R0484_1","0.0","147","16","실제 노출 로그 / 점수·순위는 실험용"
"XE0jm79V9Pv","QzsgiJmvpS","H0428","R0428_1","0.0","148","184","실제 노출 로그 / 점수·순위는 실험용"
"XE789ipkWgd","QzsgiJmvpS","H0568","R0568_1","0.0","149","167","실제 노출 로그 / 점수·순위는 실험용"
"XEt8sSSLLDC","QzsgiJmvpS","H0512","R0512_1","0.0","150","136","실제 노출 로그 / 점수·순위는 실험용"
"XE6Nrioewlq","QzsgiJmvpS","H0456","R0456_1","0.0","151","104","실제 노출 로그 / 점수·순위는 실험용"
"XET8E2uA9qq","QzsgiJmvpS","H0455","R0455_1","0.0","152","99","실제 노출 로그 / 점수·순위는 실험용"
"XECe7Lzw84F","QzsgiJmvpS","H0595","R0595_1","0.0","153","78","실제 노출 로그 / 점수·순위는 실험용"
"XE6az8qku11","QzsgiJmvpS","H0539","R0539_1","0.0","154","44","실제 노출 로그 / 점수·순위는 실험용"
"XE4G0JfvuJ8","QzsgiJmvpS","H0483","R0483_1","0.0","155","12","실제 노출 로그 / 점수·순위는 실험용"
"XEHHbB7pN2h","QzsgiJmvpS","H0427","R0427_1","0.0","156","180","실제 노출 로그 / 점수·순위는 실험용"
"XEKtz1hJeSU","QzsgiJmvpS","H0567","R0567_1","0.0","157","163","실제 노출 로그 / 점수·순위는 실험용"
"XEtx0scBw6T","QzsgiJmvpS","H0511","R0511_1","0.0","158","132","실제 노출 로그 / 점수·순위는 실험용"
"XE2vYiDMNgz","QzsgiJmvpS","H0454","R0454_1","0.0","159","94","실제 노출 로그 / 점수·순위는 실험용"
"XEMzesT5RS6","QzsgiJmvpS","H0594","R0594_1","0.0","160","73","실제 노출 로그 / 점수·순위는 실험용"
"XErdJ4gaHSP","QzsgiJmvpS","H0538","R0538_1","0.0","161","40","실제 노출 로그 / 점수·순위는 실험용"
"XEN6n5r0jUK","QzsgiJmvpS","H0482","R0482_1","0.0","162","8","실제 노출 로그 / 점수·순위는 실험용"
"XEyQD5SPaH1","QzsgiJmvpS","H0426","R0426_1","0.0","163","176","실제 노출 로그 / 점수·순위는 실험용"
"XETHNKpR14L","QzsgiJmvpS","H0566","R0566_1","0.0","164","159","실제 노출 로그 / 점수·순위는 실험용"
"XE0MLc6gtw4","QzsgiJmvpS","H0510","R0510_1","0.0","165","128","실제 노출 로그 / 점수·순위는 실험용"
"XEVAkLz8xan","QzsgiJmvpS","H0453","R0453_1","0.0","166","89","실제 노출 로그 / 점수·순위는 실험용"
"XE8DO4Tmm1o","QzsgiJmvpS","H0593","R0593_1","0.0","167","68","실제 노출 로그 / 점수·순위는 실험용"
"XEEi9sgEBPF","QzsgiJmvpS","H0537","R0537_1","0.0","168","36","실제 노출 로그 / 점수·순위는 실험용"
"XECoO9Gt76a","QzsgiJmvpS","H0481","R0481_1","0.0","169","4","실제 노출 로그 / 점수·순위는 실험용"
"XEz2fngEDLy","QzsgiJmvpS","H0425","R0425_1","0.0","170","172","실제 노출 로그 / 점수·순위는 실험용"
"XEDEJWX781k","QzsgiJmvpS","H0565","R0565_1","0.0","171","155","실제 노출 로그 / 점수·순위는 실험용"
"XEyMKOGIjNx","QzsgiJmvpS","H0509","R0509_1","0.0","172","124","실제 노출 로그 / 점수·순위는 실험용"
"XEc8ZQtGZZ4","QzsgiJmvpS","H0452","R0452_1","0.0","173","84","실제 노출 로그 / 점수·순위는 실험용"
"XE6kJ3sYknO","QzsgiJmvpS","H0592","R0592_1","0.0","174","64","실제 노출 로그 / 점수·순위는 실험용"
"XEuqIqyWEP1","QzsgiJmvpS","H0536","R0536_1","0.0","175","32","실제 노출 로그 / 점수·순위는 실험용"
"XEY4DXoJv1i","QzsgiJmvpS","H0480","R0480_1","0.0","176","200","실제 노출 로그 / 점수·순위는 실험용"
"XEIgcF8MvMb","QzsgiJmvpS","H0424","R0424_1","0.0","177","168","실제 노출 로그 / 점수·순위는 실험용"
"XEKshqoXcO7","QzsgiJmvpS","H0564","R0564_1","0.0","178","152","실제 노출 로그 / 점수·순위는 실험용"
"XEnddaJ1nnM","QzsgiJmvpS","H0508","R0508_1","0.0","179","120","실제 노출 로그 / 점수·순위는 실험용"
"XE3bjj79xGB","QzsgiJmvpS","H0451","R0451_1","0.0","180","79","실제 노출 로그 / 점수·순위는 실험용"
"XEaKvIhGR1H","QzsgiJmvpS","H0591","R0591_1","0.0","181","60","실제 노출 로그 / 점수·순위는 실험용"
"XEJE46567FV","QzsgiJmvpS","H0535","R0535_1","0.0","182","28","실제 노출 로그 / 점수·순위는 실험용"
"XElcN1ojaNo","QzsgiJmvpS","H0479","R0479_1","0.0","183","196","실제 노출 로그 / 점수·순위는 실험용"
"XE7uwUK7HZ1","QzsgiJmvpS","H0423","R0423_1","0.0","184","164","실제 노출 로그 / 점수·순위는 실험용"
"XEe41yFmczc","QzsgiJmvpS","H0563","R0563_1","0.0","185","148","실제 노출 로그 / 점수·순위는 실험용"
"XEoroCWhOcM","QzsgiJmvpS","H0507","R0507_1","0.0","186","116","실제 노출 로그 / 점수·순위는 실험용"
"XEiUSp0nrM7","QzsgiJmvpS","H0506","R0506_1","0.0","187","112","실제 노출 로그 / 점수·순위는 실험용"
"XECL8vHCW27","QzsgiJmvpS","H0450","R0450_1","0.0","188","74","실제 노출 로그 / 점수·순위는 실험용"
"XE3NTsD7b42","QzsgiJmvpS","H0590","R0590_1","0.0","189","56","실제 노출 로그 / 점수·순위는 실험용"
"XEdR2TKwve2","QzsgiJmvpS","H0534","R0534_1","0.0","190","24","실제 노출 로그 / 점수·순위는 실험용"
"XEFe5F7eNfO","QzsgiJmvpS","H0478","R0478_1","0.0","191","192","실제 노출 로그 / 점수·순위는 실험용"
"XEXwAX2Y5XP","QzsgiJmvpS","H0422","R0422_1","0.0","192","160","실제 노출 로그 / 점수·순위는 실험용"
"XEI3ApK6oqs","QzsgiJmvpS","H0562","R0562_1","0.0","193","144","실제 노출 로그 / 점수·순위는 실험용"
"XEQXbHFukIB","QzsgiJmvpS","H0505","R0505_1","0.0","194","108","실제 노출 로그 / 점수·순위는 실험용"
"XEmka1VbHCc","QzsgiJmvpS","H0449","R0449_1","0.0","195","69","실제 노출 로그 / 점수·순위는 실험용"
"XEXvh5YWKIo","QzsgiJmvpS","H0589","R0589_1","0.0","196","52","실제 노출 로그 / 점수·순위는 실험용"
"XE49Mt0ONv6","QzsgiJmvpS","H0533","R0533_1","0.0","197","20","실제 노출 로그 / 점수·순위는 실험용"
"XEXBfxqJ9PZ","QzsgiJmvpS","H0477","R0477_1","0.0","198","188","실제 노출 로그 / 점수·순위는 실험용"
"XEdY7JYt6Xf","QzsgiJmvpS","H0421","R0421_1","0.0","199","156","실제 노출 로그 / 점수·순위는 실험용"
"XElp0BVnUNy","QzsgiJmvpS","H0561","R0561_1","0.0","200","140","실제 노출 로그 / 점수·순위는 실험용"
"XEH5uDY4A3d","QgVB7GVeCU","H0671","R0671_1","100.0","1","20","실제 노출 로그 / 점수·순위는 실험용"
"XE5k4gDcjLA","QgVB7GVeCU","H0641","R0641_1","99.0","2","7","실제 노출 로그 / 점수·순위는 실험용"
"XE5ZcBx2FyA","QgVB7GVeCU","H0781","R0781_1","98.0","3","6","실제 노출 로그 / 점수·순위는 실험용"
"XEHeBKSy3n7","QgVB7GVeCU","H0751","R0751_1","97.0","4","14","실제 노출 로그 / 점수·순위는 실험용"
"XEJUEtQtHtx","QgVB7GVeCU","H0611","R0611_1","96.0","5","15","실제 노출 로그 / 점수·순위는 실험용"
"XEXTxBKUbhQ","QgVB7GVeCU","H0721","R0721_1","95.0","6","1","실제 노출 로그 / 점수·순위는 실험용"
"XEA2PELDrw6","QgVB7GVeCU","H0691","R0691_1","94.0","7","8","실제 노출 로그 / 점수·순위는 실험용"
"XESkiZHnF4w","QgVB7GVeCU","H0661","R0661_1","93.0","8","16","실제 노출 로그 / 점수·순위는 실험용"
"XEdfk25E5Nk","QgVB7GVeCU","H0631","R0631_1","92.0","9","3","실제 노출 로그 / 점수·순위는 실험용"
"XEBCtNe7gY0","QgVB7GVeCU","H0771","R0771_1","91.0","10","2","실제 노출 로그 / 점수·순위는 실험용"
"XEuBqLfICNL","QgVB7GVeCU","H0601","R0601_1","90.0","11","11","실제 노출 로그 / 점수·순위는 실험용"
"XEmwrJoBGMk","QgVB7GVeCU","H0741","R0741_1","89.0","12","9","실제 노출 로그 / 점수·순위는 실험용"
"XE1Rg3Cxu4K","QgVB7GVeCU","H0711","R0711_1","88.0","13","17","실제 노출 로그 / 점수·순위는 실험용"
"XEcprRhp7y4","QgVB7GVeCU","H0681","R0681_1","87.0","14","4","실제 노출 로그 / 점수·순위는 실험용"
"XEV7vJFFHFK","QgVB7GVeCU","H0651","R0651_1","86.0","15","12","실제 노출 로그 / 점수·순위는 실험용"
"XEF38Qt4hRH","QgVB7GVeCU","H0791","R0791_1","85.0","16","10","실제 노출 로그 / 점수·순위는 실험용"
"XEt1PEL4prg","QgVB7GVeCU","H0621","R0621_1","84.0","17","19","실제 노출 로그 / 점수·순위는 실험용"
"XEWMtDwGmC7","QgVB7GVeCU","H0761","R0761_1","83.0","18","18","실제 노출 로그 / 점수·순위는 실험용"
"XEPnHsHVw1p","QgVB7GVeCU","H0731","R0731_1","82.0","19","5","실제 노출 로그 / 점수·순위는 실험용"
"XEyqJknnH2l","QgVB7GVeCU","H0701","R0701_1","81.0","20","13","실제 노출 로그 / 점수·순위는 실험용"
"XENc2px6zyT","QjccAp74FV","H0252","R0252_1","100.0","1","1","실제 노출 로그 / 점수·순위는 실험용"
"XEtE7un7us6","QjccAp74FV","H0272","R0272_1","99.0","2","3","실제 노출 로그 / 점수·순위는 실험용"
"XE3YDEc4Gks","QjccAp74FV","H0212","R0212_1","98.0","3","2","실제 노출 로그 / 점수·순위는 실험용"
"XE4aGwtbDLO","QjccAp74FV","H0232","R0232_1","97.0","4","4","실제 노출 로그 / 점수·순위는 실험용"
"XEmVmoAyD3h","QXR60h3snv","H0692","R0692_1","100.0","1","2","실제 노출 로그 / 점수·순위는 실험용"
"XEUpGjtHOcC","QXR60h3snv","H0712","R0712_1","99.0","2","3","실제 노출 로그 / 점수·순위는 실험용"
"XEQw4qFWaWu","QXR60h3snv","H0732","R0732_1","98.0","3","1","실제 노출 로그 / 점수·순위는 실험용"
"XEtRKbMiqfG","QHJ9KMR6c0","H0672","R0672_1","100.0","1","20","실제 노출 로그 / 점수·순위는 실험용"
"XERiOU7B8Gp","QHJ9KMR6c0","H0642","R0642_1","99.0","2","7","실제 노출 로그 / 점수·순위는 실험용"
"XEWrTLvtpz3","QHJ9KMR6c0","H0782","R0782_1","98.0","3","6","실제 노출 로그 / 점수·순위는 실험용"
"XEf0rs8JoWj","QHJ9KMR6c0","H0752","R0752_1","97.0","4","14","실제 노출 로그 / 점수·순위는 실험용"
"XEu4M0sspoz","QHJ9KMR6c0","H0612","R0612_1","96.0","5","15","실제 노출 로그 / 점수·순위는 실험용"
"XEm3V3C6B5B","QHJ9KMR6c0","H0722","R0722_1","95.0","6","1","실제 노출 로그 / 점수·순위는 실험용"
"XE5jncnwrd8","QHJ9KMR6c0","H0692","R0692_1","94.0","7","8","실제 노출 로그 / 점수·순위는 실험용"
"XEZJ65Efy6z","QHJ9KMR6c0","H0662","R0662_1","93.0","8","16","실제 노출 로그 / 점수·순위는 실험용"
"XENA4bAGQi0","QHJ9KMR6c0","H0632","R0632_1","92.0","9","3","실제 노출 로그 / 점수·순위는 실험용"
"XEEEfwzgFY9","QHJ9KMR6c0","H0772","R0772_1","91.0","10","2","실제 노출 로그 / 점수·순위는 실험용"
"XEC7r6fDv8k","QHJ9KMR6c0","H0602","R0602_1","90.0","11","11","실제 노출 로그 / 점수·순위는 실험용"
"XEA4LEokssl","QHJ9KMR6c0","H0742","R0742_1","89.0","12","9","실제 노출 로그 / 점수·순위는 실험용"
"XEypMLfufgI","QHJ9KMR6c0","H0712","R0712_1","88.0","13","17","실제 노출 로그 / 점수·순위는 실험용"
"XEEzA2iCU9m","QHJ9KMR6c0","H0682","R0682_1","87.0","14","4","실제 노출 로그 / 점수·순위는 실험용"
"XEMahpZ7LCE","QHJ9KMR6c0","H0652","R0652_1","86.0","15","12","실제 노출 로그 / 점수·순위는 실험용"
"XE0ktaHzz0t","QHJ9KMR6c0","H0792","R0792_1","85.0","16","10","실제 노출 로그 / 점수·순위는 실험용"
"XEH2xV6SW1x","QHJ9KMR6c0","H0622","R0622_1","84.0","17","19","실제 노출 로그 / 점수·순위는 실험용"
"XEnWcyeXgg5","QHJ9KMR6c0","H0762","R0762_1","83.0","18","18","실제 노출 로그 / 점수·순위는 실험용"
"XEL3I7S1W2m","QHJ9KMR6c0","H0732","R0732_1","82.0","19","5","실제 노출 로그 / 점수·순위는 실험용"
"XE066BKEJjz","QHJ9KMR6c0","H0702","R0702_1","81.0","20","13","실제 노출 로그 / 점수·순위는 실험용"
"XEb3n3ofiDG","QP5zYUYuK3","H0781","R0781_1","100.0","1","3","실제 노출 로그 / 점수·순위는 실험용"
"XEzjScJqYdQ","QP5zYUYuK3","H0751","R0751_1","99.0","2","6","실제 노출 로그 / 점수·순위는 실험용"
"XEFw45vvAxs","QP5zYUYuK3","H0721","R0721_1","98.0","3","1","실제 노출 로그 / 점수·순위는 실험용"
"XE5chllZGO7","QP5zYUYuK3","H0691","R0691_1","97.0","4","4","실제 노출 로그 / 점수·순위는 실험용"
"XEQ2GUq1KTv","QP5zYUYuK3","H0661","R0661_1","96.0","5","7","실제 노출 로그 / 점수·순위는 실험용"
"XEflDPbuOaC","QP5zYUYuK3","H0631","R0631_1","95.0","6","2","실제 노출 로그 / 점수·순위는 실험용"
"XEqM7jENzVP","QP5zYUYuK3","H0601","R0601_1","94.0","7","5","실제 노출 로그 / 점수·순위는 실험용"
"XEF4lm6iJVc","QWr1WK9Qt2","H0756","R0756_1","100.0","1","149","실제 노출 로그 / 점수·순위는 실험용"
"XEpNmQb5mSz","QWr1WK9Qt2","H0700","R0700_1","99.0","2","112","실제 노출 로그 / 점수·순위는 실험용"
"XEuo7hg7ZX2","QWr1WK9Qt2","H0644","R0644_1","98.0","3","77","실제 노출 로그 / 점수·순위는 실험용"
"XEQPGkEzqzx","QWr1WK9Qt2","H0784","R0784_1","97.0","4","61","실제 노출 로그 / 점수·순위는 실험용"
"XEN6Z1OEnro","QWr1WK9Qt2","H0728","R0728_1","96.0","5","29","실제 노출 로그 / 점수·순위는 실험용"
"XEH5WLaIK3s","QWr1WK9Qt2","H0672","R0672_1","95.0","6","197","실제 노출 로그 / 점수·순위는 실험용"
"XEutgVYKVhi","QWr1WK9Qt2","H0616","R0616_1","94.0","7","165","실제 노출 로그 / 점수·순위는 실험용"
"XEZkNSN8LFh","QWr1WK9Qt2","H0755","R0755_1","93.0","8","145","실제 노출 로그 / 점수·순위는 실험용"
"XEELJDvoRom","QWr1WK9Qt2","H0699","R0699_1","92.0","9","107","실제 노출 로그 / 점수·순위는 실험용"
"XEXqHBlnXfk","QWr1WK9Qt2","H0643","R0643_1","91.0","10","73","실제 노출 로그 / 점수·순위는 실험용"
"XETmwO7f1u6","QWr1WK9Qt2","H0783","R0783_1","90.0","11","57","실제 노출 로그 / 점수·순위는 실험용"
"XEUamokoqHG","QWr1WK9Qt2","H0727","R0727_1","89.0","12","25","실제 노출 로그 / 점수·순위는 실험용"
"XEXHKrge6pK","QWr1WK9Qt2","H0671","R0671_1","88.0","13","193","실제 노출 로그 / 점수·순위는 실험용"
"XEgJAimxnu9","QWr1WK9Qt2","H0615","R0615_1","87.0","14","161","실제 노출 로그 / 점수·순위는 실험용"
"XEoLwFYcl8O","QWr1WK9Qt2","H0754","R0754_1","86.0","15","141","실제 노출 로그 / 점수·순위는 실험용"
"XEJgVwmJh6I","QWr1WK9Qt2","H0698","R0698_1","85.0","16","102","실제 노출 로그 / 점수·순위는 실험용"
"XEqbLSmyshP","QWr1WK9Qt2","H0642","R0642_1","84.0","17","69","실제 노출 로그 / 점수·순위는 실험용"
"XE3eGN7Ecug","QWr1WK9Qt2","H0782","R0782_1","83.0","18","53","실제 노출 로그 / 점수·순위는 실험용"
"XE7to2Qwi15","QWr1WK9Qt2","H0726","R0726_1","82.0","19","21","실제 노출 로그 / 점수·순위는 실험용"
"XENXrPqBaX7","QWr1WK9Qt2","H0670","R0670_1","81.0","20","189","실제 노출 로그 / 점수·순위는 실험용"
"XEghGdckcrz","QWr1WK9Qt2","H0614","R0614_1","80.0","21","157","실제 노출 로그 / 점수·순위는 실험용"
"XEdCg4nji30","QWr1WK9Qt2","H0753","R0753_1","79.0","22","137","실제 노출 로그 / 점수·순위는 실험용"
"XEBOzKki65I","QWr1WK9Qt2","H0697","R0697_1","78.0","23","97","실제 노출 로그 / 점수·순위는 실험용"
"XEtQke9zGvR","QWr1WK9Qt2","H0641","R0641_1","77.0","24","65","실제 노출 로그 / 점수·순위는 실험용"
"XEa7erfwGYE","QWr1WK9Qt2","H0781","R0781_1","76.0","25","49","실제 노출 로그 / 점수·순위는 실험용"
"XE1Yk7vBnEO","QWr1WK9Qt2","H0725","R0725_1","75.0","26","17","실제 노출 로그 / 점수·순위는 실험용"
"XEX8rknU8n9","QWr1WK9Qt2","H0669","R0669_1","74.0","27","185","실제 노출 로그 / 점수·순위는 실험용"
"XEdCW23jkO0","QWr1WK9Qt2","H0613","R0613_1","73.0","28","153","실제 노출 로그 / 점수·순위는 실험용"
"XEeiSacYTBz","QWr1WK9Qt2","H0752","R0752_1","72.0","29","132","실제 노출 로그 / 점수·순위는 실험용"
"XEPgVo2prT1","QWr1WK9Qt2","H0696","R0696_1","71.0","30","93","실제 노출 로그 / 점수·순위는 실험용"
"XEk2hb4y4WQ","QWr1WK9Qt2","H0640","R0640_1","70.0","31","62","실제 노출 로그 / 점수·순위는 실험용"
"XE7UXdfbyKm","QWr1WK9Qt2","H0780","R0780_1","69.0","32","45","실제 노출 로그 / 점수·순위는 실험용"
"XEr6di4yOKE","QWr1WK9Qt2","H0724","R0724_1","68.0","33","13","실제 노출 로그 / 점수·순위는 실험용"
"XEZk65ty5L3","QWr1WK9Qt2","H0668","R0668_1","67.0","34","181","실제 노출 로그 / 점수·순위는 실험용"
"XETHwAm7huu","QWr1WK9Qt2","H0612","R0612_1","66.0","35","150","실제 노출 로그 / 점수·순위는 실험용"
"XE49edHFtlr","QWr1WK9Qt2","H0751","R0751_1","65.0","36","127","실제 노출 로그 / 점수·순위는 실험용"
"XEhQSVqmWXv","QWr1WK9Qt2","H0695","R0695_1","64.0","37","89","실제 노출 로그 / 점수·순위는 실험용"
"XE2348gyotv","QWr1WK9Qt2","H0639","R0639_1","63.0","38","58","실제 노출 로그 / 점수·순위는 실험용"
"XEAIgyBBNrL","QWr1WK9Qt2","H0779","R0779_1","62.0","39","41","실제 노출 로그 / 점수·순위는 실험용"
"XEfj6djjqzn","QWr1WK9Qt2","H0723","R0723_1","61.0","40","9","실제 노출 로그 / 점수·순위는 실험용"
"XEiAWliAZdZ","QWr1WK9Qt2","H0667","R0667_1","60.0","41","177","실제 노출 로그 / 점수·순위는 실험용"
"XE5v6Fu2sHz","QWr1WK9Qt2","H0611","R0611_1","59.0","42","146","실제 노출 로그 / 점수·순위는 실험용"
"XEQ09HxNk78","QWr1WK9Qt2","H0750","R0750_1","58.0","43","122","실제 노출 로그 / 점수·순위는 실험용"
"XEnJsx07U2D","QWr1WK9Qt2","H0694","R0694_1","57.0","44","85","실제 노출 로그 / 점수·순위는 실험용"
"XE1hrVURLet","QWr1WK9Qt2","H0638","R0638_1","56.0","45","54","실제 노출 로그 / 점수·순위는 실험용"
"XE4U6BW0amT","QWr1WK9Qt2","H0778","R0778_1","55.0","46","37","실제 노출 로그 / 점수·순위는 실험용"
"XE2YEQPZ6iC","QWr1WK9Qt2","H0722","R0722_1","54.0","47","5","실제 노출 로그 / 점수·순위는 실험용"
"XE7RlDIEnau","QWr1WK9Qt2","H0666","R0666_1","53.0","48","173","실제 노출 로그 / 점수·순위는 실험용"
"XEHImnYTTQQ","QWr1WK9Qt2","H0610","R0610_1","52.0","49","142","실제 노출 로그 / 점수·순위는 실험용"
"XEZ6WCDesF3","QWr1WK9Qt2","H0749","R0749_1","51.0","50","117","실제 노출 로그 / 점수·순위는 실험용"
"XE43mMR8qAo","QWr1WK9Qt2","H0693","R0693_1","50.0","51","81","실제 노출 로그 / 점수·순위는 실험용"
"XEwJzYQV1fv","QWr1WK9Qt2","H0637","R0637_1","49.0","52","50","실제 노출 로그 / 점수·순위는 실험용"
"XEbh4CQ0520","QWr1WK9Qt2","H0777","R0777_1","48.0","53","33","실제 노출 로그 / 점수·순위는 실험용"
"XEFmV2mM0in","QWr1WK9Qt2","H0721","R0721_1","47.0","54","1","실제 노출 로그 / 점수·순위는 실험용"
"XE6orRtqDc3","QWr1WK9Qt2","H0665","R0665_1","46.0","55","169","실제 노출 로그 / 점수·순위는 실험용"
"XE20AsSOcTX","QWr1WK9Qt2","H0609","R0609_1","45.0","56","138","실제 노출 로그 / 점수·순위는 실험용"
"XEcvNjfUUUs","QWr1WK9Qt2","H0748","R0748_1","44.0","57","113","실제 노출 로그 / 점수·순위는 실험용"
"XEBavv0QeHS","QWr1WK9Qt2","H0692","R0692_1","43.0","58","78","실제 노출 로그 / 점수·순위는 실험용"
"XE91sOvV4TM","QWr1WK9Qt2","H0636","R0636_1","42.0","59","46","실제 노출 로그 / 점수·순위는 실험용"
"XEKXvPhFRO4","QWr1WK9Qt2","H0776","R0776_1","41.0","60","30","실제 노출 로그 / 점수·순위는 실험용"
"XE9LvOw6Ngb","QWr1WK9Qt2","H0720","R0720_1","40.0","61","198","실제 노출 로그 / 점수·순위는 실험용"
"XEdkVps86Y4","QWr1WK9Qt2","H0664","R0664_1","39.0","62","166","실제 노출 로그 / 점수·순위는 실험용"
"XEBuoLQ39j3","QWr1WK9Qt2","H0608","R0608_1","38.0","63","133","실제 노출 로그 / 점수·순위는 실험용"
"XEH9xpmzv8g","QWr1WK9Qt2","H0607","R0607_1","37.0","64","128","실제 노출 로그 / 점수·순위는 실험용"
"XEM9rmBJqPn","QWr1WK9Qt2","H0747","R0747_1","36.0","65","108","실제 노출 로그 / 점수·순위는 실험용"
"XEcDVbvKDar","QWr1WK9Qt2","H0691","R0691_1","35.0","66","74","실제 노출 로그 / 점수·순위는 실험용"
"XEUqtoyHQj7","QWr1WK9Qt2","H0635","R0635_1","34.0","67","42","실제 노출 로그 / 점수·순위는 실험용"
"XE51Js3SUeC","QWr1WK9Qt2","H0775","R0775_1","33.0","68","26","실제 노출 로그 / 점수·순위는 실험용"
"XE1rDgW9wzK","QWr1WK9Qt2","H0719","R0719_1","32.0","69","194","실제 노출 로그 / 점수·순위는 실험용"
"XEbubhIb6fS","QWr1WK9Qt2","H0663","R0663_1","31.0","70","162","실제 노출 로그 / 점수·순위는 실험용"
"XE4BIKQqbDz","QWr1WK9Qt2","H0606","R0606_1","30.0","71","123","실제 노출 로그 / 점수·순위는 실험용"
"XEbbQUGlkfg","QWr1WK9Qt2","H0746","R0746_1","29.0","72","103","실제 노출 로그 / 점수·순위는 실험용"
"XEmcUedoVJx","QWr1WK9Qt2","H0690","R0690_1","28.0","73","70","실제 노출 로그 / 점수·순위는 실험용"
"XEq6tRYn6Bv","QWr1WK9Qt2","H0634","R0634_1","27.0","74","38","실제 노출 로그 / 점수·순위는 실험용"
"XES3JpL2zuW","QWr1WK9Qt2","H0774","R0774_1","26.0","75","22","실제 노출 로그 / 점수·순위는 실험용"
"XEeLNScrdeB","QWr1WK9Qt2","H0718","R0718_1","25.0","76","190","실제 노출 로그 / 점수·순위는 실험용"
"XEeryNPOx7T","QWr1WK9Qt2","H0662","R0662_1","24.0","77","158","실제 노출 로그 / 점수·순위는 실험용"
"XEO3DnL2m04","QWr1WK9Qt2","H0605","R0605_1","23.0","78","118","실제 노출 로그 / 점수·순위는 실험용"
"XEmvTu42SVP","QWr1WK9Qt2","H0745","R0745_1","22.0","79","98","실제 노출 로그 / 점수·순위는 실험용"
"XEpSe9J7yIX","QWr1WK9Qt2","H0689","R0689_1","21.0","80","66","실제 노출 로그 / 점수·순위는 실험용"
"XESu9vBHL9K","QWr1WK9Qt2","H0633","R0633_1","20.0","81","34","실제 노출 로그 / 점수·순위는 실험용"
"XEfFUFsxoRH","QWr1WK9Qt2","H0773","R0773_1","19.0","82","18","실제 노출 로그 / 점수·순위는 실험용"
"XE4Cao4DP6P","QWr1WK9Qt2","H0717","R0717_1","18.0","83","186","실제 노출 로그 / 점수·순위는 실험용"
"XEWTrpMnH1O","QWr1WK9Qt2","H0661","R0661_1","17.0","84","154","실제 노출 로그 / 점수·순위는 실험용"
"XErgffg3Uj0","QWr1WK9Qt2","H0604","R0604_1","16.0","85","114","실제 노출 로그 / 점수·순위는 실험용"
"XERjd5mij2b","QWr1WK9Qt2","H0800","R0800_1","15.0","86","134","실제 노출 로그 / 점수·순위는 실험용"
"XEKUuFe5ymo","QWr1WK9Qt2","H0744","R0744_1","14.0","87","94","실제 노출 로그 / 점수·순위는 실험용"
"XEWK5F68XXP","QWr1WK9Qt2","H0688","R0688_1","13.0","88","63","실제 노출 로그 / 점수·순위는 실험용"
"XEG0FDfHx5s","QWr1WK9Qt2","H0632","R0632_1","12.0","89","31","실제 노출 로그 / 점수·순위는 실험용"
"XE5eMlY3G0n","QWr1WK9Qt2","H0772","R0772_1","11.0","90","14","실제 노출 로그 / 점수·순위는 실험용"
"XE1ZO8NyFeX","QWr1WK9Qt2","H0716","R0716_1","10.0","91","182","실제 노출 로그 / 점수·순위는 실험용"
"XE59VTe31y3","QWr1WK9Qt2","H0660","R0660_1","9.0","92","151","실제 노출 로그 / 점수·순위는 실험용"
"XElt9kbcn9D","QWr1WK9Qt2","H0603","R0603_1","8.0","93","109","실제 노출 로그 / 점수·순위는 실험용"
"XEslKjPQ3nY","QWr1WK9Qt2","H0799","R0799_1","7.0","94","129","실제 노출 로그 / 점수·순위는 실험용"
"XE4sWezIuNH","QWr1WK9Qt2","H0743","R0743_1","6.0","95","90","실제 노출 로그 / 점수·순위는 실험용"
"XENadcLD091","QWr1WK9Qt2","H0687","R0687_1","5.0","96","59","실제 노출 로그 / 점수·순위는 실험용"
"XENNd2swpzN","QWr1WK9Qt2","H0631","R0631_1","4.0","97","27","실제 노출 로그 / 점수·순위는 실험용"
"XEBmwLSAqQg","QWr1WK9Qt2","H0771","R0771_1","3.0","98","10","실제 노출 로그 / 점수·순위는 실험용"
"XEqSbQhOL5n","QWr1WK9Qt2","H0715","R0715_1","2.0","99","178","실제 노출 로그 / 점수·순위는 실험용"
"XETRt2SJK1Q","QWr1WK9Qt2","H0659","R0659_1","1.0","100","147","실제 노출 로그 / 점수·순위는 실험용"
"XE8WtKLQoX8","QWr1WK9Qt2","H0602","R0602_1","0.0","101","104","실제 노출 로그 / 점수·순위는 실험용"
"XE8cy6sp3sd","QWr1WK9Qt2","H0798","R0798_1","0.0","102","124","실제 노출 로그 / 점수·순위는 실험용"
"XEICPbGpl4F","QWr1WK9Qt2","H0742","R0742_1","0.0","103","86","실제 노출 로그 / 점수·순위는 실험용"
"XEHfiy02duL","QWr1WK9Qt2","H0686","R0686_1","0.0","104","55","실제 노출 로그 / 점수·순위는 실험용"
"XE0u1vQVRYF","QWr1WK9Qt2","H0630","R0630_1","0.0","105","23","실제 노출 로그 / 점수·순위는 실험용"
"XEganEx3BDi","QWr1WK9Qt2","H0770","R0770_1","0.0","106","6","실제 노출 로그 / 점수·순위는 실험용"
"XEqb3SQS8gY","QWr1WK9Qt2","H0714","R0714_1","0.0","107","174","실제 노출 로그 / 점수·순위는 실험용"
"XE5kZjoQeVx","QWr1WK9Qt2","H0658","R0658_1","0.0","108","143","실제 노출 로그 / 점수·순위는 실험용"
"XEgJ109YHvn","QWr1WK9Qt2","H0657","R0657_1","0.0","109","139","실제 노출 로그 / 점수·순위는 실험용"
"XEukj635GUo","QWr1WK9Qt2","H0601","R0601_1","0.0","110","99","실제 노출 로그 / 점수·순위는 실험용"
"XEi5Tv0mwZC","QWr1WK9Qt2","H0797","R0797_1","0.0","111","119","실제 노출 로그 / 점수·순위는 실험용"
"XEwANFy5Pm2","QWr1WK9Qt2","H0741","R0741_1","0.0","112","82","실제 노출 로그 / 점수·순위는 실험용"
"XEpjMpOhWWE","QWr1WK9Qt2","H0685","R0685_1","0.0","113","51","실제 노출 로그 / 점수·순위는 실험용"
"XEcF0Xi2Hod","QWr1WK9Qt2","H0629","R0629_1","0.0","114","19","실제 노출 로그 / 점수·순위는 실험용"
"XE35te03YRj","QWr1WK9Qt2","H0769","R0769_1","0.0","115","2","실제 노출 로그 / 점수·순위는 실험용"
"XETGk6BtB0O","QWr1WK9Qt2","H0713","R0713_1","0.0","116","170","실제 노출 로그 / 점수·순위는 실험용"
"XEEtagmfRvu","QWr1WK9Qt2","H0656","R0656_1","0.0","117","135","실제 노출 로그 / 점수·순위는 실험용"
"XELqB9mnOwO","QWr1WK9Qt2","H0796","R0796_1","0.0","118","115","실제 노출 로그 / 점수·순위는 실험용"
"XEGr8r9Omow","QWr1WK9Qt2","H0740","R0740_1","0.0","119","79","실제 노출 로그 / 점수·순위는 실험용"
"XEJDhtP8euQ","QWr1WK9Qt2","H0684","R0684_1","0.0","120","47","실제 노출 로그 / 점수·순위는 실험용"
"XEdLXc5qxho","QWr1WK9Qt2","H0628","R0628_1","0.0","121","15","실제 노출 로그 / 점수·순위는 실험용"
"XEJfSqNATCB","QWr1WK9Qt2","H0768","R0768_1","0.0","122","199","실제 노출 로그 / 점수·순위는 실험용"
"XEGBmv91RpA","QWr1WK9Qt2","H0712","R0712_1","0.0","123","167","실제 노출 로그 / 점수·순위는 실험용"
"XETPdRp8gAk","QWr1WK9Qt2","H0655","R0655_1","0.0","124","130","실제 노출 로그 / 점수·순위는 실험용"
"XE4hW4iGPQI","QWr1WK9Qt2","H0795","R0795_1","0.0","125","110","실제 노출 로그 / 점수·순위는 실험용"
"XEmDy5EFbb2","QWr1WK9Qt2","H0739","R0739_1","0.0","126","75","실제 노출 로그 / 점수·순위는 실험용"
"XEFypuqFbyB","QWr1WK9Qt2","H0683","R0683_1","0.0","127","43","실제 노출 로그 / 점수·순위는 실험용"
"XEE5iDyM6Mc","QWr1WK9Qt2","H0627","R0627_1","0.0","128","11","실제 노출 로그 / 점수·순위는 실험용"
"XElwCbLdKOg","QWr1WK9Qt2","H0767","R0767_1","0.0","129","195","실제 노출 로그 / 점수·순위는 실험용"
"XExxZDvcLDO","QWr1WK9Qt2","H0711","R0711_1","0.0","130","163","실제 노출 로그 / 점수·순위는 실험용"
"XEHSFHY4qox","QWr1WK9Qt2","H0654","R0654_1","0.0","131","125","실제 노출 로그 / 점수·순위는 실험용"
"XE6a8R1w286","QWr1WK9Qt2","H0794","R0794_1","0.0","132","105","실제 노출 로그 / 점수·순위는 실험용"
"XEZpxBgmWWh","QWr1WK9Qt2","H0738","R0738_1","0.0","133","71","실제 노출 로그 / 점수·순위는 실험용"
"XEkRDP6Ok62","QWr1WK9Qt2","H0682","R0682_1","0.0","134","39","실제 노출 로그 / 점수·순위는 실험용"
"XEQkIRmZdpV","QWr1WK9Qt2","H0626","R0626_1","0.0","135","7","실제 노출 로그 / 점수·순위는 실험용"
"XEFhyLvM2GR","QWr1WK9Qt2","H0766","R0766_1","0.0","136","191","실제 노출 로그 / 점수·순위는 실험용"
"XE1jpf1pEO1","QWr1WK9Qt2","H0710","R0710_1","0.0","137","159","실제 노출 로그 / 점수·순위는 실험용"
"XE4vmBxxhva","QWr1WK9Qt2","H0653","R0653_1","0.0","138","120","실제 노출 로그 / 점수·순위는 실험용"
"XESrgy4CHXf","QWr1WK9Qt2","H0793","R0793_1","0.0","139","100","실제 노출 로그 / 점수·순위는 실험용"
"XEBIEtkkmzf","QWr1WK9Qt2","H0737","R0737_1","0.0","140","67","실제 노출 로그 / 점수·순위는 실험용"
"XEjj2lPU7CN","QWr1WK9Qt2","H0681","R0681_1","0.0","141","35","실제 노출 로그 / 점수·순위는 실험용"
"XEsAmPRkh6B","QWr1WK9Qt2","H0625","R0625_1","0.0","142","3","실제 노출 로그 / 점수·순위는 실험용"
"XEqiSamk1SR","QWr1WK9Qt2","H0765","R0765_1","0.0","143","187","실제 노출 로그 / 점수·순위는 실험용"
"XELu8FsLcpc","QWr1WK9Qt2","H0709","R0709_1","0.0","144","155","실제 노출 로그 / 점수·순위는 실험용"
"XECmexGfRFi","QWr1WK9Qt2","H0708","R0708_1","0.0","145","152","실제 노출 로그 / 점수·순위는 실험용"
"XEcKfXBC6RU","QWr1WK9Qt2","H0652","R0652_1","0.0","146","116","실제 노출 로그 / 점수·순위는 실험용"
"XExDeimlG2f","QWr1WK9Qt2","H0792","R0792_1","0.0","147","95","실제 노출 로그 / 점수·순위는 실험용"
"XE9zVVdF69o","QWr1WK9Qt2","H0736","R0736_1","0.0","148","64","실제 노출 로그 / 점수·순위는 실험용"
"XE7H6gskJRS","QWr1WK9Qt2","H0680","R0680_1","0.0","149","32","실제 노출 로그 / 점수·순위는 실험용"
"XEFsmNeCoQW","QWr1WK9Qt2","H0624","R0624_1","0.0","150","200","실제 노출 로그 / 점수·순위는 실험용"
"XE7tw3ayvPt","QWr1WK9Qt2","H0764","R0764_1","0.0","151","183","실제 노출 로그 / 점수·순위는 실험용"
"XEuFlVfvA0n","QWr1WK9Qt2","H0707","R0707_1","0.0","152","148","실제 노출 로그 / 점수·순위는 실험용"
"XEnVUj1EpVV","QWr1WK9Qt2","H0651","R0651_1","0.0","153","111","실제 노출 로그 / 점수·순위는 실험용"
"XE3LN3qm3dK","QWr1WK9Qt2","H0791","R0791_1","0.0","154","91","실제 노출 로그 / 점수·순위는 실험용"
"XEbfOiXu6GR","QWr1WK9Qt2","H0735","R0735_1","0.0","155","60","실제 노출 로그 / 점수·순위는 실험용"
"XEFauFrxhM6","QWr1WK9Qt2","H0679","R0679_1","0.0","156","28","실제 노출 로그 / 점수·순위는 실험용"
"XEuDSGCC5Od","QWr1WK9Qt2","H0623","R0623_1","0.0","157","196","실제 노출 로그 / 점수·순위는 실험용"
"XEuDrPUvAft","QWr1WK9Qt2","H0763","R0763_1","0.0","158","179","실제 노출 로그 / 점수·순위는 실험용"
"XEQrVSvycop","QWr1WK9Qt2","H0706","R0706_1","0.0","159","144","실제 노출 로그 / 점수·순위는 실험용"
"XEc5ADwJkXW","QWr1WK9Qt2","H0650","R0650_1","0.0","160","106","실제 노출 로그 / 점수·순위는 실험용"
"XEfmKP0f4LD","QWr1WK9Qt2","H0790","R0790_1","0.0","161","87","실제 노출 로그 / 점수·순위는 실험용"
"XEgXsMcct2w","QWr1WK9Qt2","H0734","R0734_1","0.0","162","56","실제 노출 로그 / 점수·순위는 실험용"
"XEwboDI312g","QWr1WK9Qt2","H0678","R0678_1","0.0","163","24","실제 노출 로그 / 점수·순위는 실험용"
"XEatdM1JKSJ","QWr1WK9Qt2","H0622","R0622_1","0.0","164","192","실제 노출 로그 / 점수·순위는 실험용"
"XENnkSmweCj","QWr1WK9Qt2","H0762","R0762_1","0.0","165","175","실제 노출 로그 / 점수·순위는 실험용"
"XEEQZ5KTpFE","QWr1WK9Qt2","H0705","R0705_1","0.0","166","140","실제 노출 로그 / 점수·순위는 실험용"
"XEvfy4DEDUI","QWr1WK9Qt2","H0649","R0649_1","0.0","167","101","실제 노출 로그 / 점수·순위는 실험용"
"XENBYMYlJpj","QWr1WK9Qt2","H0789","R0789_1","0.0","168","83","실제 노출 로그 / 점수·순위는 실험용"
"XEiq5CfJAt9","QWr1WK9Qt2","H0733","R0733_1","0.0","169","52","실제 노출 로그 / 점수·순위는 실험용"
"XEldx8rNFIs","QWr1WK9Qt2","H0677","R0677_1","0.0","170","20","실제 노출 로그 / 점수·순위는 실험용"
"XECK6sYNCS3","QWr1WK9Qt2","H0621","R0621_1","0.0","171","188","실제 노출 로그 / 점수·순위는 실험용"
"XE7diILHpVj","QWr1WK9Qt2","H0761","R0761_1","0.0","172","171","실제 노출 로그 / 점수·순위는 실험용"
"XE55CXkEcCC","QWr1WK9Qt2","H0704","R0704_1","0.0","173","136","실제 노출 로그 / 점수·순위는 실험용"
"XEp3xeviOTE","QWr1WK9Qt2","H0648","R0648_1","0.0","174","96","실제 노출 로그 / 점수·순위는 실험용"
"XE6sGwxEnyW","QWr1WK9Qt2","H0788","R0788_1","0.0","175","80","실제 노출 로그 / 점수·순위는 실험용"
"XE3muU0cEl9","QWr1WK9Qt2","H0732","R0732_1","0.0","176","48","실제 노출 로그 / 점수·순위는 실험용"
"XEW06h6wfiX","QWr1WK9Qt2","H0676","R0676_1","0.0","177","16","실제 노출 로그 / 점수·순위는 실험용"
"XENVvMTVYUf","QWr1WK9Qt2","H0620","R0620_1","0.0","178","184","실제 노출 로그 / 점수·순위는 실험용"
"XEuozrrdav8","QWr1WK9Qt2","H0760","R0760_1","0.0","179","168","실제 노출 로그 / 점수·순위는 실험용"
"XEsQWKoGTfD","QWr1WK9Qt2","H0703","R0703_1","0.0","180","131","실제 노출 로그 / 점수·순위는 실험용"
"XESuKz24kNU","QWr1WK9Qt2","H0647","R0647_1","0.0","181","92","실제 노출 로그 / 점수·순위는 실험용"
"XES3N5kGg06","QWr1WK9Qt2","H0787","R0787_1","0.0","182","76","실제 노출 로그 / 점수·순위는 실험용"
"XERD0O6awEK","QWr1WK9Qt2","H0731","R0731_1","0.0","183","44","실제 노출 로그 / 점수·순위는 실험용"
"XEW8HUWWHDL","QWr1WK9Qt2","H0675","R0675_1","0.0","184","12","실제 노출 로그 / 점수·순위는 실험용"
"XE8gFQO7b3t","QWr1WK9Qt2","H0619","R0619_1","0.0","185","180","실제 노출 로그 / 점수·순위는 실험용"
"XExU49xycs3","QWr1WK9Qt2","H0759","R0759_1","0.0","186","164","실제 노출 로그 / 점수·순위는 실험용"
"XERSO6B3MA4","QWr1WK9Qt2","H0758","R0758_1","0.0","187","160","실제 노출 로그 / 점수·순위는 실험용"
"XElD6zudZji","QWr1WK9Qt2","H0702","R0702_1","0.0","188","126","실제 노출 로그 / 점수·순위는 실험용"
"XEnPS6C09gr","QWr1WK9Qt2","H0646","R0646_1","0.0","189","88","실제 노출 로그 / 점수·순위는 실험용"
"XEdJ5mLVnwV","QWr1WK9Qt2","H0786","R0786_1","0.0","190","72","실제 노출 로그 / 점수·순위는 실험용"
"XEjzE9rv7xf","QWr1WK9Qt2","H0730","R0730_1","0.0","191","40","실제 노출 로그 / 점수·순위는 실험용"
"XEHDoyzvkvS","QWr1WK9Qt2","H0674","R0674_1","0.0","192","8","실제 노출 로그 / 점수·순위는 실험용"
"XE02AjSH3ED","QWr1WK9Qt2","H0618","R0618_1","0.0","193","176","실제 노출 로그 / 점수·순위는 실험용"
"XEUugzQwb6I","QWr1WK9Qt2","H0757","R0757_1","0.0","194","156","실제 노출 로그 / 점수·순위는 실험용"
"XEEV2o750Gi","QWr1WK9Qt2","H0701","R0701_1","0.0","195","121","실제 노출 로그 / 점수·순위는 실험용"
"XEUv4jrGhHx","QWr1WK9Qt2","H0645","R0645_1","0.0","196","84","실제 노출 로그 / 점수·순위는 실험용"
"XEoaLWD2U3v","QWr1WK9Qt2","H0785","R0785_1","0.0","197","68","실제 노출 로그 / 점수·순위는 실험용"
"XEMSz1offwo","QWr1WK9Qt2","H0729","R0729_1","0.0","198","36","실제 노출 로그 / 점수·순위는 실험용"
"XEjau5RuNht","QWr1WK9Qt2","H0673","R0673_1","0.0","199","4","실제 노출 로그 / 점수·순위는 실험용"
"XEbsN9ZSZun","QWr1WK9Qt2","H0617","R0617_1","0.0","200","172","실제 노출 로그 / 점수·순위는 실험용"
"XEjPjR6Yb6c","QN7QHax84N","H0161","R0161_1","100.0","1","2","실제 노출 로그 / 점수·순위는 실험용"
"XEiMqFPSE2N","QN7QHax84N","H0101","R0101_1","99.0","2","1","실제 노출 로그 / 점수·순위는 실험용"
"XEgDsTybIJL","QhM79a9imX","H0161","R0161_1","100.0","1","10","실제 노출 로그 / 점수·순위는 실험용"
"XEZu1WJXBK0","QhM79a9imX","H0159","R0159_1","99.0","2","8","실제 노출 로그 / 점수·순위는 실험용"
"XEfdSR8ULLK","QhM79a9imX","H0101","R0101_1","98.0","3","2","실제 노출 로그 / 점수·순위는 실험용"
"XET0WMHOOvn","QhM79a9imX","H0155","R0155_1","97.0","4","7","실제 노출 로그 / 점수·순위는 실험용"
"XEmP2oUeu8w","QhM79a9imX","H0008","R0008_1","96.0","5","6","실제 노출 로그 / 점수·순위는 실험용"
"XEhzU6lPdeE","QhM79a9imX","H0063","R0063_1","95.0","6","9","실제 노출 로그 / 점수·순위는 실험용"
"XEXMEmWh1X1","QhM79a9imX","H0007","R0007_1","94.0","7","5","실제 노출 로그 / 점수·순위는 실험용"
"XEYMzXPjONj","QhM79a9imX","H0006","R0006_1","93.0","8","4","실제 노출 로그 / 점수·순위는 실험용"
"XE5Fih3mv7h","QhM79a9imX","H0005","R0005_1","92.0","9","3","실제 노출 로그 / 점수·순위는 실험용"
"XE4UxsIc3rh","QhM79a9imX","H0004","R0004_1","91.0","10","1","실제 노출 로그 / 점수·순위는 실험용"
"XEUvunQoceX","Qy9phiue1Y","H0895","R0895_1","100.0","1","21","실제 노출 로그 / 점수·순위는 실험용"
"XEXDIwm59q5","Qy9phiue1Y","H0979","R0979_1","99.0","2","13","실제 노출 로그 / 점수·순위는 실험용"
"XE65X70abh4","Qy9phiue1Y","H0811","R0811_1","98.0","3","30","실제 노출 로그 / 점수·순위는 실험용"
"XE9qt0fvU8K","Qy9phiue1Y","H0949","R0949_1","97.0","4","25","실제 노출 로그 / 점수·순위는 실험용"
"XECdmja2T9n","Qy9phiue1Y","H0865","R0865_1","96.0","5","1","실제 노출 로그 / 점수·순위는 실험용"
"XEiDYWJWpVE","Qy9phiue1Y","H0835","R0835_1","95.0","6","14","실제 노출 로그 / 점수·순위는 실험용"
"XEkv2eDpCUN","Qy9phiue1Y","H0919","R0919_1","94.0","7","5","실제 노출 로그 / 점수·순위는 실험용"
"XEw2ZU1VMXR","Qy9phiue1Y","H0805","R0805_1","93.0","8","26","실제 노출 로그 / 점수·순위는 실험용"
"XELudeWXuFD","Qy9phiue1Y","H0889","R0889_1","92.0","9","17","실제 노출 로그 / 점수·순위는 실험용"
"XEALnr1NCVx","Qy9phiue1Y","H0973","R0973_1","91.0","10","9","실제 노출 로그 / 점수·순위는 실험용"
"XEd08S6OyTt","Qy9phiue1Y","H0859","R0859_1","90.0","11","31","실제 노출 로그 / 점수·순위는 실험용"
"XEefwiVocBx","Qy9phiue1Y","H0943","R0943_1","89.0","12","22","실제 노출 로그 / 점수·순위는 실험용"
"XEDYa0LSZms","Qy9phiue1Y","H0997","R0997_1","88.0","13","27","실제 노출 로그 / 점수·순위는 실험용"
"XE7Hw1JYbE0","Qy9phiue1Y","H0829","R0829_1","87.0","14","10","실제 노출 로그 / 점수·순위는 실험용"
"XEO9Ilm9h5C","Qy9phiue1Y","H0913","R0913_1","86.0","15","2","실제 노출 로그 / 점수·순위는 실험용"
"XEts5senRoc","Qy9phiue1Y","H0883","R0883_1","85.0","16","15","실제 노출 로그 / 점수·순위는 실험용"
"XEJUxLcP3gB","Qy9phiue1Y","H0967","R0967_1","84.0","17","6","실제 노출 로그 / 점수·순위는 실험용"
"XE0VE4qDpsT","Qy9phiue1Y","H0853","R0853_1","83.0","18","28","실제 노출 로그 / 점수·순위는 실험용"
"XEeBGhe2qHh","Qy9phiue1Y","H0937","R0937_1","82.0","19","18","실제 노출 로그 / 점수·순위는 실험용"
"XEcbqu2WW38","Qy9phiue1Y","H0907","R0907_1","81.0","20","32","실제 노출 로그 / 점수·순위는 실험용"
"XEiW3wFai52","Qy9phiue1Y","H0991","R0991_1","80.0","21","23","실제 노출 로그 / 점수·순위는 실험용"
"XEKNRo4lJyE","Qy9phiue1Y","H0823","R0823_1","79.0","22","7","실제 노출 로그 / 점수·순위는 실험용"
"XEnP0PXXh69","Qy9phiue1Y","H0877","R0877_1","78.0","23","11","실제 노출 로그 / 점수·순위는 실험용"
"XEIBZ36JCKs","Qy9phiue1Y","H0961","R0961_1","77.0","24","3","실제 노출 로그 / 점수·순위는 실험용"
"XE7PNxJWzJ4","Qy9phiue1Y","H0847","R0847_1","76.0","25","24","실제 노출 로그 / 점수·순위는 실험용"
"XExK8hmYt2d","Qy9phiue1Y","H0931","R0931_1","75.0","26","16","실제 노출 로그 / 점수·순위는 실험용"
"XEUQPJ6EOTS","Qy9phiue1Y","H0901","R0901_1","74.0","27","29","실제 노출 로그 / 점수·순위는 실험용"
"XEzBR7ht4UK","Qy9phiue1Y","H0985","R0985_1","73.0","28","19","실제 노출 로그 / 점수·순위는 실험용"
"XEXOLrD1wbH","Qy9phiue1Y","H0817","R0817_1","72.0","29","4","실제 노출 로그 / 점수·순위는 실험용"
"XE8DsOMbQsF","Qy9phiue1Y","H0955","R0955_1","71.0","30","33","실제 노출 로그 / 점수·순위는 실험용"
"XEOLnUyQMKM","Qy9phiue1Y","H0871","R0871_1","70.0","31","8","실제 노출 로그 / 점수·순위는 실험용"
"XEVhROpcY2j","Qy9phiue1Y","H0841","R0841_1","69.0","32","20","실제 노출 로그 / 점수·순위는 실험용"
"XEVaIj7B2sH","Qy9phiue1Y","H0925","R0925_1","68.0","33","12","실제 노출 로그 / 점수·순위는 실험용"
"XEr5OzZhmjD","QAQYUagzxG","H0952","R0952_1","100.0","1","164","실제 노출 로그 / 점수·순위는 실험용"
"XEt9VJQ2POv","QAQYUagzxG","H0896","R0896_1","99.0","2","125","실제 노출 로그 / 점수·순위는 실험용"
"XEniImVrC80","QAQYUagzxG","H0840","R0840_1","98.0","3","93","실제 노출 로그 / 점수·순위는 실험용"
"XEK3l93JOcl","QAQYUagzxG","H0980","R0980_1","97.0","4","77","실제 노출 로그 / 점수·순위는 실험용"
"XEwJyl3BwHg","QAQYUagzxG","H0924","R0924_1","96.0","5","45","실제 노출 로그 / 점수·순위는 실험용"
"XEBeRDzj47M","QAQYUagzxG","H0868","R0868_1","95.0","6","13","실제 노출 로그 / 점수·순위는 실험용"
"XEFApU1mcmv","QAQYUagzxG","H0812","R0812_1","94.0","7","181","실제 노출 로그 / 점수·순위는 실험용"
"XEBSUp48Xq1","QAQYUagzxG","H0951","R0951_1","93.0","8","159","실제 노출 로그 / 점수·순위는 실험용"
"XEi3KmGLv0L","QAQYUagzxG","H0895","R0895_1","92.0","9","121","실제 노출 로그 / 점수·순위는 실험용"
"XEb6oDPUClj","QAQYUagzxG","H0839","R0839_1","91.0","10","89","실제 노출 로그 / 점수·순위는 실험용"
"XE1CMyg50I2","QAQYUagzxG","H0979","R0979_1","90.0","11","73","실제 노출 로그 / 점수·순위는 실험용"
"XE1fB1kz7nC","QAQYUagzxG","H0923","R0923_1","89.0","12","41","실제 노출 로그 / 점수·순위는 실험용"
"XEI9CVn3pj3","QAQYUagzxG","H0867","R0867_1","88.0","13","9","실제 노출 로그 / 점수·순위는 실험용"
"XEjJ428otvw","QAQYUagzxG","H0811","R0811_1","87.0","14","177","실제 노출 로그 / 점수·순위는 실험용"
"XE7B0Trr1Se","QAQYUagzxG","H0950","R0950_1","86.0","15","154","실제 노출 로그 / 점수·순위는 실험용"
"XEXKKgHu4cx","QAQYUagzxG","H0894","R0894_1","85.0","16","117","실제 노출 로그 / 점수·순위는 실험용"
"XEc77iBZkTy","QAQYUagzxG","H0838","R0838_1","84.0","17","85","실제 노출 로그 / 점수·순위는 실험용"
"XET6c4sPGBb","QAQYUagzxG","H0978","R0978_1","83.0","18","69","실제 노출 로그 / 점수·순위는 실험용"
"XExhdYMRU7D","QAQYUagzxG","H0922","R0922_1","82.0","19","37","실제 노출 로그 / 점수·순위는 실험용"
"XEegsRaXvzD","QAQYUagzxG","H0866","R0866_1","81.0","20","5","실제 노출 로그 / 점수·순위는 실험용"
"XESs2ePFpxS","QAQYUagzxG","H0810","R0810_1","80.0","21","173","실제 노출 로그 / 점수·순위는 실험용"
"XEVY8nqLqM2","QAQYUagzxG","H0809","R0809_1","79.0","22","169","실제 노출 로그 / 점수·순위는 실험용"
"XEwoTqUP31C","QAQYUagzxG","H0949","R0949_1","78.0","23","149","실제 노출 로그 / 점수·순위는 실험용"
"XE3AquG3wkk","QAQYUagzxG","H0893","R0893_1","77.0","24","113","실제 노출 로그 / 점수·순위는 실험용"
"XEaZR34qWIE","QAQYUagzxG","H0837","R0837_1","76.0","25","81","실제 노출 로그 / 점수·순위는 실험용"
"XEI89EdS7fX","QAQYUagzxG","H0977","R0977_1","75.0","26","65","실제 노출 로그 / 점수·순위는 실험용"
"XEttVTXfKRL","QAQYUagzxG","H0921","R0921_1","74.0","27","33","실제 노출 로그 / 점수·순위는 실험용"
"XE22xgj1FRC","QAQYUagzxG","H0865","R0865_1","73.0","28","1","실제 노출 로그 / 점수·순위는 실험용"
"XEyNIBxrdYy","QAQYUagzxG","H0808","R0808_1","72.0","29","165","실제 노출 로그 / 점수·순위는 실험용"
"XEVZow7XNZj","QAQYUagzxG","H0948","R0948_1","71.0","30","144","실제 노출 로그 / 점수·순위는 실험용"
"XEK4nfxpNys","QAQYUagzxG","H0892","R0892_1","70.0","31","109","실제 노출 로그 / 점수·순위는 실험용"
"XET5gFkbisv","QAQYUagzxG","H0836","R0836_1","69.0","32","78","실제 노출 로그 / 점수·순위는 실험용"
"XEZvvJJv32N","QAQYUagzxG","H0976","R0976_1","68.0","33","61","실제 노출 로그 / 점수·순위는 실험용"
"XEirwJ15j58","QAQYUagzxG","H0920","R0920_1","67.0","34","29","실제 노출 로그 / 점수·순위는 실험용"
"XEAQG81VF9Q","QAQYUagzxG","H0864","R0864_1","66.0","35","197","실제 노출 로그 / 점수·순위는 실험용"
"XE9LnKBmh3h","QAQYUagzxG","H0807","R0807_1","65.0","36","160","실제 노출 로그 / 점수·순위는 실험용"
"XEt6fQcy2Vs","QAQYUagzxG","H0947","R0947_1","64.0","37","139","실제 노출 로그 / 점수·순위는 실험용"
"XErxfi5LDjB","QAQYUagzxG","H0891","R0891_1","63.0","38","105","실제 노출 로그 / 점수·순위는 실험용"
"XEDkAeZ479e","QAQYUagzxG","H0835","R0835_1","62.0","39","74","실제 노출 로그 / 점수·순위는 실험용"
"XETSKdoHFd8","QAQYUagzxG","H0975","R0975_1","61.0","40","57","실제 노출 로그 / 점수·순위는 실험용"
"XEGVh100Yuj","QAQYUagzxG","H0919","R0919_1","60.0","41","25","실제 노출 로그 / 점수·순위는 실험용"
"XEJY4cLtxeL","QAQYUagzxG","H0863","R0863_1","59.0","42","193","실제 노출 로그 / 점수·순위는 실험용"
"XEcIY3NB4eh","QAQYUagzxG","H0806","R0806_1","58.0","43","155","실제 노출 로그 / 점수·순위는 실험용"
"XE4HKJ63N9f","QAQYUagzxG","H0946","R0946_1","57.0","44","134","실제 노출 로그 / 점수·순위는 실험용"
"XEIKOUPe5Z3","QAQYUagzxG","H0890","R0890_1","56.0","45","101","실제 노출 로그 / 점수·순위는 실험용"
"XEfeyBCWilR","QAQYUagzxG","H0834","R0834_1","55.0","46","70","실제 노출 로그 / 점수·순위는 실험용"
"XENFVMNJplc","QAQYUagzxG","H0974","R0974_1","54.0","47","53","실제 노출 로그 / 점수·순위는 실험용"
"XExN0u7INri","QAQYUagzxG","H0918","R0918_1","53.0","48","21","실제 노출 로그 / 점수·순위는 실험용"
"XEhBKx79UdZ","QAQYUagzxG","H0862","R0862_1","52.0","49","189","실제 노출 로그 / 점수·순위는 실험용"
"XErZ9ZPD6Nt","QAQYUagzxG","H0805","R0805_1","51.0","50","150","실제 노출 로그 / 점수·순위는 실험용"
"XEJSN1Q3ohu","QAQYUagzxG","H0945","R0945_1","50.0","51","129","실제 노출 로그 / 점수·순위는 실험용"
"XEH6lvSSRmF","QAQYUagzxG","H0889","R0889_1","49.0","52","97","실제 노출 로그 / 점수·순위는 실험용"
"XEEhs540hod","QAQYUagzxG","H0833","R0833_1","48.0","53","66","실제 노출 로그 / 점수·순위는 실험용"
"XELLe5T0KCx","QAQYUagzxG","H0973","R0973_1","47.0","54","49","실제 노출 로그 / 점수·순위는 실험용"
"XE3vYysyY8y","QAQYUagzxG","H0917","R0917_1","46.0","55","17","실제 노출 로그 / 점수·순위는 실험용"
"XEKEjqYJhnh","QAQYUagzxG","H0861","R0861_1","45.0","56","185","실제 노출 로그 / 점수·순위는 실험용"
"XEyQBSxYwLf","QAQYUagzxG","H0804","R0804_1","44.0","57","145","실제 노출 로그 / 점수·순위는 실험용"
"XEvUSMbqkrC","QAQYUagzxG","H1000","R1000_1","43.0","58","166","실제 노출 로그 / 점수·순위는 실험용"
"XEivUc62WZi","QAQYUagzxG","H0944","R0944_1","42.0","59","126","실제 노출 로그 / 점수·순위는 실험용"
"XEIn9YueBOn","QAQYUagzxG","H0888","R0888_1","41.0","60","94","실제 노출 로그 / 점수·순위는 실험용"
"XEwYgu38uDB","QAQYUagzxG","H0832","R0832_1","40.0","61","62","실제 노출 로그 / 점수·순위는 실험용"
"XEpD6vaDcbG","QAQYUagzxG","H0972","R0972_1","39.0","62","46","실제 노출 로그 / 점수·순위는 실험용"
"XEJjoI43V2v","QAQYUagzxG","H0916","R0916_1","38.0","63","14","실제 노출 로그 / 점수·순위는 실험용"
"XEC3nPe78a5","QAQYUagzxG","H0860","R0860_1","37.0","64","182","실제 노출 로그 / 점수·순위는 실험용"
"XECSTeNwHCp","QAQYUagzxG","H0859","R0859_1","36.0","65","178","실제 노출 로그 / 점수·순위는 실험용"
"XELtRWp3YHN","QAQYUagzxG","H0803","R0803_1","35.0","66","140","실제 노출 로그 / 점수·순위는 실험용"
"XE9YclkglI9","QAQYUagzxG","H0999","R0999_1","34.0","67","161","실제 노출 로그 / 점수·순위는 실험용"
"XEO9JHog9l2","QAQYUagzxG","H0943","R0943_1","33.0","68","122","실제 노출 로그 / 점수·순위는 실험용"
"XEEzaUlxdAv","QAQYUagzxG","H0887","R0887_1","32.0","69","90","실제 노출 로그 / 점수·순위는 실험용"
"XEogLV00vS0","QAQYUagzxG","H0831","R0831_1","31.0","70","58","실제 노출 로그 / 점수·순위는 실험용"
"XE4pS2d069D","QAQYUagzxG","H0971","R0971_1","30.0","71","42","실제 노출 로그 / 점수·순위는 실험용"
"XE6OF2fGi9x","QAQYUagzxG","H0915","R0915_1","29.0","72","10","실제 노출 로그 / 점수·순위는 실험용"
"XE0hEz5qmIZ","QAQYUagzxG","H0858","R0858_1","28.0","73","174","실제 노출 로그 / 점수·순위는 실험용"
"XE3zscT3vk8","QAQYUagzxG","H0802","R0802_1","27.0","74","135","실제 노출 로그 / 점수·순위는 실험용"
"XEvVzuwZ0sY","QAQYUagzxG","H0998","R0998_1","26.0","75","156","실제 노출 로그 / 점수·순위는 실험용"
"XEmx6O1Hw6H","QAQYUagzxG","H0942","R0942_1","25.0","76","118","실제 노출 로그 / 점수·순위는 실험용"
"XEFMBHhA41z","QAQYUagzxG","H0886","R0886_1","24.0","77","86","실제 노출 로그 / 점수·순위는 실험용"
"XEE8b8li0dZ","QAQYUagzxG","H0830","R0830_1","23.0","78","54","실제 노출 로그 / 점수·순위는 실험용"
"XEqCwpzKHak","QAQYUagzxG","H0970","R0970_1","22.0","79","38","실제 노출 로그 / 점수·순위는 실험용"
"XEdzJjj8P9B","QAQYUagzxG","H0914","R0914_1","21.0","80","6","실제 노출 로그 / 점수·순위는 실험용"
"XE1wxmwg02e","QAQYUagzxG","H0857","R0857_1","20.0","81","170","실제 노출 로그 / 점수·순위는 실험용"
"XE2df3Alsym","QAQYUagzxG","H0801","R0801_1","19.0","82","130","실제 노출 로그 / 점수·순위는 실험용"
"XEZ8eASKGLt","QAQYUagzxG","H0997","R0997_1","18.0","83","151","실제 노출 로그 / 점수·순위는 실험용"
"XEunhdxWk2O","QAQYUagzxG","H0941","R0941_1","17.0","84","114","실제 노출 로그 / 점수·순위는 실험용"
"XEQA0p6VST7","QAQYUagzxG","H0885","R0885_1","16.0","85","82","실제 노출 로그 / 점수·순위는 실험용"
"XEb9gpcHOFT","QAQYUagzxG","H0829","R0829_1","15.0","86","50","실제 노출 로그 / 점수·순위는 실험용"
"XEEf4FIilx7","QAQYUagzxG","H0969","R0969_1","14.0","87","34","실제 노출 로그 / 점수·순위는 실험용"
"XEexA6L1D5t","QAQYUagzxG","H0913","R0913_1","13.0","88","2","실제 노출 로그 / 점수·순위는 실험용"
"XE4lA48hXx4","QAQYUagzxG","H0856","R0856_1","12.0","89","167","실제 노출 로그 / 점수·순위는 실험용"
"XEnoTP1Euhn","QAQYUagzxG","H0996","R0996_1","11.0","90","146","실제 노출 로그 / 점수·순위는 실험용"
"XETYJEuYpHs","QAQYUagzxG","H0940","R0940_1","10.0","91","110","실제 노출 로그 / 점수·순위는 실험용"
"XEaijWIvwN3","QAQYUagzxG","H0884","R0884_1","9.0","92","79","실제 노출 로그 / 점수·순위는 실험용"
"XEUKdZO5LDF","QAQYUagzxG","H0828","R0828_1","8.0","93","47","실제 노출 로그 / 점수·순위는 실험용"
"XEW8C7Y50zH","QAQYUagzxG","H0968","R0968_1","7.0","94","30","실제 노출 로그 / 점수·순위는 실험용"
"XEAaCNlMOeA","QAQYUagzxG","H0912","R0912_1","6.0","95","198","실제 노출 로그 / 점수·순위는 실험용"
"XExKbSP1Ylb","QAQYUagzxG","H0855","R0855_1","5.0","96","162","실제 노출 로그 / 점수·순위는 실험용"
"XExDtHCE80Y","QAQYUagzxG","H0995","R0995_1","4.0","97","141","실제 노출 로그 / 점수·순위는 실험용"
"XEI0PdZKOIz","QAQYUagzxG","H0939","R0939_1","3.0","98","106","실제 노출 로그 / 점수·순위는 실험용"
"XEMtUZ9o0A2","QAQYUagzxG","H0883","R0883_1","2.0","99","75","실제 노출 로그 / 점수·순위는 실험용"
"XETNPr2UHog","QAQYUagzxG","H0827","R0827_1","1.0","100","43","실제 노출 로그 / 점수·순위는 실험용"
"XEozMFOfsOd","QAQYUagzxG","H0967","R0967_1","0.0","101","26","실제 노출 로그 / 점수·순위는 실험용"
"XEyLYZe41SA","QAQYUagzxG","H0911","R0911_1","0.0","102","194","실제 노출 로그 / 점수·순위는 실험용"
"XEf3SspvLSS","QAQYUagzxG","H0910","R0910_1","0.0","103","190","실제 노출 로그 / 점수·순위는 실험용"
"XEuP2F0ji7p","QAQYUagzxG","H0854","R0854_1","0.0","104","157","실제 노출 로그 / 점수·순위는 실험용"
"XEe89rt8jnt","QAQYUagzxG","H0994","R0994_1","0.0","105","136","실제 노출 로그 / 점수·순위는 실험용"
"XE4JN6tLuU0","QAQYUagzxG","H0938","R0938_1","0.0","106","102","실제 노출 로그 / 점수·순위는 실험용"
"XEb8ALn24P6","QAQYUagzxG","H0882","R0882_1","0.0","107","71","실제 노출 로그 / 점수·순위는 실험용"
"XEt5Ld3oSxr","QAQYUagzxG","H0826","R0826_1","0.0","108","39","실제 노출 로그 / 점수·순위는 실험용"
"XEFUBk8mWUI","QAQYUagzxG","H0966","R0966_1","0.0","109","22","실제 노출 로그 / 점수·순위는 실험용"
"XEj7iaHTs4G","QAQYUagzxG","H0909","R0909_1","0.0","110","186","실제 노출 로그 / 점수·순위는 실험용"
"XE4syK5QKd2","QAQYUagzxG","H0853","R0853_1","0.0","111","152","실제 노출 로그 / 점수·순위는 실험용"
"XEsytMTT1Dc","QAQYUagzxG","H0993","R0993_1","0.0","112","131","실제 노출 로그 / 점수·순위는 실험용"
"XEu1yuqd2C6","QAQYUagzxG","H0937","R0937_1","0.0","113","98","실제 노출 로그 / 점수·순위는 실험용"
"XEx9LY2TuYq","QAQYUagzxG","H0881","R0881_1","0.0","114","67","실제 노출 로그 / 점수·순위는 실험용"
"XExoRILggKa","QAQYUagzxG","H0825","R0825_1","0.0","115","35","실제 노출 로그 / 점수·순위는 실험용"
"XE8LE2PD9Gd","QAQYUagzxG","H0965","R0965_1","0.0","116","18","실제 노출 로그 / 점수·순위는 실험용"
"XEEwWQ7eTtC","QAQYUagzxG","H0908","R0908_1","0.0","117","183","실제 노출 로그 / 점수·순위는 실험용"
"XEfXun97uth","QAQYUagzxG","H0852","R0852_1","0.0","118","147","실제 노출 로그 / 점수·순위는 실험용"
"XEqVbey1kDH","QAQYUagzxG","H0992","R0992_1","0.0","119","127","실제 노출 로그 / 점수·순위는 실험용"
"XEuIeZovGkk","QAQYUagzxG","H0936","R0936_1","0.0","120","95","실제 노출 로그 / 점수·순위는 실험용"
"XEUQfjmw7TN","QAQYUagzxG","H0880","R0880_1","0.0","121","63","실제 노출 로그 / 점수·순위는 실험용"
"XE6Ywy8t4xq","QAQYUagzxG","H0824","R0824_1","0.0","122","31","실제 노출 로그 / 점수·순위는 실험용"
"XEDXw223ztS","QAQYUagzxG","H0964","R0964_1","0.0","123","15","실제 노출 로그 / 점수·순위는 실험용"
"XEEjyM5J0z3","QAQYUagzxG","H0907","R0907_1","0.0","124","179","실제 노출 로그 / 점수·순위는 실험용"
"XEXxZx8qZID","QAQYUagzxG","H0851","R0851_1","0.0","125","142","실제 노출 로그 / 점수·순위는 실험용"
"XESdYQSuSsW","QAQYUagzxG","H0991","R0991_1","0.0","126","123","실제 노출 로그 / 점수·순위는 실험용"
"XEHogUHw6CZ","QAQYUagzxG","H0935","R0935_1","0.0","127","91","실제 노출 로그 / 점수·순위는 실험용"
"XEXAypxDZ1g","QAQYUagzxG","H0879","R0879_1","0.0","128","59","실제 노출 로그 / 점수·순위는 실험용"
"XE0T08IVrTO","QAQYUagzxG","H0823","R0823_1","0.0","129","27","실제 노출 로그 / 점수·순위는 실험용"
"XESpiePiczm","QAQYUagzxG","H0963","R0963_1","0.0","130","11","실제 노출 로그 / 점수·순위는 실험용"
"XEjMwb51vou","QAQYUagzxG","H0906","R0906_1","0.0","131","175","실제 노출 로그 / 점수·순위는 실험용"
"XE9SqlQjoPE","QAQYUagzxG","H0850","R0850_1","0.0","132","137","실제 노출 로그 / 점수·순위는 실험용"
"XEqj62V33RS","QAQYUagzxG","H0990","R0990_1","0.0","133","119","실제 노출 로그 / 점수·순위는 실험용"
"XEJW5MxMUWz","QAQYUagzxG","H0934","R0934_1","0.0","134","87","실제 노출 로그 / 점수·순위는 실험용"
"XExdWrwAd2Z","QAQYUagzxG","H0878","R0878_1","0.0","135","55","실제 노출 로그 / 점수·순위는 실험용"
"XEqF463Hjyw","QAQYUagzxG","H0822","R0822_1","0.0","136","23","실제 노출 로그 / 점수·순위는 실험용"
"XEvRZqtxFD1","QAQYUagzxG","H0962","R0962_1","0.0","137","7","실제 노출 로그 / 점수·순위는 실험용"
"XEU0iXnsmRy","QAQYUagzxG","H0905","R0905_1","0.0","138","171","실제 노출 로그 / 점수·순위는 실험용"
"XEkAUmkiYPi","QAQYUagzxG","H0849","R0849_1","0.0","139","132","실제 노출 로그 / 점수·순위는 실험용"
"XEXJfbUA7uF","QAQYUagzxG","H0989","R0989_1","0.0","140","115","실제 노출 로그 / 점수·순위는 실험용"
"XEKavF1kiNG","QAQYUagzxG","H0933","R0933_1","0.0","141","83","실제 노출 로그 / 점수·순위는 실험용"
"XEqhEXfWVVO","QAQYUagzxG","H0877","R0877_1","0.0","142","51","실제 노출 로그 / 점수·순위는 실험용"
"XElSGZW9bpM","QAQYUagzxG","H0821","R0821_1","0.0","143","19","실제 노출 로그 / 점수·순위는 실험용"
"XEq54nI1wAB","QAQYUagzxG","H0961","R0961_1","0.0","144","3","실제 노출 로그 / 점수·순위는 실험용"
"XEqslR4KQfD","QAQYUagzxG","H0960","R0960_1","0.0","145","199","실제 노출 로그 / 점수·순위는 실험용"
"XEhQbXN9g78","QAQYUagzxG","H0904","R0904_1","0.0","146","168","실제 노출 로그 / 점수·순위는 실험용"
"XEXs9l1yxG4","QAQYUagzxG","H0848","R0848_1","0.0","147","128","실제 노출 로그 / 점수·순위는 실험용"
"XE8jDPnOz12","QAQYUagzxG","H0988","R0988_1","0.0","148","111","실제 노출 로그 / 점수·순위는 실험용"
"XEpINxxLxJh","QAQYUagzxG","H0932","R0932_1","0.0","149","80","실제 노출 로그 / 점수·순위는 실험용"
"XERKjo18XuS","QAQYUagzxG","H0876","R0876_1","0.0","150","48","실제 노출 로그 / 점수·순위는 실험용"
"XEf30AuZxls","QAQYUagzxG","H0820","R0820_1","0.0","151","16","실제 노출 로그 / 점수·순위는 실험용"
"XEKRpgQKYTu","QAQYUagzxG","H0959","R0959_1","0.0","152","195","실제 노출 로그 / 점수·순위는 실험용"
"XEZdQLUQKqc","QAQYUagzxG","H0903","R0903_1","0.0","153","163","실제 노출 로그 / 점수·순위는 실험용"
"XEOYdQOu0z5","QAQYUagzxG","H0847","R0847_1","0.0","154","124","실제 노출 로그 / 점수·순위는 실험용"
"XEsriL7IcOX","QAQYUagzxG","H0987","R0987_1","0.0","155","107","실제 노출 로그 / 점수·순위는 실험용"
"XEtdm01icsR","QAQYUagzxG","H0931","R0931_1","0.0","156","76","실제 노출 로그 / 점수·순위는 실험용"
"XEF5D1lK3PF","QAQYUagzxG","H0875","R0875_1","0.0","157","44","실제 노출 로그 / 점수·순위는 실험용"
"XEoIP6ZJTd8","QAQYUagzxG","H0819","R0819_1","0.0","158","12","실제 노출 로그 / 점수·순위는 실험용"
"XEkp0YnIg5j","QAQYUagzxG","H0958","R0958_1","0.0","159","191","실제 노출 로그 / 점수·순위는 실험용"
"XE9jPP9VJ6L","QAQYUagzxG","H0902","R0902_1","0.0","160","158","실제 노출 로그 / 점수·순위는 실험용"
"XEjPR7vxnCz","QAQYUagzxG","H0846","R0846_1","0.0","161","120","실제 노출 로그 / 점수·순위는 실험용"
"XECn6Jf9inU","QAQYUagzxG","H0986","R0986_1","0.0","162","103","실제 노출 로그 / 점수·순위는 실험용"
"XEz4Tv9ibZI","QAQYUagzxG","H0930","R0930_1","0.0","163","72","실제 노출 로그 / 점수·순위는 실험용"
"XEP44tSv8f3","QAQYUagzxG","H0874","R0874_1","0.0","164","40","실제 노출 로그 / 점수·순위는 실험용"
"XEbX0so21lJ","QAQYUagzxG","H0818","R0818_1","0.0","165","8","실제 노출 로그 / 점수·순위는 실험용"
"XEHHKClRN43","QAQYUagzxG","H0957","R0957_1","0.0","166","187","실제 노출 로그 / 점수·순위는 실험용"
"XEk7PJapx4S","QAQYUagzxG","H0901","R0901_1","0.0","167","153","실제 노출 로그 / 점수·순위는 실험용"
"XEJyhWQtTwN","QAQYUagzxG","H0845","R0845_1","0.0","168","116","실제 노출 로그 / 점수·순위는 실험용"
"XEAgozL5KZx","QAQYUagzxG","H0985","R0985_1","0.0","169","99","실제 노출 로그 / 점수·순위는 실험용"
"XES7UfUZpw1","QAQYUagzxG","H0929","R0929_1","0.0","170","68","실제 노출 로그 / 점수·순위는 실험용"
"XEGtYqbzmYp","QAQYUagzxG","H0873","R0873_1","0.0","171","36","실제 노출 로그 / 점수·순위는 실험용"
"XEfrGZmCOvU","QAQYUagzxG","H0817","R0817_1","0.0","172","4","실제 노출 로그 / 점수·순위는 실험용"
"XEVr5jy8s16","QAQYUagzxG","H0956","R0956_1","0.0","173","184","실제 노출 로그 / 점수·순위는 실험용"
"XEUTLKnz6oa","QAQYUagzxG","H0900","R0900_1","0.0","174","148","실제 노출 로그 / 점수·순위는 실험용"
"XEk13vAXDP6","QAQYUagzxG","H0844","R0844_1","0.0","175","112","실제 노출 로그 / 점수·순위는 실험용"
"XEuhqRUbvJz","QAQYUagzxG","H0984","R0984_1","0.0","176","96","실제 노출 로그 / 점수·순위는 실험용"
"XEnBYrqod83","QAQYUagzxG","H0928","R0928_1","0.0","177","64","실제 노출 로그 / 점수·순위는 실험용"
"XEVndkJXa02","QAQYUagzxG","H0872","R0872_1","0.0","178","32","실제 노출 로그 / 점수·순위는 실험용"
"XEUWAr9V0jW","QAQYUagzxG","H0816","R0816_1","0.0","179","200","실제 노출 로그 / 점수·순위는 실험용"
"XE0giEbDafk","QAQYUagzxG","H0955","R0955_1","0.0","180","180","실제 노출 로그 / 점수·순위는 실험용"
"XEIYOQNPFKb","QAQYUagzxG","H0899","R0899_1","0.0","181","143","실제 노출 로그 / 점수·순위는 실험용"
"XEmAjCBnb3T","QAQYUagzxG","H0843","R0843_1","0.0","182","108","실제 노출 로그 / 점수·순위는 실험용"
"XEvINKjQKzQ","QAQYUagzxG","H0983","R0983_1","0.0","183","92","실제 노출 로그 / 점수·순위는 실험용"
"XEoSZ4VuOxl","QAQYUagzxG","H0927","R0927_1","0.0","184","60","실제 노출 로그 / 점수·순위는 실험용"
"XEm8rWXJrkN","QAQYUagzxG","H0871","R0871_1","0.0","185","28","실제 노출 로그 / 점수·순위는 실험용"
"XEZ5v2lWAiC","QAQYUagzxG","H0815","R0815_1","0.0","186","196","실제 노출 로그 / 점수·순위는 실험용"
"XE05mKck367","QAQYUagzxG","H0954","R0954_1","0.0","187","176","실제 노출 로그 / 점수·순위는 실험용"
"XEShH2mPL73","QAQYUagzxG","H0898","R0898_1","0.0","188","138","실제 노출 로그 / 점수·순위는 실험용"
"XEOCFywPJBa","QAQYUagzxG","H0842","R0842_1","0.0","189","104","실제 노출 로그 / 점수·순위는 실험용"
"XE03iEYLeD5","QAQYUagzxG","H0982","R0982_1","0.0","190","88","실제 노출 로그 / 점수·순위는 실험용"
"XEglaWPFQtv","QAQYUagzxG","H0926","R0926_1","0.0","191","56","실제 노출 로그 / 점수·순위는 실험용"
"XEt0YgCg5IV","QAQYUagzxG","H0870","R0870_1","0.0","192","24","실제 노출 로그 / 점수·순위는 실험용"
"XEQOEH58oaO","QAQYUagzxG","H0814","R0814_1","0.0","193","192","실제 노출 로그 / 점수·순위는 실험용"
"XEoXSGP14fW","QAQYUagzxG","H0953","R0953_1","0.0","194","172","실제 노출 로그 / 점수·순위는 실험용"
"XEDw75A6fJs","QAQYUagzxG","H0897","R0897_1","0.0","195","133","실제 노출 로그 / 점수·순위는 실험용"
"XEFvDA8GB8h","QAQYUagzxG","H0841","R0841_1","0.0","196","100","실제 노출 로그 / 점수·순위는 실험용"
"XEd1nNKyIzl","QAQYUagzxG","H0981","R0981_1","0.0","197","84","실제 노출 로그 / 점수·순위는 실험용"
"XEpOTx4HP3n","QAQYUagzxG","H0925","R0925_1","0.0","198","52","실제 노출 로그 / 점수·순위는 실험용"
"XEqKDXPKIs4","QAQYUagzxG","H0869","R0869_1","0.0","199","20","실제 노출 로그 / 점수·순위는 실험용"
"XEExV425Hyx","QAQYUagzxG","H0813","R0813_1","0.0","200","188","실제 노출 로그 / 점수·순위는 실험용"
"XEOYry25V98","QIofE2CcLU","H0895","R0895_1","100.0","1","21","실제 노출 로그 / 점수·순위는 실험용"
"XEG77T1wSlW","QIofE2CcLU","H0979","R0979_1","99.0","2","13","실제 노출 로그 / 점수·순위는 실험용"
"XEKeAmoXFnB","QIofE2CcLU","H0811","R0811_1","98.0","3","30","실제 노출 로그 / 점수·순위는 실험용"
"XEFgSKqUp3n","QIofE2CcLU","H0949","R0949_1","97.0","4","25","실제 노출 로그 / 점수·순위는 실험용"
"XElnkwPhSTK","QIofE2CcLU","H0865","R0865_1","96.0","5","1","실제 노출 로그 / 점수·순위는 실험용"
"XEZfGaR8qL3","QIofE2CcLU","H0835","R0835_1","95.0","6","14","실제 노출 로그 / 점수·순위는 실험용"
"XE4U9HEpXFp","QIofE2CcLU","H0919","R0919_1","94.0","7","5","실제 노출 로그 / 점수·순위는 실험용"
"XEtofDtGy41","QIofE2CcLU","H0805","R0805_1","93.0","8","26","실제 노출 로그 / 점수·순위는 실험용"
"XEzyuAuQJmt","QIofE2CcLU","H0889","R0889_1","92.0","9","17","실제 노출 로그 / 점수·순위는 실험용"
"XE19to7z0pP","QIofE2CcLU","H0973","R0973_1","91.0","10","9","실제 노출 로그 / 점수·순위는 실험용"
"XEPA59tMDZ6","QIofE2CcLU","H0859","R0859_1","90.0","11","31","실제 노출 로그 / 점수·순위는 실험용"
"XEmmsVMQMgs","QIofE2CcLU","H0943","R0943_1","89.0","12","22","실제 노출 로그 / 점수·순위는 실험용"
"XE4ViI4gNn5","QIofE2CcLU","H0997","R0997_1","88.0","13","27","실제 노출 로그 / 점수·순위는 실험용"
"XEr5ffW2gtl","QIofE2CcLU","H0829","R0829_1","87.0","14","10","실제 노출 로그 / 점수·순위는 실험용"
"XEJT2f9czwV","QIofE2CcLU","H0913","R0913_1","86.0","15","2","실제 노출 로그 / 점수·순위는 실험용"
"XEjAVUE69og","QIofE2CcLU","H0883","R0883_1","85.0","16","15","실제 노출 로그 / 점수·순위는 실험용"
"XE3MhlvhPPv","QIofE2CcLU","H0967","R0967_1","84.0","17","6","실제 노출 로그 / 점수·순위는 실험용"
"XE975e92oKD","QIofE2CcLU","H0853","R0853_1","83.0","18","28","실제 노출 로그 / 점수·순위는 실험용"
"XEf3ZRl0GyX","QIofE2CcLU","H0937","R0937_1","82.0","19","18","실제 노출 로그 / 점수·순위는 실험용"
"XE5RCWBvs8V","QIofE2CcLU","H0907","R0907_1","81.0","20","32","실제 노출 로그 / 점수·순위는 실험용"
"XEijJHh5866","QIofE2CcLU","H0991","R0991_1","80.0","21","23","실제 노출 로그 / 점수·순위는 실험용"
"XECuvj0xs2y","QIofE2CcLU","H0823","R0823_1","79.0","22","7","실제 노출 로그 / 점수·순위는 실험용"
"XEI7EziDAj6","QIofE2CcLU","H0877","R0877_1","78.0","23","11","실제 노출 로그 / 점수·순위는 실험용"
"XEwwTC6Uq1P","QIofE2CcLU","H0961","R0961_1","77.0","24","3","실제 노출 로그 / 점수·순위는 실험용"
"XEWH8pZLi8d","QIofE2CcLU","H0847","R0847_1","76.0","25","24","실제 노출 로그 / 점수·순위는 실험용"
"XE0f0j9UBFW","QIofE2CcLU","H0931","R0931_1","75.0","26","16","실제 노출 로그 / 점수·순위는 실험용"
"XEuyEovp13J","QIofE2CcLU","H0901","R0901_1","74.0","27","29","실제 노출 로그 / 점수·순위는 실험용"
"XEs8rBlzjna","QIofE2CcLU","H0985","R0985_1","73.0","28","19","실제 노출 로그 / 점수·순위는 실험용"
"XEClcTgz3zl","QIofE2CcLU","H0817","R0817_1","72.0","29","4","실제 노출 로그 / 점수·순위는 실험용"
"XEgz7BTsDxm","QIofE2CcLU","H0955","R0955_1","71.0","30","33","실제 노출 로그 / 점수·순위는 실험용"
"XE9r81uxeM6","QIofE2CcLU","H0871","R0871_1","70.0","31","8","실제 노출 로그 / 점수·순위는 실험용"
"XEaYrGVsTbS","QIofE2CcLU","H0841","R0841_1","69.0","32","20","실제 노출 로그 / 점수·순위는 실험용"
"XEaRF6nQH2N","QIofE2CcLU","H0925","R0925_1","68.0","33","12","실제 노출 로그 / 점수·순위는 실험용"
"XE8LlTZgy3Z","QLRmTuz6bd","H0606","R0606_1","100.0","1","9","실제 노출 로그 / 점수·순위는 실험용"
"XENbnZxLGWq","QLRmTuz6bd","H0656","R0656_1","99.0","2","10","실제 노출 로그 / 점수·순위는 실험용"
"XERxoXkt4KN","QLRmTuz6bd","H0756","R0756_1","98.0","3","11","실제 노출 로그 / 점수·순위는 실험용"
"XELxbdFDx59","QLRmTuz6bd","H0646","R0646_1","97.0","4","6","실제 노출 로그 / 점수·순위는 실험용"
"XEvfA9CuDsm","QLRmTuz6bd","H0696","R0696_1","96.0","5","7","실제 노출 로그 / 점수·순위는 실험용"
"XE9lq3ckJVu","QLRmTuz6bd","H0796","R0796_1","95.0","6","8","실제 노출 로그 / 점수·순위는 실험용"
"XE0Ib0A1fSE","QLRmTuz6bd","H0636","R0636_1","94.0","7","4","실제 노출 로그 / 점수·순위는 실험용"
"XEsA4nd1PPl","QLRmTuz6bd","H0736","R0736_1","93.0","8","5","실제 노출 로그 / 점수·순위는 실험용"
"XEApIx2tFJ6","QLRmTuz6bd","H0626","R0626_1","92.0","9","1","실제 노출 로그 / 점수·순위는 실험용"
"XEdk0Td4gGw","QLRmTuz6bd","H0676","R0676_1","91.0","10","2","실제 노출 로그 / 점수·순위는 실험용"
"XESnLfpiMEL","QLRmTuz6bd","H0776","R0776_1","90.0","11","3","실제 노출 로그 / 점수·순위는 실험용"
"XEpJQVifdMU","QLRmTuz6bd","H0616","R0616_1","89.0","12","12","실제 노출 로그 / 점수·순위는 실험용"
"XEb5h7xIn1W","QLRmTuz6bd","H0716","R0716_1","88.0","13","13","실제 노출 로그 / 점수·순위는 실험용"
"XEDT9UkztEV","QEelg8ZQ9v","H0606","R0606_1","100.0","1","9","실제 노출 로그 / 점수·순위는 실험용"
"XEs434rZPzB","QEelg8ZQ9v","H0656","R0656_1","99.0","2","10","실제 노출 로그 / 점수·순위는 실험용"
"XEEL3ZqLGkF","QEelg8ZQ9v","H0756","R0756_1","98.0","3","11","실제 노출 로그 / 점수·순위는 실험용"
"XEGs9TkkVYy","QEelg8ZQ9v","H0646","R0646_1","97.0","4","6","실제 노출 로그 / 점수·순위는 실험용"
"XE0tvRytdWG","QEelg8ZQ9v","H0696","R0696_1","96.0","5","7","실제 노출 로그 / 점수·순위는 실험용"
"XEnurCRslQv","QEelg8ZQ9v","H0796","R0796_1","95.0","6","8","실제 노출 로그 / 점수·순위는 실험용"
"XEmwSuvpq1U","QEelg8ZQ9v","H0636","R0636_1","94.0","7","4","실제 노출 로그 / 점수·순위는 실험용"
"XExseU9n3mI","QEelg8ZQ9v","H0736","R0736_1","93.0","8","5","실제 노출 로그 / 점수·순위는 실험용"
"XEwgckm4Jqr","QEelg8ZQ9v","H0626","R0626_1","92.0","9","1","실제 노출 로그 / 점수·순위는 실험용"
"XESd43vBmFi","QEelg8ZQ9v","H0676","R0676_1","91.0","10","2","실제 노출 로그 / 점수·순위는 실험용"
"XEQQKJMt8nD","QEelg8ZQ9v","H0776","R0776_1","90.0","11","3","실제 노출 로그 / 점수·순위는 실험용"
"XEVCI61fTnu","QEelg8ZQ9v","H0616","R0616_1","89.0","12","12","실제 노출 로그 / 점수·순위는 실험용"
"XEt1GkDlWRy","QEelg8ZQ9v","H0716","R0716_1","88.0","13","13","실제 노출 로그 / 점수·순위는 실험용"
"XEekLckIoE5","Qc9unS1iN4","H0756","R0756_1","100.0","1","16","실제 노출 로그 / 점수·순위는 실험용"
"XE1VPHQoV0r","Qc9unS1iN4","H0616","R0616_1","99.0","2","17","실제 노출 로그 / 점수·순위는 실험용"
"XEcgpQPbnAN","Qc9unS1iN4","H0726","R0726_1","98.0","3","3","실제 노출 로그 / 점수·순위는 실험용"
"XEuQ1RZYLKg","Qc9unS1iN4","H0696","R0696_1","97.0","4","10","실제 노출 로그 / 점수·순위는 실험용"
"XEinxtsg9QJ","Qc9unS1iN4","H0666","R0666_1","96.0","5","18","실제 노출 로그 / 점수·순위는 실험용"
"XE5f2QZ1NOi","Qc9unS1iN4","H0636","R0636_1","95.0","6","5","실제 노출 로그 / 점수·순위는 실험용"
"XEGzot49BRm","Qc9unS1iN4","H0776","R0776_1","94.0","7","4","실제 노출 로그 / 점수·순위는 실험용"
"XEC8A53w63S","Qc9unS1iN4","H0606","R0606_1","93.0","8","13","실제 노출 로그 / 점수·순위는 실험용"
"XE7TuK0P4f9","Qc9unS1iN4","H0746","R0746_1","92.0","9","11","실제 노출 로그 / 점수·순위는 실험용"
"XEzwqC6rkpn","Qc9unS1iN4","H0716","R0716_1","91.0","10","19","실제 노출 로그 / 점수·순위는 실험용"
"XEKLs0jWnDC","Qc9unS1iN4","H0686","R0686_1","90.0","11","6","실제 노출 로그 / 점수·순위는 실험용"
"XE56UaEz5V5","Qc9unS1iN4","H0656","R0656_1","89.0","12","14","실제 노출 로그 / 점수·순위는 실험용"
"XEJBRJwc5Vb","Qc9unS1iN4","H0796","R0796_1","88.0","13","12","실제 노출 로그 / 점수·순위는 실험용"
"XElf2fnKTwn","Qc9unS1iN4","H0626","R0626_1","87.0","14","1","실제 노출 로그 / 점수·순위는 실험용"
"XEpUsogVYch","Qc9unS1iN4","H0766","R0766_1","86.0","15","20","실제 노출 로그 / 점수·순위는 실험용"
"XEa6TF1C3hc","Qc9unS1iN4","H0736","R0736_1","85.0","16","7","실제 노출 로그 / 점수·순위는 실험용"
"XEpQbgXsoDi","Qc9unS1iN4","H0706","R0706_1","84.0","17","15","실제 노출 로그 / 점수·순위는 실험용"
"XE3mmK3vrQq","Qc9unS1iN4","H0676","R0676_1","83.0","18","2","실제 노출 로그 / 점수·순위는 실험용"
"XE2RAnUbYyU","Qc9unS1iN4","H0646","R0646_1","82.0","19","9","실제 노출 로그 / 점수·순위는 실험용"
"XEWL6yP4lC9","Qc9unS1iN4","H0786","R0786_1","81.0","20","8","실제 노출 로그 / 점수·순위는 실험용"
"XEoYcNvNjVx","QFQfGGxB7C","H0963","R0963_1","100.0","1","1","실제 노출 로그 / 점수·순위는 실험용"
"XEE6cPMFiLZ","QU5L077FC4","H0923","R0923_1","100.0","1","5","실제 노출 로그 / 점수·순위는 실험용"
"XEFPWLo19xA","QU5L077FC4","H0893","R0893_1","99.0","2","12","실제 노출 로그 / 점수·순위는 실험용"
"XETDub5l9TX","QU5L077FC4","H0863","R0863_1","98.0","3","19","실제 노출 로그 / 점수·순위는 실험용"
"XEyWSJAXn8v","QU5L077FC4","H0833","R0833_1","97.0","4","7","실제 노출 로그 / 점수·순위는 실험용"
"XEsUGtPXdh6","QU5L077FC4","H0973","R0973_1","96.0","5","6","실제 노출 로그 / 점수·순위는 실험용"
"XEPaPs3vcWI","QU5L077FC4","H0943","R0943_1","95.0","6","13","실제 노출 로그 / 점수·순위는 실험용"
"XE7jzZ8xTUg","QU5L077FC4","H0913","R0913_1","94.0","7","1","실제 노출 로그 / 점수·순위는 실험용"
"XE6xgYnwhSx","QU5L077FC4","H0883","R0883_1","93.0","8","8","실제 노출 로그 / 점수·순위는 실험용"
"XEld9GP0Aij","QU5L077FC4","H0853","R0853_1","92.0","9","15","실제 노출 로그 / 점수·순위는 실험용"
"XEsV6sI3sh9","QU5L077FC4","H0993","R0993_1","91.0","10","14","실제 노출 로그 / 점수·순위는 실험용"
"XEdnBLBKz6Z","QU5L077FC4","H0823","R0823_1","90.0","11","3","실제 노출 로그 / 점수·순위는 실험용"
"XEMZ8uJ6lHD","QU5L077FC4","H0963","R0963_1","89.0","12","2","실제 노출 로그 / 점수·순위는 실험용"
"XE46cqN1aBD","QU5L077FC4","H0933","R0933_1","88.0","13","9","실제 노출 로그 / 점수·순위는 실험용"
"XExOGfJKPJk","QU5L077FC4","H0903","R0903_1","87.0","14","16","실제 노출 로그 / 점수·순위는 실험용"
"XEPu6f5wvla","QU5L077FC4","H0873","R0873_1","86.0","15","4","실제 노출 로그 / 점수·순위는 실험용"
"XEmtqdY6z9r","QU5L077FC4","H0843","R0843_1","85.0","16","11","실제 노출 로그 / 점수·순위는 실험용"
"XE5AWIWvZb0","QU5L077FC4","H0983","R0983_1","84.0","17","10","실제 노출 로그 / 점수·순위는 실험용"
"XEEhFNq96GO","QU5L077FC4","H0953","R0953_1","83.0","18","17","실제 노출 로그 / 점수·순위는 실험용"
"XEhlkb8uTx4","QU5L077FC4","H0813","R0813_1","82.0","19","18","실제 노출 로그 / 점수·순위는 실험용"
"XE6rpRUbYAR","QHEes8JGl4","H0504","R0504_1","100.0","1","69","실제 노출 로그 / 점수·순위는 실험용"
"XE8WoRMtSSH","QHEes8JGl4","H0448","R0448_1","99.0","2","44","실제 노출 로그 / 점수·순위는 실험용"
"XEw2aD5k4V4","QHEes8JGl4","H0588","R0588_1","98.0","3","33","실제 노출 로그 / 점수·순위는 실험용"
"XE7jBUSDKjk","QHEes8JGl4","H0532","R0532_1","97.0","4","10","실제 노출 로그 / 점수·순위는 실험용"
"XEb6QqHehX1","QHEes8JGl4","H0476","R0476_1","96.0","5","123","실제 노출 로그 / 점수·순위는 실험용"
"XEZGZdYN8EM","QHEes8JGl4","H0420","R0420_1","95.0","6","104","실제 노출 로그 / 점수·순위는 실험용"
"XEgEzyzI66c","QHEes8JGl4","H0560","R0560_1","94.0","7","93","실제 노출 로그 / 점수·순위는 실험용"
"XEqUKi1Um62","QHEes8JGl4","H0503","R0503_1","93.0","8","65","실제 노출 로그 / 점수·순위는 실험용"
"XESVRpa8YXw","QHEes8JGl4","H0447","R0447_1","92.0","9","41","실제 노출 로그 / 점수·순위는 실험용"
"XEmPh8Z60Lg","QHEes8JGl4","H0587","R0587_1","91.0","10","30","실제 노출 로그 / 점수·순위는 실험용"
"XEON2uBg7c5","QHEes8JGl4","H0531","R0531_1","90.0","11","7","실제 노출 로그 / 점수·순위는 실험용"
"XE6VtC523Bk","QHEes8JGl4","H0475","R0475_1","89.0","12","120","실제 노출 로그 / 점수·순위는 실험용"
"XEUqAXzMTyf","QHEes8JGl4","H0419","R0419_1","88.0","13","101","실제 노출 로그 / 점수·순위는 실험용"
"XECOGRGbNIe","QHEes8JGl4","H0559","R0559_1","87.0","14","90","실제 노출 로그 / 점수·순위는 실험용"
"XEvwAy1IzRy","QHEes8JGl4","H0502","R0502_1","86.0","15","61","실제 노출 로그 / 점수·순위는 실험용"
"XEV3voFJcip","QHEes8JGl4","H0446","R0446_1","85.0","16","38","실제 노출 로그 / 점수·순위는 실험용"
"XEybW82caY1","QHEes8JGl4","H0586","R0586_1","84.0","17","27","실제 노출 로그 / 점수·순위는 실험용"
"XEDIoUlkg87","QHEes8JGl4","H0530","R0530_1","83.0","18","4","실제 노출 로그 / 점수·순위는 실험용"
"XEsjoMdq2iz","QHEes8JGl4","H0474","R0474_1","82.0","19","117","실제 노출 로그 / 점수·순위는 실험용"
"XEClvTjxGtB","QHEes8JGl4","H0418","R0418_1","81.0","20","98","실제 노출 로그 / 점수·순위는 실험용"
"XE2DWYueJrZ","QHEes8JGl4","H0558","R0558_1","80.0","21","87","실제 노출 로그 / 점수·순위는 실험용"
"XEEsZAsB41g","QHEes8JGl4","H0501","R0501_1","79.0","22","58","실제 노출 로그 / 점수·순위는 실험용"
"XE9vOJLe9JD","QHEes8JGl4","H0445","R0445_1","78.0","23","36","실제 노출 로그 / 점수·순위는 실험용"
"XExUGlYc6e1","QHEes8JGl4","H0585","R0585_1","77.0","24","24","실제 노출 로그 / 점수·순위는 실험용"
"XE8bJxeziSC","QHEes8JGl4","H0529","R0529_1","76.0","25","1","실제 노출 로그 / 점수·순위는 실험용"
"XEJfjMDvt05","QHEes8JGl4","H0473","R0473_1","75.0","26","115","실제 노출 로그 / 점수·순위는 실험용"
"XEa0i7PApae","QHEes8JGl4","H0417","R0417_1","74.0","27","96","실제 노출 로그 / 점수·순위는 실험용"
"XEFk0C0nzVc","QHEes8JGl4","H0557","R0557_1","73.0","28","84","실제 노출 로그 / 점수·순위는 실험용"
"XEx3LGOL2Tm","QHEes8JGl4","H0556","R0556_1","72.0","29","81","실제 노출 로그 / 점수·순위는 실험용"
"XE7ye67FPYN","QHEes8JGl4","H0500","R0500_1","71.0","30","55","실제 노출 로그 / 점수·순위는 실험용"
"XEgX6vKL9UH","QHEes8JGl4","H0444","R0444_1","70.0","31","34","실제 노출 로그 / 점수·순위는 실험용"
"XEjj4RfTO0F","QHEes8JGl4","H0584","R0584_1","69.0","32","21","실제 노출 로그 / 점수·순위는 실험용"
"XEygl4W15T7","QHEes8JGl4","H0528","R0528_1","68.0","33","134","실제 노출 로그 / 점수·순위는 실험용"
"XEvzZX0Gz58","QHEes8JGl4","H0472","R0472_1","67.0","34","113","실제 노출 로그 / 점수·순위는 실험용"
"XEu6s04NvZl","QHEes8JGl4","H0416","R0416_1","66.0","35","94","실제 노출 로그 / 점수·순위는 실험용"
"XEQ1APfEkQ9","QHEes8JGl4","H0555","R0555_1","65.0","36","78","실제 노출 로그 / 점수·순위는 실험용"
"XEUxIBxGteG","QHEes8JGl4","H0499","R0499_1","64.0","37","52","실제 노출 로그 / 점수·순위는 실험용"
"XEkMRPHTbge","QHEes8JGl4","H0443","R0443_1","63.0","38","31","실제 노출 로그 / 점수·순위는 실험용"
"XEMeFr14fdh","QHEes8JGl4","H0583","R0583_1","62.0","39","18","실제 노출 로그 / 점수·순위는 실험용"
"XEOdAzgxjhE","QHEes8JGl4","H0527","R0527_1","61.0","40","131","실제 노출 로그 / 점수·순위는 실험용"
"XEZySQCMJng","QHEes8JGl4","H0471","R0471_1","60.0","41","111","실제 노출 로그 / 점수·순위는 실험용"
"XEHo0ExDjih","QHEes8JGl4","H0415","R0415_1","59.0","42","91","실제 노출 로그 / 점수·순위는 실험용"
"XEE23nSGe4s","QHEes8JGl4","H0554","R0554_1","58.0","43","75","실제 노출 로그 / 점수·순위는 실험용"
"XEem5R6xUdp","QHEes8JGl4","H0498","R0498_1","57.0","44","49","실제 노출 로그 / 점수·순위는 실험용"
"XEeDrRR2CUB","QHEes8JGl4","H0442","R0442_1","56.0","45","28","실제 노출 로그 / 점수·순위는 실험용"
"XElRB4Oujlf","QHEes8JGl4","H0582","R0582_1","55.0","46","15","실제 노출 로그 / 점수·순위는 실험용"
"XEzDBQ6jVzx","QHEes8JGl4","H0526","R0526_1","54.0","47","128","실제 노출 로그 / 점수·순위는 실험용"
"XEOAdNMnfVb","QHEes8JGl4","H0470","R0470_1","53.0","48","109","실제 노출 로그 / 점수·순위는 실험용"
"XE8ffJtKEf0","QHEes8JGl4","H0414","R0414_1","52.0","49","88","실제 노출 로그 / 점수·순위는 실험용"
"XEPcRFi5pbq","QHEes8JGl4","H0553","R0553_1","51.0","50","73","실제 노출 로그 / 점수·순위는 실험용"
"XEDTJEmgtlU","QHEes8JGl4","H0497","R0497_1","50.0","51","47","실제 노출 로그 / 점수·순위는 실험용"
"XEnrRLSRL2O","QHEes8JGl4","H0441","R0441_1","49.0","52","25","실제 노출 로그 / 점수·순위는 실험용"
"XETExwG1gFv","QHEes8JGl4","H0581","R0581_1","48.0","53","13","실제 노출 로그 / 점수·순위는 실험용"
"XEJDF73gkqr","QHEes8JGl4","H0525","R0525_1","47.0","54","126","실제 노출 로그 / 점수·순위는 실험용"
"XEm0YyioLxd","QHEes8JGl4","H0469","R0469_1","46.0","55","107","실제 노출 로그 / 점수·순위는 실험용"
"XE7KMJVkbzI","QHEes8JGl4","H0413","R0413_1","45.0","56","85","실제 노출 로그 / 점수·순위는 실험용"
"XE66u7hAjjz","QHEes8JGl4","H0552","R0552_1","44.0","57","70","실제 노출 로그 / 점수·순위는 실험용"
"XE1R0cJa1kn","QHEes8JGl4","H0496","R0496_1","43.0","58","45","실제 노출 로그 / 점수·순위는 실험용"
"XEQz2chlC4k","QHEes8JGl4","H0440","R0440_1","42.0","59","22","실제 노출 로그 / 점수·순위는 실험용"
"XEpcVf1rBtb","QHEes8JGl4","H0580","R0580_1","41.0","60","11","실제 노출 로그 / 점수·순위는 실험용"
"XE9UJTPbKJV","QHEes8JGl4","H0524","R0524_1","40.0","61","124","실제 노출 로그 / 점수·순위는 실험용"
"XEjy1Lq94Cb","QHEes8JGl4","H0468","R0468_1","39.0","62","105","실제 노출 로그 / 점수·순위는 실험용"
"XEc8Q9RDW14","QHEes8JGl4","H0412","R0412_1","38.0","63","82","실제 노출 로그 / 점수·순위는 실험용"
"XEQBbcCfj2v","QHEes8JGl4","H0551","R0551_1","37.0","64","66","실제 노출 로그 / 점수·순위는 실험용"
"XEPtavYw7Wj","QHEes8JGl4","H0495","R0495_1","36.0","65","42","실제 노출 로그 / 점수·순위는 실험용"
"XERxmQ5CWSe","QHEes8JGl4","H0439","R0439_1","35.0","66","19","실제 노출 로그 / 점수·순위는 실험용"
"XESDwcgJu47","QHEes8JGl4","H0579","R0579_1","34.0","67","8","실제 노출 로그 / 점수·순위는 실험용"
"XEFH26Tt8UU","QHEes8JGl4","H0523","R0523_1","33.0","68","121","실제 노출 로그 / 점수·순위는 실험용"
"XE9427cLMoY","QHEes8JGl4","H0467","R0467_1","32.0","69","102","실제 노출 로그 / 점수·순위는 실험용"
"XEc9KAsG0sI","QHEes8JGl4","H0411","R0411_1","31.0","70","79","실제 노출 로그 / 점수·순위는 실험용"
"XEMzaMjqWVc","QHEes8JGl4","H0550","R0550_1","30.0","71","62","실제 노출 로그 / 점수·순위는 실험용"
"XEaakB8dRwP","QHEes8JGl4","H0494","R0494_1","29.0","72","39","실제 노출 로그 / 점수·순위는 실험용"
"XExlbRC5CE5","QHEes8JGl4","H0438","R0438_1","28.0","73","16","실제 노출 로그 / 점수·순위는 실험용"
"XELpoKeqQyo","QHEes8JGl4","H0578","R0578_1","27.0","74","5","실제 노출 로그 / 점수·순위는 실험용"
"XE0gYyPW5g1","QHEes8JGl4","H0522","R0522_1","26.0","75","118","실제 노출 로그 / 점수·순위는 실험용"
"XESx0bQcXZU","QHEes8JGl4","H0466","R0466_1","25.0","76","99","실제 노출 로그 / 점수·순위는 실험용"
"XEP6cA0D8DT","QHEes8JGl4","H0410","R0410_1","24.0","77","76","실제 노출 로그 / 점수·순위는 실험용"
"XEOBuO8Fsqa","QHEes8JGl4","H0549","R0549_1","23.0","78","59","실제 노출 로그 / 점수·순위는 실험용"
"XEdqa2mf3UK","QHEes8JGl4","H0493","R0493_1","22.0","79","37","실제 노출 로그 / 점수·순위는 실험용"
"XEQfHXgvqVS","QHEes8JGl4","H0437","R0437_1","21.0","80","14","실제 노출 로그 / 점수·순위는 실험용"
"XEioKyo3Cf1","QHEes8JGl4","H0577","R0577_1","20.0","81","2","실제 노출 로그 / 점수·순위는 실험용"
"XE7kkz3T0bB","QHEes8JGl4","H0521","R0521_1","19.0","82","116","실제 노출 로그 / 점수·순위는 실험용"
"XEBaFvrNq9z","QHEes8JGl4","H0465","R0465_1","18.0","83","97","실제 노출 로그 / 점수·순위는 실험용"
"XECFiONmK4R","QHEes8JGl4","H0409","R0409_1","17.0","84","74","실제 노출 로그 / 점수·순위는 실험용"
"XESJGyu8qDH","QHEes8JGl4","H0548","R0548_1","16.0","85","56","실제 노출 로그 / 점수·순위는 실험용"
"XEs55Zyd3bz","QHEes8JGl4","H0492","R0492_1","15.0","86","35","실제 노출 로그 / 점수·순위는 실험용"
"XECnk3AlGID","QHEes8JGl4","H0436","R0436_1","14.0","87","12","실제 노출 로그 / 점수·순위는 실험용"
"XElk7sWFrKH","QHEes8JGl4","H0576","R0576_1","13.0","88","135","실제 노출 로그 / 점수·순위는 실험용"
"XExzmRvD0lv","QHEes8JGl4","H0520","R0520_1","12.0","89","114","실제 노출 로그 / 점수·순위는 실험용"
"XE35Ta4TWaS","QHEes8JGl4","H0464","R0464_1","11.0","90","95","실제 노출 로그 / 점수·순위는 실험용"
"XEiMymlWiUG","QHEes8JGl4","H0408","R0408_1","10.0","91","71","실제 노출 로그 / 점수·순위는 실험용"
"XEiqx5lBWON","QHEes8JGl4","H0547","R0547_1","9.0","92","53","실제 노출 로그 / 점수·순위는 실험용"
"XE3GBJGF268","QHEes8JGl4","H0491","R0491_1","8.0","93","32","실제 노출 로그 / 점수·순위는 실험용"
"XEGj0hv2H1H","QHEes8JGl4","H0435","R0435_1","7.0","94","9","실제 노출 로그 / 점수·순위는 실험용"
"XETR70aobeo","QHEes8JGl4","H0575","R0575_1","6.0","95","132","실제 노출 로그 / 점수·순위는 실험용"
"XEGSGZrWtQr","QHEes8JGl4","H0519","R0519_1","5.0","96","112","실제 노출 로그 / 점수·순위는 실험용"
"XEIKVyc01kl","QHEes8JGl4","H0463","R0463_1","4.0","97","92","실제 노출 로그 / 점수·순위는 실험용"
"XEJhq40Q5TC","QHEes8JGl4","H0407","R0407_1","3.0","98","67","실제 노출 로그 / 점수·순위는 실험용"
"XEmSv6AKg0R","QHEes8JGl4","H0546","R0546_1","2.0","99","50","실제 노출 로그 / 점수·순위는 실험용"
"XE4BTxvW6U5","QHEes8JGl4","H0490","R0490_1","1.0","100","29","실제 노출 로그 / 점수·순위는 실험용"
"XEuHOvZlDL5","QHEes8JGl4","H0434","R0434_1","0.0","101","6","실제 노출 로그 / 점수·순위는 실험용"
"XE4vOrzwNLM","QHEes8JGl4","H0574","R0574_1","0.0","102","129","실제 노출 로그 / 점수·순위는 실험용"
"XEbM6GINC9u","QHEes8JGl4","H0518","R0518_1","0.0","103","110","실제 노출 로그 / 점수·순위는 실험용"
"XEb2eMgo04Q","QHEes8JGl4","H0462","R0462_1","0.0","104","89","실제 노출 로그 / 점수·순위는 실험용"
"XEXdtYf2CWp","QHEes8JGl4","H0406","R0406_1","0.0","105","63","실제 노출 로그 / 점수·순위는 실험용"
"XE6KtiP54hl","QHEes8JGl4","H0405","R0405_1","0.0","106","60","실제 노출 로그 / 점수·순위는 실험용"
"XECnNl1A7YY","QHEes8JGl4","H0545","R0545_1","0.0","107","48","실제 노출 로그 / 점수·순위는 실험용"
"XEAnnrVjCP0","QHEes8JGl4","H0489","R0489_1","0.0","108","26","실제 노출 로그 / 점수·순위는 실험용"
"XEj5qOD5le0","QHEes8JGl4","H0433","R0433_1","0.0","109","3","실제 노출 로그 / 점수·순위는 실험용"
"XEjPAMjQIfo","QHEes8JGl4","H0573","R0573_1","0.0","110","127","실제 노출 로그 / 점수·순위는 실험용"
"XEMBfWsfUzY","QHEes8JGl4","H0517","R0517_1","0.0","111","108","실제 노출 로그 / 점수·순위는 실험용"
"XEEhRVgET4Q","QHEes8JGl4","H0461","R0461_1","0.0","112","86","실제 노출 로그 / 점수·순위는 실험용"
"XEyMQkwSvVa","QHEes8JGl4","H0404","R0404_1","0.0","113","57","실제 노출 로그 / 점수·순위는 실험용"
"XEKiGSrAoVj","QHEes8JGl4","H0600","R0600_1","0.0","114","72","실제 노출 로그 / 점수·순위는 실험용"
"XEIyC1jxPOw","QHEes8JGl4","H0544","R0544_1","0.0","115","46","실제 노출 로그 / 점수·순위는 실험용"
"XENSaE1baj2","QHEes8JGl4","H0488","R0488_1","0.0","116","23","실제 노출 로그 / 점수·순위는 실험용"
"XEO6b04eTEB","QHEes8JGl4","H0432","R0432_1","0.0","117","136","실제 노출 로그 / 점수·순위는 실험용"
"XEhri6rINd0","QHEes8JGl4","H0572","R0572_1","0.0","118","125","실제 노출 로그 / 점수·순위는 실험용"
"XEqorzBMZQH","QHEes8JGl4","H0516","R0516_1","0.0","119","106","실제 노출 로그 / 점수·순위는 실험용"
"XEMQr8wLVsF","QHEes8JGl4","H0460","R0460_1","0.0","120","83","실제 노출 로그 / 점수·순위는 실험용"
"XECEcOUVVHl","QHEes8JGl4","H0403","R0403_1","0.0","121","54","실제 노출 로그 / 점수·순위는 실험용"
"XEsyVSvniDK","QHEes8JGl4","H0599","R0599_1","0.0","122","68","실제 노출 로그 / 점수·순위는 실험용"
"XEASSC7lDWO","QHEes8JGl4","H0543","R0543_1","0.0","123","43","실제 노출 로그 / 점수·순위는 실험용"
"XEk2QEWiAZL","QHEes8JGl4","H0487","R0487_1","0.0","124","20","실제 노출 로그 / 점수·순위는 실험용"
"XEpSjUkyqTu","QHEes8JGl4","H0431","R0431_1","0.0","125","133","실제 노출 로그 / 점수·순위는 실험용"
"XEE6kqtotXs","QHEes8JGl4","H0571","R0571_1","0.0","126","122","실제 노출 로그 / 점수·순위는 실험용"
"XEbzKpehQaM","QHEes8JGl4","H0515","R0515_1","0.0","127","103","실제 노출 로그 / 점수·순위는 실험용"
"XEjsyl8JR79","QHEes8JGl4","H0459","R0459_1","0.0","128","80","실제 노출 로그 / 점수·순위는 실험용"
"XEWYDYVxQ1j","QHEes8JGl4","H0402","R0402_1","0.0","129","51","실제 노출 로그 / 점수·순위는 실험용"
"XEQSFf4rz0v","QHEes8JGl4","H0598","R0598_1","0.0","130","64","실제 노출 로그 / 점수·순위는 실험용"
"XEqY3riXmxP","QHEes8JGl4","H0542","R0542_1","0.0","131","40","실제 노출 로그 / 점수·순위는 실험용"
"XEaV0DPPx2e","QHEes8JGl4","H0486","R0486_1","0.0","132","17","실제 노출 로그 / 점수·순위는 실험용"
"XERD05rL8Ln","QHEes8JGl4","H0430","R0430_1","0.0","133","130","실제 노출 로그 / 점수·순위는 실험용"
"XE9lZH9Dzld","QHEes8JGl4","H0570","R0570_1","0.0","134","119","실제 노출 로그 / 점수·순위는 실험용"
"XEzhxjlQwg1","QHEes8JGl4","H0514","R0514_1","0.0","135","100","실제 노출 로그 / 점수·순위는 실험용"
"XEm9ryng3Al","QHEes8JGl4","H0458","R0458_1","0.0","136","77","실제 노출 로그 / 점수·순위는 실험용"
"XEq0nXUPzWC","QEe4A3pfOC","H0161","R0161_1","100.0","1","2","실제 노출 로그 / 점수·순위는 실험용"
"XEi8KZeNFKd","QEe4A3pfOC","H0101","R0101_1","99.0","2","1","실제 노출 로그 / 점수·순위는 실험용"
"XEd7SVHG47p","Qq3kiTTYV2","H0161","R0161_1","100.0","1","2","실제 노출 로그 / 점수·순위는 실험용"
"XEca84JnPHs","Qq3kiTTYV2","H0101","R0101_1","99.0","2","1","실제 노출 로그 / 점수·순위는 실험용"
"XERujbGUClI","QBJ8OQa7v5","H0161","R0161_1","100.0","1","2","실제 노출 로그 / 점수·순위는 실험용"
"XEL35ZhKBCc","QBJ8OQa7v5","H0101","R0101_1","99.0","2","1","실제 노출 로그 / 점수·순위는 실험용"
"XE6uB5rW0IX","Qc0zjdpewR","H0304","R0304_1","100.0","1","10","실제 노출 로그 / 점수·순위는 실험용"
"XE8XI8X8csG","Qc0zjdpewR","H0808","R0808_1","99.0","2","37","실제 노출 로그 / 점수·순위는 실험용"
"XEuOgcCmXWd","Qc0zjdpewR","H0504","R0504_1","98.0","3","19","실제 노출 로그 / 점수·순위는 실험용"
"XE8au9OT3NF","Qc0zjdpewR","H0552","R0552_1","97.0","4","20","실제 노출 로그 / 점수·순위는 실험용"
"XEgMKu0C5Oi","Qc0zjdpewR","H0248","R0248_1","96.0","5","1","실제 노출 로그 / 점수·순위는 실험용"
"XENJfppmxar","Qc0zjdpewR","H0752","R0752_1","95.0","6","28","실제 노출 로그 / 점수·순위는 실험용"
"XElh747IcKP","Qc0zjdpewR","H0448","R0448_1","94.0","7","11","실제 노출 로그 / 점수·순위는 실험용"
"XE52QEZL8RU","Qc0zjdpewR","H0952","R0952_1","93.0","8","38","실제 노출 로그 / 점수·순위는 실험용"
"XEIjb1SOZgy","Qc0zjdpewR","H0496","R0496_1","92.0","9","12","실제 노출 로그 / 점수·순위는 실험용"
"XEM7RFB0lsV","Qc0zjdpewR","H1000","R1000_1","91.0","10","39","실제 노출 로그 / 점수·순위는 실험용"
"XEc1NPkqixZ","Qc0zjdpewR","H0696","R0696_1","90.0","11","21","실제 노출 로그 / 점수·순위는 실험용"
"XEjsBsGiDXR","Qc0zjdpewR","H0392","R0392_1","89.0","12","2","실제 노출 로그 / 점수·순위는 실험용"
"XE7bz16y68S","Qc0zjdpewR","H0896","R0896_1","88.0","13","29","실제 노출 로그 / 점수·순위는 실험용"
"XE5KgpKD0i0","Qc0zjdpewR","H0440","R0440_1","87.0","14","3","실제 노출 로그 / 점수·순위는 실험용"
"XEVLGJeXdTd","Qc0zjdpewR","H0136","R0136_1","86.0","15","40","실제 노출 로그 / 점수·순위는 실험용"
"XELR6xXKM0w","Qc0zjdpewR","H0944","R0944_1","85.0","16","30","실제 노출 로그 / 점수·순위는 실험용"
"XEfvCeFDXgK","Qc0zjdpewR","H0640","R0640_1","84.0","17","13","실제 노출 로그 / 점수·순위는 실험용"
"XEP4fAK1x4u","Qc0zjdpewR","H0840","R0840_1","83.0","18","22","실제 노출 로그 / 점수·순위는 실험용"
"XEdFcfMX5Yw","Qc0zjdpewR","H0080","R0080_1","82.0","19","31","실제 노출 로그 / 점수·순위는 실험용"
"XEZ3wnH6GI9","Qc0zjdpewR","H0888","R0888_1","81.0","20","23","실제 노출 로그 / 점수·순위는 실험용"
"XEEqXNlR2i2","Qc0zjdpewR","H0584","R0584_1","80.0","21","4","실제 노출 로그 / 점수·순위는 실험용"
"XEOAMhEFbyi","Qc0zjdpewR","H0280","R0280_1","79.0","22","41","실제 노출 로그 / 점수·순위는 실험용"
"XEJTrQd2AeE","Qc0zjdpewR","H0784","R0784_1","78.0","23","14","실제 노출 로그 / 점수·순위는 실험용"
"XEObn03dJHg","Qc0zjdpewR","H0328","R0328_1","77.0","24","42","실제 노출 로그 / 점수·순위는 실험용"
"XEOTV041LID","Qc0zjdpewR","H0024","R0024_1","76.0","25","24","실제 노출 로그 / 점수·순위는 실험용"
"XExzCJPa7DG","Qc0zjdpewR","H0832","R0832_1","75.0","26","15","실제 노출 로그 / 점수·순위는 실험용"
"XERECU4FLQD","Qc0zjdpewR","H0224","R0224_1","74.0","27","32","실제 노출 로그 / 점수·순위는 실험용"
"XEw28d7WWr9","Qc0zjdpewR","H0728","R0728_1","73.0","28","5","실제 노출 로그 / 점수·순위는 실험용"
"XETpJCooWfI","Qc0zjdpewR","H0272","R0272_1","72.0","29","33","실제 노출 로그 / 점수·순위는 실험용"
"XEAEpNCYdOo","Qc0zjdpewR","H0776","R0776_1","71.0","30","6","실제 노출 로그 / 점수·순위는 실험용"
"XE2LfFPYBQs","Qc0zjdpewR","H0472","R0472_1","70.0","31","43","실제 노출 로그 / 점수·순위는 실험용"
"XEYp6KfcjXa","Qc0zjdpewR","H0168","R0168_1","69.0","32","25","실제 노출 로그 / 점수·순위는 실험용"
"XEoYuxuiG3D","Qc0zjdpewR","H0976","R0976_1","68.0","33","16","실제 노출 로그 / 점수·순위는 실험용"
"XEVUlAsEW3z","Qc0zjdpewR","H0216","R0216_1","67.0","34","26","실제 노출 로그 / 점수·순위는 실험용"
"XEiEirnHlZT","Qc0zjdpewR","H0416","R0416_1","66.0","35","34","실제 노출 로그 / 점수·순위는 실험용"
"XEEWAJpxTBj","Qc0zjdpewR","H0112","R0112_1","65.0","36","17","실제 노출 로그 / 점수·순위는 실험용"
"XEPafMRAEVH","Qc0zjdpewR","H0920","R0920_1","64.0","37","7","실제 노출 로그 / 점수·순위는 실험용"
"XE4J71S7Ft9","Qc0zjdpewR","H0616","R0616_1","63.0","38","44","실제 노출 로그 / 점수·순위는 실험용"
"XEwS7oi7HjD","Qc0zjdpewR","H0160","R0160_1","62.0","39","18","실제 노출 로그 / 점수·순위는 실험용"
"XE0PvrKg6F5","Qc0zjdpewR","H0664","R0664_1","61.0","40","45","실제 노출 로그 / 점수·순위는 실험용"
"XEVqW0ddYDs","Qc0zjdpewR","H0360","R0360_1","60.0","41","27","실제 노출 로그 / 점수·순위는 실험용"
"XErVsBTjgqD","Qc0zjdpewR","H0056","R0056_1","59.0","42","8","실제 노출 로그 / 점수·순위는 실험용"
"XECHWb4fDGv","Qc0zjdpewR","H0560","R0560_1","58.0","43","35","실제 노출 로그 / 점수·순위는 실험용"
"XEFVCE71o1o","Qc0zjdpewR","H0104","R0104_1","57.0","44","9","실제 노출 로그 / 점수·순위는 실험용"
"XEn3h5qSK4g","Qc0zjdpewR","H0608","R0608_1","56.0","45","36","실제 노출 로그 / 점수·순위는 실험용"
"XE1QBZpRgNB","QIzF4dO07g","H0304","R0304_1","100.0","1","10","실제 노출 로그 / 점수·순위는 실험용"
"XEU37Wy7JBw","QIzF4dO07g","H0808","R0808_1","99.0","2","37","실제 노출 로그 / 점수·순위는 실험용"
"XE7q3WOm9xJ","QIzF4dO07g","H0504","R0504_1","98.0","3","19","실제 노출 로그 / 점수·순위는 실험용"
"XEhBaaoEGTd","QIzF4dO07g","H0552","R0552_1","97.0","4","20","실제 노출 로그 / 점수·순위는 실험용"
"XE0HbwDk9S3","QIzF4dO07g","H0248","R0248_1","96.0","5","1","실제 노출 로그 / 점수·순위는 실험용"
"XEZnXujOa2g","QIzF4dO07g","H0752","R0752_1","95.0","6","28","실제 노출 로그 / 점수·순위는 실험용"
"XEBVd6SVljP","QIzF4dO07g","H0448","R0448_1","94.0","7","11","실제 노출 로그 / 점수·순위는 실험용"
"XEYORFPB6mj","QIzF4dO07g","H0952","R0952_1","93.0","8","38","실제 노출 로그 / 점수·순위는 실험용"
"XE6q5FLjbHD","QIzF4dO07g","H0496","R0496_1","92.0","9","12","실제 노출 로그 / 점수·순위는 실험용"
"XEQ67HcEVaV","QIzF4dO07g","H1000","R1000_1","91.0","10","39","실제 노출 로그 / 점수·순위는 실험용"
"XEFvygrd7CX","QIzF4dO07g","H0696","R0696_1","90.0","11","21","실제 노출 로그 / 점수·순위는 실험용"
"XEzy9pIQx61","QIzF4dO07g","H0392","R0392_1","89.0","12","2","실제 노출 로그 / 점수·순위는 실험용"
"XES9WJqzGYp","QIzF4dO07g","H0896","R0896_1","88.0","13","29","실제 노출 로그 / 점수·순위는 실험용"
"XE4KrW0UyNj","QIzF4dO07g","H0440","R0440_1","87.0","14","3","실제 노출 로그 / 점수·순위는 실험용"
"XEWAX14aMa2","QIzF4dO07g","H0136","R0136_1","86.0","15","40","실제 노출 로그 / 점수·순위는 실험용"
"XEKNUkF8Mus","QIzF4dO07g","H0944","R0944_1","85.0","16","30","실제 노출 로그 / 점수·순위는 실험용"
"XEZbMl0AQcv","QIzF4dO07g","H0640","R0640_1","84.0","17","13","실제 노출 로그 / 점수·순위는 실험용"
"XEyEj6BmDGu","QIzF4dO07g","H0840","R0840_1","83.0","18","22","실제 노출 로그 / 점수·순위는 실험용"
"XE0FP0p0Ukx","QIzF4dO07g","H0080","R0080_1","82.0","19","31","실제 노출 로그 / 점수·순위는 실험용"
"XEoVQXKnhOT","QIzF4dO07g","H0888","R0888_1","81.0","20","23","실제 노출 로그 / 점수·순위는 실험용"
"XEWbLl75x4n","QIzF4dO07g","H0584","R0584_1","80.0","21","4","실제 노출 로그 / 점수·순위는 실험용"
"XERmXeWc7r3","QIzF4dO07g","H0280","R0280_1","79.0","22","41","실제 노출 로그 / 점수·순위는 실험용"
"XEECCi2TpKU","QIzF4dO07g","H0784","R0784_1","78.0","23","14","실제 노출 로그 / 점수·순위는 실험용"
"XE8ATJjpQSn","QIzF4dO07g","H0328","R0328_1","77.0","24","42","실제 노출 로그 / 점수·순위는 실험용"
"XEp83T7oYPB","QIzF4dO07g","H0024","R0024_1","76.0","25","24","실제 노출 로그 / 점수·순위는 실험용"
"XE5ZCVd4ewW","QIzF4dO07g","H0832","R0832_1","75.0","26","15","실제 노출 로그 / 점수·순위는 실험용"
"XEjmdeLiQMV","QIzF4dO07g","H0224","R0224_1","74.0","27","32","실제 노출 로그 / 점수·순위는 실험용"
"XE4wuk3B1yH","QIzF4dO07g","H0728","R0728_1","73.0","28","5","실제 노출 로그 / 점수·순위는 실험용"
"XEqAg4ehCmK","QIzF4dO07g","H0272","R0272_1","72.0","29","33","실제 노출 로그 / 점수·순위는 실험용"
"XEniWexPRcD","QIzF4dO07g","H0776","R0776_1","71.0","30","6","실제 노출 로그 / 점수·순위는 실험용"
"XEs7l2v1NNJ","QIzF4dO07g","H0472","R0472_1","70.0","31","43","실제 노출 로그 / 점수·순위는 실험용"
"XEghYy4PtjP","QIzF4dO07g","H0168","R0168_1","69.0","32","25","실제 노출 로그 / 점수·순위는 실험용"
"XE13Zs46Tia","QIzF4dO07g","H0976","R0976_1","68.0","33","16","실제 노출 로그 / 점수·순위는 실험용"
"XEi2xQ8Imij","QIzF4dO07g","H0216","R0216_1","67.0","34","26","실제 노출 로그 / 점수·순위는 실험용"
"XEG2Pu3Y8oD","QIzF4dO07g","H0416","R0416_1","66.0","35","34","실제 노출 로그 / 점수·순위는 실험용"
"XEEpO8ETL5t","QIzF4dO07g","H0112","R0112_1","65.0","36","17","실제 노출 로그 / 점수·순위는 실험용"
"XEHQT213CP7","QIzF4dO07g","H0920","R0920_1","64.0","37","7","실제 노출 로그 / 점수·순위는 실험용"
"XEj5zhSvkTL","QIzF4dO07g","H0616","R0616_1","63.0","38","44","실제 노출 로그 / 점수·순위는 실험용"
"XE1PzzwiNDE","QIzF4dO07g","H0160","R0160_1","62.0","39","18","실제 노출 로그 / 점수·순위는 실험용"
"XEHtjNU8isD","QIzF4dO07g","H0664","R0664_1","61.0","40","45","실제 노출 로그 / 점수·순위는 실험용"
"XE7Cgq8v7Ae","QIzF4dO07g","H0360","R0360_1","60.0","41","27","실제 노출 로그 / 점수·순위는 실험용"
"XEkzUbiW10l","QIzF4dO07g","H0056","R0056_1","59.0","42","8","실제 노출 로그 / 점수·순위는 실험용"
"XEmWieacexx","QIzF4dO07g","H0560","R0560_1","58.0","43","35","실제 노출 로그 / 점수·순위는 실험용"
"XEtAnH21tD7","QIzF4dO07g","H0104","R0104_1","57.0","44","9","실제 노출 로그 / 점수·순위는 실험용"
"XEmmoAdePDJ","QIzF4dO07g","H0608","R0608_1","56.0","45","36","실제 노출 로그 / 점수·순위는 실험용"
"XEXzYx6Jbha","QsfgBXWBsE","H0923","R0923_1","100.0","1","1","실제 노출 로그 / 점수·순위는 실험용"
"XEYcZGCaYdj","QXEmuiN91c","H0504","R0504_1","100.0","1","43","실제 노출 로그 / 점수·순위는 실험용"
"XErbaY6lwed","QXEmuiN91c","H0448","R0448_1","99.0","2","22","실제 노출 로그 / 점수·순위는 실험용"
"XEbOLizN57D","QXEmuiN91c","H0952","R0952_1","98.0","3","85","실제 노출 로그 / 점수·순위는 실험용"
"XEs57l70sjS","QXEmuiN91c","H0392","R0392_1","97.0","4","1","실제 노출 로그 / 점수·순위는 실험용"
"XEno9CwuwLH","QXEmuiN91c","H0896","R0896_1","96.0","5","64","실제 노출 로그 / 점수·순위는 실험용"
"XEYk6Kg2Yt2","QXEmuiN91c","H0336","R0336_1","95.0","6","106","실제 노출 로그 / 점수·순위는 실험용"
"XE2r5FaD3TP","QXEmuiN91c","H0840","R0840_1","94.0","7","44","실제 노출 로그 / 점수·순위는 실험용"
"XEOvRxAWAV4","QXEmuiN91c","H0280","R0280_1","93.0","8","86","실제 노출 로그 / 점수·순위는 실험용"
"XEktVaYJ4Ck","QXEmuiN91c","H0784","R0784_1","92.0","9","23","실제 노출 로그 / 점수·순위는 실험용"
"XEBMUQwFaLt","QXEmuiN91c","H0224","R0224_1","91.0","10","65","실제 노출 로그 / 점수·순위는 실험용"
"XEtBeKCTufj","QXEmuiN91c","H0728","R0728_1","90.0","11","2","실제 노출 로그 / 점수·순위는 실험용"
"XEJ1P72Al4o","QXEmuiN91c","H0168","R0168_1","89.0","12","45","실제 노출 로그 / 점수·순위는 실험용"
"XEXgtaEDyaC","QXEmuiN91c","H0672","R0672_1","88.0","13","107","실제 노출 로그 / 점수·순위는 실험용"
"XEON01w4zzx","QXEmuiN91c","H0112","R0112_1","87.0","14","24","실제 노출 로그 / 점수·순위는 실험용"
"XEdg4BNJUpi","QXEmuiN91c","H0616","R0616_1","86.0","15","87","실제 노출 로그 / 점수·순위는 실험용"
"XEbv0wau2bq","QXEmuiN91c","H0056","R0056_1","85.0","16","3","실제 노출 로그 / 점수·순위는 실험용"
"XEr0ZGo9Lmu","QXEmuiN91c","H0560","R0560_1","84.0","17","66","실제 노출 로그 / 점수·순위는 실험용"
"XERCnTogw6w","QXEmuiN91c","H0304","R0304_1","83.0","18","25","실제 노출 로그 / 점수·순위는 실험용"
"XEY46IHy1n2","QXEmuiN91c","H0808","R0808_1","82.0","19","88","실제 노출 로그 / 점수·순위는 실험용"
"XEN1miSXzU2","QXEmuiN91c","H0248","R0248_1","81.0","20","4","실제 노출 로그 / 점수·순위는 실험용"
"XEbMvX3q0pE","QXEmuiN91c","H0752","R0752_1","80.0","21","67","실제 노출 로그 / 점수·순위는 실험용"
"XEdkU6S9YYH","QXEmuiN91c","H0192","R0192_1","79.0","22","108","실제 노출 로그 / 점수·순위는 실험용"
"XEW30VrIKed","QXEmuiN91c","H0696","R0696_1","78.0","23","46","실제 노출 로그 / 점수·순위는 실험용"
"XE8KWeetyNO","QXEmuiN91c","H0136","R0136_1","77.0","24","89","실제 노출 로그 / 점수·순위는 실험용"
"XE9Mw26gfij","QXEmuiN91c","H0640","R0640_1","76.0","25","26","실제 노출 로그 / 점수·순위는 실험용"
"XEhW8sTtaku","QXEmuiN91c","H0080","R0080_1","75.0","26","68","실제 노출 로그 / 점수·순위는 실험용"
"XEuk0Usv3be","QXEmuiN91c","H0584","R0584_1","74.0","27","5","실제 노출 로그 / 점수·순위는 실험용"
"XE5aTRlbpP4","QXEmuiN91c","H0024","R0024_1","73.0","28","47","실제 노출 로그 / 점수·순위는 실험용"
"XEGzzXMeWp2","QXEmuiN91c","H0528","R0528_1","72.0","29","109","실제 노출 로그 / 점수·순위는 실험용"
"XEY9VrPSmIj","QXEmuiN91c","H0472","R0472_1","71.0","30","90","실제 노출 로그 / 점수·순위는 실험용"
"XEnULDRRU5a","QXEmuiN91c","H0976","R0976_1","70.0","31","27","실제 노출 로그 / 점수·순위는 실험용"
"XEl25psEc0l","QXEmuiN91c","H0416","R0416_1","69.0","32","69","실제 노출 로그 / 점수·순위는 실험용"
"XEZqe2ln514","QXEmuiN91c","H0920","R0920_1","68.0","33","6","실제 노출 로그 / 점수·순위는 실험용"
"XEWBiVyTTar","QXEmuiN91c","H0360","R0360_1","67.0","34","48","실제 노출 로그 / 점수·순위는 실험용"
"XEgNbtOsKae","QXEmuiN91c","H0864","R0864_1","66.0","35","110","실제 노출 로그 / 점수·순위는 실험용"
"XEOUrzjBPac","QXEmuiN91c","H0048","R0048_1","65.0","36","111","실제 노출 로그 / 점수·순위는 실험용"
"XE9YaKer3rG","QXEmuiN91c","H0552","R0552_1","64.0","37","49","실제 노출 로그 / 점수·순위는 실험용"
"XESUnieBbyJ","QXEmuiN91c","H0496","R0496_1","63.0","38","28","실제 노출 로그 / 점수·순위는 실험용"
"XEvGVbiAoX1","QXEmuiN91c","H1000","R1000_1","62.0","39","91","실제 노출 로그 / 점수·순위는 실험용"
"XEyXE0zt5Hd","QXEmuiN91c","H0440","R0440_1","61.0","40","7","실제 노출 로그 / 점수·순위는 실험용"
"XEIfubnZbwG","QXEmuiN91c","H0944","R0944_1","60.0","41","70","실제 노출 로그 / 점수·순위는 실험용"
"XEeqDO4gfma","QXEmuiN91c","H0384","R0384_1","59.0","42","112","실제 노출 로그 / 점수·순위는 실험용"
"XEVad7r7cla","QXEmuiN91c","H0888","R0888_1","58.0","43","50","실제 노출 로그 / 점수·순위는 실험용"
"XECHZNvOUNh","QXEmuiN91c","H0328","R0328_1","57.0","44","92","실제 노출 로그 / 점수·순위는 실험용"
"XEWK1L2E6Sp","QXEmuiN91c","H0832","R0832_1","56.0","45","29","실제 노출 로그 / 점수·순위는 실험용"
"XEnfw5JGpSX","QXEmuiN91c","H0272","R0272_1","55.0","46","71","실제 노출 로그 / 점수·순위는 실험용"
"XEu4cd7fv5D","QXEmuiN91c","H0776","R0776_1","54.0","47","8","실제 노출 로그 / 점수·순위는 실험용"
"XEcGtp0voWB","QXEmuiN91c","H0216","R0216_1","53.0","48","51","실제 노출 로그 / 점수·순위는 실험용"
"XEyINw9Y6Dx","QXEmuiN91c","H0720","R0720_1","52.0","49","113","실제 노출 로그 / 점수·순위는 실험용"
"XEOzT6SVk7E","QXEmuiN91c","H0160","R0160_1","51.0","50","30","실제 노출 로그 / 점수·순위는 실험용"
"XEYJKa8dL3g","QXEmuiN91c","H0664","R0664_1","50.0","51","93","실제 노출 로그 / 점수·순위는 실험용"
"XEYAE5Oy72g","QXEmuiN91c","H0104","R0104_1","49.0","52","9","실제 노출 로그 / 점수·순위는 실험용"
"XETQVEwCtSl","QXEmuiN91c","H0608","R0608_1","48.0","53","72","실제 노출 로그 / 점수·순위는 실험용"
"XEFDoKkO14w","QXEmuiN91c","H0352","R0352_1","47.0","54","31","실제 노출 로그 / 점수·순위는 실험용"
"XEYNOi0THWm","QXEmuiN91c","H0856","R0856_1","46.0","55","94","실제 노출 로그 / 점수·순위는 실험용"
"XEq52tnA7BT","QXEmuiN91c","H0296","R0296_1","45.0","56","10","실제 노출 로그 / 점수·순위는 실험용"
"XEzI0qV7FUm","QXEmuiN91c","H0800","R0800_1","44.0","57","73","실제 노출 로그 / 점수·순위는 실험용"
"XEFul77pD3w","QXEmuiN91c","H0240","R0240_1","43.0","58","114","실제 노출 로그 / 점수·순위는 실험용"
"XEE4eyz1o9p","QXEmuiN91c","H0744","R0744_1","42.0","59","52","실제 노출 로그 / 점수·순위는 실험용"
"XEUpEV2fhxh","QXEmuiN91c","H0184","R0184_1","41.0","60","95","실제 노출 로그 / 점수·순위는 실험용"
"XEqx3yc9e19","QXEmuiN91c","H0688","R0688_1","40.0","61","32","실제 노출 로그 / 점수·순위는 실험용"
"XEUhxDz2tW6","QXEmuiN91c","H0128","R0128_1","39.0","62","74","실제 노출 로그 / 점수·순위는 실험용"
"XEe8eZpp5HL","QXEmuiN91c","H0632","R0632_1","38.0","63","11","실제 노출 로그 / 점수·순위는 실험용"
"XERW85h9NBN","QXEmuiN91c","H0072","R0072_1","37.0","64","53","실제 노출 로그 / 점수·순위는 실험용"
"XEvfS70D7Ws","QXEmuiN91c","H0576","R0576_1","36.0","65","115","실제 노출 로그 / 점수·순위는 실험용"
"XE5jKeNdXXZ","QXEmuiN91c","H0016","R0016_1","35.0","66","33","실제 노출 로그 / 점수·순위는 실험용"
"XEIzGK4T4ZC","QXEmuiN91c","H0520","R0520_1","34.0","67","96","실제 노출 로그 / 점수·순위는 실험용"
"XEiBf0t35n7","QXEmuiN91c","H0464","R0464_1","33.0","68","75","실제 노출 로그 / 점수·순위는 실험용"
"XEvsh9zQxLe","QXEmuiN91c","H0968","R0968_1","32.0","69","12","실제 노출 로그 / 점수·순위는 실험용"
"XEovyw45nZy","QXEmuiN91c","H0408","R0408_1","31.0","70","54","실제 노출 로그 / 점수·순위는 실험용"
"XEwH1HJQhjk","QXEmuiN91c","H0912","R0912_1","30.0","71","116","실제 노출 로그 / 점수·순위는 실험용"
"XEdTe3J8721","QXEmuiN91c","H0152","R0152_1","29.0","72","13","실제 노출 로그 / 점수·순위는 실험용"
"XEVhK8WOL7j","QXEmuiN91c","H0656","R0656_1","28.0","73","76","실제 노출 로그 / 점수·순위는 실험용"
"XEDdmYKIPk8","QXEmuiN91c","H0096","R0096_1","27.0","74","117","실제 노출 로그 / 점수·순위는 실험용"
"XEMvv8hY2dl","QXEmuiN91c","H0600","R0600_1","26.0","75","55","실제 노출 로그 / 점수·순위는 실험용"
"XEyLxEQg4vz","QXEmuiN91c","H0040","R0040_1","25.0","76","97","실제 노출 로그 / 점수·순위는 실험용"
"XEqVv8wlZ6M","QXEmuiN91c","H0544","R0544_1","24.0","77","34","실제 노출 로그 / 점수·순위는 실험용"
"XE7vajcl9AU","QXEmuiN91c","H0488","R0488_1","23.0","78","14","실제 노출 로그 / 점수·순위는 실험용"
"XEqwv3n6v7M","QXEmuiN91c","H0992","R0992_1","22.0","79","77","실제 노출 로그 / 점수·순위는 실험용"
"XEIWnghl3Xc","QXEmuiN91c","H0432","R0432_1","21.0","80","118","실제 노출 로그 / 점수·순위는 실험용"
"XEYXDWJF00i","QXEmuiN91c","H0936","R0936_1","20.0","81","56","실제 노출 로그 / 점수·순위는 실험용"
"XEfoDNGUW6c","QXEmuiN91c","H0376","R0376_1","19.0","82","98","실제 노출 로그 / 점수·순위는 실험용"
"XEczj7YXhKz","QXEmuiN91c","H0880","R0880_1","18.0","83","35","실제 노출 로그 / 점수·순위는 실험용"
"XEHpkLxzD3t","QXEmuiN91c","H0320","R0320_1","17.0","84","78","실제 노출 로그 / 점수·순위는 실험용"
"XEnD5v7QyVK","QXEmuiN91c","H0824","R0824_1","16.0","85","15","실제 노출 로그 / 점수·순위는 실험용"
"XE58T9ivdUG","QXEmuiN91c","H0264","R0264_1","15.0","86","57","실제 노출 로그 / 점수·순위는 실험용"
"XE6xOesvruE","QXEmuiN91c","H0768","R0768_1","14.0","87","119","실제 노출 로그 / 점수·순위는 실험용"
"XEoihHf184V","QXEmuiN91c","H0208","R0208_1","13.0","88","36","실제 노출 로그 / 점수·순위는 실험용"
"XEh2NDy0iOI","QXEmuiN91c","H0712","R0712_1","12.0","89","99","실제 노출 로그 / 점수·순위는 실험용"
"XEUaWcg9t78","QXEmuiN91c","H0960","R0960_1","11.0","90","120","실제 노출 로그 / 점수·순위는 실험용"
"XE7sMbfUEgE","QXEmuiN91c","H0400","R0400_1","10.0","91","37","실제 노출 로그 / 점수·순위는 실험용"
"XEwMNbKl9F7","QXEmuiN91c","H0904","R0904_1","9.0","92","100","실제 노출 로그 / 점수·순위는 실험용"
"XEymBvv6jZu","QXEmuiN91c","H0344","R0344_1","8.0","93","16","실제 노출 로그 / 점수·순위는 실험용"
"XEe0PFyz896","QXEmuiN91c","H0848","R0848_1","7.0","94","79","실제 노출 로그 / 점수·순위는 실험용"
"XEyZRu1CYt8","QXEmuiN91c","H0288","R0288_1","6.0","95","121","실제 노출 로그 / 점수·순위는 실험용"
"XE5GtS6ueMa","QXEmuiN91c","H0792","R0792_1","5.0","96","58","실제 노출 로그 / 점수·순위는 실험용"
"XEvDG1ZF6q5","QXEmuiN91c","H0232","R0232_1","4.0","97","101","실제 노출 로그 / 점수·순위는 실험용"
"XE5GhUhroyP","QXEmuiN91c","H0736","R0736_1","3.0","98","38","실제 노출 로그 / 점수·순위는 실험용"
"XE0lIhN8uRO","QXEmuiN91c","H0176","R0176_1","2.0","99","80","실제 노출 로그 / 점수·순위는 실험용"
"XEi31qFYSal","QXEmuiN91c","H0680","R0680_1","1.0","100","17","실제 노출 로그 / 점수·순위는 실험용"
"XE2i4q3VO1n","QXEmuiN91c","H0120","R0120_1","0.0","101","59","실제 노출 로그 / 점수·순위는 실험용"
"XEKMg0rx7w1","QXEmuiN91c","H0624","R0624_1","0.0","102","122","실제 노출 로그 / 점수·순위는 실험용"
"XET8ma2ZDV1","QXEmuiN91c","H0064","R0064_1","0.0","103","39","실제 노출 로그 / 점수·순위는 실험용"
"XEi6OPDyawa","QXEmuiN91c","H0568","R0568_1","0.0","104","102","실제 노출 로그 / 점수·순위는 실험용"
"XEtvYZupQxE","QXEmuiN91c","H0008","R0008_1","0.0","105","18","실제 노출 로그 / 점수·순위는 실험용"
"XEdbza4WSMu","QXEmuiN91c","H0512","R0512_1","0.0","106","81","실제 노출 로그 / 점수·순위는 실험용"
"XESf2PLCktk","QXEmuiN91c","H0456","R0456_1","0.0","107","60","실제 노출 로그 / 점수·순위는 실험용"
"XE8Vpb3mgL4","QXEmuiN91c","H0200","R0200_1","0.0","108","19","실제 노출 로그 / 점수·순위는 실험용"
"XEP8BxCAf05","QXEmuiN91c","H0704","R0704_1","0.0","109","82","실제 노출 로그 / 점수·순위는 실험용"
"XE447LGQcIb","QXEmuiN91c","H0144","R0144_1","0.0","110","123","실제 노출 로그 / 점수·순위는 실험용"
"XE5dkvawu3P","QXEmuiN91c","H0648","R0648_1","0.0","111","61","실제 노출 로그 / 점수·순위는 실험용"
"XExnjvAN6zU","QXEmuiN91c","H0088","R0088_1","0.0","112","103","실제 노출 로그 / 점수·순위는 실험용"
"XEu6gcubAgx","QXEmuiN91c","H0592","R0592_1","0.0","113","40","실제 노출 로그 / 점수·순위는 실험용"
"XEoalApjGwp","QXEmuiN91c","H0032","R0032_1","0.0","114","83","실제 노출 로그 / 점수·순위는 실험용"
"XEzYVi6LP5C","QXEmuiN91c","H0536","R0536_1","0.0","115","20","실제 노출 로그 / 점수·순위는 실험용"
"XEiIybM5j9m","QXEmuiN91c","H0480","R0480_1","0.0","116","124","실제 노출 로그 / 점수·순위는 실험용"
"XE50ti3NNB6","QXEmuiN91c","H0984","R0984_1","0.0","117","62","실제 노출 로그 / 점수·순위는 실험용"
"XED369Qvkxu","QXEmuiN91c","H0424","R0424_1","0.0","118","104","실제 노출 로그 / 점수·순위는 실험용"
"XERkM3VpPzx","QXEmuiN91c","H0928","R0928_1","0.0","119","41","실제 노출 로그 / 점수·순위는 실험용"
"XEFKHBSSgsv","QXEmuiN91c","H0368","R0368_1","0.0","120","84","실제 노출 로그 / 점수·순위는 실험용"
"XExvxqB8eeS","QXEmuiN91c","H0872","R0872_1","0.0","121","21","실제 노출 로그 / 점수·순위는 실험용"
"XEbz4fbHtNS","QXEmuiN91c","H0312","R0312_1","0.0","122","63","실제 노출 로그 / 점수·순위는 실험용"
"XEvg72lJip9","QXEmuiN91c","H0816","R0816_1","0.0","123","125","실제 노출 로그 / 점수·순위는 실험용"
"XE87tl2KCm6","QXEmuiN91c","H0256","R0256_1","0.0","124","42","실제 노출 로그 / 점수·순위는 실험용"
"XETSFM1VLDW","QXEmuiN91c","H0760","R0760_1","0.0","125","105","실제 노출 로그 / 점수·순위는 실험용"
"XE0ei6kr3fN","QE8FKEgEHY","H0922","R0922_1","100.0","1","1","실제 노출 로그 / 점수·순위는 실험용"
"XEp0sblLa4y","QtgT67Z9J2","H0924","R0924_1","100.0","1","1","실제 노출 로그 / 점수·순위는 실험용"
"XE1vXmVPzks","Q20ze9WvuD","H0865","R0865_1","100.0","1","1","실제 노출 로그 / 점수·순위는 실험용"
"XE15sZI3J7r","Q20ze9WvuD","H0866","R0866_1","99.0","2","2","실제 노출 로그 / 점수·순위는 실험용"
"XELxsxVYFJx","Q20ze9WvuD","H0867","R0867_1","98.0","3","3","실제 노출 로그 / 점수·순위는 실험용"
"XEOvpkHYRPh","Q20ze9WvuD","H0868","R0868_1","97.0","4","4","실제 노출 로그 / 점수·순위는 실험용"
"XEYiTroq5o0","Q20ze9WvuD","H0922","R0922_1","96.0","5","5","실제 노출 로그 / 점수·순위는 실험용"
"XEoiOa40dDj","Q20ze9WvuD","H0923","R0923_1","95.0","6","6","실제 노출 로그 / 점수·순위는 실험용"
"XEa2hk5hJoW","Q20ze9WvuD","H0924","R0924_1","94.0","7","7","실제 노출 로그 / 점수·순위는 실험용"
"XEA2mJB0iwr","Q20ze9WvuD","H0980","R0980_1","93.0","8","8","실제 노출 로그 / 점수·순위는 실험용"
"XEw7JKikWC6","Q20ze9WvuD","H0888","R0888_1","92.0","9","9","실제 노출 로그 / 점수·순위는 실험용"
"XEBfBuDpXbQ","QYnqAOLdk9","H0888","R0888_1","100.0","1","31","실제 노출 로그 / 점수·순위는 실험용"
"XET4Htizmqs","QYnqAOLdk9","H0887","R0887_1","99.0","2","29","실제 노출 로그 / 점수·순위는 실험용"
"XE8zgzBcbmZ","QYnqAOLdk9","H0886","R0886_1","98.0","3","27","실제 노출 로그 / 점수·순위는 실험용"
"XEtnOuD5lBj","QYnqAOLdk9","H0885","R0885_1","97.0","4","25","실제 노출 로그 / 점수·순위는 실험용"
"XEhCpCDhd42","QYnqAOLdk9","H0884","R0884_1","96.0","5","23","실제 노출 로그 / 점수·순위는 실험용"
"XEfgAJPvDrl","QYnqAOLdk9","H0984","R0984_1","95.0","6","32","실제 노출 로그 / 점수·순위는 실험용"
"XEPz9U84t4V","QYnqAOLdk9","H0983","R0983_1","94.0","7","30","실제 노출 로그 / 점수·순위는 실험용"
"XEjp3N1W5jJ","QYnqAOLdk9","H0831","R0831_1","93.0","8","21","실제 노출 로그 / 점수·순위는 실험용"
"XEP4IIwk8Ph","QYnqAOLdk9","H0982","R0982_1","92.0","9","28","실제 노출 로그 / 점수·순위는 실험용"
"XE5TFHzFDHm","QYnqAOLdk9","H0830","R0830_1","91.0","10","19","실제 노출 로그 / 점수·순위는 실험용"
"XEUGh8mq5rc","QYnqAOLdk9","H0981","R0981_1","90.0","11","26","실제 노출 로그 / 점수·순위는 실험용"
"XEeTGLNfrvi","QYnqAOLdk9","H0829","R0829_1","89.0","12","17","실제 노출 로그 / 점수·순위는 실험용"
"XEWaN7eSGRI","QYnqAOLdk9","H0980","R0980_1","88.0","13","24","실제 노출 로그 / 점수·순위는 실험용"
"XEs6uLais7V","QYnqAOLdk9","H0828","R0828_1","87.0","14","15","실제 노출 로그 / 점수·순위는 실험용"
"XEGjdtfcCd9","QYnqAOLdk9","H0827","R0827_1","86.0","15","13","실제 노출 로그 / 점수·순위는 실험용"
"XETz4yM1vpJ","QYnqAOLdk9","H0826","R0826_1","85.0","16","11","실제 노출 로그 / 점수·순위는 실험용"
"XE2NyV9jAuI","QYnqAOLdk9","H0927","R0927_1","84.0","17","22","실제 노출 로그 / 점수·순위는 실험용"
"XEaC4092c8m","QYnqAOLdk9","H0926","R0926_1","83.0","18","20","실제 노출 로그 / 점수·순위는 실험용"
"XEq3btiD1Ed","QYnqAOLdk9","H0925","R0925_1","82.0","19","18","실제 노출 로그 / 점수·순위는 실험용"
"XEF7KHJlV9n","QYnqAOLdk9","H0924","R0924_1","81.0","20","16","실제 노출 로그 / 점수·순위는 실험용"
"XE25hx76c8C","QYnqAOLdk9","H0923","R0923_1","80.0","21","14","실제 노출 로그 / 점수·순위는 실험용"
"XE7wDtTGQ2K","QYnqAOLdk9","H0922","R0922_1","79.0","22","12","실제 노출 로그 / 점수·순위는 실험용"
"XEaFzin4Kjm","QYnqAOLdk9","H0869","R0869_1","78.0","23","9","실제 노출 로그 / 점수·순위는 실험용"
"XEz2WSdRXRy","QYnqAOLdk9","H0868","R0868_1","77.0","24","7","실제 노출 로그 / 점수·순위는 실험용"
"XEDxB7HqsK0","QYnqAOLdk9","H0867","R0867_1","76.0","25","5","실제 노출 로그 / 점수·순위는 실험용"
"XELQZ71NEiw","QYnqAOLdk9","H0866","R0866_1","75.0","26","3","실제 노출 로그 / 점수·순위는 실험용"
"XEUUznNcVBT","QYnqAOLdk9","H0865","R0865_1","74.0","27","1","실제 노출 로그 / 점수·순위는 실험용"
"XEG3f4ZMEZ4","QYnqAOLdk9","H0965","R0965_1","73.0","28","10","실제 노출 로그 / 점수·순위는 실험용"
"XEvh439UHAP","QYnqAOLdk9","H0964","R0964_1","72.0","29","8","실제 노출 로그 / 점수·순위는 실험용"
"XEkGb0OyBjB","QYnqAOLdk9","H0963","R0963_1","71.0","30","6","실제 노출 로그 / 점수·순위는 실험용"
"XEzqxLxS7DJ","QYnqAOLdk9","H0962","R0962_1","70.0","31","4","실제 노출 로그 / 점수·순위는 실험용"
"XEwawxf5jqd","QYnqAOLdk9","H0961","R0961_1","69.0","32","2","실제 노출 로그 / 점수·순위는 실험용"
"XEfa6U50zdf","QIQUrGyX2R","H0952","R0952_1","100.0","1","164","실제 노출 로그 / 점수·순위는 실험용"
"XEfF5BPIl6Q","QIQUrGyX2R","H0896","R0896_1","99.0","2","125","실제 노출 로그 / 점수·순위는 실험용"
"XEkSRZv1A5D","QIQUrGyX2R","H0840","R0840_1","98.0","3","93","실제 노출 로그 / 점수·순위는 실험용"
"XE4s5334fYK","QIQUrGyX2R","H0980","R0980_1","97.0","4","77","실제 노출 로그 / 점수·순위는 실험용"
"XESn7TLz0RO","QIQUrGyX2R","H0924","R0924_1","96.0","5","45","실제 노출 로그 / 점수·순위는 실험용"
"XE400Lkr3cr","QIQUrGyX2R","H0868","R0868_1","95.0","6","13","실제 노출 로그 / 점수·순위는 실험용"
"XEwmppiqm5L","QIQUrGyX2R","H0812","R0812_1","94.0","7","181","실제 노출 로그 / 점수·순위는 실험용"
"XEQjzr3oOG7","QIQUrGyX2R","H0951","R0951_1","93.0","8","159","실제 노출 로그 / 점수·순위는 실험용"
"XEvK2EFuzd0","QIQUrGyX2R","H0895","R0895_1","92.0","9","121","실제 노출 로그 / 점수·순위는 실험용"
"XE2uTE398SC","QIQUrGyX2R","H0839","R0839_1","91.0","10","89","실제 노출 로그 / 점수·순위는 실험용"
"XEWkyPsOqhD","QIQUrGyX2R","H0979","R0979_1","90.0","11","73","실제 노출 로그 / 점수·순위는 실험용"
"XENzdWHWbRS","QIQUrGyX2R","H0923","R0923_1","89.0","12","41","실제 노출 로그 / 점수·순위는 실험용"
"XE8WBZrNHfR","QIQUrGyX2R","H0867","R0867_1","88.0","13","9","실제 노출 로그 / 점수·순위는 실험용"
"XEu3nK4M3jw","QIQUrGyX2R","H0811","R0811_1","87.0","14","177","실제 노출 로그 / 점수·순위는 실험용"
"XEIvJKACk5p","QIQUrGyX2R","H0950","R0950_1","86.0","15","154","실제 노출 로그 / 점수·순위는 실험용"
"XETd6rT1RY3","QIQUrGyX2R","H0894","R0894_1","85.0","16","117","실제 노출 로그 / 점수·순위는 실험용"
"XE1ueldUtW4","QIQUrGyX2R","H0838","R0838_1","84.0","17","85","실제 노출 로그 / 점수·순위는 실험용"
"XEXVudxf7LV","QIQUrGyX2R","H0978","R0978_1","83.0","18","69","실제 노출 로그 / 점수·순위는 실험용"
"XE4JvFAgiVm","QIQUrGyX2R","H0922","R0922_1","82.0","19","37","실제 노출 로그 / 점수·순위는 실험용"
"XEFhMJGeq5Z","QIQUrGyX2R","H0866","R0866_1","81.0","20","5","실제 노출 로그 / 점수·순위는 실험용"
"XEpgiXU9bLx","QIQUrGyX2R","H0810","R0810_1","80.0","21","173","실제 노출 로그 / 점수·순위는 실험용"
"XEBBRvtD97s","QIQUrGyX2R","H0809","R0809_1","79.0","22","169","실제 노출 로그 / 점수·순위는 실험용"
"XE98C2upCb9","QIQUrGyX2R","H0949","R0949_1","78.0","23","149","실제 노출 로그 / 점수·순위는 실험용"
"XEnwp2kxun5","QIQUrGyX2R","H0893","R0893_1","77.0","24","113","실제 노출 로그 / 점수·순위는 실험용"
"XEbU3YmE1Oh","QIQUrGyX2R","H0837","R0837_1","76.0","25","81","실제 노출 로그 / 점수·순위는 실험용"
"XEd2Uj1lBWM","QIQUrGyX2R","H0977","R0977_1","75.0","26","65","실제 노출 로그 / 점수·순위는 실험용"
"XEjWftQ9GmQ","QIQUrGyX2R","H0921","R0921_1","74.0","27","33","실제 노출 로그 / 점수·순위는 실험용"
"XEvPHnPvBUV","QIQUrGyX2R","H0865","R0865_1","73.0","28","1","실제 노출 로그 / 점수·순위는 실험용"
"XEu3FUhSqPv","QIQUrGyX2R","H0808","R0808_1","72.0","29","165","실제 노출 로그 / 점수·순위는 실험용"
"XE521VUbpaZ","QIQUrGyX2R","H0948","R0948_1","71.0","30","144","실제 노출 로그 / 점수·순위는 실험용"
"XE5KTz1M986","QIQUrGyX2R","H0892","R0892_1","70.0","31","109","실제 노출 로그 / 점수·순위는 실험용"
"XE2Fn8uDhQf","QIQUrGyX2R","H0836","R0836_1","69.0","32","78","실제 노출 로그 / 점수·순위는 실험용"
"XEMYU7yGGJm","QIQUrGyX2R","H0976","R0976_1","68.0","33","61","실제 노출 로그 / 점수·순위는 실험용"
"XEDsupTuY4K","QIQUrGyX2R","H0920","R0920_1","67.0","34","29","실제 노출 로그 / 점수·순위는 실험용"
"XEbYYaocblE","QIQUrGyX2R","H0864","R0864_1","66.0","35","197","실제 노출 로그 / 점수·순위는 실험용"
"XErcte48fS0","QIQUrGyX2R","H0807","R0807_1","65.0","36","160","실제 노출 로그 / 점수·순위는 실험용"
"XEsanwqXk8e","QIQUrGyX2R","H0947","R0947_1","64.0","37","139","실제 노출 로그 / 점수·순위는 실험용"
"XEV0uI2iwvy","QIQUrGyX2R","H0891","R0891_1","63.0","38","105","실제 노출 로그 / 점수·순위는 실험용"
"XE4gu9m9j0R","QIQUrGyX2R","H0835","R0835_1","62.0","39","74","실제 노출 로그 / 점수·순위는 실험용"
"XE6ZIsdO0RJ","QIQUrGyX2R","H0975","R0975_1","61.0","40","57","실제 노출 로그 / 점수·순위는 실험용"
"XErz3VsaOh1","QIQUrGyX2R","H0919","R0919_1","60.0","41","25","실제 노출 로그 / 점수·순위는 실험용"
"XED2UON1jcc","QIQUrGyX2R","H0863","R0863_1","59.0","42","193","실제 노출 로그 / 점수·순위는 실험용"
"XEGhkP5PAsG","QIQUrGyX2R","H0806","R0806_1","58.0","43","155","실제 노출 로그 / 점수·순위는 실험용"
"XEme4zJY30c","QIQUrGyX2R","H0946","R0946_1","57.0","44","134","실제 노출 로그 / 점수·순위는 실험용"
"XE5N2ffkHwO","QIQUrGyX2R","H0890","R0890_1","56.0","45","101","실제 노출 로그 / 점수·순위는 실험용"
"XEYPzIw4w51","QIQUrGyX2R","H0834","R0834_1","55.0","46","70","실제 노출 로그 / 점수·순위는 실험용"
"XER6TBjxqVd","QIQUrGyX2R","H0974","R0974_1","54.0","47","53","실제 노출 로그 / 점수·순위는 실험용"
"XEWdGCyBXNb","QIQUrGyX2R","H0918","R0918_1","53.0","48","21","실제 노출 로그 / 점수·순위는 실험용"
"XErLCSIQBTo","QIQUrGyX2R","H0862","R0862_1","52.0","49","189","실제 노출 로그 / 점수·순위는 실험용"
"XElsaYJljau","QIQUrGyX2R","H0805","R0805_1","51.0","50","150","실제 노출 로그 / 점수·순위는 실험용"
"XEaK1g7XpCO","QIQUrGyX2R","H0945","R0945_1","50.0","51","129","실제 노출 로그 / 점수·순위는 실험용"
"XEBFJJEsunG","QIQUrGyX2R","H0889","R0889_1","49.0","52","97","실제 노출 로그 / 점수·순위는 실험용"
"XEPtUsdiiUh","QIQUrGyX2R","H0833","R0833_1","48.0","53","66","실제 노출 로그 / 점수·순위는 실험용"
"XEeEIf8khsP","QIQUrGyX2R","H0973","R0973_1","47.0","54","49","실제 노출 로그 / 점수·순위는 실험용"
"XEax5OgpovF","QIQUrGyX2R","H0917","R0917_1","46.0","55","17","실제 노출 로그 / 점수·순위는 실험용"
"XEfGlrrEz70","QIQUrGyX2R","H0861","R0861_1","45.0","56","185","실제 노출 로그 / 점수·순위는 실험용"
"XE0ME3YWjWF","QIQUrGyX2R","H0804","R0804_1","44.0","57","145","실제 노출 로그 / 점수·순위는 실험용"
"XEV39W4inml","QIQUrGyX2R","H1000","R1000_1","43.0","58","166","실제 노출 로그 / 점수·순위는 실험용"
"XE2SFCrkIM0","QIQUrGyX2R","H0944","R0944_1","42.0","59","126","실제 노출 로그 / 점수·순위는 실험용"
"XEYkK0cEqJK","QIQUrGyX2R","H0888","R0888_1","41.0","60","94","실제 노출 로그 / 점수·순위는 실험용"
"XE7ikNIEafz","QIQUrGyX2R","H0832","R0832_1","40.0","61","62","실제 노출 로그 / 점수·순위는 실험용"
"XE79SPd213b","QIQUrGyX2R","H0972","R0972_1","39.0","62","46","실제 노출 로그 / 점수·순위는 실험용"
"XEuACCiIDez","QIQUrGyX2R","H0916","R0916_1","38.0","63","14","실제 노출 로그 / 점수·순위는 실험용"
"XEL7Ips0Qld","QIQUrGyX2R","H0860","R0860_1","37.0","64","182","실제 노출 로그 / 점수·순위는 실험용"
"XElrZ8HCiRN","QIQUrGyX2R","H0859","R0859_1","36.0","65","178","실제 노출 로그 / 점수·순위는 실험용"
"XEUUuDgEFV3","QIQUrGyX2R","H0803","R0803_1","35.0","66","140","실제 노출 로그 / 점수·순위는 실험용"
"XE0Ed8HQjvc","QIQUrGyX2R","H0999","R0999_1","34.0","67","161","실제 노출 로그 / 점수·순위는 실험용"
"XEqAuwJ09A1","QIQUrGyX2R","H0943","R0943_1","33.0","68","122","실제 노출 로그 / 점수·순위는 실험용"
"XEbzxpWqUil","QIQUrGyX2R","H0887","R0887_1","32.0","69","90","실제 노출 로그 / 점수·순위는 실험용"
"XEO9mAceMqq","QIQUrGyX2R","H0831","R0831_1","31.0","70","58","실제 노출 로그 / 점수·순위는 실험용"
"XEXoMHrGUqj","QIQUrGyX2R","H0971","R0971_1","30.0","71","42","실제 노출 로그 / 점수·순위는 실험용"
"XEBc3AQIGwF","QIQUrGyX2R","H0915","R0915_1","29.0","72","10","실제 노출 로그 / 점수·순위는 실험용"
"XEe705FXmk6","QIQUrGyX2R","H0858","R0858_1","28.0","73","174","실제 노출 로그 / 점수·순위는 실험용"
"XEtDMFYmTsE","QIQUrGyX2R","H0802","R0802_1","27.0","74","135","실제 노출 로그 / 점수·순위는 실험용"
"XEh0oLibjW0","QIQUrGyX2R","H0998","R0998_1","26.0","75","156","실제 노출 로그 / 점수·순위는 실험용"
"XEvRls77ul3","QIQUrGyX2R","H0942","R0942_1","25.0","76","118","실제 노출 로그 / 점수·순위는 실험용"
"XE1lokAsHGE","QIQUrGyX2R","H0886","R0886_1","24.0","77","86","실제 노출 로그 / 점수·순위는 실험용"
"XEsyJ1v2W7F","QIQUrGyX2R","H0830","R0830_1","23.0","78","54","실제 노출 로그 / 점수·순위는 실험용"
"XEeu5UgWf86","QIQUrGyX2R","H0970","R0970_1","22.0","79","38","실제 노출 로그 / 점수·순위는 실험용"
"XEFP0SDxSFl","QIQUrGyX2R","H0914","R0914_1","21.0","80","6","실제 노출 로그 / 점수·순위는 실험용"
"XEZ7nZjL88c","QIQUrGyX2R","H0857","R0857_1","20.0","81","170","실제 노출 로그 / 점수·순위는 실험용"
"XEdl7eVJkKD","QIQUrGyX2R","H0801","R0801_1","19.0","82","130","실제 노출 로그 / 점수·순위는 실험용"
"XE5Ag51y5mt","QIQUrGyX2R","H0997","R0997_1","18.0","83","151","실제 노출 로그 / 점수·순위는 실험용"
"XE6QrhsLRZE","QIQUrGyX2R","H0941","R0941_1","17.0","84","114","실제 노출 로그 / 점수·순위는 실험용"
"XEHT81Qaxp1","QIQUrGyX2R","H0885","R0885_1","16.0","85","82","실제 노출 로그 / 점수·순위는 실험용"
"XENFTRSOltc","QIQUrGyX2R","H0829","R0829_1","15.0","86","50","실제 노출 로그 / 점수·순위는 실험용"
"XEXIFLcq7DQ","QIQUrGyX2R","H0969","R0969_1","14.0","87","34","실제 노출 로그 / 점수·순위는 실험용"
"XEF4C48S33d","QIQUrGyX2R","H0913","R0913_1","13.0","88","2","실제 노출 로그 / 점수·순위는 실험용"
"XEZDj5zSAyN","QIQUrGyX2R","H0856","R0856_1","12.0","89","167","실제 노출 로그 / 점수·순위는 실험용"
"XEHJWBd8v7V","QIQUrGyX2R","H0996","R0996_1","11.0","90","146","실제 노출 로그 / 점수·순위는 실험용"
"XEBfVpdUGuN","QIQUrGyX2R","H0940","R0940_1","10.0","91","110","실제 노출 로그 / 점수·순위는 실험용"
"XESAZLyWNW5","QIQUrGyX2R","H0884","R0884_1","9.0","92","79","실제 노출 로그 / 점수·순위는 실험용"
"XEZ0M2XYBve","QIQUrGyX2R","H0828","R0828_1","8.0","93","47","실제 노출 로그 / 점수·순위는 실험용"
"XETWf0XebjH","QIQUrGyX2R","H0968","R0968_1","7.0","94","30","실제 노출 로그 / 점수·순위는 실험용"
"XEDe6CRvVLW","QIQUrGyX2R","H0912","R0912_1","6.0","95","198","실제 노출 로그 / 점수·순위는 실험용"
"XEHbr7muWES","QIQUrGyX2R","H0855","R0855_1","5.0","96","162","실제 노출 로그 / 점수·순위는 실험용"
"XEMyGpZbkJn","QIQUrGyX2R","H0995","R0995_1","4.0","97","141","실제 노출 로그 / 점수·순위는 실험용"
"XENhtPUZF9P","QIQUrGyX2R","H0939","R0939_1","3.0","98","106","실제 노출 로그 / 점수·순위는 실험용"
"XEh4edQu2AV","QIQUrGyX2R","H0883","R0883_1","2.0","99","75","실제 노출 로그 / 점수·순위는 실험용"
"XEadI6MjNRa","QIQUrGyX2R","H0827","R0827_1","1.0","100","43","실제 노출 로그 / 점수·순위는 실험용"
"XEskQiL4HQ5","QIQUrGyX2R","H0967","R0967_1","0.0","101","26","실제 노출 로그 / 점수·순위는 실험용"
"XE6i2ySkIdx","QIQUrGyX2R","H0911","R0911_1","0.0","102","194","실제 노출 로그 / 점수·순위는 실험용"
"XEt30bE2fph","QIQUrGyX2R","H0910","R0910_1","0.0","103","190","실제 노출 로그 / 점수·순위는 실험용"
"XE6zzc35ksi","QIQUrGyX2R","H0854","R0854_1","0.0","104","157","실제 노출 로그 / 점수·순위는 실험용"
"XEi0jb5vlDj","QIQUrGyX2R","H0994","R0994_1","0.0","105","136","실제 노출 로그 / 점수·순위는 실험용"
"XElzf70nK8V","QIQUrGyX2R","H0938","R0938_1","0.0","106","102","실제 노출 로그 / 점수·순위는 실험용"
"XErS9pwYHeM","QIQUrGyX2R","H0882","R0882_1","0.0","107","71","실제 노출 로그 / 점수·순위는 실험용"
"XEk0xJDSHlE","QIQUrGyX2R","H0826","R0826_1","0.0","108","39","실제 노출 로그 / 점수·순위는 실험용"
"XEdD8Wqsy56","QIQUrGyX2R","H0966","R0966_1","0.0","109","22","실제 노출 로그 / 점수·순위는 실험용"
"XEa0vHOOC3q","QIQUrGyX2R","H0909","R0909_1","0.0","110","186","실제 노출 로그 / 점수·순위는 실험용"
"XEzyxTKdoxR","QIQUrGyX2R","H0853","R0853_1","0.0","111","152","실제 노출 로그 / 점수·순위는 실험용"
"XEPlEga7Siy","QIQUrGyX2R","H0993","R0993_1","0.0","112","131","실제 노출 로그 / 점수·순위는 실험용"
"XE5kdaIMwoC","QIQUrGyX2R","H0937","R0937_1","0.0","113","98","실제 노출 로그 / 점수·순위는 실험용"
"XEHtdEdF3Mi","QIQUrGyX2R","H0881","R0881_1","0.0","114","67","실제 노출 로그 / 점수·순위는 실험용"
"XEbukfHy3Gk","QIQUrGyX2R","H0825","R0825_1","0.0","115","35","실제 노출 로그 / 점수·순위는 실험용"
"XEwOsfbEVnO","QIQUrGyX2R","H0965","R0965_1","0.0","116","18","실제 노출 로그 / 점수·순위는 실험용"
"XERUD7UYEyP","QIQUrGyX2R","H0908","R0908_1","0.0","117","183","실제 노출 로그 / 점수·순위는 실험용"
"XEKiYmNNoXx","QIQUrGyX2R","H0852","R0852_1","0.0","118","147","실제 노출 로그 / 점수·순위는 실험용"
"XEZq8oFsTRO","QIQUrGyX2R","H0992","R0992_1","0.0","119","127","실제 노출 로그 / 점수·순위는 실험용"
"XEtL1sWdhn4","QIQUrGyX2R","H0936","R0936_1","0.0","120","95","실제 노출 로그 / 점수·순위는 실험용"
"XE4Axx1t3L1","QIQUrGyX2R","H0880","R0880_1","0.0","121","63","실제 노출 로그 / 점수·순위는 실험용"
"XE4QpUBpp6Q","QIQUrGyX2R","H0824","R0824_1","0.0","122","31","실제 노출 로그 / 점수·순위는 실험용"
"XEgAmAJQc73","QIQUrGyX2R","H0964","R0964_1","0.0","123","15","실제 노출 로그 / 점수·순위는 실험용"
"XE7wmwszJ00","QIQUrGyX2R","H0907","R0907_1","0.0","124","179","실제 노출 로그 / 점수·순위는 실험용"
"XEaFm4NTZ5G","QIQUrGyX2R","H0851","R0851_1","0.0","125","142","실제 노출 로그 / 점수·순위는 실험용"
"XE32fxv0aKx","QIQUrGyX2R","H0991","R0991_1","0.0","126","123","실제 노출 로그 / 점수·순위는 실험용"
"XEDxj6T5uVy","QIQUrGyX2R","H0935","R0935_1","0.0","127","91","실제 노출 로그 / 점수·순위는 실험용"
"XEQPGIT1VHz","QIQUrGyX2R","H0879","R0879_1","0.0","128","59","실제 노출 로그 / 점수·순위는 실험용"
"XE227fpiCQg","QIQUrGyX2R","H0823","R0823_1","0.0","129","27","실제 노출 로그 / 점수·순위는 실험용"
"XEvAtYsBiup","QIQUrGyX2R","H0963","R0963_1","0.0","130","11","실제 노출 로그 / 점수·순위는 실험용"
"XECIqZSJX4v","QIQUrGyX2R","H0906","R0906_1","0.0","131","175","실제 노출 로그 / 점수·순위는 실험용"
"XEiQMAABJQ9","QIQUrGyX2R","H0850","R0850_1","0.0","132","137","실제 노출 로그 / 점수·순위는 실험용"
"XEg7jpyVHvp","QIQUrGyX2R","H0990","R0990_1","0.0","133","119","실제 노출 로그 / 점수·순위는 실험용"
"XE23EKW95wA","QIQUrGyX2R","H0934","R0934_1","0.0","134","87","실제 노출 로그 / 점수·순위는 실험용"
"XE7qRdDrge0","QIQUrGyX2R","H0878","R0878_1","0.0","135","55","실제 노출 로그 / 점수·순위는 실험용"
"XEWrDFnMS10","QIQUrGyX2R","H0822","R0822_1","0.0","136","23","실제 노출 로그 / 점수·순위는 실험용"
"XE2Ht74lkHa","QIQUrGyX2R","H0962","R0962_1","0.0","137","7","실제 노출 로그 / 점수·순위는 실험용"
"XErlwmRSIjf","QIQUrGyX2R","H0905","R0905_1","0.0","138","171","실제 노출 로그 / 점수·순위는 실험용"
"XE5DnQt0CXy","QIQUrGyX2R","H0849","R0849_1","0.0","139","132","실제 노출 로그 / 점수·순위는 실험용"
"XE7h326eTjb","QIQUrGyX2R","H0989","R0989_1","0.0","140","115","실제 노출 로그 / 점수·순위는 실험용"
"XE5R3XVx4qb","QIQUrGyX2R","H0933","R0933_1","0.0","141","83","실제 노출 로그 / 점수·순위는 실험용"
"XEsqKzrCg5n","QIQUrGyX2R","H0877","R0877_1","0.0","142","51","실제 노출 로그 / 점수·순위는 실험용"
"XEak0WZGQsa","QIQUrGyX2R","H0821","R0821_1","0.0","143","19","실제 노출 로그 / 점수·순위는 실험용"
"XEvLq49Mp2r","QIQUrGyX2R","H0961","R0961_1","0.0","144","3","실제 노출 로그 / 점수·순위는 실험용"
"XEMeQ31Yze7","QIQUrGyX2R","H0960","R0960_1","0.0","145","199","실제 노출 로그 / 점수·순위는 실험용"
"XESz2G7LWHj","QIQUrGyX2R","H0904","R0904_1","0.0","146","168","실제 노출 로그 / 점수·순위는 실험용"
"XEa7YtJ0vIl","QIQUrGyX2R","H0848","R0848_1","0.0","147","128","실제 노출 로그 / 점수·순위는 실험용"
"XEA3plzfDG6","QIQUrGyX2R","H0988","R0988_1","0.0","148","111","실제 노출 로그 / 점수·순위는 실험용"
"XELBuLoyfmo","QIQUrGyX2R","H0932","R0932_1","0.0","149","80","실제 노출 로그 / 점수·순위는 실험용"
"XEKnscaCL7u","QIQUrGyX2R","H0876","R0876_1","0.0","150","48","실제 노출 로그 / 점수·순위는 실험용"
"XEXUs55ZTb3","QIQUrGyX2R","H0820","R0820_1","0.0","151","16","실제 노출 로그 / 점수·순위는 실험용"
"XEhbL7v120N","QIQUrGyX2R","H0959","R0959_1","0.0","152","195","실제 노출 로그 / 점수·순위는 실험용"
"XEVdNA20TGO","QIQUrGyX2R","H0903","R0903_1","0.0","153","163","실제 노출 로그 / 점수·순위는 실험용"
"XEgILQ9xcfu","QIQUrGyX2R","H0847","R0847_1","0.0","154","124","실제 노출 로그 / 점수·순위는 실험용"
"XE4ULxSSXs2","QIQUrGyX2R","H0987","R0987_1","0.0","155","107","실제 노출 로그 / 점수·순위는 실험용"
"XEOkkG0330s","QIQUrGyX2R","H0931","R0931_1","0.0","156","76","실제 노출 로그 / 점수·순위는 실험용"
"XE1y4iHr7EW","QIQUrGyX2R","H0875","R0875_1","0.0","157","44","실제 노출 로그 / 점수·순위는 실험용"
"XEL6TQN79Y6","QIQUrGyX2R","H0819","R0819_1","0.0","158","12","실제 노출 로그 / 점수·순위는 실험용"
"XE1tFhwZXXp","QIQUrGyX2R","H0958","R0958_1","0.0","159","191","실제 노출 로그 / 점수·순위는 실험용"
"XEJV10Zt5Ca","QIQUrGyX2R","H0902","R0902_1","0.0","160","158","실제 노출 로그 / 점수·순위는 실험용"
"XEnQpyOPPKA","QIQUrGyX2R","H0846","R0846_1","0.0","161","120","실제 노출 로그 / 점수·순위는 실험용"
"XE4IMrKiC0n","QIQUrGyX2R","H0986","R0986_1","0.0","162","103","실제 노출 로그 / 점수·순위는 실험용"
"XEFqNTsS4AS","QIQUrGyX2R","H0930","R0930_1","0.0","163","72","실제 노출 로그 / 점수·순위는 실험용"
"XEOJgwf5e5y","QIQUrGyX2R","H0874","R0874_1","0.0","164","40","실제 노출 로그 / 점수·순위는 실험용"
"XEvo3dIgH18","QIQUrGyX2R","H0818","R0818_1","0.0","165","8","실제 노출 로그 / 점수·순위는 실험용"
"XEdCpcGb7wK","QIQUrGyX2R","H0957","R0957_1","0.0","166","187","실제 노출 로그 / 점수·순위는 실험용"
"XEz6YFkj7HD","QIQUrGyX2R","H0901","R0901_1","0.0","167","153","실제 노출 로그 / 점수·순위는 실험용"
"XEYe1t4JR4X","QIQUrGyX2R","H0845","R0845_1","0.0","168","116","실제 노출 로그 / 점수·순위는 실험용"
"XEoM6rM6ngA","QIQUrGyX2R","H0985","R0985_1","0.0","169","99","실제 노출 로그 / 점수·순위는 실험용"
"XE7Y2ZwcgUW","QIQUrGyX2R","H0929","R0929_1","0.0","170","68","실제 노출 로그 / 점수·순위는 실험용"
"XEfE5eOVlw8","QIQUrGyX2R","H0873","R0873_1","0.0","171","36","실제 노출 로그 / 점수·순위는 실험용"
"XEvn0Q3U8N5","QIQUrGyX2R","H0817","R0817_1","0.0","172","4","실제 노출 로그 / 점수·순위는 실험용"
"XEfvx9MGIXe","QIQUrGyX2R","H0956","R0956_1","0.0","173","184","실제 노출 로그 / 점수·순위는 실험용"
"XEEpHO87blP","QIQUrGyX2R","H0900","R0900_1","0.0","174","148","실제 노출 로그 / 점수·순위는 실험용"
"XEhOmcwNK3S","QIQUrGyX2R","H0844","R0844_1","0.0","175","112","실제 노출 로그 / 점수·순위는 실험용"
"XEvwaZo8r0O","QIQUrGyX2R","H0984","R0984_1","0.0","176","96","실제 노출 로그 / 점수·순위는 실험용"
"XExD25gAmQM","QIQUrGyX2R","H0928","R0928_1","0.0","177","64","실제 노출 로그 / 점수·순위는 실험용"
"XEFwDEjY7Dk","QIQUrGyX2R","H0872","R0872_1","0.0","178","32","실제 노출 로그 / 점수·순위는 실험용"
"XEiWfkMW1nw","QIQUrGyX2R","H0816","R0816_1","0.0","179","200","실제 노출 로그 / 점수·순위는 실험용"
"XEOvM8YhbTD","QIQUrGyX2R","H0955","R0955_1","0.0","180","180","실제 노출 로그 / 점수·순위는 실험용"
"XEwI0QqBVju","QIQUrGyX2R","H0899","R0899_1","0.0","181","143","실제 노출 로그 / 점수·순위는 실험용"
"XEb6lGcfi1N","QIQUrGyX2R","H0843","R0843_1","0.0","182","108","실제 노출 로그 / 점수·순위는 실험용"
"XEiFj7ndIDm","QIQUrGyX2R","H0983","R0983_1","0.0","183","92","실제 노출 로그 / 점수·순위는 실험용"
"XEstdRqAVDm","QIQUrGyX2R","H0927","R0927_1","0.0","184","60","실제 노출 로그 / 점수·순위는 실험용"
"XEG63oTmsfZ","QIQUrGyX2R","H0871","R0871_1","0.0","185","28","실제 노출 로그 / 점수·순위는 실험용"
"XEqpJLUMgeK","QIQUrGyX2R","H0815","R0815_1","0.0","186","196","실제 노출 로그 / 점수·순위는 실험용"
"XEdjY2QWe7M","QIQUrGyX2R","H0954","R0954_1","0.0","187","176","실제 노출 로그 / 점수·순위는 실험용"
"XEB62Tl55iU","QIQUrGyX2R","H0898","R0898_1","0.0","188","138","실제 노출 로그 / 점수·순위는 실험용"
"XEN02P6iqxh","QIQUrGyX2R","H0842","R0842_1","0.0","189","104","실제 노출 로그 / 점수·순위는 실험용"
"XEFuEEt5v10","QIQUrGyX2R","H0982","R0982_1","0.0","190","88","실제 노출 로그 / 점수·순위는 실험용"
"XE04FIv3kr2","QIQUrGyX2R","H0926","R0926_1","0.0","191","56","실제 노출 로그 / 점수·순위는 실험용"
"XE0RePuhWnS","QIQUrGyX2R","H0870","R0870_1","0.0","192","24","실제 노출 로그 / 점수·순위는 실험용"
"XElTgoKJF5S","QIQUrGyX2R","H0814","R0814_1","0.0","193","192","실제 노출 로그 / 점수·순위는 실험용"
"XEWOP1xR4KT","QIQUrGyX2R","H0953","R0953_1","0.0","194","172","실제 노출 로그 / 점수·순위는 실험용"
"XEG1U4T50i4","QIQUrGyX2R","H0897","R0897_1","0.0","195","133","실제 노출 로그 / 점수·순위는 실험용"
"XE0YmBCNJaq","QIQUrGyX2R","H0841","R0841_1","0.0","196","100","실제 노출 로그 / 점수·순위는 실험용"
"XEOok7lokYI","QIQUrGyX2R","H0981","R0981_1","0.0","197","84","실제 노출 로그 / 점수·순위는 실험용"
"XEQ1afzcof6","QIQUrGyX2R","H0925","R0925_1","0.0","198","52","실제 노출 로그 / 점수·순위는 실험용"
"XEuobB6T14S","QIQUrGyX2R","H0869","R0869_1","0.0","199","20","실제 노출 로그 / 점수·순위는 실험용"
"XEaQlwkJdyq","QIQUrGyX2R","H0813","R0813_1","0.0","200","188","실제 노출 로그 / 점수·순위는 실험용"
"XEtQmluZw1P","QVb4N776JF","H0022","R0022_1","100.0","1","4","실제 노출 로그 / 점수·순위는 실험용"
"XEG3q2dRLFC","QVb4N776JF","H0112","R0112_1","99.0","2","2","실제 노출 로그 / 점수·순위는 실험용"
"XEqDO4vPTY0","QVb4N776JF","H0162","R0162_1","98.0","3","3","실제 노출 로그 / 점수·순위는 실험용"
"XEBmqVbOqcv","QVb4N776JF","H0052","R0052_1","97.0","4","1","실제 노출 로그 / 점수·순위는 실험용"
"XEVZ1gokLrj","QeqY33BRal","H0112","R0112_1","100.0","1","7","실제 노출 로그 / 점수·순위는 실험용"
"XEyWNIVvbhB","QeqY33BRal","H0082","R0082_1","99.0","2","14","실제 노출 로그 / 점수·순위는 실험용"
"XErdM32roPd","QeqY33BRal","H0192","R0192_1","98.0","3","20","실제 노출 로그 / 점수·순위는 실험용"
"XEqVW7CD6Ln","QeqY33BRal","H0052","R0052_1","97.0","4","2","실제 노출 로그 / 점수·순위는 실험용"
"XEiW56svhMT","QeqY33BRal","H0022","R0022_1","96.0","5","9","실제 노출 로그 / 점수·순위는 실험용"
"XEC3QC2Q5gk","QeqY33BRal","H0162","R0162_1","95.0","6","8","실제 노출 로그 / 점수·순위는 실험용"
"XESwByNcpU3","QeqY33BRal","H0132","R0132_1","94.0","7","15","실제 노출 로그 / 점수·순위는 실험용"
"XEg56cAp6TI","QeqY33BRal","H0102","R0102_1","93.0","8","3","실제 노출 로그 / 점수·순위는 실험용"
"XE6VOdAbIJK","QeqY33BRal","H0072","R0072_1","92.0","9","10","실제 노출 로그 / 점수·순위는 실험용"
"XEyrGA2jPZJ","QeqY33BRal","H0042","R0042_1","91.0","10","17","실제 노출 로그 / 점수·순위는 실험용"
"XErCOkeD46S","QeqY33BRal","H0182","R0182_1","90.0","11","16","실제 노출 로그 / 점수·순위는 실험용"
"XEz5A8PrjB5","QeqY33BRal","H0152","R0152_1","89.0","12","4","실제 노출 로그 / 점수·순위는 실험용"
"XEq4Xjm3M5N","QeqY33BRal","H0012","R0012_1","88.0","13","5","실제 노출 로그 / 점수·순위는 실험용"
"XEgkWup4rEO","QeqY33BRal","H0122","R0122_1","87.0","14","11","실제 노출 로그 / 점수·순위는 실험용"
"XEoqvpGX12Y","QeqY33BRal","H0092","R0092_1","86.0","15","18","실제 노출 로그 / 점수·순위는 실험용"
"XEApGufVPWK","QeqY33BRal","H0062","R0062_1","85.0","16","6","실제 노출 로그 / 점수·순위는 실험용"
"XEVfNZHP7qo","QeqY33BRal","H0032","R0032_1","84.0","17","13","실제 노출 로그 / 점수·순위는 실험용"
"XEJLdzwr6lU","QeqY33BRal","H0172","R0172_1","83.0","18","12","실제 노출 로그 / 점수·순위는 실험용"
"XEKGstG0VoH","QeqY33BRal","H0142","R0142_1","82.0","19","19","실제 노출 로그 / 점수·순위는 실험용"
"XEvcjh0iOvc","QeqY33BRal","H0002","R0002_1","81.0","20","1","실제 노출 로그 / 점수·순위는 실험용"
"XEsWbFM1IVi","QU9ouTT4sN","H0541","R0541_1","100.0","1","2","실제 노출 로그 / 점수·순위는 실험용"
"XE1MXUv71NE","QU9ouTT4sN","H0481","R0481_1","99.0","2","1","실제 노출 로그 / 점수·순위는 실험용"
"XEy0yE37eUz","Q504QO0eho","H0531","R0531_1","100.0","1","2","실제 노출 로그 / 점수·순위는 실험용"
"XEi0RgAaJ1c","Q504QO0eho","H0501","R0501_1","99.0","2","10","실제 노출 로그 / 점수·순위는 실험용"
"XE1lVETydbw","Q504QO0eho","H0471","R0471_1","98.0","3","17","실제 노출 로그 / 점수·순위는 실험용"
"XEsX0Jr1bGd","Q504QO0eho","H0441","R0441_1","97.0","4","4","실제 노출 로그 / 점수·순위는 실험용"
"XE15KSTavlN","Q504QO0eho","H0581","R0581_1","96.0","5","3","실제 노출 로그 / 점수·순위는 실험용"
"XEGrD6fuXY7","Q504QO0eho","H0551","R0551_1","95.0","6","11","실제 노출 로그 / 점수·순위는 실험용"
"XEVKgmHuOqU","Q504QO0eho","H0411","R0411_1","94.0","7","12","실제 노출 로그 / 점수·순위는 실험용"
"XEqSHCXwTUo","Q504QO0eho","H0521","R0521_1","93.0","8","18","실제 노출 로그 / 점수·순위는 실험용"
"XEWxxJ3lUK8","Q504QO0eho","H0491","R0491_1","92.0","9","5","실제 노출 로그 / 점수·순위는 실험용"
"XEKjQPu0Irl","Q504QO0eho","H0461","R0461_1","91.0","10","13","실제 노출 로그 / 점수·순위는 실험용"
"XEsPIoyAXtL","Q504QO0eho","H0431","R0431_1","90.0","11","20","실제 노출 로그 / 점수·순위는 실험용"
"XETkrCqMpHP","Q504QO0eho","H0571","R0571_1","89.0","12","19","실제 노출 로그 / 점수·순위는 실험용"
"XEXI3E04dpg","Q504QO0eho","H0401","R0401_1","88.0","13","8","실제 노출 로그 / 점수·순위는 실험용"
"XEz5C4sEB36","Q504QO0eho","H0541","R0541_1","87.0","14","6","실제 노출 로그 / 점수·순위는 실험용"
"XElL3mc0ICA","Q504QO0eho","H0511","R0511_1","86.0","15","14","실제 노출 로그 / 점수·순위는 실험용"
"XEF3PrEUJp0","Q504QO0eho","H0481","R0481_1","85.0","16","1","실제 노출 로그 / 점수·순위는 실험용"
"XEn8Oht3uLR","Q504QO0eho","H0451","R0451_1","84.0","17","9","실제 노출 로그 / 점수·순위는 실험용"
"XEg6ibdNtLq","Q504QO0eho","H0591","R0591_1","83.0","18","7","실제 노출 로그 / 점수·순위는 실험용"
"XErUQqUdymK","Q504QO0eho","H0421","R0421_1","82.0","19","16","실제 노출 로그 / 점수·순위는 실험용"
"XEGv1KnRZLq","Q504QO0eho","H0561","R0561_1","81.0","20","15","실제 노출 로그 / 점수·순위는 실험용"
"XEIeNcy7EUj","QFMU1dCdR3","H0307","R0307_1","100.0","1","9","실제 노출 로그 / 점수·순위는 실험용"
"XEikV7YETOF","QFMU1dCdR3","H0277","R0277_1","99.0","2","16","실제 노출 로그 / 점수·순위는 실험용"
"XEbBZZVMCDj","QFMU1dCdR3","H0247","R0247_1","98.0","3","3","실제 노출 로그 / 점수·순위는 실험용"
"XEv5wD1O6qy","QFMU1dCdR3","H0387","R0387_1","97.0","4","2","실제 노출 로그 / 점수·순위는 실험용"
"XEFnvgqQz96","QFMU1dCdR3","H0217","R0217_1","96.0","5","11","실제 노출 로그 / 점수·순위는 실험용"
"XEGFNwURcfc","QFMU1dCdR3","H0357","R0357_1","95.0","6","10","실제 노출 로그 / 점수·순위는 실험용"
"XECm0C7STIB","QFMU1dCdR3","H0327","R0327_1","94.0","7","17","실제 노출 로그 / 점수·순위는 실험용"
"XEby256N41E","QFMU1dCdR3","H0297","R0297_1","93.0","8","4","실제 노출 로그 / 점수·순위는 실험용"
"XEVxQDxe8nW","QFMU1dCdR3","H0267","R0267_1","92.0","9","12","실제 노출 로그 / 점수·순위는 실험용"
"XEXaqJ864kz","QFMU1dCdR3","H0237","R0237_1","91.0","10","19","실제 노출 로그 / 점수·순위는 실험용"
"XEoqazllXHU","QFMU1dCdR3","H0377","R0377_1","90.0","11","18","실제 노출 로그 / 점수·순위는 실험용"
"XEPIzHJ43iW","QFMU1dCdR3","H0347","R0347_1","89.0","12","5","실제 노출 로그 / 점수·순위는 실험용"
"XEUY2RVhwfT","QFMU1dCdR3","H0207","R0207_1","88.0","13","7","실제 노출 로그 / 점수·순위는 실험용"
"XEytf1kA3Ia","QFMU1dCdR3","H0317","R0317_1","87.0","14","13","실제 노출 로그 / 점수·순위는 실험용"
"XEmmLQrd66e","QFMU1dCdR3","H0287","R0287_1","86.0","15","20","실제 노출 로그 / 점수·순위는 실험용"
"XEW5rvxxLuR","QFMU1dCdR3","H0397","R0397_1","85.0","16","6","실제 노출 로그 / 점수·순위는 실험용"
"XEc66PJuieI","QFMU1dCdR3","H0257","R0257_1","84.0","17","8","실제 노출 로그 / 점수·순위는 실험용"
"XELNz0znjsG","QFMU1dCdR3","H0227","R0227_1","83.0","18","15","실제 노출 로그 / 점수·순위는 실험용"
"XE4o1iSjuTd","QFMU1dCdR3","H0367","R0367_1","82.0","19","14","실제 노출 로그 / 점수·순위는 실험용"
"XETJRtJtmI4","QFMU1dCdR3","H0337","R0337_1","81.0","20","1","실제 노출 로그 / 점수·순위는 실험용"
"XEWJafub9gc","Qw4zvSJSN6","H0252","R0252_1","100.0","1","232","실제 노출 로그 / 점수·순위는 실험용"
"XEfGmpHBuPN","Qw4zvSJSN6","H0504","R0504_1","99.0","2","484","실제 노출 로그 / 점수·순위는 실험용"
"XEwApwc67qG","Qw4zvSJSN6","H0756","R0756_1","98.0","3","736","실제 노출 로그 / 점수·순위는 실험용"
"XEhwEfcVWSF","Qw4zvSJSN6","H0196","R0196_1","97.0","4","64","실제 노출 로그 / 점수·순위는 실험용"
"XEkmjQCVFvW","Qw4zvSJSN6","H0448","R0448_1","96.0","5","316","실제 노출 로그 / 점수·순위는 실험용"
"XE4nsWauvK7","Qw4zvSJSN6","H0700","R0700_1","95.0","6","568","실제 노출 로그 / 점수·순위는 실험용"
"XEhoNYxAvhr","Qw4zvSJSN6","H0952","R0952_1","94.0","7","820","실제 노출 로그 / 점수·순위는 실험용"
"XEUJws5SscJ","Qw4zvSJSN6","H0140","R0140_1","93.0","8","901","실제 노출 로그 / 점수·순위는 실험용"
"XEP0rfbLu3y","Qw4zvSJSN6","H0392","R0392_1","92.0","9","148","실제 노출 로그 / 점수·순위는 실험용"
"XElmTzdiBgX","Qw4zvSJSN6","H0644","R0644_1","91.0","10","400","실제 노출 로그 / 점수·순위는 실험용"
"XER8iJTTWL1","Qw4zvSJSN6","H0896","R0896_1","90.0","11","652","실제 노출 로그 / 점수·순위는 실험용"
"XEgZJbADzQ3","Qw4zvSJSN6","H0084","R0084_1","89.0","12","737","실제 노출 로그 / 점수·순위는 실험용"
"XEL5BquqkhD","Qw4zvSJSN6","H0336","R0336_1","88.0","13","981","실제 노출 로그 / 점수·순위는 실험용"
"XE5Gjt6rkdW","Qw4zvSJSN6","H0588","R0588_1","87.0","14","233","실제 노출 로그 / 점수·순위는 실험용"
"XE5EkUhl8Hj","Qw4zvSJSN6","H0840","R0840_1","86.0","15","485","실제 노출 로그 / 점수·순위는 실험용"
"XEQPr47xVO0","Qw4zvSJSN6","H0028","R0028_1","85.0","16","569","실제 노출 로그 / 점수·순위는 실험용"
"XE5khMLer6m","Qw4zvSJSN6","H0280","R0280_1","84.0","17","821","실제 노출 로그 / 점수·순위는 실험용"
"XEtPU8BEQQo","Qw4zvSJSN6","H0532","R0532_1","83.0","18","65","실제 노출 로그 / 점수·순위는 실험용"
"XE9EPqgeyJy","Qw4zvSJSN6","H0784","R0784_1","82.0","19","317","실제 노출 로그 / 점수·순위는 실험용"
"XEBLwT6uYBB","Qw4zvSJSN6","H0224","R0224_1","81.0","20","653","실제 노출 로그 / 점수·순위는 실험용"
"XEtrvlm9nEz","Qw4zvSJSN6","H0476","R0476_1","80.0","21","902","실제 노출 로그 / 점수·순위는 실험용"
"XEfCoalm6z4","Qw4zvSJSN6","H0728","R0728_1","79.0","22","149","실제 노출 로그 / 점수·순위는 실험용"
"XEgX2LdN1wL","Qw4zvSJSN6","H0980","R0980_1","78.0","23","401","실제 노출 로그 / 점수·순위는 실험용"
"XEWCMsQuMTm","Qw4zvSJSN6","H0168","R0168_1","77.0","24","486","실제 노출 로그 / 점수·순위는 실험용"
"XELPXx512Cy","Qw4zvSJSN6","H0420","R0420_1","76.0","25","738","실제 노출 로그 / 점수·순위는 실험용"
"XETEyEfdSGt","Qw4zvSJSN6","H0672","R0672_1","75.0","26","982","실제 노출 로그 / 점수·순위는 실험용"
"XE7nDR1g1Vx","Qw4zvSJSN6","H0924","R0924_1","74.0","27","234","실제 노출 로그 / 점수·순위는 실험용"
"XEfiGcOSYY7","Qw4zvSJSN6","H0112","R0112_1","73.0","28","318","실제 노출 로그 / 점수·순위는 실험용"
"XEagC9YWDaO","Qw4zvSJSN6","H0364","R0364_1","72.0","29","570","실제 노출 로그 / 점수·순위는 실험용"
"XEKIwDcdlY3","Qw4zvSJSN6","H0616","R0616_1","71.0","30","822","실제 노출 로그 / 점수·순위는 실험용"
"XEO3otxPSj8","Qw4zvSJSN6","H0868","R0868_1","70.0","31","66","실제 노출 로그 / 점수·순위는 실험용"
"XETVLYm9XQL","Qw4zvSJSN6","H0056","R0056_1","69.0","32","150","실제 노출 로그 / 점수·순위는 실험용"
"XEvQ71Ih0EX","Qw4zvSJSN6","H0308","R0308_1","68.0","33","402","실제 노출 로그 / 점수·순위는 실험용"
"XEUJIr4l5oq","Qw4zvSJSN6","H0560","R0560_1","67.0","34","654","실제 노출 로그 / 점수·순위는 실험용"
"XESe6V9rQjQ","Qw4zvSJSN6","H0812","R0812_1","66.0","35","903","실제 노출 로그 / 점수·순위는 실험용"
"XENin3UmiPm","Qw4zvSJSN6","H0251","R0251_1","65.0","36","211","실제 노출 로그 / 점수·순위는 실험용"
"XE7pM8X2ddB","Qw4zvSJSN6","H0503","R0503_1","64.0","37","463","실제 노출 로그 / 점수·순위는 실험용"
"XE6GHvUGHVv","Qw4zvSJSN6","H0755","R0755_1","63.0","38","715","실제 노출 로그 / 점수·순위는 실험용"
"XEo9AtZaLDq","Qw4zvSJSN6","H0195","R0195_1","62.0","39","43","실제 노출 로그 / 점수·순위는 실험용"
"XEO9Qr7pFAy","Qw4zvSJSN6","H0447","R0447_1","61.0","40","295","실제 노출 로그 / 점수·순위는 실험용"
"XEgsvqYyccn","Qw4zvSJSN6","H0699","R0699_1","60.0","41","547","실제 노출 로그 / 점수·순위는 실험용"
"XE2qf3syRqK","Qw4zvSJSN6","H0951","R0951_1","59.0","42","799","실제 노출 로그 / 점수·순위는 실험용"
"XEf0EMaA07r","Qw4zvSJSN6","H0139","R0139_1","58.0","43","881","실제 노출 로그 / 점수·순위는 실험용"
"XE8sEPO5OTB","Qw4zvSJSN6","H0391","R0391_1","57.0","44","127","실제 노출 로그 / 점수·순위는 실험용"
"XE2qYuFn5Tr","Qw4zvSJSN6","H0643","R0643_1","56.0","45","379","실제 노출 로그 / 점수·순위는 실험용"
"XEqP8vFJktn","Qw4zvSJSN6","H0895","R0895_1","55.0","46","631","실제 노출 로그 / 점수·순위는 실험용"
"XEuJj33NSks","Qw4zvSJSN6","H0083","R0083_1","54.0","47","716","실제 노출 로그 / 점수·순위는 실험용"
"XEyOWDYKw0X","Qw4zvSJSN6","H0335","R0335_1","53.0","48","961","실제 노출 로그 / 점수·순위는 실험용"
"XEKCLyEUIK3","Qw4zvSJSN6","H0587","R0587_1","52.0","49","212","실제 노출 로그 / 점수·순위는 실험용"
"XEOTdN2QXov","Qw4zvSJSN6","H0839","R0839_1","51.0","50","464","실제 노출 로그 / 점수·순위는 실험용"
"XEDlKsajeVi","Qw4zvSJSN6","H0027","R0027_1","50.0","51","548","실제 노출 로그 / 점수·순위는 실험용"
"XE8JLr4DcjZ","Qw4zvSJSN6","H0279","R0279_1","49.0","52","800","실제 노출 로그 / 점수·순위는 실험용"
"XEF6epMvHuc","Qw4zvSJSN6","H0531","R0531_1","48.0","53","44","실제 노출 로그 / 점수·순위는 실험용"
"XEGaYS1eeqS","Qw4zvSJSN6","H0783","R0783_1","47.0","54","296","실제 노출 로그 / 점수·순위는 실험용"
"XE0Wd30q0ER","Qw4zvSJSN6","H0223","R0223_1","46.0","55","632","실제 노출 로그 / 점수·순위는 실험용"
"XEIK7B1pAJB","Qw4zvSJSN6","H0475","R0475_1","45.0","56","882","실제 노출 로그 / 점수·순위는 실험용"
"XEy5U8uHFtA","Qw4zvSJSN6","H0727","R0727_1","44.0","57","128","실제 노출 로그 / 점수·순위는 실험용"
"XElVnNgR89r","Qw4zvSJSN6","H0979","R0979_1","43.0","58","380","실제 노출 로그 / 점수·순위는 실험용"
"XEVwNoYFstQ","Qw4zvSJSN6","H0167","R0167_1","42.0","59","465","실제 노출 로그 / 점수·순위는 실험용"
"XEt7TGKhady","Qw4zvSJSN6","H0419","R0419_1","41.0","60","717","실제 노출 로그 / 점수·순위는 실험용"
"XEmh30QT9k6","Qw4zvSJSN6","H0671","R0671_1","40.0","61","962","실제 노출 로그 / 점수·순위는 실험용"
"XE34jpMRK8G","Qw4zvSJSN6","H0923","R0923_1","39.0","62","213","실제 노출 로그 / 점수·순위는 실험용"
"XEzJH2TLr5B","Qw4zvSJSN6","H0111","R0111_1","38.0","63","297","실제 노출 로그 / 점수·순위는 실험용"
"XEcrb2jJ9nX","Qw4zvSJSN6","H0363","R0363_1","37.0","64","549","실제 노출 로그 / 점수·순위는 실험용"
"XE4UdL6l5Gw","Qw4zvSJSN6","H0615","R0615_1","36.0","65","801","실제 노출 로그 / 점수·순위는 실험용"
"XEaCoe3fcog","Qw4zvSJSN6","H0867","R0867_1","35.0","66","45","실제 노출 로그 / 점수·순위는 실험용"
"XE1OOXF7wMV","Qw4zvSJSN6","H0055","R0055_1","34.0","67","129","실제 노출 로그 / 점수·순위는 실험용"
"XE6v4sSrdBi","Qw4zvSJSN6","H0307","R0307_1","33.0","68","381","실제 노출 로그 / 점수·순위는 실험용"
"XEvqoAGy528","Qw4zvSJSN6","H0559","R0559_1","32.0","69","633","실제 노출 로그 / 점수·순위는 실험용"
"XEdltlXpEJ6","Qw4zvSJSN6","H0811","R0811_1","31.0","70","883","실제 노출 로그 / 점수·순위는 실험용"
"XEJQYge2WS0","Qw4zvSJSN6","H0250","R0250_1","30.0","71","190","실제 노출 로그 / 점수·순위는 실험용"
"XEziFLlaMJP","Qw4zvSJSN6","H0502","R0502_1","29.0","72","442","실제 노출 로그 / 점수·순위는 실험용"
"XEx3o8ehWes","Qw4zvSJSN6","H0754","R0754_1","28.0","73","694","실제 노출 로그 / 점수·순위는 실험용"
"XEFpnWZP4U6","Qw4zvSJSN6","H0194","R0194_1","27.0","74","22","실제 노출 로그 / 점수·순위는 실험용"
"XEy5MWRN6FP","Qw4zvSJSN6","H0446","R0446_1","26.0","75","274","실제 노출 로그 / 점수·순위는 실험용"
"XE1QgnlD3yh","Qw4zvSJSN6","H0698","R0698_1","25.0","76","526","실제 노출 로그 / 점수·순위는 실험용"
"XEU7xVQSP0n","Qw4zvSJSN6","H0950","R0950_1","24.0","77","778","실제 노출 로그 / 점수·순위는 실험용"
"XEfvzkPiIGK","Qw4zvSJSN6","H0138","R0138_1","23.0","78","861","실제 노출 로그 / 점수·순위는 실험용"
"XE4I3TFG6LH","Qw4zvSJSN6","H0390","R0390_1","22.0","79","106","실제 노출 로그 / 점수·순위는 실험용"
"XEl0cvDp8CU","Qw4zvSJSN6","H0642","R0642_1","21.0","80","358","실제 노출 로그 / 점수·순위는 실험용"
"XE0JdJ0VNrG","Qw4zvSJSN6","H0894","R0894_1","20.0","81","610","실제 노출 로그 / 점수·순위는 실험용"
"XEWIvHjhTrc","Qw4zvSJSN6","H0082","R0082_1","19.0","82","695","실제 노출 로그 / 점수·순위는 실험용"
"XEqGk5ISeMU","Qw4zvSJSN6","H0334","R0334_1","18.0","83","941","실제 노출 로그 / 점수·순위는 실험용"
"XE1bONtkP5s","Qw4zvSJSN6","H0586","R0586_1","17.0","84","191","실제 노출 로그 / 점수·순위는 실험용"
"XEE3jCPXjrF","Qw4zvSJSN6","H0838","R0838_1","16.0","85","443","실제 노출 로그 / 점수·순위는 실험용"
"XEl8pMQewVy","Qw4zvSJSN6","H0026","R0026_1","15.0","86","527","실제 노출 로그 / 점수·순위는 실험용"
"XEpr4bhH25f","Qw4zvSJSN6","H0278","R0278_1","14.0","87","779","실제 노출 로그 / 점수·순위는 실험용"
"XEqvB01fYPZ","Qw4zvSJSN6","H0530","R0530_1","13.0","88","23","실제 노출 로그 / 점수·순위는 실험용"
"XERwysIKick","Qw4zvSJSN6","H0782","R0782_1","12.0","89","275","실제 노출 로그 / 점수·순위는 실험용"
"XE4pYla1taF","Qw4zvSJSN6","H0222","R0222_1","11.0","90","611","실제 노출 로그 / 점수·순위는 실험용"
"XEoPzIUN17Z","Qw4zvSJSN6","H0474","R0474_1","10.0","91","862","실제 노출 로그 / 점수·순위는 실험용"
"XEPJLZp8ZOj","Qw4zvSJSN6","H0726","R0726_1","9.0","92","107","실제 노출 로그 / 점수·순위는 실험용"
"XE07759aYyW","Qw4zvSJSN6","H0978","R0978_1","8.0","93","359","실제 노출 로그 / 점수·순위는 실험용"
"XEkkrePmdKc","Qw4zvSJSN6","H0166","R0166_1","7.0","94","444","실제 노출 로그 / 점수·순위는 실험용"
"XEECEHCBeb6","Qw4zvSJSN6","H0418","R0418_1","6.0","95","696","실제 노출 로그 / 점수·순위는 실험용"
"XEJHmr56WP9","Qw4zvSJSN6","H0670","R0670_1","5.0","96","942","실제 노출 로그 / 점수·순위는 실험용"
"XEQhnYPoVY0","Qw4zvSJSN6","H0922","R0922_1","4.0","97","192","실제 노출 로그 / 점수·순위는 실험용"
"XEDicRrFmWz","Qw4zvSJSN6","H0110","R0110_1","3.0","98","276","실제 노출 로그 / 점수·순위는 실험용"
"XEMFCSSSswf","Qw4zvSJSN6","H0362","R0362_1","2.0","99","528","실제 노출 로그 / 점수·순위는 실험용"
"XE4E1x6gi6p","Qw4zvSJSN6","H0614","R0614_1","1.0","100","780","실제 노출 로그 / 점수·순위는 실험용"
"XE08lwBzxUT","Qw4zvSJSN6","H0866","R0866_1","0.0","101","24","실제 노출 로그 / 점수·순위는 실험용"
"XEFwjqeh3W2","Qw4zvSJSN6","H0054","R0054_1","0.0","102","108","실제 노출 로그 / 점수·순위는 실험용"
"XEqN19X3EOW","Qw4zvSJSN6","H0306","R0306_1","0.0","103","360","실제 노출 로그 / 점수·순위는 실험용"
"XEzKpuVmLHv","Qw4zvSJSN6","H0558","R0558_1","0.0","104","612","실제 노출 로그 / 점수·순위는 실험용"
"XEJ7XMUFb6D","Qw4zvSJSN6","H0810","R0810_1","0.0","105","863","실제 노출 로그 / 점수·순위는 실험용"
"XE1ky7sc7fy","Qw4zvSJSN6","H0809","R0809_1","0.0","106","841","실제 노출 로그 / 점수·순위는 실험용"
"XECx0tWI27m","Qw4zvSJSN6","H0249","R0249_1","0.0","107","169","실제 노출 로그 / 점수·순위는 실험용"
"XE98abfPoCF","Qw4zvSJSN6","H0501","R0501_1","0.0","108","421","실제 노출 로그 / 점수·순위는 실험용"
"XEjjpbHD6DG","Qw4zvSJSN6","H0753","R0753_1","0.0","109","673","실제 노출 로그 / 점수·순위는 실험용"
"XEdj8frwL5S","Qw4zvSJSN6","H0193","R0193_1","0.0","110","1","실제 노출 로그 / 점수·순위는 실험용"
"XEQ569jznva","Qw4zvSJSN6","H0445","R0445_1","0.0","111","253","실제 노출 로그 / 점수·순위는 실험용"
"XEinITDk4JL","Qw4zvSJSN6","H0697","R0697_1","0.0","112","505","실제 노출 로그 / 점수·순위는 실험용"
"XETPP7ZFsUi","Qw4zvSJSN6","H0949","R0949_1","0.0","113","757","실제 노출 로그 / 점수·순위는 실험용"
"XECWEoLFyjs","Qw4zvSJSN6","H0137","R0137_1","0.0","114","842","실제 노출 로그 / 점수·순위는 실험용"
"XE7E2hAiKn9","Qw4zvSJSN6","H0389","R0389_1","0.0","115","85","실제 노출 로그 / 점수·순위는 실험용"
"XEaPUWnxzOY","Qw4zvSJSN6","H0641","R0641_1","0.0","116","337","실제 노출 로그 / 점수·순위는 실험용"
"XElh2XceEbx","Qw4zvSJSN6","H0893","R0893_1","0.0","117","589","실제 노출 로그 / 점수·순위는 실험용"
"XESJdr2kMH5","Qw4zvSJSN6","H0081","R0081_1","0.0","118","674","실제 노출 로그 / 점수·순위는 실험용"
"XECHIHMB5sy","Qw4zvSJSN6","H0333","R0333_1","0.0","119","921","실제 노출 로그 / 점수·순위는 실험용"
"XE0ARSuwevV","Qw4zvSJSN6","H0585","R0585_1","0.0","120","170","실제 노출 로그 / 점수·순위는 실험용"
"XEyWNRZiEPT","Qw4zvSJSN6","H0837","R0837_1","0.0","121","422","실제 노출 로그 / 점수·순위는 실험용"
"XESkVzA6l0A","Qw4zvSJSN6","H0025","R0025_1","0.0","122","506","실제 노출 로그 / 점수·순위는 실험용"
"XEi0fES3Amb","Qw4zvSJSN6","H0277","R0277_1","0.0","123","758","실제 노출 로그 / 점수·순위는 실험용"
"XE1ZLpMuzQD","Qw4zvSJSN6","H0529","R0529_1","0.0","124","2","실제 노출 로그 / 점수·순위는 실험용"
"XEIizFWj0DX","Qw4zvSJSN6","H0781","R0781_1","0.0","125","254","실제 노출 로그 / 점수·순위는 실험용"
"XECjbmUThKH","Qw4zvSJSN6","H0221","R0221_1","0.0","126","590","실제 노출 로그 / 점수·순위는 실험용"
"XEiJi2O03bw","Qw4zvSJSN6","H0473","R0473_1","0.0","127","843","실제 노출 로그 / 점수·순위는 실험용"
"XECNWvDyLcU","Qw4zvSJSN6","H0725","R0725_1","0.0","128","86","실제 노출 로그 / 점수·순위는 실험용"
"XEDkmL6cVxg","Qw4zvSJSN6","H0977","R0977_1","0.0","129","338","실제 노출 로그 / 점수·순위는 실험용"
"XEb4t90e0bG","Qw4zvSJSN6","H0165","R0165_1","0.0","130","423","실제 노출 로그 / 점수·순위는 실험용"
"XE7Mjc5sMVV","Qw4zvSJSN6","H0417","R0417_1","0.0","131","675","실제 노출 로그 / 점수·순위는 실험용"
"XEmsIdxzLMN","Qw4zvSJSN6","H0669","R0669_1","0.0","132","922","실제 노출 로그 / 점수·순위는 실험용"
"XE26C9xa3xv","Qw4zvSJSN6","H0921","R0921_1","0.0","133","171","실제 노출 로그 / 점수·순위는 실험용"
"XEuCt8qCMRz","Qw4zvSJSN6","H0109","R0109_1","0.0","134","255","실제 노출 로그 / 점수·순위는 실험용"
"XEWwnKh4rUw","Qw4zvSJSN6","H0361","R0361_1","0.0","135","507","실제 노출 로그 / 점수·순위는 실험용"
"XEcuuaxfcj5","Qw4zvSJSN6","H0613","R0613_1","0.0","136","759","실제 노출 로그 / 점수·순위는 실험용"
"XEbk7CNw2ym","Qw4zvSJSN6","H0865","R0865_1","0.0","137","3","실제 노출 로그 / 점수·순위는 실험용"
"XESFqcX1QOW","Qw4zvSJSN6","H0053","R0053_1","0.0","138","87","실제 노출 로그 / 점수·순위는 실험용"
"XEwCxRXPUXH","Qw4zvSJSN6","H0305","R0305_1","0.0","139","339","실제 노출 로그 / 점수·순위는 실험용"
"XEibM6pmk8B","Qw4zvSJSN6","H0557","R0557_1","0.0","140","591","실제 노출 로그 / 점수·순위는 실험용"
"XEEfo62fmXd","Qw4zvSJSN6","H0304","R0304_1","0.0","141","319","실제 노출 로그 / 점수·순위는 실험용"
"XE5ENykilfx","Qw4zvSJSN6","H0556","R0556_1","0.0","142","571","실제 노출 로그 / 점수·순위는 실험용"
"XEdJE7xGZN0","Qw4zvSJSN6","H0808","R0808_1","0.0","143","823","실제 노출 로그 / 점수·순위는 실험용"
"XEfTPfkizy7","Qw4zvSJSN6","H0248","R0248_1","0.0","144","151","실제 노출 로그 / 점수·순위는 실험용"
"XENi4WpqNl8","Qw4zvSJSN6","H0500","R0500_1","0.0","145","403","실제 노출 로그 / 점수·순위는 실험용"
"XEF43OJD5gV","Qw4zvSJSN6","H0752","R0752_1","0.0","146","655","실제 노출 로그 / 점수·순위는 실험용"
"XEbBjbYIZfY","Qw4zvSJSN6","H0192","R0192_1","0.0","147","983","실제 노출 로그 / 점수·순위는 실험용"
"XEAFGHOaukt","Qw4zvSJSN6","H0444","R0444_1","0.0","148","235","실제 노출 로그 / 점수·순위는 실험용"
"XEV7w70QoSs","Qw4zvSJSN6","H0696","R0696_1","0.0","149","487","실제 노출 로그 / 점수·순위는 실험용"
"XETHv55z0IP","Qw4zvSJSN6","H0948","R0948_1","0.0","150","739","실제 노출 로그 / 점수·순위는 실험용"
"XE2HVnX3895","Qw4zvSJSN6","H0136","R0136_1","0.0","151","824","실제 노출 로그 / 점수·순위는 실험용"
"XEXA7bbqnr7","Qw4zvSJSN6","H0388","R0388_1","0.0","152","67","실제 노출 로그 / 점수·순위는 실험용"
"XEJ5mqM9Gl7","Qw4zvSJSN6","H0640","R0640_1","0.0","153","320","실제 노출 로그 / 점수·순위는 실험용"
"XEevj1yvUFX","Qw4zvSJSN6","H0892","R0892_1","0.0","154","572","실제 노출 로그 / 점수·순위는 실험용"
"XENpaZmABbO","Qw4zvSJSN6","H0080","R0080_1","0.0","155","656","실제 노출 로그 / 점수·순위는 실험용"
"XElGEzsW0r6","Qw4zvSJSN6","H0332","R0332_1","0.0","156","904","실제 노출 로그 / 점수·순위는 실험용"
"XEOU6UiTYFC","Qw4zvSJSN6","H0584","R0584_1","0.0","157","152","실제 노출 로그 / 점수·순위는 실험용"
"XEv9ftiM22G","Qw4zvSJSN6","H0836","R0836_1","0.0","158","404","실제 노출 로그 / 점수·순위는 실험용"
"XEpqqscZDEu","Qw4zvSJSN6","H0024","R0024_1","0.0","159","488","실제 노출 로그 / 점수·순위는 실험용"
"XEHA5krPS45","Qw4zvSJSN6","H0276","R0276_1","0.0","160","740","실제 노출 로그 / 점수·순위는 실험용"
"XEMjjnsmDyA","Qw4zvSJSN6","H0528","R0528_1","0.0","161","984","실제 노출 로그 / 점수·순위는 실험용"
"XEpfNw3K9DK","Qw4zvSJSN6","H0780","R0780_1","0.0","162","236","실제 노출 로그 / 점수·순위는 실험용"
"XE7j6UTCRLx","Qw4zvSJSN6","H0220","R0220_1","0.0","163","573","실제 노출 로그 / 점수·순위는 실험용"
"XESQJzTvIMV","Qw4zvSJSN6","H0472","R0472_1","0.0","164","825","실제 노출 로그 / 점수·순위는 실험용"
"XEtN1ialegV","Qw4zvSJSN6","H0724","R0724_1","0.0","165","68","실제 노출 로그 / 점수·순위는 실험용"
"XE7GJ6vOsDL","Qw4zvSJSN6","H0976","R0976_1","0.0","166","321","실제 노출 로그 / 점수·순위는 실험용"
"XEnd2EKnI6J","Qw4zvSJSN6","H0164","R0164_1","0.0","167","405","실제 노출 로그 / 점수·순위는 실험용"
"XEWXD4HRQHo","Qw4zvSJSN6","H0416","R0416_1","0.0","168","657","실제 노출 로그 / 점수·순위는 실험용"
"XEyNT7wmF7S","Qw4zvSJSN6","H0668","R0668_1","0.0","169","905","실제 노출 로그 / 점수·순위는 실험용"
"XELrdiwJOsE","Qw4zvSJSN6","H0920","R0920_1","0.0","170","153","실제 노출 로그 / 점수·순위는 실험용"
"XErpLGuKaTC","Qw4zvSJSN6","H0108","R0108_1","0.0","171","237","실제 노출 로그 / 점수·순위는 실험용"
"XEq7fH711r6","Qw4zvSJSN6","H0360","R0360_1","0.0","172","489","실제 노출 로그 / 점수·순위는 실험용"
"XEXdr31Vro4","Qw4zvSJSN6","H0612","R0612_1","0.0","173","741","실제 노출 로그 / 점수·순위는 실험용"
"XE1WbgS8g7R","Qw4zvSJSN6","H0864","R0864_1","0.0","174","985","실제 노출 로그 / 점수·순위는 실험용"
"XEs17t4B1YP","Qw4zvSJSN6","H0052","R0052_1","0.0","175","69","실제 노출 로그 / 점수·순위는 실험용"
"XEbSnxuTlVG","Qw4zvSJSN6","H0051","R0051_1","0.0","176","46","실제 노출 로그 / 점수·순위는 실험용"
"XEon6Wj0uF4","Qw4zvSJSN6","H0303","R0303_1","0.0","177","298","실제 노출 로그 / 점수·순위는 실험용"
"XEU5e6SxPgC","Qw4zvSJSN6","H0555","R0555_1","0.0","178","550","실제 노출 로그 / 점수·순위는 실험용"
"XESf3kjY6PP","Qw4zvSJSN6","H0807","R0807_1","0.0","179","802","실제 노출 로그 / 점수·순위는 실험용"
"XEtregU0f0t","Qw4zvSJSN6","H0247","R0247_1","0.0","180","130","실제 노출 로그 / 점수·순위는 실험용"
"XEYMtSz2IDm","Qw4zvSJSN6","H0499","R0499_1","0.0","181","382","실제 노출 로그 / 점수·순위는 실험용"
"XEFQ4p7QlRq","Qw4zvSJSN6","H0751","R0751_1","0.0","182","634","실제 노출 로그 / 점수·순위는 실험용"
"XEi4wbz6RXT","Qw4zvSJSN6","H0191","R0191_1","0.0","183","963","실제 노출 로그 / 점수·순위는 실험용"
"XEQInHfLXkw","Qw4zvSJSN6","H0443","R0443_1","0.0","184","214","실제 노출 로그 / 점수·순위는 실험용"
"XEkZ9Mjbcgv","Qw4zvSJSN6","H0695","R0695_1","0.0","185","466","실제 노출 로그 / 점수·순위는 실험용"
"XE1B4ak32Hi","Qw4zvSJSN6","H0947","R0947_1","0.0","186","718","실제 노출 로그 / 점수·순위는 실험용"
"XEUmwtHyGFy","Qw4zvSJSN6","H0135","R0135_1","0.0","187","803","실제 노출 로그 / 점수·순위는 실험용"
"XEacGfMj4Sd","Qw4zvSJSN6","H0387","R0387_1","0.0","188","47","실제 노출 로그 / 점수·순위는 실험용"
"XEEOq9RnrLO","Qw4zvSJSN6","H0639","R0639_1","0.0","189","299","실제 노출 로그 / 점수·순위는 실험용"
"XEP6wrp5L29","Qw4zvSJSN6","H0891","R0891_1","0.0","190","551","실제 노출 로그 / 점수·순위는 실험용"
"XEokdS3brZf","Qw4zvSJSN6","H0079","R0079_1","0.0","191","635","실제 노출 로그 / 점수·순위는 실험용"
"XE7J4kf1Ha7","Qw4zvSJSN6","H0331","R0331_1","0.0","192","884","실제 노출 로그 / 점수·순위는 실험용"
"XE1n3vuhtgH","Qw4zvSJSN6","H0583","R0583_1","0.0","193","131","실제 노출 로그 / 점수·순위는 실험용"
"XENpw5O5Egu","Qw4zvSJSN6","H0835","R0835_1","0.0","194","383","실제 노출 로그 / 점수·순위는 실험용"
"XE8Nokj21jz","Qw4zvSJSN6","H0023","R0023_1","0.0","195","467","실제 노출 로그 / 점수·순위는 실험용"
"XEd7YRRu1iK","Qw4zvSJSN6","H0275","R0275_1","0.0","196","719","실제 노출 로그 / 점수·순위는 실험용"
"XEe6kd0VGVH","Qw4zvSJSN6","H0527","R0527_1","0.0","197","964","실제 노출 로그 / 점수·순위는 실험용"
"XEeMsApeQPI","Qw4zvSJSN6","H0779","R0779_1","0.0","198","215","실제 노출 로그 / 점수·순위는 실험용"
"XEhW5v1QzK6","Qw4zvSJSN6","H0219","R0219_1","0.0","199","552","실제 노출 로그 / 점수·순위는 실험용"
"XEcbB5e33Pa","Qw4zvSJSN6","H0471","R0471_1","0.0","200","804","실제 노출 로그 / 점수·순위는 실험용"
"XEK0V79gpSW","Qw4zvSJSN6","H0723","R0723_1","0.0","201","48","실제 노출 로그 / 점수·순위는 실험용"
"XE1jrWfGwz1","Qw4zvSJSN6","H0975","R0975_1","0.0","202","300","실제 노출 로그 / 점수·순위는 실험용"
"XEZdIwZwRIg","Qw4zvSJSN6","H0163","R0163_1","0.0","203","384","실제 노출 로그 / 점수·순위는 실험용"
"XEnMaDCcj4r","Qw4zvSJSN6","H0415","R0415_1","0.0","204","636","실제 노출 로그 / 점수·순위는 실험용"
"XECZFa3JoAK","Qw4zvSJSN6","H0667","R0667_1","0.0","205","885","실제 노출 로그 / 점수·순위는 실험용"
"XE1wY7D0lr4","Qw4zvSJSN6","H0919","R0919_1","0.0","206","132","실제 노출 로그 / 점수·순위는 실험용"
"XEOfQNep5UD","Qw4zvSJSN6","H0107","R0107_1","0.0","207","216","실제 노출 로그 / 점수·순위는 실험용"
"XEtgf1c1Wsv","Qw4zvSJSN6","H0359","R0359_1","0.0","208","468","실제 노출 로그 / 점수·순위는 실험용"
"XE6h1CRZv6X","Qw4zvSJSN6","H0611","R0611_1","0.0","209","720","실제 노출 로그 / 점수·순위는 실험용"
"XEohpz1x2w9","Qw4zvSJSN6","H0863","R0863_1","0.0","210","965","실제 노출 로그 / 점수·순위는 실험용"
"XEdf0aroS43","Qw4zvSJSN6","H0050","R0050_1","0.0","211","25","실제 노출 로그 / 점수·순위는 실험용"
"XEm3ni768F5","Qw4zvSJSN6","H0302","R0302_1","0.0","212","277","실제 노출 로그 / 점수·순위는 실험용"
"XEvP3f0OiRJ","Qw4zvSJSN6","H0554","R0554_1","0.0","213","529","실제 노출 로그 / 점수·순위는 실험용"
"XEB7nl4Ouw8","Qw4zvSJSN6","H0806","R0806_1","0.0","214","781","실제 노출 로그 / 점수·순위는 실험용"
"XEF82hmAHCC","Qw4zvSJSN6","H0246","R0246_1","0.0","215","109","실제 노출 로그 / 점수·순위는 실험용"
"XElZknXT6CU","Qw4zvSJSN6","H0498","R0498_1","0.0","216","361","실제 노출 로그 / 점수·순위는 실험용"
"XEIhrxwM0FP","Qw4zvSJSN6","H0750","R0750_1","0.0","217","613","실제 노출 로그 / 점수·순위는 실험용"
"XE3ZOvifpwa","Qw4zvSJSN6","H0190","R0190_1","0.0","218","943","실제 노출 로그 / 점수·순위는 실험용"
"XEAVKDt7mR0","Qw4zvSJSN6","H0442","R0442_1","0.0","219","193","실제 노출 로그 / 점수·순위는 실험용"
"XEJunZKxdIZ","Qw4zvSJSN6","H0694","R0694_1","0.0","220","445","실제 노출 로그 / 점수·순위는 실험용"
"XELvGAoC6Oi","Qw4zvSJSN6","H0946","R0946_1","0.0","221","697","실제 노출 로그 / 점수·순위는 실험용"
"XEEKXm5Y1Ip","Qw4zvSJSN6","H0134","R0134_1","0.0","222","782","실제 노출 로그 / 점수·순위는 실험용"
"XE6PuN9zH3b","Qw4zvSJSN6","H0386","R0386_1","0.0","223","26","실제 노출 로그 / 점수·순위는 실험용"
"XEKFe4wHb0z","Qw4zvSJSN6","H0638","R0638_1","0.0","224","278","실제 노출 로그 / 점수·순위는 실험용"
"XE1z4oYrzNz","Qw4zvSJSN6","H0890","R0890_1","0.0","225","530","실제 노출 로그 / 점수·순위는 실험용"
"XEpQq4DWEhu","Qw4zvSJSN6","H0078","R0078_1","0.0","226","614","실제 노출 로그 / 점수·순위는 실험용"
"XEuNzPj5Suw","Qw4zvSJSN6","H0330","R0330_1","0.0","227","864","실제 노출 로그 / 점수·순위는 실험용"
"XEH9Dk0hgWc","Qw4zvSJSN6","H0582","R0582_1","0.0","228","110","실제 노출 로그 / 점수·순위는 실험용"
"XEthuCADnVw","Qw4zvSJSN6","H0834","R0834_1","0.0","229","362","실제 노출 로그 / 점수·순위는 실험용"
"XE6kgp1a0X7","Qw4zvSJSN6","H0022","R0022_1","0.0","230","446","실제 노출 로그 / 점수·순위는 실험용"
"XEjkKIrwdR5","Qw4zvSJSN6","H0274","R0274_1","0.0","231","698","실제 노출 로그 / 점수·순위는 실험용"
"XEDOPv2eN2s","Qw4zvSJSN6","H0526","R0526_1","0.0","232","944","실제 노출 로그 / 점수·순위는 실험용"
"XEAKJGzn8Tk","Qw4zvSJSN6","H0778","R0778_1","0.0","233","194","실제 노출 로그 / 점수·순위는 실험용"
"XEtQI6mzkI6","Qw4zvSJSN6","H0218","R0218_1","0.0","234","531","실제 노출 로그 / 점수·순위는 실험용"
"XErGgFKNBIz","Qw4zvSJSN6","H0470","R0470_1","0.0","235","783","실제 노출 로그 / 점수·순위는 실험용"
"XEfKWjNTIHB","Qw4zvSJSN6","H0722","R0722_1","0.0","236","27","실제 노출 로그 / 점수·순위는 실험용"
"XE8Wvic0PFm","Qw4zvSJSN6","H0974","R0974_1","0.0","237","279","실제 노출 로그 / 점수·순위는 실험용"
"XE07SMVEvjH","Qw4zvSJSN6","H0162","R0162_1","0.0","238","363","실제 노출 로그 / 점수·순위는 실험용"
"XE5xzOZGZ9u","Qw4zvSJSN6","H0414","R0414_1","0.0","239","615","실제 노출 로그 / 점수·순위는 실험용"
"XE23oSabQ7p","Qw4zvSJSN6","H0666","R0666_1","0.0","240","865","실제 노출 로그 / 점수·순위는 실험용"
"XENiUrM9LJ0","Qw4zvSJSN6","H0918","R0918_1","0.0","241","111","실제 노출 로그 / 점수·순위는 실험용"
"XEOtm3NJVD4","Qw4zvSJSN6","H0106","R0106_1","0.0","242","195","실제 노출 로그 / 점수·순위는 실험용"
"XE6HcexaVpl","Qw4zvSJSN6","H0358","R0358_1","0.0","243","447","실제 노출 로그 / 점수·순위는 실험용"
"XE8xRUOTbPx","Qw4zvSJSN6","H0610","R0610_1","0.0","244","699","실제 노출 로그 / 점수·순위는 실험용"
"XEM2UTASN5T","Qw4zvSJSN6","H0862","R0862_1","0.0","245","945","실제 노출 로그 / 점수·순위는 실험용"
"XEsi2yXG1hm","Qw4zvSJSN6","H0049","R0049_1","0.0","246","4","실제 노출 로그 / 점수·순위는 실험용"
"XE6vo1fkgkD","Qw4zvSJSN6","H0301","R0301_1","0.0","247","256","실제 노출 로그 / 점수·순위는 실험용"
"XELBLgrXGTf","Qw4zvSJSN6","H0553","R0553_1","0.0","248","508","실제 노출 로그 / 점수·순위는 실험용"
"XEhJ1GCFtRX","Qw4zvSJSN6","H0805","R0805_1","0.0","249","760","실제 노출 로그 / 점수·순위는 실험용"
"XEt53HO2DQY","Qw4zvSJSN6","H0245","R0245_1","0.0","250","88","실제 노출 로그 / 점수·순위는 실험용"
"XEZRLJSUJe7","Qw4zvSJSN6","H0497","R0497_1","0.0","251","340","실제 노출 로그 / 점수·순위는 실험용"
"XEIzPRZe0OO","Qw4zvSJSN6","H0749","R0749_1","0.0","252","592","실제 노출 로그 / 점수·순위는 실험용"
"XEw8fg0fwj3","Qw4zvSJSN6","H0189","R0189_1","0.0","253","923","실제 노출 로그 / 점수·순위는 실험용"
"XEeO92K2r4h","Qw4zvSJSN6","H0441","R0441_1","0.0","254","172","실제 노출 로그 / 점수·순위는 실험용"
"XEqA9OJQy16","Qw4zvSJSN6","H0693","R0693_1","0.0","255","424","실제 노출 로그 / 점수·순위는 실험용"
"XEhGOh0P4gh","Qw4zvSJSN6","H0945","R0945_1","0.0","256","676","실제 노출 로그 / 점수·순위는 실험용"
"XEFi0G557X8","Qw4zvSJSN6","H0133","R0133_1","0.0","257","761","실제 노출 로그 / 점수·순위는 실험용"
"XEI5kHeqnTv","Qw4zvSJSN6","H0385","R0385_1","0.0","258","5","실제 노출 로그 / 점수·순위는 실험용"
"XEz7Bdx59tv","Qw4zvSJSN6","H0637","R0637_1","0.0","259","257","실제 노출 로그 / 점수·순위는 실험용"
"XEdS4z3ZJny","Qw4zvSJSN6","H0889","R0889_1","0.0","260","509","실제 노출 로그 / 점수·순위는 실험용"
"XEl9GL12IMw","Qw4zvSJSN6","H0077","R0077_1","0.0","261","593","실제 노출 로그 / 점수·순위는 실험용"
"XE4VXwNsHyL","Qw4zvSJSN6","H0329","R0329_1","0.0","262","844","실제 노출 로그 / 점수·순위는 실험용"
"XEkmlu4wOwF","Qw4zvSJSN6","H0581","R0581_1","0.0","263","89","실제 노출 로그 / 점수·순위는 실험용"
"XE4nbSZBIcR","Qw4zvSJSN6","H0833","R0833_1","0.0","264","341","실제 노출 로그 / 점수·순위는 실험용"
"XEdlsuj326Y","Qw4zvSJSN6","H0021","R0021_1","0.0","265","425","실제 노출 로그 / 점수·순위는 실험용"
"XEKowZ4fbGO","Qw4zvSJSN6","H0273","R0273_1","0.0","266","677","실제 노출 로그 / 점수·순위는 실험용"
"XECJKyTwdl0","Qw4zvSJSN6","H0525","R0525_1","0.0","267","924","실제 노출 로그 / 점수·순위는 실험용"
"XE6NYP810nH","Qw4zvSJSN6","H0777","R0777_1","0.0","268","173","실제 노출 로그 / 점수·순위는 실험용"
"XEzFNrG3jmD","Qw4zvSJSN6","H0217","R0217_1","0.0","269","510","실제 노출 로그 / 점수·순위는 실험용"
"XEIW89pX3yB","Qw4zvSJSN6","H0469","R0469_1","0.0","270","762","실제 노출 로그 / 점수·순위는 실험용"
"XE5wZHK3g0D","Qw4zvSJSN6","H0721","R0721_1","0.0","271","6","실제 노출 로그 / 점수·순위는 실험용"
"XEBnVZddvWN","Qw4zvSJSN6","H0973","R0973_1","0.0","272","258","실제 노출 로그 / 점수·순위는 실험용"
"XEFKxDJKCew","Qw4zvSJSN6","H0161","R0161_1","0.0","273","342","실제 노출 로그 / 점수·순위는 실험용"
"XESyKguLzQr","Qw4zvSJSN6","H0413","R0413_1","0.0","274","594","실제 노출 로그 / 점수·순위는 실험용"
"XEZVWBRVBxn","Qw4zvSJSN6","H0665","R0665_1","0.0","275","845","실제 노출 로그 / 점수·순위는 실험용"
"XEQbBT4VGbs","Qw4zvSJSN6","H0917","R0917_1","0.0","276","90","실제 노출 로그 / 점수·순위는 실험용"
"XE7XD0kzRcx","Qw4zvSJSN6","H0105","R0105_1","0.0","277","174","실제 노출 로그 / 점수·순위는 실험용"
"XEquje7z72L","Qw4zvSJSN6","H0357","R0357_1","0.0","278","426","실제 노출 로그 / 점수·순위는 실험용"
"XEXQyCPu42P","Qw4zvSJSN6","H0609","R0609_1","0.0","279","678","실제 노출 로그 / 점수·순위는 실험용"
"XElvrLNlF1L","Qw4zvSJSN6","H0861","R0861_1","0.0","280","925","실제 노출 로그 / 점수·순위는 실험용"
"XEuX5hLerXI","Qw4zvSJSN6","H0048","R0048_1","0.0","281","986","실제 노출 로그 / 점수·순위는 실험용"
"XEAcRseR3cA","Qw4zvSJSN6","H0300","R0300_1","0.0","282","238","실제 노출 로그 / 점수·순위는 실험용"
"XEV5rJxZTnV","Qw4zvSJSN6","H0552","R0552_1","0.0","283","490","실제 노출 로그 / 점수·순위는 실험용"
"XEvmtOegTFb","Qw4zvSJSN6","H0804","R0804_1","0.0","284","742","실제 노출 로그 / 점수·순위는 실험용"
"XEL0lCAabkF","Qw4zvSJSN6","H0244","R0244_1","0.0","285","70","실제 노출 로그 / 점수·순위는 실험용"
"XExatbW9TSs","Qw4zvSJSN6","H0496","R0496_1","0.0","286","322","실제 노출 로그 / 점수·순위는 실험용"
"XEC0KpVo0xe","Qw4zvSJSN6","H0748","R0748_1","0.0","287","574","실제 노출 로그 / 점수·순위는 실험용"
"XEHd13P3Ysp","Qw4zvSJSN6","H1000","R1000_1","0.0","288","826","실제 노출 로그 / 점수·순위는 실험용"
"XEldY68Yyr9","Qw4zvSJSN6","H0188","R0188_1","0.0","289","906","실제 노출 로그 / 점수·순위는 실험용"
"XEnwlrC8Jul","Qw4zvSJSN6","H0440","R0440_1","0.0","290","154","실제 노출 로그 / 점수·순위는 실험용"
"XEg1LBD5j2L","Qw4zvSJSN6","H0692","R0692_1","0.0","291","406","실제 노출 로그 / 점수·순위는 실험용"
"XEwHoFI9x2V","Qw4zvSJSN6","H0944","R0944_1","0.0","292","658","실제 노출 로그 / 점수·순위는 실험용"
"XEnTp5NFPDS","Qw4zvSJSN6","H0132","R0132_1","0.0","293","743","실제 노출 로그 / 점수·순위는 실험용"
"XEE7v3hyF2Z","Qw4zvSJSN6","H0384","R0384_1","0.0","294","987","실제 노출 로그 / 점수·순위는 실험용"
"XEB89vKXVcM","Qw4zvSJSN6","H0636","R0636_1","0.0","295","239","실제 노출 로그 / 점수·순위는 실험용"
"XEQBt7boZMI","Qw4zvSJSN6","H0888","R0888_1","0.0","296","491","실제 노출 로그 / 점수·순위는 실험용"
"XEdg6Y100gD","Qw4zvSJSN6","H0076","R0076_1","0.0","297","575","실제 노출 로그 / 점수·순위는 실험용"
"XE5ghfITeD0","Qw4zvSJSN6","H0328","R0328_1","0.0","298","827","실제 노출 로그 / 점수·순위는 실험용"
"XEWcDR33dwb","Qw4zvSJSN6","H0580","R0580_1","0.0","299","71","실제 노출 로그 / 점수·순위는 실험용"
"XECqbmstIsX","Qw4zvSJSN6","H0832","R0832_1","0.0","300","323","실제 노출 로그 / 점수·순위는 실험용"
"XEOm2QvZO54","Qw4zvSJSN6","H0020","R0020_1","0.0","301","407","실제 노출 로그 / 점수·순위는 실험용"
"XERqaaQpKc8","Qw4zvSJSN6","H0272","R0272_1","0.0","302","659","실제 노출 로그 / 점수·순위는 실험용"
"XEhomf63ihj","Qw4zvSJSN6","H0524","R0524_1","0.0","303","907","실제 노출 로그 / 점수·순위는 실험용"
"XESkta8baoD","Qw4zvSJSN6","H0776","R0776_1","0.0","304","155","실제 노출 로그 / 점수·순위는 실험용"
"XEOcif3i1Hb","Qw4zvSJSN6","H0216","R0216_1","0.0","305","492","실제 노출 로그 / 점수·순위는 실험용"
"XEJ77YXG2dF","Qw4zvSJSN6","H0468","R0468_1","0.0","306","744","실제 노출 로그 / 점수·순위는 실험용"
"XEb0VEhmJqa","Qw4zvSJSN6","H0720","R0720_1","0.0","307","988","실제 노출 로그 / 점수·순위는 실험용"
"XENnRN58a0H","Qw4zvSJSN6","H0972","R0972_1","0.0","308","240","실제 노출 로그 / 점수·순위는 실험용"
"XEXj9ft19Ew","Qw4zvSJSN6","H0160","R0160_1","0.0","309","324","실제 노출 로그 / 점수·순위는 실험용"
"XED0yaW3rFc","Qw4zvSJSN6","H0412","R0412_1","0.0","310","576","실제 노출 로그 / 점수·순위는 실험용"
"XE2W8Ry52QE","Qw4zvSJSN6","H0664","R0664_1","0.0","311","828","실제 노출 로그 / 점수·순위는 실험용"
"XEdWVVqVC9Z","Qw4zvSJSN6","H0916","R0916_1","0.0","312","72","실제 노출 로그 / 점수·순위는 실험용"
"XEWX2G4KC55","Qw4zvSJSN6","H0104","R0104_1","0.0","313","156","실제 노출 로그 / 점수·순위는 실험용"
"XEPv7HI3m0n","Qw4zvSJSN6","H0356","R0356_1","0.0","314","408","실제 노출 로그 / 점수·순위는 실험용"
"XEOJmxKQGIm","Qw4zvSJSN6","H0608","R0608_1","0.0","315","660","실제 노출 로그 / 점수·순위는 실험용"
"XE5UcVHP7nB","Qw4zvSJSN6","H0860","R0860_1","0.0","316","908","실제 노출 로그 / 점수·순위는 실험용"
"XEtcFt9M7tc","Qw4zvSJSN6","H0607","R0607_1","0.0","317","637","실제 노출 로그 / 점수·순위는 실험용"
"XEbnh7Kr4l4","Qw4zvSJSN6","H0859","R0859_1","0.0","318","886","실제 노출 로그 / 점수·순위는 실험용"
"XEizy7PswD7","Qw4zvSJSN6","H0047","R0047_1","0.0","319","966","실제 노출 로그 / 점수·순위는 실험용"
"XEicJhDkoDT","Qw4zvSJSN6","H0299","R0299_1","0.0","320","217","실제 노출 로그 / 점수·순위는 실험용"
"XEyvF3kZUPu","Qw4zvSJSN6","H0551","R0551_1","0.0","321","469","실제 노출 로그 / 점수·순위는 실험용"
"XEje72dVJRm","Qw4zvSJSN6","H0803","R0803_1","0.0","322","721","실제 노출 로그 / 점수·순위는 실험용"
"XE3mfOoK4y9","Qw4zvSJSN6","H0243","R0243_1","0.0","323","49","실제 노출 로그 / 점수·순위는 실험용"
"XEMTcPeOBGN","Qw4zvSJSN6","H0495","R0495_1","0.0","324","301","실제 노출 로그 / 점수·순위는 실험용"
"XEPsrCv3y0P","Qw4zvSJSN6","H0747","R0747_1","0.0","325","553","실제 노출 로그 / 점수·순위는 실험용"
"XEI4RI5Yotv","Qw4zvSJSN6","H0999","R0999_1","0.0","326","805","실제 노출 로그 / 점수·순위는 실험용"
"XEMjjJFE1ZA","Qw4zvSJSN6","H0187","R0187_1","0.0","327","887","실제 노출 로그 / 점수·순위는 실험용"
"XEHydOFp88a","Qw4zvSJSN6","H0439","R0439_1","0.0","328","133","실제 노출 로그 / 점수·순위는 실험용"
"XESUvbdcpan","Qw4zvSJSN6","H0691","R0691_1","0.0","329","385","실제 노출 로그 / 점수·순위는 실험용"
"XE4ri1D7287","Qw4zvSJSN6","H0943","R0943_1","0.0","330","638","실제 노출 로그 / 점수·순위는 실험용"
"XEVaRxWiG7G","Qw4zvSJSN6","H0131","R0131_1","0.0","331","722","실제 노출 로그 / 점수·순위는 실험용"
"XEB5MFZT5i5","Qw4zvSJSN6","H0383","R0383_1","0.0","332","967","실제 노출 로그 / 점수·순위는 실험용"
"XEOYBIl1mtJ","Qw4zvSJSN6","H0635","R0635_1","0.0","333","218","실제 노출 로그 / 점수·순위는 실험용"
"XETg95vdbcA","Qw4zvSJSN6","H0887","R0887_1","0.0","334","470","실제 노출 로그 / 점수·순위는 실험용"
"XEzfmK2TJ7A","Qw4zvSJSN6","H0075","R0075_1","0.0","335","554","실제 노출 로그 / 점수·순위는 실험용"
"XEOP4ZXwVdY","Qw4zvSJSN6","H0327","R0327_1","0.0","336","806","실제 노출 로그 / 점수·순위는 실험용"
"XE7H0NtKiJZ","Qw4zvSJSN6","H0579","R0579_1","0.0","337","50","실제 노출 로그 / 점수·순위는 실험용"
"XE2LlSY70Kj","Qw4zvSJSN6","H0831","R0831_1","0.0","338","302","실제 노출 로그 / 점수·순위는 실험용"
"XEDU2ekdALB","Qw4zvSJSN6","H0019","R0019_1","0.0","339","386","실제 노출 로그 / 점수·순위는 실험용"
"XEAWtHJpRNK","Qw4zvSJSN6","H0271","R0271_1","0.0","340","639","실제 노출 로그 / 점수·순위는 실험용"
"XEShy18TrtK","Qw4zvSJSN6","H0523","R0523_1","0.0","341","888","실제 노출 로그 / 점수·순위는 실험용"
"XEy0K35P65Y","Qw4zvSJSN6","H0775","R0775_1","0.0","342","134","실제 노출 로그 / 점수·순위는 실험용"
"XEy5vW72YAQ","Qw4zvSJSN6","H0215","R0215_1","0.0","343","471","실제 노출 로그 / 점수·순위는 실험용"
"XEJ80J57MBs","Qw4zvSJSN6","H0467","R0467_1","0.0","344","723","실제 노출 로그 / 점수·순위는 실험용"
"XED3g6ZlHn4","Qw4zvSJSN6","H0719","R0719_1","0.0","345","968","실제 노출 로그 / 점수·순위는 실험용"
"XEeg40seyW8","Qw4zvSJSN6","H0971","R0971_1","0.0","346","219","실제 노출 로그 / 점수·순위는 실험용"
"XEK8VAnbIET","Qw4zvSJSN6","H0159","R0159_1","0.0","347","303","실제 노출 로그 / 점수·순위는 실험용"
"XEYdVzPGPrz","Qw4zvSJSN6","H0411","R0411_1","0.0","348","555","실제 노출 로그 / 점수·순위는 실험용"
"XE22ghqGmdp","Qw4zvSJSN6","H0663","R0663_1","0.0","349","807","실제 노출 로그 / 점수·순위는 실험용"
"XE6qjVmftAw","Qw4zvSJSN6","H0915","R0915_1","0.0","350","51","실제 노출 로그 / 점수·순위는 실험용"
"XErgCno4Kg6","Qw4zvSJSN6","H0103","R0103_1","0.0","351","135","실제 노출 로그 / 점수·순위는 실험용"
"XERWQEZgmJl","Qw4zvSJSN6","H0355","R0355_1","0.0","352","387","실제 노출 로그 / 점수·순위는 실험용"
"XEwwMS58w47","Qw4zvSJSN6","H0102","R0102_1","0.0","353","112","실제 노출 로그 / 점수·순위는 실험용"
"XE6rmh6Cq5T","Qw4zvSJSN6","H0354","R0354_1","0.0","354","364","실제 노출 로그 / 점수·순위는 실험용"
"XEIz2f3EUiU","Qw4zvSJSN6","H0606","R0606_1","0.0","355","616","실제 노출 로그 / 점수·순위는 실험용"
"XEDNUSyJ13n","Qw4zvSJSN6","H0858","R0858_1","0.0","356","866","실제 노출 로그 / 점수·순위는 실험용"
"XE1CWEQURc5","Qw4zvSJSN6","H0046","R0046_1","0.0","357","946","실제 노출 로그 / 점수·순위는 실험용"
"XEI30rXhq2L","Qw4zvSJSN6","H0298","R0298_1","0.0","358","196","실제 노출 로그 / 점수·순위는 실험용"
"XEfbCF0jqCi","Qw4zvSJSN6","H0550","R0550_1","0.0","359","448","실제 노출 로그 / 점수·순위는 실험용"
"XEUeCqd88qK","Qw4zvSJSN6","H0802","R0802_1","0.0","360","700","실제 노출 로그 / 점수·순위는 실험용"
"XEGfpdM1a1A","Qw4zvSJSN6","H0242","R0242_1","0.0","361","28","실제 노출 로그 / 점수·순위는 실험용"
"XELyUqD1Rhp","Qw4zvSJSN6","H0494","R0494_1","0.0","362","280","실제 노출 로그 / 점수·순위는 실험용"
"XExPz0LxN5e","Qw4zvSJSN6","H0746","R0746_1","0.0","363","532","실제 노출 로그 / 점수·순위는 실험용"
"XEUaGtBhjTQ","Qw4zvSJSN6","H0998","R0998_1","0.0","364","784","실제 노출 로그 / 점수·순위는 실험용"
"XEr2T5GqdPn","Qw4zvSJSN6","H0186","R0186_1","0.0","365","867","실제 노출 로그 / 점수·순위는 실험용"
"XEWegjVZPNv","Qw4zvSJSN6","H0438","R0438_1","0.0","366","113","실제 노출 로그 / 점수·순위는 실험용"
"XEH5j0cePwO","Qw4zvSJSN6","H0690","R0690_1","0.0","367","365","실제 노출 로그 / 점수·순위는 실험용"
"XEgAfzdnSEG","Qw4zvSJSN6","H0942","R0942_1","0.0","368","617","실제 노출 로그 / 점수·순위는 실험용"
"XEGFTw0kWhY","Qw4zvSJSN6","H0130","R0130_1","0.0","369","701","실제 노출 로그 / 점수·순위는 실험용"
"XEq6Fy0OZsr","Qw4zvSJSN6","H0382","R0382_1","0.0","370","947","실제 노출 로그 / 점수·순위는 실험용"
"XE5VZNUDxS6","Qw4zvSJSN6","H0634","R0634_1","0.0","371","197","실제 노출 로그 / 점수·순위는 실험용"
"XELZD8WXa4J","Qw4zvSJSN6","H0886","R0886_1","0.0","372","449","실제 노출 로그 / 점수·순위는 실험용"
"XEDLJRMJ9ic","Qw4zvSJSN6","H0074","R0074_1","0.0","373","533","실제 노출 로그 / 점수·순위는 실험용"
"XErnEut3xPS","Qw4zvSJSN6","H0326","R0326_1","0.0","374","785","실제 노출 로그 / 점수·순위는 실험용"
"XEYojLqdCur","Qw4zvSJSN6","H0578","R0578_1","0.0","375","29","실제 노출 로그 / 점수·순위는 실험용"
"XEEyVN1lWVg","Qw4zvSJSN6","H0830","R0830_1","0.0","376","281","실제 노출 로그 / 점수·순위는 실험용"
"XENP5TQnUvD","Qw4zvSJSN6","H0018","R0018_1","0.0","377","366","실제 노출 로그 / 점수·순위는 실험용"
"XEqhbIwRW2L","Qw4zvSJSN6","H0270","R0270_1","0.0","378","618","실제 노출 로그 / 점수·순위는 실험용"
"XEj1aOMg6Ad","Qw4zvSJSN6","H0522","R0522_1","0.0","379","868","실제 노출 로그 / 점수·순위는 실험용"
"XERcIuF446l","Qw4zvSJSN6","H0774","R0774_1","0.0","380","114","실제 노출 로그 / 점수·순위는 실험용"
"XEQ5c3VZhbA","Qw4zvSJSN6","H0214","R0214_1","0.0","381","450","실제 노출 로그 / 점수·순위는 실험용"
"XEfnoeAODvr","Qw4zvSJSN6","H0466","R0466_1","0.0","382","702","실제 노출 로그 / 점수·순위는 실험용"
"XEbiCV06Yc2","Qw4zvSJSN6","H0718","R0718_1","0.0","383","948","실제 노출 로그 / 점수·순위는 실험용"
"XEB8u1Rk4Ud","Qw4zvSJSN6","H0970","R0970_1","0.0","384","198","실제 노출 로그 / 점수·순위는 실험용"
"XE3V7sWGZ16","Qw4zvSJSN6","H0158","R0158_1","0.0","385","282","실제 노출 로그 / 점수·순위는 실험용"
"XEWLV4YO2n4","Qw4zvSJSN6","H0410","R0410_1","0.0","386","534","실제 노출 로그 / 점수·순위는 실험용"
"XEdFOpIAfog","Qw4zvSJSN6","H0662","R0662_1","0.0","387","786","실제 노출 로그 / 점수·순위는 실험용"
"XEKttklKmD5","Qw4zvSJSN6","H0914","R0914_1","0.0","388","30","실제 노출 로그 / 점수·순위는 실험용"
"XE5XYy2adbK","Qw4zvSJSN6","H0101","R0101_1","0.0","389","91","실제 노출 로그 / 점수·순위는 실험용"
"XEIM0GWIi5g","Qw4zvSJSN6","H0353","R0353_1","0.0","390","343","실제 노출 로그 / 점수·순위는 실험용"
"XEq246ozRCp","Qw4zvSJSN6","H0605","R0605_1","0.0","391","595","실제 노출 로그 / 점수·순위는 실험용"
"XE534H3EGuf","Qw4zvSJSN6","H0857","R0857_1","0.0","392","846","실제 노출 로그 / 점수·순위는 실험용"
"XEfGcjiSWqo","Qw4zvSJSN6","H0045","R0045_1","0.0","393","926","실제 노출 로그 / 점수·순위는 실험용"
"XE1qPUawqcy","Qw4zvSJSN6","H0297","R0297_1","0.0","394","175","실제 노출 로그 / 점수·순위는 실험용"
"XEV2dXeTAGm","Qw4zvSJSN6","H0549","R0549_1","0.0","395","427","실제 노출 로그 / 점수·순위는 실험용"
"XEVkAy22kPv","Qw4zvSJSN6","H0801","R0801_1","0.0","396","679","실제 노출 로그 / 점수·순위는 실험용"
"XEqg7zpha4V","Qw4zvSJSN6","H0241","R0241_1","0.0","397","7","실제 노출 로그 / 점수·순위는 실험용"
"XEVSdRdJ3jy","Qw4zvSJSN6","H0493","R0493_1","0.0","398","259","실제 노출 로그 / 점수·순위는 실험용"
"XElwvOJKsVl","Qw4zvSJSN6","H0745","R0745_1","0.0","399","511","실제 노출 로그 / 점수·순위는 실험용"
"XEzBmk2oj4A","Qw4zvSJSN6","H0997","R0997_1","0.0","400","763","실제 노출 로그 / 점수·순위는 실험용"
"XEe2qtlHzPh","Qw4zvSJSN6","H0185","R0185_1","0.0","401","847","실제 노출 로그 / 점수·순위는 실험용"
"XEAWi5ogtxO","Qw4zvSJSN6","H0437","R0437_1","0.0","402","92","실제 노출 로그 / 점수·순위는 실험용"
"XEPHR716kHH","Qw4zvSJSN6","H0689","R0689_1","0.0","403","344","실제 노출 로그 / 점수·순위는 실험용"
"XE94PbZaKh2","Qw4zvSJSN6","H0941","R0941_1","0.0","404","596","실제 노출 로그 / 점수·순위는 실험용"
"XE348OC2m77","Qw4zvSJSN6","H0129","R0129_1","0.0","405","680","실제 노출 로그 / 점수·순위는 실험용"
"XEa55ysfrVF","Qw4zvSJSN6","H0381","R0381_1","0.0","406","927","실제 노출 로그 / 점수·순위는 실험용"
"XEA0HG529HN","Qw4zvSJSN6","H0633","R0633_1","0.0","407","176","실제 노출 로그 / 점수·순위는 실험용"
"XEhCXklEbmv","Qw4zvSJSN6","H0885","R0885_1","0.0","408","428","실제 노출 로그 / 점수·순위는 실험용"
"XENz0qy1dHn","Qw4zvSJSN6","H0073","R0073_1","0.0","409","512","실제 노출 로그 / 점수·순위는 실험용"
"XE3ULS0rV31","Qw4zvSJSN6","H0325","R0325_1","0.0","410","764","실제 노출 로그 / 점수·순위는 실험용"
"XEggyiR0yDI","Qw4zvSJSN6","H0577","R0577_1","0.0","411","8","실제 노출 로그 / 점수·순위는 실험용"
"XEYN1np3Rxi","Qw4zvSJSN6","H0829","R0829_1","0.0","412","260","실제 노출 로그 / 점수·순위는 실험용"
"XETwUNqAiiB","Qw4zvSJSN6","H0017","R0017_1","0.0","413","345","실제 노출 로그 / 점수·순위는 실험용"
"XEb6PO3ZPfl","Qw4zvSJSN6","H0269","R0269_1","0.0","414","597","실제 노출 로그 / 점수·순위는 실험용"
"XEyC9FEROu2","Qw4zvSJSN6","H0521","R0521_1","0.0","415","848","실제 노출 로그 / 점수·순위는 실험용"
"XEvH3bRfTli","Qw4zvSJSN6","H0773","R0773_1","0.0","416","93","실제 노출 로그 / 점수·순위는 실험용"
"XEXdCFa4rnN","Qw4zvSJSN6","H0213","R0213_1","0.0","417","429","실제 노출 로그 / 점수·순위는 실험용"
"XEiLkc3YKN0","Qw4zvSJSN6","H0465","R0465_1","0.0","418","681","실제 노출 로그 / 점수·순위는 실험용"
"XEg6OKEaHhq","Qw4zvSJSN6","H0717","R0717_1","0.0","419","928","실제 노출 로그 / 점수·순위는 실험용"
"XEWngCQQdWY","Qw4zvSJSN6","H0969","R0969_1","0.0","420","177","실제 노출 로그 / 점수·순위는 실험용"
"XE0WSATfEZ1","Qw4zvSJSN6","H0157","R0157_1","0.0","421","261","실제 노출 로그 / 점수·순위는 실험용"
"XEi3aC41fpW","Qw4zvSJSN6","H0409","R0409_1","0.0","422","513","실제 노출 로그 / 점수·순위는 실험용"
"XE44wNhY0bN","Qw4zvSJSN6","H0661","R0661_1","0.0","423","765","실제 노출 로그 / 점수·순위는 실험용"
"XEmvJy50vCn","Qw4zvSJSN6","H0913","R0913_1","0.0","424","9","실제 노출 로그 / 점수·순위는 실험용"
"XEQLOONsPdi","Qw4zvSJSN6","H0100","R0100_1","0.0","425","73","실제 노출 로그 / 점수·순위는 실험용"
"XEc8PXuwCl3","Qw4zvSJSN6","H0352","R0352_1","0.0","426","325","실제 노출 로그 / 점수·순위는 실험용"
"XES0S1zSp3O","Qw4zvSJSN6","H0604","R0604_1","0.0","427","577","실제 노출 로그 / 점수·순위는 실험용"
"XExo2VbsRU5","Qw4zvSJSN6","H0856","R0856_1","0.0","428","829","실제 노출 로그 / 점수·순위는 실험용"
"XE51YI91W1y","Qw4zvSJSN6","H0044","R0044_1","0.0","429","909","실제 노출 로그 / 점수·순위는 실험용"
"XE7fRhUCFxv","Qw4zvSJSN6","H0296","R0296_1","0.0","430","157","실제 노출 로그 / 점수·순위는 실험용"
"XEwLnNRV6ch","Qw4zvSJSN6","H0548","R0548_1","0.0","431","409","실제 노출 로그 / 점수·순위는 실험용"
"XEpUCVAHsqs","Qw4zvSJSN6","H0800","R0800_1","0.0","432","661","실제 노출 로그 / 점수·순위는 실험용"
"XEUNxm19LGC","Qw4zvSJSN6","H0240","R0240_1","0.0","433","989","실제 노출 로그 / 점수·순위는 실험용"
"XEKMu7WpYRM","Qw4zvSJSN6","H0492","R0492_1","0.0","434","241","실제 노출 로그 / 점수·순위는 실험용"
"XEFFPifWM7b","Qw4zvSJSN6","H0744","R0744_1","0.0","435","493","실제 노출 로그 / 점수·순위는 실험용"
"XEzAU0yZ6OL","Qw4zvSJSN6","H0996","R0996_1","0.0","436","745","실제 노출 로그 / 점수·순위는 실험용"
"XEeIPQhOkIF","Qw4zvSJSN6","H0184","R0184_1","0.0","437","830","실제 노출 로그 / 점수·순위는 실험용"
"XExVxRLuHiv","Qw4zvSJSN6","H0436","R0436_1","0.0","438","74","실제 노출 로그 / 점수·순위는 실험용"
"XEn2VGBq2qx","Qw4zvSJSN6","H0688","R0688_1","0.0","439","326","실제 노출 로그 / 점수·순위는 실험용"
"XEdQxdMMSXF","Qw4zvSJSN6","H0940","R0940_1","0.0","440","578","실제 노출 로그 / 점수·순위는 실험용"
"XEpBAYSRt69","Qw4zvSJSN6","H0128","R0128_1","0.0","441","662","실제 노출 로그 / 점수·순위는 실험용"
"XE6AzUo9fr7","Qw4zvSJSN6","H0380","R0380_1","0.0","442","910","실제 노출 로그 / 점수·순위는 실험용"
"XEiKTTkQ71i","Qw4zvSJSN6","H0632","R0632_1","0.0","443","158","실제 노출 로그 / 점수·순위는 실험용"
"XEMP2O2i5sz","Qw4zvSJSN6","H0884","R0884_1","0.0","444","410","실제 노출 로그 / 점수·순위는 실험용"
"XEMRwRk0QVh","Qw4zvSJSN6","H0072","R0072_1","0.0","445","494","실제 노출 로그 / 점수·순위는 실험용"
"XEA4QAdyWBO","Qw4zvSJSN6","H0324","R0324_1","0.0","446","746","실제 노출 로그 / 점수·순위는 실험용"
"XE1juR7b76v","Qw4zvSJSN6","H0576","R0576_1","0.0","447","990","실제 노출 로그 / 점수·순위는 실험용"
"XENmi7WBcq2","Qw4zvSJSN6","H0828","R0828_1","0.0","448","242","실제 노출 로그 / 점수·순위는 실험용"
"XE2CmEa6Eus","Qw4zvSJSN6","H0016","R0016_1","0.0","449","327","실제 노출 로그 / 점수·순위는 실험용"
"XErLfOyxhlj","Qw4zvSJSN6","H0268","R0268_1","0.0","450","579","실제 노출 로그 / 점수·순위는 실험용"
"XEquNnBJayE","Qw4zvSJSN6","H0520","R0520_1","0.0","451","831","실제 노출 로그 / 점수·순위는 실험용"
"XElR2aRd8m8","Qw4zvSJSN6","H0772","R0772_1","0.0","452","75","실제 노출 로그 / 점수·순위는 실험용"
"XEp3ICLfClW","Qw4zvSJSN6","H0212","R0212_1","0.0","453","411","실제 노출 로그 / 점수·순위는 실험용"
"XEH6Rhkd96u","Qw4zvSJSN6","H0464","R0464_1","0.0","454","663","실제 노출 로그 / 점수·순위는 실험용"
"XEDZz9ydwqf","Qw4zvSJSN6","H0716","R0716_1","0.0","455","911","실제 노출 로그 / 점수·순위는 실험용"
"XEnDEfFvd3I","Qw4zvSJSN6","H0968","R0968_1","0.0","456","159","실제 노출 로그 / 점수·순위는 실험용"
"XET6j9ayevL","Qw4zvSJSN6","H0156","R0156_1","0.0","457","243","실제 노출 로그 / 점수·순위는 실험용"
"XEAf1YUzTFw","Qw4zvSJSN6","H0408","R0408_1","0.0","458","495","실제 노출 로그 / 점수·순위는 실험용"
"XETIp56nHML","Qw4zvSJSN6","H0660","R0660_1","0.0","459","747","실제 노출 로그 / 점수·순위는 실험용"
"XEjnKhytw1N","Qw4zvSJSN6","H0912","R0912_1","0.0","460","991","실제 노출 로그 / 점수·순위는 실험용"
"XEvDMIiPIIw","Qw4zvSJSN6","H0099","R0099_1","0.0","461","52","실제 노출 로그 / 점수·순위는 실험용"
"XEdsfZPXseB","Qw4zvSJSN6","H0351","R0351_1","0.0","462","304","실제 노출 로그 / 점수·순위는 실험용"
"XECrQH5XHYL","Qw4zvSJSN6","H0603","R0603_1","0.0","463","556","실제 노출 로그 / 점수·순위는 실험용"
"XEJyDx5HDII","Qw4zvSJSN6","H0855","R0855_1","0.0","464","808","실제 노출 로그 / 점수·순위는 실험용"
"XEuKaw6sbgV","Qw4zvSJSN6","H0043","R0043_1","0.0","465","889","실제 노출 로그 / 점수·순위는 실험용"
"XE5nW7xxIvq","Qw4zvSJSN6","H0295","R0295_1","0.0","466","136","실제 노출 로그 / 점수·순위는 실험용"
"XEhkWvWnWnh","Qw4zvSJSN6","H0547","R0547_1","0.0","467","388","실제 노출 로그 / 점수·순위는 실험용"
"XE4bXrzo6aA","Qw4zvSJSN6","H0799","R0799_1","0.0","468","640","실제 노출 로그 / 점수·순위는 실험용"
"XEl16LijjDT","Qw4zvSJSN6","H0239","R0239_1","0.0","469","969","실제 노출 로그 / 점수·순위는 실험용"
"XEqA8ObZAyH","Qw4zvSJSN6","H0491","R0491_1","0.0","470","220","실제 노출 로그 / 점수·순위는 실험용"
"XE6ruzg68zA","Qw4zvSJSN6","H0743","R0743_1","0.0","471","472","실제 노출 로그 / 점수·순위는 실험용"
"XEliq0JUZO7","Qw4zvSJSN6","H0995","R0995_1","0.0","472","724","실제 노출 로그 / 점수·순위는 실험용"
"XEZmQWRFiIG","Qw4zvSJSN6","H0183","R0183_1","0.0","473","809","실제 노출 로그 / 점수·순위는 실험용"
"XE4v9JD4Wbr","Qw4zvSJSN6","H0435","R0435_1","0.0","474","53","실제 노출 로그 / 점수·순위는 실험용"
"XESOsDeZPox","Qw4zvSJSN6","H0687","R0687_1","0.0","475","305","실제 노출 로그 / 점수·순위는 실험용"
"XEtQ2QlMGc8","Qw4zvSJSN6","H0939","R0939_1","0.0","476","557","실제 노출 로그 / 점수·순위는 실험용"
"XEKBGr2z00i","Qw4zvSJSN6","H0127","R0127_1","0.0","477","641","실제 노출 로그 / 점수·순위는 실험용"
"XEglPWMUOv2","Qw4zvSJSN6","H0379","R0379_1","0.0","478","890","실제 노출 로그 / 점수·순위는 실험용"
"XE9Fsz3FZlp","Qw4zvSJSN6","H0631","R0631_1","0.0","479","137","실제 노출 로그 / 점수·순위는 실험용"
"XEnXzqY2cUU","Qw4zvSJSN6","H0883","R0883_1","0.0","480","389","실제 노출 로그 / 점수·순위는 실험용"
"XEUDpEgsUmg","Qw4zvSJSN6","H0071","R0071_1","0.0","481","473","실제 노출 로그 / 점수·순위는 실험용"
"XEduCYRWVBP","Qw4zvSJSN6","H0323","R0323_1","0.0","482","725","실제 노출 로그 / 점수·순위는 실험용"
"XE1QrQdvZsw","Qw4zvSJSN6","H0575","R0575_1","0.0","483","970","실제 노출 로그 / 점수·순위는 실험용"
"XEhmFRryo2Y","Qw4zvSJSN6","H0827","R0827_1","0.0","484","221","실제 노출 로그 / 점수·순위는 실험용"
"XEzYA30sp98","Qw4zvSJSN6","H0015","R0015_1","0.0","485","306","실제 노출 로그 / 점수·순위는 실험용"
"XEXhln8wbPe","Qw4zvSJSN6","H0267","R0267_1","0.0","486","558","실제 노출 로그 / 점수·순위는 실험용"
"XEmPGvXq1ov","Qw4zvSJSN6","H0519","R0519_1","0.0","487","810","실제 노출 로그 / 점수·순위는 실험용"
"XEra8XOtxPZ","Qw4zvSJSN6","H0771","R0771_1","0.0","488","54","실제 노출 로그 / 점수·순위는 실험용"
"XEgx1XNHBk3","Qw4zvSJSN6","H0211","R0211_1","0.0","489","390","실제 노출 로그 / 점수·순위는 실험용"
"XEUWj6GGxT6","Qw4zvSJSN6","H0463","R0463_1","0.0","490","642","실제 노출 로그 / 점수·순위는 실험용"
"XEET9uL8G2E","Qw4zvSJSN6","H0715","R0715_1","0.0","491","891","실제 노출 로그 / 점수·순위는 실험용"
"XEn3zmV2ekF","Qw4zvSJSN6","H0967","R0967_1","0.0","492","138","실제 노출 로그 / 점수·순위는 실험용"
"XETD6h8rCxo","Qw4zvSJSN6","H0155","R0155_1","0.0","493","222","실제 노출 로그 / 점수·순위는 실험용"
"XEX1CaqsFfT","Qw4zvSJSN6","H0407","R0407_1","0.0","494","474","실제 노출 로그 / 점수·순위는 실험용"
"XEiMxZbKYOF","Qw4zvSJSN6","H0659","R0659_1","0.0","495","726","실제 노출 로그 / 점수·순위는 실험용"
"XEVDP1DkV5D","Qw4zvSJSN6","H0911","R0911_1","0.0","496","971","실제 노출 로그 / 점수·순위는 실험용"
"XE45iyCVdFE","Qw4zvSJSN6","H0910","R0910_1","0.0","497","949","실제 노출 로그 / 점수·순위는 실험용"
"XE3Fx1Hwhad","Qw4zvSJSN6","H0098","R0098_1","0.0","498","31","실제 노출 로그 / 점수·순위는 실험용"
"XErjxC5J3NI","Qw4zvSJSN6","H0350","R0350_1","0.0","499","283","실제 노출 로그 / 점수·순위는 실험용"
"XEd4MdhbyMV","Qw4zvSJSN6","H0602","R0602_1","0.0","500","535","실제 노출 로그 / 점수·순위는 실험용"
"XEUVNIdcvgF","Qw4zvSJSN6","H0854","R0854_1","0.0","501","787","실제 노출 로그 / 점수·순위는 실험용"
"XE6GwSEfDhn","Qw4zvSJSN6","H0042","R0042_1","0.0","502","869","실제 노출 로그 / 점수·순위는 실험용"
"XEAlc9Yx6Kb","Qw4zvSJSN6","H0294","R0294_1","0.0","503","115","실제 노출 로그 / 점수·순위는 실험용"
"XEay66pBvE1","Qw4zvSJSN6","H0546","R0546_1","0.0","504","367","실제 노출 로그 / 점수·순위는 실험용"
"XEh4XprLsoi","Qw4zvSJSN6","H0798","R0798_1","0.0","505","619","실제 노출 로그 / 점수·순위는 실험용"
"XEwIkUtebZl","Qw4zvSJSN6","H0238","R0238_1","0.0","506","950","실제 노출 로그 / 점수·순위는 실험용"
"XEnBYmZyaw1","Qw4zvSJSN6","H0490","R0490_1","0.0","507","199","실제 노출 로그 / 점수·순위는 실험용"
"XEUlzKg4UeI","Qw4zvSJSN6","H0742","R0742_1","0.0","508","451","실제 노출 로그 / 점수·순위는 실험용"
"XE57P6iGgjz","Qw4zvSJSN6","H0994","R0994_1","0.0","509","703","실제 노출 로그 / 점수·순위는 실험용"
"XE9tj4stu77","Qw4zvSJSN6","H0182","R0182_1","0.0","510","788","실제 노출 로그 / 점수·순위는 실험용"
"XE1de550c4o","Qw4zvSJSN6","H0434","R0434_1","0.0","511","32","실제 노출 로그 / 점수·순위는 실험용"
"XEoApNetZ5g","Qw4zvSJSN6","H0686","R0686_1","0.0","512","284","실제 노출 로그 / 점수·순위는 실험용"
"XEMzA2F8jZr","Qw4zvSJSN6","H0938","R0938_1","0.0","513","536","실제 노출 로그 / 점수·순위는 실험용"
"XEl5Scwu833","Qw4zvSJSN6","H0126","R0126_1","0.0","514","620","실제 노출 로그 / 점수·순위는 실험용"
"XEXr5EDohNd","Qw4zvSJSN6","H0378","R0378_1","0.0","515","870","실제 노출 로그 / 점수·순위는 실험용"
"XEQmRsbWPvU","Qw4zvSJSN6","H0630","R0630_1","0.0","516","116","실제 노출 로그 / 점수·순위는 실험용"
"XETNfn0xV7j","Qw4zvSJSN6","H0882","R0882_1","0.0","517","368","실제 노출 로그 / 점수·순위는 실험용"
"XEJaIKkSIMt","Qw4zvSJSN6","H0070","R0070_1","0.0","518","452","실제 노출 로그 / 점수·순위는 실험용"
"XEmEIAexMvB","Qw4zvSJSN6","H0322","R0322_1","0.0","519","704","실제 노출 로그 / 점수·순위는 실험용"
"XEo97OtB1B0","Qw4zvSJSN6","H0574","R0574_1","0.0","520","951","실제 노출 로그 / 점수·순위는 실험용"
"XEHX6mtWmlt","Qw4zvSJSN6","H0826","R0826_1","0.0","521","200","실제 노출 로그 / 점수·순위는 실험용"
"XENcqw6xTA1","Qw4zvSJSN6","H0014","R0014_1","0.0","522","285","실제 노출 로그 / 점수·순위는 실험용"
"XE681UirWCe","Qw4zvSJSN6","H0266","R0266_1","0.0","523","537","실제 노출 로그 / 점수·순위는 실험용"
"XEKHC9R7ncP","Qw4zvSJSN6","H0518","R0518_1","0.0","524","789","실제 노출 로그 / 점수·순위는 실험용"
"XEqqkkY9WaI","Qw4zvSJSN6","H0770","R0770_1","0.0","525","33","실제 노출 로그 / 점수·순위는 실험용"
"XEEWGGVOBQe","Qw4zvSJSN6","H0210","R0210_1","0.0","526","369","실제 노출 로그 / 점수·순위는 실험용"
"XEvM5eK9VRb","Qw4zvSJSN6","H0462","R0462_1","0.0","527","621","실제 노출 로그 / 점수·순위는 실험용"
"XEV4tIilYQ8","Qw4zvSJSN6","H0714","R0714_1","0.0","528","871","실제 노출 로그 / 점수·순위는 실험용"
"XE0tGb0GyRA","Qw4zvSJSN6","H0966","R0966_1","0.0","529","117","실제 노출 로그 / 점수·순위는 실험용"
"XEIVOXOuKgm","Qw4zvSJSN6","H0154","R0154_1","0.0","530","201","실제 노출 로그 / 점수·순위는 실험용"
"XEWLKA1wVlc","Qw4zvSJSN6","H0406","R0406_1","0.0","531","453","실제 노출 로그 / 점수·순위는 실험용"
"XEVxhsfSyvr","Qw4zvSJSN6","H0658","R0658_1","0.0","532","705","실제 노출 로그 / 점수·순위는 실험용"
"XE5Zvg7Pkpo","Qw4zvSJSN6","H0405","R0405_1","0.0","533","430","실제 노출 로그 / 점수·순위는 실험용"
"XEKEgKJK17T","Qw4zvSJSN6","H0657","R0657_1","0.0","534","682","실제 노출 로그 / 점수·순위는 실험용"
"XEmFzKnLQeE","Qw4zvSJSN6","H0909","R0909_1","0.0","535","929","실제 노출 로그 / 점수·순위는 실험용"
"XEtTSh5vxka","Qw4zvSJSN6","H0097","R0097_1","0.0","536","10","실제 노출 로그 / 점수·순위는 실험용"
"XEa4ZtiTtK4","Qw4zvSJSN6","H0349","R0349_1","0.0","537","262","실제 노출 로그 / 점수·순위는 실험용"
"XENu57M62KX","Qw4zvSJSN6","H0601","R0601_1","0.0","538","514","실제 노출 로그 / 점수·순위는 실험용"
"XE26de7kxBr","Qw4zvSJSN6","H0853","R0853_1","0.0","539","766","실제 노출 로그 / 점수·순위는 실험용"
"XEEp7rhkiIQ","Qw4zvSJSN6","H0041","R0041_1","0.0","540","849","실제 노출 로그 / 점수·순위는 실험용"
"XEQbLHOKgE1","Qw4zvSJSN6","H0293","R0293_1","0.0","541","94","실제 노출 로그 / 점수·순위는 실험용"
"XEJeGqumRIv","Qw4zvSJSN6","H0545","R0545_1","0.0","542","346","실제 노출 로그 / 점수·순위는 실험용"
"XETukz5yyuc","Qw4zvSJSN6","H0797","R0797_1","0.0","543","598","실제 노출 로그 / 점수·순위는 실험용"
"XEQMALtrypp","Qw4zvSJSN6","H0237","R0237_1","0.0","544","930","실제 노출 로그 / 점수·순위는 실험용"
"XE131I2axq5","Qw4zvSJSN6","H0489","R0489_1","0.0","545","178","실제 노출 로그 / 점수·순위는 실험용"
"XE04MSDpesL","Qw4zvSJSN6","H0741","R0741_1","0.0","546","431","실제 노출 로그 / 점수·순위는 실험용"
"XECFe2SsjdI","Qw4zvSJSN6","H0993","R0993_1","0.0","547","683","실제 노출 로그 / 점수·순위는 실험용"
"XEysd85OmCj","Qw4zvSJSN6","H0181","R0181_1","0.0","548","767","실제 노출 로그 / 점수·순위는 실험용"
"XEIFdXrVsUE","Qw4zvSJSN6","H0433","R0433_1","0.0","549","11","실제 노출 로그 / 점수·순위는 실험용"
"XEFdL3hZr2L","Qw4zvSJSN6","H0685","R0685_1","0.0","550","263","실제 노출 로그 / 점수·순위는 실험용"
"XEZzXYIKzht","Qw4zvSJSN6","H0937","R0937_1","0.0","551","515","실제 노출 로그 / 점수·순위는 실험용"
"XEY4vOVqmuW","Qw4zvSJSN6","H0125","R0125_1","0.0","552","599","실제 노출 로그 / 점수·순위는 실험용"
"XExwG62f3RO","Qw4zvSJSN6","H0377","R0377_1","0.0","553","850","실제 노출 로그 / 점수·순위는 실험용"
"XEKnI5bsPCY","Qw4zvSJSN6","H0629","R0629_1","0.0","554","95","실제 노출 로그 / 점수·순위는 실험용"
"XEMKwn2vtJl","Qw4zvSJSN6","H0881","R0881_1","0.0","555","347","실제 노출 로그 / 점수·순위는 실험용"
"XE0ZbzLJZ7k","Qw4zvSJSN6","H0069","R0069_1","0.0","556","432","실제 노출 로그 / 점수·순위는 실험용"
"XEGsLyJk6OT","Qw4zvSJSN6","H0321","R0321_1","0.0","557","684","실제 노출 로그 / 점수·순위는 실험용"
"XEot57E0Pt2","Qw4zvSJSN6","H0573","R0573_1","0.0","558","931","실제 노출 로그 / 점수·순위는 실험용"
"XEXtw2CLzoj","Qw4zvSJSN6","H0825","R0825_1","0.0","559","179","실제 노출 로그 / 점수·순위는 실험용"
"XE4ghZkL8lL","Qw4zvSJSN6","H0013","R0013_1","0.0","560","264","실제 노출 로그 / 점수·순위는 실험용"
"XEu7OBsJ6AL","Qw4zvSJSN6","H0265","R0265_1","0.0","561","516","실제 노출 로그 / 점수·순위는 실험용"
"XEq2Kk19Tzs","Qw4zvSJSN6","H0517","R0517_1","0.0","562","768","실제 노출 로그 / 점수·순위는 실험용"
"XEDmOQHDFEX","Qw4zvSJSN6","H0769","R0769_1","0.0","563","12","실제 노출 로그 / 점수·순위는 실험용"
"XE0AZ6xpjyR","Qw4zvSJSN6","H0209","R0209_1","0.0","564","348","실제 노출 로그 / 점수·순위는 실험용"
"XEdzFiyOgR7","Qw4zvSJSN6","H0461","R0461_1","0.0","565","600","실제 노출 로그 / 점수·순위는 실험용"
"XEEyRtMqoZG","Qw4zvSJSN6","H0713","R0713_1","0.0","566","851","실제 노출 로그 / 점수·순위는 실험용"
"XEbwoJhJgVe","Qw4zvSJSN6","H0965","R0965_1","0.0","567","96","실제 노출 로그 / 점수·순위는 실험용"
"XE4BqhYUJtu","Qw4zvSJSN6","H0153","R0153_1","0.0","568","180","실제 노출 로그 / 점수·순위는 실험용"
"XE16WBEJROH","Qw4zvSJSN6","H0152","R0152_1","0.0","569","160","실제 노출 로그 / 점수·순위는 실험용"
"XEkdVPVTeCz","Qw4zvSJSN6","H0404","R0404_1","0.0","570","412","실제 노출 로그 / 점수·순위는 실험용"
"XEb74K89XxS","Qw4zvSJSN6","H0656","R0656_1","0.0","571","664","실제 노출 로그 / 점수·순위는 실험용"
"XEuZyoxwLq6","Qw4zvSJSN6","H0908","R0908_1","0.0","572","912","실제 노출 로그 / 점수·순위는 실험용"
"XEfBM3iLMyP","Qw4zvSJSN6","H0096","R0096_1","0.0","573","992","실제 노출 로그 / 점수·순위는 실험용"
"XEkSSd5aXcP","Qw4zvSJSN6","H0348","R0348_1","0.0","574","244","실제 노출 로그 / 점수·순위는 실험용"
"XEli317Q6gn","Qw4zvSJSN6","H0600","R0600_1","0.0","575","496","실제 노출 로그 / 점수·순위는 실험용"
"XEPII6lvMCj","Qw4zvSJSN6","H0852","R0852_1","0.0","576","748","실제 노출 로그 / 점수·순위는 실험용"
"XE6EcIFDR4l","Qw4zvSJSN6","H0040","R0040_1","0.0","577","832","실제 노출 로그 / 점수·순위는 실험용"
"XEYAe6xCnGF","Qw4zvSJSN6","H0292","R0292_1","0.0","578","76","실제 노출 로그 / 점수·순위는 실험용"
"XE5FKAnkYxG","Qw4zvSJSN6","H0544","R0544_1","0.0","579","328","실제 노출 로그 / 점수·순위는 실험용"
"XEISvVLKtTa","Qw4zvSJSN6","H0796","R0796_1","0.0","580","580","실제 노출 로그 / 점수·순위는 실험용"
"XE9TLY1sB1a","Qw4zvSJSN6","H0236","R0236_1","0.0","581","913","실제 노출 로그 / 점수·순위는 실험용"
"XEdy7cvxnDv","Qw4zvSJSN6","H0488","R0488_1","0.0","582","161","실제 노출 로그 / 점수·순위는 실험용"
"XEDwS2RLb0Y","Qw4zvSJSN6","H0740","R0740_1","0.0","583","413","실제 노출 로그 / 점수·순위는 실험용"
"XE1RIsZq4y2","Qw4zvSJSN6","H0992","R0992_1","0.0","584","665","실제 노출 로그 / 점수·순위는 실험용"
"XEAmMIdYkzE","Qw4zvSJSN6","H0180","R0180_1","0.0","585","749","실제 노출 로그 / 점수·순위는 실험용"
"XE04WQCYQmW","Qw4zvSJSN6","H0432","R0432_1","0.0","586","993","실제 노출 로그 / 점수·순위는 실험용"
"XEPQ5tu81dH","Qw4zvSJSN6","H0684","R0684_1","0.0","587","245","실제 노출 로그 / 점수·순위는 실험용"
"XEhFN8b68bq","Qw4zvSJSN6","H0936","R0936_1","0.0","588","497","실제 노출 로그 / 점수·순위는 실험용"
"XE7WTgzZHlc","Qw4zvSJSN6","H0124","R0124_1","0.0","589","581","실제 노출 로그 / 점수·순위는 실험용"
"XEvyeZtaKoq","Qw4zvSJSN6","H0376","R0376_1","0.0","590","833","실제 노출 로그 / 점수·순위는 실험용"
"XEOiMWehCLK","Qw4zvSJSN6","H0628","R0628_1","0.0","591","77","실제 노출 로그 / 점수·순위는 실험용"
"XEoEBrLTy44","Qw4zvSJSN6","H0880","R0880_1","0.0","592","329","실제 노출 로그 / 점수·순위는 실험용"
"XEucD1zYpoH","Qw4zvSJSN6","H0068","R0068_1","0.0","593","414","실제 노출 로그 / 점수·순위는 실험용"
"XEd8IRyKGyg","Qw4zvSJSN6","H0320","R0320_1","0.0","594","666","실제 노출 로그 / 점수·순위는 실험용"
"XEuaXxlPXzc","Qw4zvSJSN6","H0572","R0572_1","0.0","595","914","실제 노출 로그 / 점수·순위는 실험용"
"XEcotD3IYVe","Qw4zvSJSN6","H0824","R0824_1","0.0","596","162","실제 노출 로그 / 점수·순위는 실험용"
"XEPSZEJE9q2","Qw4zvSJSN6","H0012","R0012_1","0.0","597","246","실제 노출 로그 / 점수·순위는 실험용"
"XEAZTP2Mjih","Qw4zvSJSN6","H0264","R0264_1","0.0","598","498","실제 노출 로그 / 점수·순위는 실험용"
"XEAIFgDvxjS","Qw4zvSJSN6","H0516","R0516_1","0.0","599","750","실제 노출 로그 / 점수·순위는 실험용"
"XE3Y0yk8vQQ","Qw4zvSJSN6","H0768","R0768_1","0.0","600","994","실제 노출 로그 / 점수·순위는 실험용"
"XEMAjRci604","Qw4zvSJSN6","H0208","R0208_1","0.0","601","330","실제 노출 로그 / 점수·순위는 실험용"
"XERqtRs4o4y","Qw4zvSJSN6","H0460","R0460_1","0.0","602","582","실제 노출 로그 / 점수·순위는 실험용"
"XE4gmRTtU5A","Qw4zvSJSN6","H0712","R0712_1","0.0","603","834","실제 노출 로그 / 점수·순위는 실험용"
"XEOQjo3MYrY","Qw4zvSJSN6","H0964","R0964_1","0.0","604","78","실제 노출 로그 / 점수·순위는 실험용"
"XEBeSrCkzPe","Qw4zvSJSN6","H0151","R0151_1","0.0","605","139","실제 노출 로그 / 점수·순위는 실험용"
"XE1IkPTKjY4","Qw4zvSJSN6","H0403","R0403_1","0.0","606","391","실제 노출 로그 / 점수·순위는 실험용"
"XEk2bE4xZVn","Qw4zvSJSN6","H0655","R0655_1","0.0","607","643","실제 노출 로그 / 점수·순위는 실험용"
"XExBDZ8URMu","Qw4zvSJSN6","H0907","R0907_1","0.0","608","892","실제 노출 로그 / 점수·순위는 실험용"
"XEY1SJLJXOy","Qw4zvSJSN6","H0095","R0095_1","0.0","609","972","실제 노출 로그 / 점수·순위는 실험용"
"XEGYD2zC1rF","Qw4zvSJSN6","H0347","R0347_1","0.0","610","223","실제 노출 로그 / 점수·순위는 실험용"
"XEmk6uM51aQ","Qw4zvSJSN6","H0599","R0599_1","0.0","611","475","실제 노출 로그 / 점수·순위는 실험용"
"XEAlIjSor9q","Qw4zvSJSN6","H0851","R0851_1","0.0","612","727","실제 노출 로그 / 점수·순위는 실험용"
"XELR41kJrF2","Qw4zvSJSN6","H0039","R0039_1","0.0","613","811","실제 노출 로그 / 점수·순위는 실험용"
"XEHc7O1DWjC","Qw4zvSJSN6","H0291","R0291_1","0.0","614","55","실제 노출 로그 / 점수·순위는 실험용"
"XEqhxfBAhlr","Qw4zvSJSN6","H0543","R0543_1","0.0","615","307","실제 노출 로그 / 점수·순위는 실험용"
"XERFlTFY2zV","Qw4zvSJSN6","H0795","R0795_1","0.0","616","559","실제 노출 로그 / 점수·순위는 실험용"
"XEuWJm4umCl","Qw4zvSJSN6","H0235","R0235_1","0.0","617","893","실제 노출 로그 / 점수·순위는 실험용"
"XECiDFD3Y6b","Qw4zvSJSN6","H0487","R0487_1","0.0","618","140","실제 노출 로그 / 점수·순위는 실험용"
"XEb3WVkhoT5","Qw4zvSJSN6","H0739","R0739_1","0.0","619","392","실제 노출 로그 / 점수·순위는 실험용"
"XEaUeU6Kp1R","Qw4zvSJSN6","H0991","R0991_1","0.0","620","644","실제 노출 로그 / 점수·순위는 실험용"
"XEcUvGP1y7r","Qw4zvSJSN6","H0179","R0179_1","0.0","621","728","실제 노출 로그 / 점수·순위는 실험용"
"XETvsLaWB5U","Qw4zvSJSN6","H0431","R0431_1","0.0","622","973","실제 노출 로그 / 점수·순위는 실험용"
"XEu0sgkr1wa","Qw4zvSJSN6","H0683","R0683_1","0.0","623","224","실제 노출 로그 / 점수·순위는 실험용"
"XEaUl0j7fli","Qw4zvSJSN6","H0935","R0935_1","0.0","624","476","실제 노출 로그 / 점수·순위는 실험용"
"XE3x03afeDx","Qw4zvSJSN6","H0123","R0123_1","0.0","625","560","실제 노출 로그 / 점수·순위는 실험용"
"XE2OMOKZZAG","Qw4zvSJSN6","H0375","R0375_1","0.0","626","812","실제 노출 로그 / 점수·순위는 실험용"
"XENVkQMs3yx","Qw4zvSJSN6","H0627","R0627_1","0.0","627","56","실제 노출 로그 / 점수·순위는 실험용"
"XEEONB1HVk4","Qw4zvSJSN6","H0879","R0879_1","0.0","628","308","실제 노출 로그 / 점수·순위는 실험용"
"XEiYZHdV0fx","Qw4zvSJSN6","H0067","R0067_1","0.0","629","393","실제 노출 로그 / 점수·순위는 실험용"
"XEq9XgV3NCa","Qw4zvSJSN6","H0319","R0319_1","0.0","630","645","실제 노출 로그 / 점수·순위는 실험용"
"XEQTr6dI067","Qw4zvSJSN6","H0571","R0571_1","0.0","631","894","실제 노출 로그 / 점수·순위는 실험용"
"XEIWID5nApx","Qw4zvSJSN6","H0823","R0823_1","0.0","632","141","실제 노출 로그 / 점수·순위는 실험용"
"XEOuXkeRSf4","Qw4zvSJSN6","H0011","R0011_1","0.0","633","225","실제 노출 로그 / 점수·순위는 실험용"
"XE5rHUD55Ch","Qw4zvSJSN6","H0263","R0263_1","0.0","634","477","실제 노출 로그 / 점수·순위는 실험용"
"XEcHjYOtHy9","Qw4zvSJSN6","H0515","R0515_1","0.0","635","729","실제 노출 로그 / 점수·순위는 실험용"
"XENcthr9mLZ","Qw4zvSJSN6","H0767","R0767_1","0.0","636","974","실제 노출 로그 / 점수·순위는 실험용"
"XEgER5VKuhV","Qw4zvSJSN6","H0207","R0207_1","0.0","637","309","실제 노출 로그 / 점수·순위는 실험용"
"XEOk20fnBp1","Qw4zvSJSN6","H0459","R0459_1","0.0","638","561","실제 노출 로그 / 점수·순위는 실험용"
"XEZx2OgeTj9","Qw4zvSJSN6","H0711","R0711_1","0.0","639","813","실제 노출 로그 / 점수·순위는 실험용"
"XEtwgBFskSj","Qw4zvSJSN6","H0963","R0963_1","0.0","640","57","실제 노출 로그 / 점수·순위는 실험용"
"XEa3o4NtLnp","Qw4zvSJSN6","H0150","R0150_1","0.0","641","118","실제 노출 로그 / 점수·순위는 실험용"
"XEW4W7C9FOu","Qw4zvSJSN6","H0402","R0402_1","0.0","642","370","실제 노출 로그 / 점수·순위는 실험용"
"XEB1wvF7B4f","Qw4zvSJSN6","H0654","R0654_1","0.0","643","622","실제 노출 로그 / 점수·순위는 실험용"
"XEUpAmf0bPR","Qw4zvSJSN6","H0906","R0906_1","0.0","644","872","실제 노출 로그 / 점수·순위는 실험용"
"XEtkMBPuSHr","Qw4zvSJSN6","H0094","R0094_1","0.0","645","952","실제 노출 로그 / 점수·순위는 실험용"
"XE5mlP0rht6","Qw4zvSJSN6","H0346","R0346_1","0.0","646","202","실제 노출 로그 / 점수·순위는 실험용"
"XEgD2IwVe0W","Qw4zvSJSN6","H0598","R0598_1","0.0","647","454","실제 노출 로그 / 점수·순위는 실험용"
"XE1wc8aEs5y","Qw4zvSJSN6","H0850","R0850_1","0.0","648","706","실제 노출 로그 / 점수·순위는 실험용"
"XEwL0FGMvBM","Qw4zvSJSN6","H0038","R0038_1","0.0","649","790","실제 노출 로그 / 점수·순위는 실험용"
"XEJmQD1zNvd","Qw4zvSJSN6","H0290","R0290_1","0.0","650","34","실제 노출 로그 / 점수·순위는 실험용"
"XEEnmG6nunz","Qw4zvSJSN6","H0542","R0542_1","0.0","651","286","실제 노출 로그 / 점수·순위는 실험용"
"XERlTX6kRaS","Qw4zvSJSN6","H0794","R0794_1","0.0","652","538","실제 노출 로그 / 점수·순위는 실험용"
"XEPcK0LwmPR","Qw4zvSJSN6","H0234","R0234_1","0.0","653","873","실제 노출 로그 / 점수·순위는 실험용"
"XEFX9wDluj0","Qw4zvSJSN6","H0486","R0486_1","0.0","654","119","실제 노출 로그 / 점수·순위는 실험용"
"XE3TRFYPhRD","Qw4zvSJSN6","H0738","R0738_1","0.0","655","371","실제 노출 로그 / 점수·순위는 실험용"
"XEKfq7Xre4x","Qw4zvSJSN6","H0990","R0990_1","0.0","656","623","실제 노출 로그 / 점수·순위는 실험용"
"XEEZPs52YU9","Qw4zvSJSN6","H0178","R0178_1","0.0","657","707","실제 노출 로그 / 점수·순위는 실험용"
"XEq7Kb7X1VB","Qw4zvSJSN6","H0430","R0430_1","0.0","658","953","실제 노출 로그 / 점수·순위는 실험용"
"XEAf3pTOl0I","Qw4zvSJSN6","H0682","R0682_1","0.0","659","203","실제 노출 로그 / 점수·순위는 실험용"
"XExDcKbBarv","Qw4zvSJSN6","H0934","R0934_1","0.0","660","455","실제 노출 로그 / 점수·순위는 실험용"
"XEkGluuqcqc","Qw4zvSJSN6","H0122","R0122_1","0.0","661","539","실제 노출 로그 / 점수·순위는 실험용"
"XEXv0dRcAsF","Qw4zvSJSN6","H0374","R0374_1","0.0","662","791","실제 노출 로그 / 점수·순위는 실험용"
"XE0U0ZAB932","Qw4zvSJSN6","H0626","R0626_1","0.0","663","35","실제 노출 로그 / 점수·순위는 실험용"
"XEpZ2j8xvKd","Qw4zvSJSN6","H0878","R0878_1","0.0","664","287","실제 노출 로그 / 점수·순위는 실험용"
"XErIGy5tiG4","Qw4zvSJSN6","H0066","R0066_1","0.0","665","372","실제 노출 로그 / 점수·순위는 실험용"
"XEehHjgmNsl","Qw4zvSJSN6","H0318","R0318_1","0.0","666","624","실제 노출 로그 / 점수·순위는 실험용"
"XEvqG6Z3X8I","Qw4zvSJSN6","H0570","R0570_1","0.0","667","874","실제 노출 로그 / 점수·순위는 실험용"
"XEfMea7WF47","Qw4zvSJSN6","H0822","R0822_1","0.0","668","120","실제 노출 로그 / 점수·순위는 실험용"
"XEZQ6Z0LlyP","Qw4zvSJSN6","H0010","R0010_1","0.0","669","204","실제 노출 로그 / 점수·순위는 실험용"
"XEKhPmrjaz4","Qw4zvSJSN6","H0262","R0262_1","0.0","670","456","실제 노출 로그 / 점수·순위는 실험용"
"XEUEBXMDTPp","Qw4zvSJSN6","H0514","R0514_1","0.0","671","708","실제 노출 로그 / 점수·순위는 실험용"
"XEvAOjOvX3z","Qw4zvSJSN6","H0766","R0766_1","0.0","672","954","실제 노출 로그 / 점수·순위는 실험용"
"XEb1QMhmTJA","Qw4zvSJSN6","H0206","R0206_1","0.0","673","288","실제 노출 로그 / 점수·순위는 실험용"
"XEHRfTBrvvk","Qw4zvSJSN6","H0458","R0458_1","0.0","674","540","실제 노출 로그 / 점수·순위는 실험용"
"XEdnqI3MqUz","Qw4zvSJSN6","H0710","R0710_1","0.0","675","792","실제 노출 로그 / 점수·순위는 실험용"
"XEjLtv8oz03","Qw4zvSJSN6","H0962","R0962_1","0.0","676","36","실제 노출 로그 / 점수·순위는 실험용"
"XEmw3q0TE3F","Qw4zvSJSN6","H0149","R0149_1","0.0","677","97","실제 노출 로그 / 점수·순위는 실험용"
"XEzHT0D8SlF","Qw4zvSJSN6","H0401","R0401_1","0.0","678","349","실제 노출 로그 / 점수·순위는 실험용"
"XEk232AgeOE","Qw4zvSJSN6","H0653","R0653_1","0.0","679","601","실제 노출 로그 / 점수·순위는 실험용"
"XEx1f4YjQ37","Qw4zvSJSN6","H0905","R0905_1","0.0","680","852","실제 노출 로그 / 점수·순위는 실험용"
"XEpoRu6OkSI","Qw4zvSJSN6","H0093","R0093_1","0.0","681","932","실제 노출 로그 / 점수·순위는 실험용"
"XEF8bGEkjoR","Qw4zvSJSN6","H0345","R0345_1","0.0","682","181","실제 노출 로그 / 점수·순위는 실험용"
"XEg1ePfSKhp","Qw4zvSJSN6","H0597","R0597_1","0.0","683","433","실제 노출 로그 / 점수·순위는 실험용"
"XEoVPpljHkl","Qw4zvSJSN6","H0849","R0849_1","0.0","684","685","실제 노출 로그 / 점수·순위는 실험용"
"XElpbTAFHsb","Qw4zvSJSN6","H0037","R0037_1","0.0","685","769","실제 노출 로그 / 점수·순위는 실험용"
"XEmkBrz7R1Z","Qw4zvSJSN6","H0289","R0289_1","0.0","686","13","실제 노출 로그 / 점수·순위는 실험용"
"XEjfYIijzQC","Qw4zvSJSN6","H0541","R0541_1","0.0","687","265","실제 노출 로그 / 점수·순위는 실험용"
"XE2xqrgKo5K","Qw4zvSJSN6","H0793","R0793_1","0.0","688","517","실제 노출 로그 / 점수·순위는 실험용"
"XE0mPNsFKwz","Qw4zvSJSN6","H0233","R0233_1","0.0","689","853","실제 노출 로그 / 점수·순위는 실험용"
"XEBFeo58ZSv","Qw4zvSJSN6","H0485","R0485_1","0.0","690","98","실제 노출 로그 / 점수·순위는 실험용"
"XEX6TGcCX9M","Qw4zvSJSN6","H0737","R0737_1","0.0","691","350","실제 노출 로그 / 점수·순위는 실험용"
"XEFhkKQ1Xq6","Qw4zvSJSN6","H0989","R0989_1","0.0","692","602","실제 노출 로그 / 점수·순위는 실험용"
"XEonWa4Sv22","Qw4zvSJSN6","H0177","R0177_1","0.0","693","686","실제 노출 로그 / 점수·순위는 실험용"
"XEIn55LZmvw","Qw4zvSJSN6","H0429","R0429_1","0.0","694","933","실제 노출 로그 / 점수·순위는 실험용"
"XEEL5Rkjrvg","Qw4zvSJSN6","H0681","R0681_1","0.0","695","182","실제 노출 로그 / 점수·순위는 실험용"
"XECAXJf68kx","Qw4zvSJSN6","H0933","R0933_1","0.0","696","434","실제 노출 로그 / 점수·순위는 실험용"
"XERK6YDvuSC","Qw4zvSJSN6","H0121","R0121_1","0.0","697","518","실제 노출 로그 / 점수·순위는 실험용"
"XEMV1n7pZnr","Qw4zvSJSN6","H0373","R0373_1","0.0","698","770","실제 노출 로그 / 점수·순위는 실험용"
"XE4xDFM3a25","Qw4zvSJSN6","H0625","R0625_1","0.0","699","14","실제 노출 로그 / 점수·순위는 실험용"
"XEOMXqBTtQb","Qw4zvSJSN6","H0877","R0877_1","0.0","700","266","실제 노출 로그 / 점수·순위는 실험용"
"XEIklnwQt6Z","Qw4zvSJSN6","H0065","R0065_1","0.0","701","351","실제 노출 로그 / 점수·순위는 실험용"
"XEszta0JbDT","Qw4zvSJSN6","H0317","R0317_1","0.0","702","603","실제 노출 로그 / 점수·순위는 실험용"
"XECeDu6xETo","Qw4zvSJSN6","H0569","R0569_1","0.0","703","854","실제 노출 로그 / 점수·순위는 실험용"
"XE4ElY31hfx","Qw4zvSJSN6","H0821","R0821_1","0.0","704","99","실제 노출 로그 / 점수·순위는 실험용"
"XEzRScWC6qz","Qw4zvSJSN6","H0009","R0009_1","0.0","705","183","실제 노출 로그 / 점수·순위는 실험용"
"XEMbJWQLcVW","Qw4zvSJSN6","H0261","R0261_1","0.0","706","435","실제 노출 로그 / 점수·순위는 실험용"
"XE4Xl1aILzN","Qw4zvSJSN6","H0513","R0513_1","0.0","707","687","실제 노출 로그 / 점수·순위는 실험용"
"XEdK5NQRG8T","Qw4zvSJSN6","H0765","R0765_1","0.0","708","934","실제 노출 로그 / 점수·순위는 실험용"
"XEl3dIsVfca","Qw4zvSJSN6","H0205","R0205_1","0.0","709","267","실제 노출 로그 / 점수·순위는 실험용"
"XEErjSeGm7V","Qw4zvSJSN6","H0457","R0457_1","0.0","710","519","실제 노출 로그 / 점수·순위는 실험용"
"XEfX9X7nWJm","Qw4zvSJSN6","H0709","R0709_1","0.0","711","771","실제 노출 로그 / 점수·순위는 실험용"
"XEOG85r2ouQ","Qw4zvSJSN6","H0961","R0961_1","0.0","712","15","실제 노출 로그 / 점수·순위는 실험용"
"XE3z5G2My7t","Qw4zvSJSN6","H0708","R0708_1","0.0","713","751","실제 노출 로그 / 점수·순위는 실험용"
"XEIb1JOVMhD","Qw4zvSJSN6","H0960","R0960_1","0.0","714","995","실제 노출 로그 / 점수·순위는 실험용"
"XEw4tSie5sG","Qw4zvSJSN6","H0148","R0148_1","0.0","715","79","실제 노출 로그 / 점수·순위는 실험용"
"XE9f9sV9GFs","Qw4zvSJSN6","H0400","R0400_1","0.0","716","331","실제 노출 로그 / 점수·순위는 실험용"
"XEaR6seVzyN","Qw4zvSJSN6","H0652","R0652_1","0.0","717","583","실제 노출 로그 / 점수·순위는 실험용"
"XEaGSDJGAwI","Qw4zvSJSN6","H0904","R0904_1","0.0","718","835","실제 노출 로그 / 점수·순위는 실험용"
"XEqVHfkI2lW","Qw4zvSJSN6","H0092","R0092_1","0.0","719","915","실제 노출 로그 / 점수·순위는 실험용"
"XE3HMJloNhb","Qw4zvSJSN6","H0344","R0344_1","0.0","720","163","실제 노출 로그 / 점수·순위는 실험용"
"XE3IHHRNQVV","Qw4zvSJSN6","H0596","R0596_1","0.0","721","415","실제 노출 로그 / 점수·순위는 실험용"
"XERp0Y8riS3","Qw4zvSJSN6","H0848","R0848_1","0.0","722","667","실제 노출 로그 / 점수·순위는 실험용"
"XEBgMtzexJm","Qw4zvSJSN6","H0036","R0036_1","0.0","723","752","실제 노출 로그 / 점수·순위는 실험용"
"XEeW90bwTtQ","Qw4zvSJSN6","H0288","R0288_1","0.0","724","996","실제 노출 로그 / 점수·순위는 실험용"
"XEmNiCbJNMu","Qw4zvSJSN6","H0540","R0540_1","0.0","725","247","실제 노출 로그 / 점수·순위는 실험용"
"XEkuSVo2YEY","Qw4zvSJSN6","H0792","R0792_1","0.0","726","499","실제 노출 로그 / 점수·순위는 실험용"
"XE10srlUo9B","Qw4zvSJSN6","H0232","R0232_1","0.0","727","836","실제 노출 로그 / 점수·순위는 실험용"
"XEvfAaB0HrH","Qw4zvSJSN6","H0484","R0484_1","0.0","728","80","실제 노출 로그 / 점수·순위는 실험용"
"XEh2a9VUJbG","Qw4zvSJSN6","H0736","R0736_1","0.0","729","332","실제 노출 로그 / 점수·순위는 실험용"
"XEdg741ESiO","Qw4zvSJSN6","H0988","R0988_1","0.0","730","584","실제 노출 로그 / 점수·순위는 실험용"
"XELMvS7JkwX","Qw4zvSJSN6","H0176","R0176_1","0.0","731","668","실제 노출 로그 / 점수·순위는 실험용"
"XEMGnHHCjaq","Qw4zvSJSN6","H0428","R0428_1","0.0","732","916","실제 노출 로그 / 점수·순위는 실험용"
"XElbLO7MJ1t","Qw4zvSJSN6","H0680","R0680_1","0.0","733","164","실제 노출 로그 / 점수·순위는 실험용"
"XEBt5utqdUa","Qw4zvSJSN6","H0932","R0932_1","0.0","734","416","실제 노출 로그 / 점수·순위는 실험용"
"XEIc21j0XtC","Qw4zvSJSN6","H0120","R0120_1","0.0","735","500","실제 노출 로그 / 점수·순위는 실험용"
"XEPzm3nloz0","Qw4zvSJSN6","H0372","R0372_1","0.0","736","753","실제 노출 로그 / 점수·순위는 실험용"
"XERdt077k64","Qw4zvSJSN6","H0624","R0624_1","0.0","737","997","실제 노출 로그 / 점수·순위는 실험용"
"XE6OumeS1az","Qw4zvSJSN6","H0876","R0876_1","0.0","738","248","실제 노출 로그 / 점수·순위는 실험용"
"XE4nEosDaiW","Qw4zvSJSN6","H0064","R0064_1","0.0","739","333","실제 노출 로그 / 점수·순위는 실험용"
"XEQ5NGJDg5i","Qw4zvSJSN6","H0316","R0316_1","0.0","740","585","실제 노출 로그 / 점수·순위는 실험용"
"XEZuJQKczxa","Qw4zvSJSN6","H0568","R0568_1","0.0","741","837","실제 노출 로그 / 점수·순위는 실험용"
"XEH4gl7rBPq","Qw4zvSJSN6","H0820","R0820_1","0.0","742","81","실제 노출 로그 / 점수·순위는 실험용"
"XEc1f1N7K2J","Qw4zvSJSN6","H0008","R0008_1","0.0","743","165","실제 노출 로그 / 점수·순위는 실험용"
"XEEZX76ISUQ","Qw4zvSJSN6","H0260","R0260_1","0.0","744","417","실제 노출 로그 / 점수·순위는 실험용"
"XEebQwT1h1o","Qw4zvSJSN6","H0512","R0512_1","0.0","745","669","실제 노출 로그 / 점수·순위는 실험용"
"XE0A60zZ7xf","Qw4zvSJSN6","H0764","R0764_1","0.0","746","917","실제 노출 로그 / 점수·순위는 실험용"
"XENW6XH5i62","Qw4zvSJSN6","H0204","R0204_1","0.0","747","249","실제 노출 로그 / 점수·순위는 실험용"
"XEj8D5K6HYm","Qw4zvSJSN6","H0456","R0456_1","0.0","748","501","실제 노출 로그 / 점수·순위는 실험용"
"XEIWV8OToBp","Qw4zvSJSN6","H0203","R0203_1","0.0","749","226","실제 노출 로그 / 점수·순위는 실험용"
"XEFS2UjoYvA","Qw4zvSJSN6","H0455","R0455_1","0.0","750","478","실제 노출 로그 / 점수·순위는 실험용"
"XEtljrU9Bg6","Qw4zvSJSN6","H0707","R0707_1","0.0","751","730","실제 노출 로그 / 점수·순위는 실험용"
"XEN14Ym4DdW","Qw4zvSJSN6","H0959","R0959_1","0.0","752","975","실제 노출 로그 / 점수·순위는 실험용"
"XEg7puXthDq","Qw4zvSJSN6","H0147","R0147_1","0.0","753","58","실제 노출 로그 / 점수·순위는 실험용"
"XEAQcTI4i35","Qw4zvSJSN6","H0399","R0399_1","0.0","754","310","실제 노출 로그 / 점수·순위는 실험용"
"XErRdokr81o","Qw4zvSJSN6","H0651","R0651_1","0.0","755","562","실제 노출 로그 / 점수·순위는 실험용"
"XEbAqzonz98","Qw4zvSJSN6","H0903","R0903_1","0.0","756","814","실제 노출 로그 / 점수·순위는 실험용"
"XES7VJxDHDq","Qw4zvSJSN6","H0091","R0091_1","0.0","757","895","실제 노출 로그 / 점수·순위는 실험용"
"XE27KUlowR0","Qw4zvSJSN6","H0343","R0343_1","0.0","758","142","실제 노출 로그 / 점수·순위는 실험용"
"XE0jlUZOZyo","Qw4zvSJSN6","H0595","R0595_1","0.0","759","394","실제 노출 로그 / 점수·순위는 실험용"
"XE4Tvu3YdAB","Qw4zvSJSN6","H0847","R0847_1","0.0","760","646","실제 노출 로그 / 점수·순위는 실험용"
"XEigwpSbGNS","Qw4zvSJSN6","H0035","R0035_1","0.0","761","731","실제 노출 로그 / 점수·순위는 실험용"
"XEgri7NxCL0","Qw4zvSJSN6","H0287","R0287_1","0.0","762","976","실제 노출 로그 / 점수·순위는 실험용"
"XEyaTwpBpiz","Qw4zvSJSN6","H0539","R0539_1","0.0","763","227","실제 노출 로그 / 점수·순위는 실험용"
"XE2uXepzPId","Qw4zvSJSN6","H0791","R0791_1","0.0","764","479","실제 노출 로그 / 점수·순위는 실험용"
"XEQC4SAAD4y","Qw4zvSJSN6","H0231","R0231_1","0.0","765","815","실제 노출 로그 / 점수·순위는 실험용"
"XEcKAE2uz4H","Qw4zvSJSN6","H0483","R0483_1","0.0","766","59","실제 노출 로그 / 점수·순위는 실험용"
"XEpyYNvwnke","Qw4zvSJSN6","H0735","R0735_1","0.0","767","311","실제 노출 로그 / 점수·순위는 실험용"
"XEZypDNAMwW","Qw4zvSJSN6","H0987","R0987_1","0.0","768","563","실제 노출 로그 / 점수·순위는 실험용"
"XE1fepmQ5yX","Qw4zvSJSN6","H0175","R0175_1","0.0","769","647","실제 노출 로그 / 점수·순위는 실험용"
"XE2z3h61A72","Qw4zvSJSN6","H0427","R0427_1","0.0","770","896","실제 노출 로그 / 점수·순위는 실험용"
"XE99ahRuCvN","Qw4zvSJSN6","H0679","R0679_1","0.0","771","143","실제 노출 로그 / 점수·순위는 실험용"
"XEz19PvXg9I","Qw4zvSJSN6","H0931","R0931_1","0.0","772","395","실제 노출 로그 / 점수·순위는 실험용"
"XEEOitUWRJZ","Qw4zvSJSN6","H0119","R0119_1","0.0","773","480","실제 노출 로그 / 점수·순위는 실험용"
"XEraqFev5Pt","Qw4zvSJSN6","H0371","R0371_1","0.0","774","732","실제 노출 로그 / 점수·순위는 실험용"
"XE6H2I08zH6","Qw4zvSJSN6","H0623","R0623_1","0.0","775","977","실제 노출 로그 / 점수·순위는 실험용"
"XEEEISNkxoX","Qw4zvSJSN6","H0875","R0875_1","0.0","776","228","실제 노출 로그 / 점수·순위는 실험용"
"XEmBm67RuRs","Qw4zvSJSN6","H0063","R0063_1","0.0","777","312","실제 노출 로그 / 점수·순위는 실험용"
"XEQf6G44uyy","Qw4zvSJSN6","H0315","R0315_1","0.0","778","564","실제 노출 로그 / 점수·순위는 실험용"
"XEnDkP73kEy","Qw4zvSJSN6","H0567","R0567_1","0.0","779","816","실제 노출 로그 / 점수·순위는 실험용"
"XEz2DHxocga","Qw4zvSJSN6","H0819","R0819_1","0.0","780","60","실제 노출 로그 / 점수·순위는 실험용"
"XEJpxrAeWHS","Qw4zvSJSN6","H0007","R0007_1","0.0","781","144","실제 노출 로그 / 점수·순위는 실험용"
"XEkpAUIxeNq","Qw4zvSJSN6","H0259","R0259_1","0.0","782","396","실제 노출 로그 / 점수·순위는 실험용"
"XEYMYwKzZDV","Qw4zvSJSN6","H0511","R0511_1","0.0","783","648","실제 노출 로그 / 점수·순위는 실험용"
"XEi177OH9ap","Qw4zvSJSN6","H0763","R0763_1","0.0","784","897","실제 노출 로그 / 점수·순위는 실험용"
"XEys2hzQi9D","Qw4zvSJSN6","H0202","R0202_1","0.0","785","205","실제 노출 로그 / 점수·순위는 실험용"
"XEP04PX5CDC","Qw4zvSJSN6","H0454","R0454_1","0.0","786","457","실제 노출 로그 / 점수·순위는 실험용"
"XEgt6YTQzd1","Qw4zvSJSN6","H0706","R0706_1","0.0","787","709","실제 노출 로그 / 점수·순위는 실험용"
"XEBG1KXmCP7","Qw4zvSJSN6","H0958","R0958_1","0.0","788","955","실제 노출 로그 / 점수·순위는 실험용"
"XE1RlKf1Wvz","Qw4zvSJSN6","H0146","R0146_1","0.0","789","37","실제 노출 로그 / 점수·순위는 실험용"
"XE2k3tV308A","Qw4zvSJSN6","H0398","R0398_1","0.0","790","289","실제 노출 로그 / 점수·순위는 실험용"
"XE8nh4C1RNf","Qw4zvSJSN6","H0650","R0650_1","0.0","791","541","실제 노출 로그 / 점수·순위는 실험용"
"XEhu8ZnXusV","Qw4zvSJSN6","H0902","R0902_1","0.0","792","793","실제 노출 로그 / 점수·순위는 실험용"
"XEEq8x1m5nQ","Qw4zvSJSN6","H0090","R0090_1","0.0","793","875","실제 노출 로그 / 점수·순위는 실험용"
"XErSP1b0WWr","Qw4zvSJSN6","H0342","R0342_1","0.0","794","121","실제 노출 로그 / 점수·순위는 실험용"
"XEax6z3lmKF","Qw4zvSJSN6","H0594","R0594_1","0.0","795","373","실제 노출 로그 / 점수·순위는 실험용"
"XExDtQoSYnB","Qw4zvSJSN6","H0846","R0846_1","0.0","796","625","실제 노출 로그 / 점수·순위는 실험용"
"XEZZgC8Mk5V","Qw4zvSJSN6","H0034","R0034_1","0.0","797","710","실제 노출 로그 / 점수·순위는 실험용"
"XE1lxZPIanz","Qw4zvSJSN6","H0286","R0286_1","0.0","798","956","실제 노출 로그 / 점수·순위는 실험용"
"XEiceclDO8w","Qw4zvSJSN6","H0538","R0538_1","0.0","799","206","실제 노출 로그 / 점수·순위는 실험용"
"XEGpapQihtT","Qw4zvSJSN6","H0790","R0790_1","0.0","800","458","실제 노출 로그 / 점수·순위는 실험용"
"XE3E1z7YpH1","Qw4zvSJSN6","H0230","R0230_1","0.0","801","794","실제 노출 로그 / 점수·순위는 실험용"
"XEGAa8QdwKy","Qw4zvSJSN6","H0482","R0482_1","0.0","802","38","실제 노출 로그 / 점수·순위는 실험용"
"XE5vgq1Gf02","Qw4zvSJSN6","H0734","R0734_1","0.0","803","290","실제 노출 로그 / 점수·순위는 실험용"
"XEoccwENbXK","Qw4zvSJSN6","H0986","R0986_1","0.0","804","542","실제 노출 로그 / 점수·순위는 실험용"
"XEC3R9Y32Tf","Qw4zvSJSN6","H0174","R0174_1","0.0","805","626","실제 노출 로그 / 점수·순위는 실험용"
"XE5IEVLkS56","Qw4zvSJSN6","H0426","R0426_1","0.0","806","876","실제 노출 로그 / 점수·순위는 실험용"
"XETQ2UIV1iA","Qw4zvSJSN6","H0678","R0678_1","0.0","807","122","실제 노출 로그 / 점수·순위는 실험용"
"XE7hGP4pOc3","Qw4zvSJSN6","H0930","R0930_1","0.0","808","374","실제 노출 로그 / 점수·순위는 실험용"
"XEate5mk72e","Qw4zvSJSN6","H0118","R0118_1","0.0","809","459","실제 노출 로그 / 점수·순위는 실험용"
"XEDZDGrYfVQ","Qw4zvSJSN6","H0370","R0370_1","0.0","810","711","실제 노출 로그 / 점수·순위는 실험용"
"XEJ99qtZ08Z","Qw4zvSJSN6","H0622","R0622_1","0.0","811","957","실제 노출 로그 / 점수·순위는 실험용"
"XEYrrL6VVy3","Qw4zvSJSN6","H0874","R0874_1","0.0","812","207","실제 노출 로그 / 점수·순위는 실험용"
"XEti8DoZIf0","Qw4zvSJSN6","H0062","R0062_1","0.0","813","291","실제 노출 로그 / 점수·순위는 실험용"
"XENosyeWdMu","Qw4zvSJSN6","H0314","R0314_1","0.0","814","543","실제 노출 로그 / 점수·순위는 실험용"
"XE1UuiS9nwB","Qw4zvSJSN6","H0566","R0566_1","0.0","815","795","실제 노출 로그 / 점수·순위는 실험용"
"XEa6FvgrAfF","Qw4zvSJSN6","H0818","R0818_1","0.0","816","39","실제 노출 로그 / 점수·순위는 실험용"
"XE9kmp327iK","Qw4zvSJSN6","H0006","R0006_1","0.0","817","123","실제 노출 로그 / 점수·순위는 실험용"
"XELMwdq0C5y","Qw4zvSJSN6","H0258","R0258_1","0.0","818","375","실제 노출 로그 / 점수·순위는 실험용"
"XE2EgGcRIMA","Qw4zvSJSN6","H0510","R0510_1","0.0","819","627","실제 노출 로그 / 점수·순위는 실험용"
"XEbtj6N8xyb","Qw4zvSJSN6","H0762","R0762_1","0.0","820","877","실제 노출 로그 / 점수·순위는 실험용"
"XEs2vLW4uwn","Qw4zvSJSN6","H0201","R0201_1","0.0","821","184","실제 노출 로그 / 점수·순위는 실험용"
"XEdK46Z4HBQ","Qw4zvSJSN6","H0453","R0453_1","0.0","822","436","실제 노출 로그 / 점수·순위는 실험용"
"XEuq03EzKEC","Qw4zvSJSN6","H0705","R0705_1","0.0","823","688","실제 노출 로그 / 점수·순위는 실험용"
"XEkTw6ukw4S","Qw4zvSJSN6","H0957","R0957_1","0.0","824","935","실제 노출 로그 / 점수·순위는 실험용"
"XE4puFZy9Mq","Qw4zvSJSN6","H0145","R0145_1","0.0","825","16","실제 노출 로그 / 점수·순위는 실험용"
"XEtHvokkx8x","Qw4zvSJSN6","H0397","R0397_1","0.0","826","268","실제 노출 로그 / 점수·순위는 실험용"
"XEeOcDbjSHt","Qw4zvSJSN6","H0649","R0649_1","0.0","827","520","실제 노출 로그 / 점수·순위는 실험용"
"XEW8uigFwmj","Qw4zvSJSN6","H0901","R0901_1","0.0","828","772","실제 노출 로그 / 점수·순위는 실험용"
"XEc1fKAkZI0","Qw4zvSJSN6","H0089","R0089_1","0.0","829","855","실제 노출 로그 / 점수·순위는 실험용"
"XEin8513Fah","Qw4zvSJSN6","H0341","R0341_1","0.0","830","100","실제 노출 로그 / 점수·순위는 실험용"
"XEgppXs9hv1","Qw4zvSJSN6","H0593","R0593_1","0.0","831","352","실제 노출 로그 / 점수·순위는 실험용"
"XEwMpCka3Gz","Qw4zvSJSN6","H0845","R0845_1","0.0","832","604","실제 노출 로그 / 점수·순위는 실험용"
"XE9fZgmRzfF","Qw4zvSJSN6","H0033","R0033_1","0.0","833","689","실제 노출 로그 / 점수·순위는 실험용"
"XEnvIodp7hy","Qw4zvSJSN6","H0285","R0285_1","0.0","834","936","실제 노출 로그 / 점수·순위는 실험용"
"XEURJGKelZE","Qw4zvSJSN6","H0537","R0537_1","0.0","835","185","실제 노출 로그 / 점수·순위는 실험용"
"XE5JlAikeN2","Qw4zvSJSN6","H0789","R0789_1","0.0","836","437","실제 노출 로그 / 점수·순위는 실험용"
"XELe16xI7GG","Qw4zvSJSN6","H0229","R0229_1","0.0","837","773","실제 노출 로그 / 점수·순위는 실험용"
"XEiflfeyCnp","Qw4zvSJSN6","H0481","R0481_1","0.0","838","17","실제 노출 로그 / 점수·순위는 실험용"
"XEEuhzonRPD","Qw4zvSJSN6","H0733","R0733_1","0.0","839","269","실제 노출 로그 / 점수·순위는 실험용"
"XErDLn0Ye8d","Qw4zvSJSN6","H0985","R0985_1","0.0","840","521","실제 노출 로그 / 점수·순위는 실험용"
"XEGnhkoK7ug","Qw4zvSJSN6","H0173","R0173_1","0.0","841","605","실제 노출 로그 / 점수·순위는 실험용"
"XEaAuFz1VIz","Qw4zvSJSN6","H0425","R0425_1","0.0","842","856","실제 노출 로그 / 점수·순위는 실험용"
"XEWfcfE1qU4","Qw4zvSJSN6","H0677","R0677_1","0.0","843","101","실제 노출 로그 / 점수·순위는 실험용"
"XEmNmCrlHe0","Qw4zvSJSN6","H0929","R0929_1","0.0","844","353","실제 노출 로그 / 점수·순위는 실험용"
"XEBlfZkNmHZ","Qw4zvSJSN6","H0117","R0117_1","0.0","845","438","실제 노출 로그 / 점수·순위는 실험용"
"XECMe96kWRs","Qw4zvSJSN6","H0369","R0369_1","0.0","846","690","실제 노출 로그 / 점수·순위는 실험용"
"XEt1s5wlcXe","Qw4zvSJSN6","H0621","R0621_1","0.0","847","937","실제 노출 로그 / 점수·순위는 실험용"
"XEkE74ZSJ3f","Qw4zvSJSN6","H0873","R0873_1","0.0","848","186","실제 노출 로그 / 점수·순위는 실험용"
"XEfpAKxLiqG","Qw4zvSJSN6","H0061","R0061_1","0.0","849","270","실제 노출 로그 / 점수·순위는 실험용"
"XERMaKgJGHg","Qw4zvSJSN6","H0313","R0313_1","0.0","850","522","실제 노출 로그 / 점수·순위는 실험용"
"XEnli1j3rKa","Qw4zvSJSN6","H0565","R0565_1","0.0","851","774","실제 노출 로그 / 점수·순위는 실험용"
"XE4N7t2DzbJ","Qw4zvSJSN6","H0817","R0817_1","0.0","852","18","실제 노출 로그 / 점수·순위는 실험용"
"XETvLmCQA2G","Qw4zvSJSN6","H0005","R0005_1","0.0","853","102","실제 노출 로그 / 점수·순위는 실험용"
"XEQu74hsbPR","Qw4zvSJSN6","H0257","R0257_1","0.0","854","354","실제 노출 로그 / 점수·순위는 실험용"
"XESMWbeHDA9","Qw4zvSJSN6","H0509","R0509_1","0.0","855","606","실제 노출 로그 / 점수·순위는 실험용"
"XE7ZnGS2OVy","Qw4zvSJSN6","H0761","R0761_1","0.0","856","857","실제 노출 로그 / 점수·순위는 실험용"
"XEUL5wQNq8b","Qw4zvSJSN6","H0200","R0200_1","0.0","857","166","실제 노출 로그 / 점수·순위는 실험용"
"XEJiNgKTZ77","Qw4zvSJSN6","H0452","R0452_1","0.0","858","418","실제 노출 로그 / 점수·순위는 실험용"
"XEzCOIi2zHG","Qw4zvSJSN6","H0704","R0704_1","0.0","859","670","실제 노출 로그 / 점수·순위는 실험용"
"XErndbT3fn8","Qw4zvSJSN6","H0956","R0956_1","0.0","860","918","실제 노출 로그 / 점수·순위는 실험용"
"XELtLso3MWE","Qw4zvSJSN6","H0144","R0144_1","0.0","861","998","실제 노출 로그 / 점수·순위는 실험용"
"XEF2nbGtVlp","Qw4zvSJSN6","H0396","R0396_1","0.0","862","250","실제 노출 로그 / 점수·순위는 실험용"
"XE9NwbnaP6k","Qw4zvSJSN6","H0648","R0648_1","0.0","863","502","실제 노출 로그 / 점수·순위는 실험용"
"XEUKzFvJIq1","Qw4zvSJSN6","H0900","R0900_1","0.0","864","754","실제 노출 로그 / 점수·순위는 실험용"
"XEMlra7chvW","Qw4zvSJSN6","H0088","R0088_1","0.0","865","838","실제 노출 로그 / 점수·순위는 실험용"
"XErDZwWvCbk","Qw4zvSJSN6","H0340","R0340_1","0.0","866","82","실제 노출 로그 / 점수·순위는 실험용"
"XEt562C2pJZ","Qw4zvSJSN6","H0592","R0592_1","0.0","867","334","실제 노출 로그 / 점수·순위는 실험용"
"XEHbUwe2EzN","Qw4zvSJSN6","H0844","R0844_1","0.0","868","586","실제 노출 로그 / 점수·순위는 실험용"
"XEy6r6r0Ry3","Qw4zvSJSN6","H0032","R0032_1","0.0","869","671","실제 노출 로그 / 점수·순위는 실험용"
"XEmM1QiD45H","Qw4zvSJSN6","H0284","R0284_1","0.0","870","919","실제 노출 로그 / 점수·순위는 실험용"
"XEN3eFF76PR","Qw4zvSJSN6","H0536","R0536_1","0.0","871","167","실제 노출 로그 / 점수·순위는 실험용"
"XE51pXE4Rs1","Qw4zvSJSN6","H0788","R0788_1","0.0","872","419","실제 노출 로그 / 점수·순위는 실험용"
"XEBAsFc3Nqw","Qw4zvSJSN6","H0228","R0228_1","0.0","873","755","실제 노출 로그 / 점수·순위는 실험용"
"XER1ap3PgjK","Qw4zvSJSN6","H0480","R0480_1","0.0","874","999","실제 노출 로그 / 점수·순위는 실험용"
"XEz2VAdOFHg","Qw4zvSJSN6","H0732","R0732_1","0.0","875","251","실제 노출 로그 / 점수·순위는 실험용"
"XEtHUY0RUT1","Qw4zvSJSN6","H0984","R0984_1","0.0","876","503","실제 노출 로그 / 점수·순위는 실험용"
"XEKcYX46Y87","Qw4zvSJSN6","H0172","R0172_1","0.0","877","587","실제 노출 로그 / 점수·순위는 실험용"
"XEGyrFHjvId","Qw4zvSJSN6","H0424","R0424_1","0.0","878","839","실제 노출 로그 / 점수·순위는 실험용"
"XEy68xoQdVI","Qw4zvSJSN6","H0676","R0676_1","0.0","879","83","실제 노출 로그 / 점수·순위는 실험용"
"XED3CGyCo8t","Qw4zvSJSN6","H0928","R0928_1","0.0","880","335","실제 노출 로그 / 점수·순위는 실험용"
"XE6tMo7Y0Xf","Qw4zvSJSN6","H0116","R0116_1","0.0","881","420","실제 노출 로그 / 점수·순위는 실험용"
"XEE7hCPlbuS","Qw4zvSJSN6","H0368","R0368_1","0.0","882","672","실제 노출 로그 / 점수·순위는 실험용"
"XED3TcXR37D","Qw4zvSJSN6","H0620","R0620_1","0.0","883","920","실제 노출 로그 / 점수·순위는 실험용"
"XERIGokFkX5","Qw4zvSJSN6","H0872","R0872_1","0.0","884","168","실제 노출 로그 / 점수·순위는 실험용"
"XEzJlC0V5wj","Qw4zvSJSN6","H0060","R0060_1","0.0","885","252","실제 노출 로그 / 점수·순위는 실험용"
"XEK4zUgUbWG","Qw4zvSJSN6","H0312","R0312_1","0.0","886","504","실제 노출 로그 / 점수·순위는 실험용"
"XEY35eiPrPa","Qw4zvSJSN6","H0564","R0564_1","0.0","887","756","실제 노출 로그 / 점수·순위는 실험용"
"XEcH3ecCVob","Qw4zvSJSN6","H0816","R0816_1","0.0","888","1000","실제 노출 로그 / 점수·순위는 실험용"
"XEEtlJOptaR","Qw4zvSJSN6","H0004","R0004_1","0.0","889","84","실제 노출 로그 / 점수·순위는 실험용"
"XENbhB1BlM0","Qw4zvSJSN6","H0256","R0256_1","0.0","890","336","실제 노출 로그 / 점수·순위는 실험용"
"XEwMfDQ63lT","Qw4zvSJSN6","H0508","R0508_1","0.0","891","588","실제 노출 로그 / 점수·순위는 실험용"
"XExL7nQOu1g","Qw4zvSJSN6","H0760","R0760_1","0.0","892","840","실제 노출 로그 / 점수·순위는 실험용"
"XEaGewCJIJv","Qw4zvSJSN6","H0199","R0199_1","0.0","893","145","실제 노출 로그 / 점수·순위는 실험용"
"XEv2wpqF16L","Qw4zvSJSN6","H0451","R0451_1","0.0","894","397","실제 노출 로그 / 점수·순위는 실험용"
"XETslxqFc2v","Qw4zvSJSN6","H0703","R0703_1","0.0","895","649","실제 노출 로그 / 점수·순위는 실험용"
"XEFXCfn4HCA","Qw4zvSJSN6","H0955","R0955_1","0.0","896","898","실제 노출 로그 / 점수·순위는 실험용"
"XEqT9eAbxrJ","Qw4zvSJSN6","H0143","R0143_1","0.0","897","978","실제 노출 로그 / 점수·순위는 실험용"
"XENYkkCCyrR","Qw4zvSJSN6","H0395","R0395_1","0.0","898","229","실제 노출 로그 / 점수·순위는 실험용"
"XEhFaoD7vo3","Qw4zvSJSN6","H0647","R0647_1","0.0","899","481","실제 노출 로그 / 점수·순위는 실험용"
"XEg34ZUfWPX","Qw4zvSJSN6","H0899","R0899_1","0.0","900","733","실제 노출 로그 / 점수·순위는 실험용"
"XErVwKTvCcS","Qw4zvSJSN6","H0087","R0087_1","0.0","901","817","실제 노출 로그 / 점수·순위는 실험용"
"XELR5eLr3tJ","Qw4zvSJSN6","H0339","R0339_1","0.0","902","61","실제 노출 로그 / 점수·순위는 실험용"
"XEsPZQ333hF","Qw4zvSJSN6","H0591","R0591_1","0.0","903","313","실제 노출 로그 / 점수·순위는 실험용"
"XEfNR9m2TfL","Qw4zvSJSN6","H0843","R0843_1","0.0","904","565","실제 노출 로그 / 점수·순위는 실험용"
"XE5nx8Vng1t","Qw4zvSJSN6","H0031","R0031_1","0.0","905","650","실제 노출 로그 / 점수·순위는 실험용"
"XE0iVG3KXs1","Qw4zvSJSN6","H0283","R0283_1","0.0","906","899","실제 노출 로그 / 점수·순위는 실험용"
"XEmgKusaguC","Qw4zvSJSN6","H0535","R0535_1","0.0","907","146","실제 노출 로그 / 점수·순위는 실험용"
"XEx229DFOon","Qw4zvSJSN6","H0787","R0787_1","0.0","908","398","실제 노출 로그 / 점수·순위는 실험용"
"XE7lwCTlR3B","Qw4zvSJSN6","H0227","R0227_1","0.0","909","734","실제 노출 로그 / 점수·순위는 실험용"
"XEMgEbqSDNn","Qw4zvSJSN6","H0479","R0479_1","0.0","910","979","실제 노출 로그 / 점수·순위는 실험용"
"XEVUH6s66KY","Qw4zvSJSN6","H0731","R0731_1","0.0","911","230","실제 노출 로그 / 점수·순위는 실험용"
"XE09MR4TJwJ","Qw4zvSJSN6","H0983","R0983_1","0.0","912","482","실제 노출 로그 / 점수·순위는 실험용"
"XEAg6ypoNdL","Qw4zvSJSN6","H0171","R0171_1","0.0","913","566","실제 노출 로그 / 점수·순위는 실험용"
"XE6tBDM820I","Qw4zvSJSN6","H0423","R0423_1","0.0","914","818","실제 노출 로그 / 점수·순위는 실험용"
"XEQHA8mJX2y","Qw4zvSJSN6","H0675","R0675_1","0.0","915","62","실제 노출 로그 / 점수·순위는 실험용"
"XEvSL1LXY0o","Qw4zvSJSN6","H0927","R0927_1","0.0","916","314","실제 노출 로그 / 점수·순위는 실험용"
"XESC1C5B5Zn","Qw4zvSJSN6","H0115","R0115_1","0.0","917","399","실제 노출 로그 / 점수·순위는 실험용"
"XEHPDWCY0aq","Qw4zvSJSN6","H0367","R0367_1","0.0","918","651","실제 노출 로그 / 점수·순위는 실험용"
"XE9biiFKJAH","Qw4zvSJSN6","H0619","R0619_1","0.0","919","900","실제 노출 로그 / 점수·순위는 실험용"
"XElnmbnW7Jn","Qw4zvSJSN6","H0871","R0871_1","0.0","920","147","실제 노출 로그 / 점수·순위는 실험용"
"XECFjELd97n","Qw4zvSJSN6","H0059","R0059_1","0.0","921","231","실제 노출 로그 / 점수·순위는 실험용"
"XEx7waoEDoE","Qw4zvSJSN6","H0311","R0311_1","0.0","922","483","실제 노출 로그 / 점수·순위는 실험용"
"XEAjoHqQHMQ","Qw4zvSJSN6","H0563","R0563_1","0.0","923","735","실제 노출 로그 / 점수·순위는 실험용"
"XE1Glf2ynqn","Qw4zvSJSN6","H0815","R0815_1","0.0","924","980","실제 노출 로그 / 점수·순위는 실험용"
"XE81q515bt2","Qw4zvSJSN6","H0003","R0003_1","0.0","925","63","실제 노출 로그 / 점수·순위는 실험용"
"XESegGqH4CO","Qw4zvSJSN6","H0255","R0255_1","0.0","926","315","실제 노출 로그 / 점수·순위는 실험용"
"XEfBCwv2Yl0","Qw4zvSJSN6","H0507","R0507_1","0.0","927","567","실제 노출 로그 / 점수·순위는 실험용"
"XEQk2RtauTZ","Qw4zvSJSN6","H0759","R0759_1","0.0","928","819","실제 노출 로그 / 점수·순위는 실험용"
"XEGk0Ror6gc","Qw4zvSJSN6","H0506","R0506_1","0.0","929","544","실제 노출 로그 / 점수·순위는 실험용"
"XEFY7IRps6M","Qw4zvSJSN6","H0758","R0758_1","0.0","930","796","실제 노출 로그 / 점수·순위는 실험용"
"XEr9m2rUPc1","Qw4zvSJSN6","H0198","R0198_1","0.0","931","124","실제 노출 로그 / 점수·순위는 실험용"
"XE30Ai7F6X1","Qw4zvSJSN6","H0450","R0450_1","0.0","932","376","실제 노출 로그 / 점수·순위는 실험용"
"XED1TvE5Dh7","Qw4zvSJSN6","H0702","R0702_1","0.0","933","628","실제 노출 로그 / 점수·순위는 실험용"
"XEt1LGfVBpc","Qw4zvSJSN6","H0954","R0954_1","0.0","934","878","실제 노출 로그 / 점수·순위는 실험용"
"XEtCmrptXgG","Qw4zvSJSN6","H0142","R0142_1","0.0","935","958","실제 노출 로그 / 점수·순위는 실험용"
"XENTPKCAu2v","Qw4zvSJSN6","H0394","R0394_1","0.0","936","208","실제 노출 로그 / 점수·순위는 실험용"
"XETJDv7IDJ0","Qw4zvSJSN6","H0646","R0646_1","0.0","937","460","실제 노출 로그 / 점수·순위는 실험용"
"XEF1AwRkbJP","Qw4zvSJSN6","H0898","R0898_1","0.0","938","712","실제 노출 로그 / 점수·순위는 실험용"
"XEGUhzHixtj","Qw4zvSJSN6","H0086","R0086_1","0.0","939","797","실제 노출 로그 / 점수·순위는 실험용"
"XEboC5DEPUQ","Qw4zvSJSN6","H0338","R0338_1","0.0","940","40","실제 노출 로그 / 점수·순위는 실험용"
"XEr5tl3eo3F","Qw4zvSJSN6","H0590","R0590_1","0.0","941","292","실제 노출 로그 / 점수·순위는 실험용"
"XEm153xFx9M","Qw4zvSJSN6","H0842","R0842_1","0.0","942","545","실제 노출 로그 / 점수·순위는 실험용"
"XE78sBa0Iva","Qw4zvSJSN6","H0030","R0030_1","0.0","943","629","실제 노출 로그 / 점수·순위는 실험용"
"XEu7Up3v4NM","Qw4zvSJSN6","H0282","R0282_1","0.0","944","879","실제 노출 로그 / 점수·순위는 실험용"
"XEKAtcX6Xnp","Qw4zvSJSN6","H0534","R0534_1","0.0","945","125","실제 노출 로그 / 점수·순위는 실험용"
"XE5p56PST0N","Qw4zvSJSN6","H0786","R0786_1","0.0","946","377","실제 노출 로그 / 점수·순위는 실험용"
"XEGHusX7IVw","Qw4zvSJSN6","H0226","R0226_1","0.0","947","713","실제 노출 로그 / 점수·순위는 실험용"
"XE27vSCHwZy","Qw4zvSJSN6","H0478","R0478_1","0.0","948","959","실제 노출 로그 / 점수·순위는 실험용"
"XEmq7gjI6WO","Qw4zvSJSN6","H0730","R0730_1","0.0","949","209","실제 노출 로그 / 점수·순위는 실험용"
"XEqbhicqjle","Qw4zvSJSN6","H0982","R0982_1","0.0","950","461","실제 노출 로그 / 점수·순위는 실험용"
"XEWxbGELA2M","Qw4zvSJSN6","H0170","R0170_1","0.0","951","546","실제 노출 로그 / 점수·순위는 실험용"
"XEvltp3l9xV","Qw4zvSJSN6","H0422","R0422_1","0.0","952","798","실제 노출 로그 / 점수·순위는 실험용"
"XEO18RHNnEz","Qw4zvSJSN6","H0674","R0674_1","0.0","953","41","실제 노출 로그 / 점수·순위는 실험용"
"XEzKRjYK3hx","Qw4zvSJSN6","H0926","R0926_1","0.0","954","293","실제 노출 로그 / 점수·순위는 실험용"
"XEC0CwoHDcz","Qw4zvSJSN6","H0114","R0114_1","0.0","955","378","실제 노출 로그 / 점수·순위는 실험용"
"XEY2r2QBbNe","Qw4zvSJSN6","H0366","R0366_1","0.0","956","630","실제 노출 로그 / 점수·순위는 실험용"
"XEwoKlWf2Ew","Qw4zvSJSN6","H0618","R0618_1","0.0","957","880","실제 노출 로그 / 점수·순위는 실험용"
"XEcto08zQzz","Qw4zvSJSN6","H0870","R0870_1","0.0","958","126","실제 노출 로그 / 점수·순위는 실험용"
"XEw4MzoAToK","Qw4zvSJSN6","H0058","R0058_1","0.0","959","210","실제 노출 로그 / 점수·순위는 실험용"
"XEX75TkAlok","Qw4zvSJSN6","H0310","R0310_1","0.0","960","462","실제 노출 로그 / 점수·순위는 실험용"
"XEROQI4KmKY","Qw4zvSJSN6","H0562","R0562_1","0.0","961","714","실제 노출 로그 / 점수·순위는 실험용"
"XEcpC5J9De3","Qw4zvSJSN6","H0814","R0814_1","0.0","962","960","실제 노출 로그 / 점수·순위는 실험용"
"XE6y0g2cXJx","Qw4zvSJSN6","H0002","R0002_1","0.0","963","42","실제 노출 로그 / 점수·순위는 실험용"
"XELpWpfpRCS","Qw4zvSJSN6","H0254","R0254_1","0.0","964","294","실제 노출 로그 / 점수·순위는 실험용"
"XEpWvrfnUUT","Qw4zvSJSN6","H0253","R0253_1","0.0","965","271","실제 노출 로그 / 점수·순위는 실험용"
"XE3TMxcnMPI","Qw4zvSJSN6","H0505","R0505_1","0.0","966","523","실제 노출 로그 / 점수·순위는 실험용"
"XEYAlFywYNV","Qw4zvSJSN6","H0757","R0757_1","0.0","967","775","실제 노출 로그 / 점수·순위는 실험용"
"XEhL9tBhOdI","Qw4zvSJSN6","H0197","R0197_1","0.0","968","103","실제 노출 로그 / 점수·순위는 실험용"
"XEA1cH2Qsrl","Qw4zvSJSN6","H0449","R0449_1","0.0","969","355","실제 노출 로그 / 점수·순위는 실험용"
"XEEPNfAllEj","Qw4zvSJSN6","H0701","R0701_1","0.0","970","607","실제 노출 로그 / 점수·순위는 실험용"
"XEACIrMGF5P","Qw4zvSJSN6","H0953","R0953_1","0.0","971","858","실제 노출 로그 / 점수·순위는 실험용"
"XEVPMV2DtBH","Qw4zvSJSN6","H0141","R0141_1","0.0","972","938","실제 노출 로그 / 점수·순위는 실험용"
"XED2Yp2scm3","Qw4zvSJSN6","H0393","R0393_1","0.0","973","187","실제 노출 로그 / 점수·순위는 실험용"
"XEbpdtTa7Gw","Qw4zvSJSN6","H0645","R0645_1","0.0","974","439","실제 노출 로그 / 점수·순위는 실험용"
"XEvZdmook9z","Qw4zvSJSN6","H0897","R0897_1","0.0","975","691","실제 노출 로그 / 점수·순위는 실험용"
"XENE69RUo8c","Qw4zvSJSN6","H0085","R0085_1","0.0","976","776","실제 노출 로그 / 점수·순위는 실험용"
"XEEChkrDv19","Qw4zvSJSN6","H0337","R0337_1","0.0","977","19","실제 노출 로그 / 점수·순위는 실험용"
"XEznJoNowEQ","Qw4zvSJSN6","H0589","R0589_1","0.0","978","272","실제 노출 로그 / 점수·순위는 실험용"
"XEjACsIqZHJ","Qw4zvSJSN6","H0841","R0841_1","0.0","979","524","실제 노출 로그 / 점수·순위는 실험용"
"XEM3JWWiJtI","Qw4zvSJSN6","H0029","R0029_1","0.0","980","608","실제 노출 로그 / 점수·순위는 실험용"
"XExt0mjZSs0","Qw4zvSJSN6","H0281","R0281_1","0.0","981","859","실제 노출 로그 / 점수·순위는 실험용"
"XE4hb75o92T","Qw4zvSJSN6","H0533","R0533_1","0.0","982","104","실제 노출 로그 / 점수·순위는 실험용"
"XEKiNrsmpt9","Qw4zvSJSN6","H0785","R0785_1","0.0","983","356","실제 노출 로그 / 점수·순위는 실험용"
"XE8R1TTayLT","Qw4zvSJSN6","H0225","R0225_1","0.0","984","692","실제 노출 로그 / 점수·순위는 실험용"
"XEhFaHImW63","Qw4zvSJSN6","H0477","R0477_1","0.0","985","939","실제 노출 로그 / 점수·순위는 실험용"
"XEbkezxlCnU","Qw4zvSJSN6","H0729","R0729_1","0.0","986","188","실제 노출 로그 / 점수·순위는 실험용"
"XEtlFBHVj3T","Qw4zvSJSN6","H0981","R0981_1","0.0","987","440","실제 노출 로그 / 점수·순위는 실험용"
"XESZRmi0ptT","Qw4zvSJSN6","H0169","R0169_1","0.0","988","525","실제 노출 로그 / 점수·순위는 실험용"
"XEke3NP9Hpo","Qw4zvSJSN6","H0421","R0421_1","0.0","989","777","실제 노출 로그 / 점수·순위는 실험용"
"XE1g09AdefU","Qw4zvSJSN6","H0673","R0673_1","0.0","990","20","실제 노출 로그 / 점수·순위는 실험용"
"XEozHp7oPdp","Qw4zvSJSN6","H0925","R0925_1","0.0","991","273","실제 노출 로그 / 점수·순위는 실험용"
"XEPEGOoxaOW","Qw4zvSJSN6","H0113","R0113_1","0.0","992","357","실제 노출 로그 / 점수·순위는 실험용"
"XEX1H8IF5jB","Qw4zvSJSN6","H0365","R0365_1","0.0","993","609","실제 노출 로그 / 점수·순위는 실험용"
"XEJ0d75USQQ","Qw4zvSJSN6","H0617","R0617_1","0.0","994","860","실제 노출 로그 / 점수·순위는 실험용"
"XEyfAxI97pq","Qw4zvSJSN6","H0869","R0869_1","0.0","995","105","실제 노출 로그 / 점수·순위는 실험용"
"XEx4wicvkq9","Qw4zvSJSN6","H0057","R0057_1","0.0","996","189","실제 노출 로그 / 점수·순위는 실험용"
"XEdcTjpWd3g","Qw4zvSJSN6","H0309","R0309_1","0.0","997","441","실제 노출 로그 / 점수·순위는 실험용"
"XE9UiwvhLed","Qw4zvSJSN6","H0561","R0561_1","0.0","998","693","실제 노출 로그 / 점수·순위는 실험용"
"XEpwsH7tZ7L","Qw4zvSJSN6","H0813","R0813_1","0.0","999","940","실제 노출 로그 / 점수·순위는 실험용"
"XE1xXS0Xu0f","Qw4zvSJSN6","H0001","R0001_1","0.0","1000","21","실제 노출 로그 / 점수·순위는 실험용"
"XETR8fDfkU0","QEhf8Qa94O","H0223","R0223_1","100.0","1","13","실제 노출 로그 / 점수·순위는 실험용"
"XE9gam4YdRD","QEhf8Qa94O","H0363","R0363_1","99.0","2","12","실제 노출 로그 / 점수·순위는 실험용"
"XElvOckU8Ow","QEhf8Qa94O","H0333","R0333_1","98.0","3","19","실제 노출 로그 / 점수·순위는 실험용"
"XEHmEShlHyS","QEhf8Qa94O","H0303","R0303_1","97.0","4","7","실제 노출 로그 / 점수·순위는 실험용"
"XESs2PoeCiD","QEhf8Qa94O","H0273","R0273_1","96.0","5","14","실제 노출 로그 / 점수·순위는 실험용"
"XEGJ374hyz8","QEhf8Qa94O","H0243","R0243_1","95.0","6","1","실제 노출 로그 / 점수·순위는 실험용"
"XED9LccJF3A","QEhf8Qa94O","H0383","R0383_1","94.0","7","20","실제 노출 로그 / 점수·순위는 실험용"
"XEYJTBB3jSH","QEhf8Qa94O","H0353","R0353_1","93.0","8","8","실제 노출 로그 / 점수·순위는 실험용"
"XEN6Q3yF3qg","QEhf8Qa94O","H0213","R0213_1","92.0","9","9","실제 노출 로그 / 점수·순위는 실험용"
"XEs9mvTpm51","QEhf8Qa94O","H0323","R0323_1","91.0","10","15","실제 노출 로그 / 점수·순위는 실험용"
"XE4Ud2kzwGu","QEhf8Qa94O","H0293","R0293_1","90.0","11","2","실제 노출 로그 / 점수·순위는 실험용"
"XEoQLgWPzNb","QEhf8Qa94O","H0263","R0263_1","89.0","12","10","실제 노출 로그 / 점수·순위는 실험용"
"XEcDOnqdypE","QEhf8Qa94O","H0233","R0233_1","88.0","13","17","실제 노출 로그 / 점수·순위는 실험용"
"XEaCSbWax14","QEhf8Qa94O","H0373","R0373_1","87.0","14","16","실제 노출 로그 / 점수·순위는 실험용"
"XEVB9aF709k","QEhf8Qa94O","H0203","R0203_1","86.0","15","5","실제 노출 로그 / 점수·순위는 실험용"
"XE0I1eNNUPJ","QEhf8Qa94O","H0343","R0343_1","85.0","16","3","실제 노출 로그 / 점수·순위는 실험용"
"XEgxaDU5JXJ","QEhf8Qa94O","H0313","R0313_1","84.0","17","11","실제 노출 로그 / 점수·순위는 실험용"
"XE9ZqrzBWYy","QEhf8Qa94O","H0283","R0283_1","83.0","18","18","실제 노출 로그 / 점수·순위는 실험용"
"XE56R5M4w2F","QEhf8Qa94O","H0253","R0253_1","82.0","19","6","실제 노출 로그 / 점수·순위는 실험용"
"XEewBwsaQCK","QEhf8Qa94O","H0393","R0393_1","81.0","20","4","실제 노출 로그 / 점수·순위는 실험용"
"XEWM5kpSUFP","QfyEdhfadA","H0307","R0307_1","100.0","1","9","실제 노출 로그 / 점수·순위는 실험용"
"XEB8IhwYpks","QfyEdhfadA","H0277","R0277_1","99.0","2","16","실제 노출 로그 / 점수·순위는 실험용"
"XEtpavdvH4B","QfyEdhfadA","H0247","R0247_1","98.0","3","3","실제 노출 로그 / 점수·순위는 실험용"
"XE849zVNt62","QfyEdhfadA","H0387","R0387_1","97.0","4","2","실제 노출 로그 / 점수·순위는 실험용"
"XEo0tKbFksL","QfyEdhfadA","H0217","R0217_1","96.0","5","11","실제 노출 로그 / 점수·순위는 실험용"
"XEQQjuTyslf","QfyEdhfadA","H0357","R0357_1","95.0","6","10","실제 노출 로그 / 점수·순위는 실험용"
"XELglUV1w9q","QfyEdhfadA","H0327","R0327_1","94.0","7","17","실제 노출 로그 / 점수·순위는 실험용"
"XE6Uw7TOFQH","QfyEdhfadA","H0297","R0297_1","93.0","8","4","실제 노출 로그 / 점수·순위는 실험용"
"XExobM7IckJ","QfyEdhfadA","H0267","R0267_1","92.0","9","12","실제 노출 로그 / 점수·순위는 실험용"
"XEgmpSGlZGu","QfyEdhfadA","H0237","R0237_1","91.0","10","19","실제 노출 로그 / 점수·순위는 실험용"
"XEYhNv5sX87","QfyEdhfadA","H0377","R0377_1","90.0","11","18","실제 노출 로그 / 점수·순위는 실험용"
"XE7GompPDTh","QfyEdhfadA","H0347","R0347_1","89.0","12","5","실제 노출 로그 / 점수·순위는 실험용"
"XE8VF5sWcZ4","QfyEdhfadA","H0207","R0207_1","88.0","13","7","실제 노출 로그 / 점수·순위는 실험용"
"XEX6AZt072T","QfyEdhfadA","H0317","R0317_1","87.0","14","13","실제 노출 로그 / 점수·순위는 실험용"
"XEZ1oICnCfc","QfyEdhfadA","H0287","R0287_1","86.0","15","20","실제 노출 로그 / 점수·순위는 실험용"
"XEcxjVk2CCx","QfyEdhfadA","H0397","R0397_1","85.0","16","6","실제 노출 로그 / 점수·순위는 실험용"
"XESR5xvU8OS","QfyEdhfadA","H0257","R0257_1","84.0","17","8","실제 노출 로그 / 점수·순위는 실험용"
"XECaJZQC3IO","QfyEdhfadA","H0227","R0227_1","83.0","18","15","실제 노출 로그 / 점수·순위는 실험용"
"XEOn8oMZtp6","QfyEdhfadA","H0367","R0367_1","82.0","19","14","실제 노출 로그 / 점수·순위는 실험용"
"XEzn6wWq3J8","QfyEdhfadA","H0337","R0337_1","81.0","20","1","실제 노출 로그 / 점수·순위는 실험용"
"XEl8mJim3cX","QyoWpIknRm","H0307","R0307_1","100.0","1","9","실제 노출 로그 / 점수·순위는 실험용"
"XEcuatdoaXn","QyoWpIknRm","H0277","R0277_1","99.0","2","16","실제 노출 로그 / 점수·순위는 실험용"
"XEXKJQDloWb","QyoWpIknRm","H0247","R0247_1","98.0","3","3","실제 노출 로그 / 점수·순위는 실험용"
"XEfkIGg2IvY","QyoWpIknRm","H0387","R0387_1","97.0","4","2","실제 노출 로그 / 점수·순위는 실험용"
"XEvXMZwOg0w","QyoWpIknRm","H0217","R0217_1","96.0","5","11","실제 노출 로그 / 점수·순위는 실험용"
"XEM9xQV24W8","QyoWpIknRm","H0357","R0357_1","95.0","6","10","실제 노출 로그 / 점수·순위는 실험용"
"XEUtGCofTVi","QyoWpIknRm","H0327","R0327_1","94.0","7","17","실제 노출 로그 / 점수·순위는 실험용"
"XE7R3ve6wFS","QyoWpIknRm","H0297","R0297_1","93.0","8","4","실제 노출 로그 / 점수·순위는 실험용"
"XErp4xTPKa3","QyoWpIknRm","H0267","R0267_1","92.0","9","12","실제 노출 로그 / 점수·순위는 실험용"
"XELn90SLsVP","QyoWpIknRm","H0237","R0237_1","91.0","10","19","실제 노출 로그 / 점수·순위는 실험용"
"XEFnBlF3NaC","QyoWpIknRm","H0377","R0377_1","90.0","11","18","실제 노출 로그 / 점수·순위는 실험용"
"XEWXiC31C02","QyoWpIknRm","H0347","R0347_1","89.0","12","5","실제 노출 로그 / 점수·순위는 실험용"
"XEqyOY7brxM","QyoWpIknRm","H0207","R0207_1","88.0","13","7","실제 노출 로그 / 점수·순위는 실험용"
"XEjs18dY63O","QyoWpIknRm","H0317","R0317_1","87.0","14","13","실제 노출 로그 / 점수·순위는 실험용"
"XEZQJ2ic21f","QyoWpIknRm","H0287","R0287_1","86.0","15","20","실제 노출 로그 / 점수·순위는 실험용"
"XEImEcJUDwa","QyoWpIknRm","H0397","R0397_1","85.0","16","6","실제 노출 로그 / 점수·순위는 실험용"
"XEpuAu3cQuS","QyoWpIknRm","H0257","R0257_1","84.0","17","8","실제 노출 로그 / 점수·순위는 실험용"
"XEMhA5ZRxxW","QyoWpIknRm","H0227","R0227_1","83.0","18","15","실제 노출 로그 / 점수·순위는 실험용"
"XEq4BogS6Bc","QyoWpIknRm","H0367","R0367_1","82.0","19","14","실제 노출 로그 / 점수·순위는 실험용"
"XEjVkkrDp4e","QyoWpIknRm","H0337","R0337_1","81.0","20","1","실제 노출 로그 / 점수·순위는 실험용"
"XE59L5q3MpQ","Q24gQrT5q7","H0242","R0242_1","100.0","1","1","실제 노출 로그 / 점수·순위는 실험용"
"XEWg7ZInjz2","Q24gQrT5q7","H0392","R0392_1","99.0","2","2","실제 노출 로그 / 점수·순위는 실험용"
"XEpYUrqDA2H","Q24gQrT5q7","H0212","R0212_1","98.0","3","3","실제 노출 로그 / 점수·순위는 실험용"
"XEQ2wLgo3oN","QhjQC7ISJ6","H0252","R0252_1","100.0","1","6","실제 노출 로그 / 점수·순위는 실험용"
"XEoe5lY5vjv","QhjQC7ISJ6","H0392","R0392_1","99.0","2","4","실제 노출 로그 / 점수·순위는 실험용"
"XEKgEnVJ32o","QhjQC7ISJ6","H0222","R0222_1","98.0","3","13","실제 노출 로그 / 점수·순위는 실험용"
"XEZQaq9p4z8","QhjQC7ISJ6","H0362","R0362_1","97.0","4","12","실제 노출 로그 / 점수·순위는 실험용"
"XEHNBTeO0kW","QhjQC7ISJ6","H0332","R0332_1","96.0","5","19","실제 노출 로그 / 점수·순위는 실험용"
"XEqOkLOeUxE","QhjQC7ISJ6","H0302","R0302_1","95.0","6","7","실제 노출 로그 / 점수·순위는 실험용"
"XEytiCztybB","QhjQC7ISJ6","H0272","R0272_1","94.0","7","14","실제 노출 로그 / 점수·순위는 실험용"
"XEDo5o7v1ZC","QhjQC7ISJ6","H0242","R0242_1","93.0","8","1","실제 노출 로그 / 점수·순위는 실험용"
"XEYWk7xFrpK","QhjQC7ISJ6","H0382","R0382_1","92.0","9","20","실제 노출 로그 / 점수·순위는 실험용"
"XEaFDprXgm2","QhjQC7ISJ6","H0352","R0352_1","91.0","10","8","실제 노출 로그 / 점수·순위는 실험용"
"XEMku2XN58K","QhjQC7ISJ6","H0212","R0212_1","90.0","11","9","실제 노출 로그 / 점수·순위는 실험용"
"XE1iCfDxRJK","QhjQC7ISJ6","H0322","R0322_1","89.0","12","15","실제 노출 로그 / 점수·순위는 실험용"
"XEPxSDRUXnh","QhjQC7ISJ6","H0292","R0292_1","88.0","13","2","실제 노출 로그 / 점수·순위는 실험용"
"XEtF5MOJYWU","QhjQC7ISJ6","H0262","R0262_1","87.0","14","10","실제 노출 로그 / 점수·순위는 실험용"
"XENUIX9WwHp","QhjQC7ISJ6","H0232","R0232_1","86.0","15","17","실제 노출 로그 / 점수·순위는 실험용"
"XEQ0v2FwO8F","QhjQC7ISJ6","H0372","R0372_1","85.0","16","16","실제 노출 로그 / 점수·순위는 실험용"
"XE0uyBP0ga7","QhjQC7ISJ6","H0202","R0202_1","84.0","17","5","실제 노출 로그 / 점수·순위는 실험용"
"XEa5m7DMEQY","QhjQC7ISJ6","H0342","R0342_1","83.0","18","3","실제 노출 로그 / 점수·순위는 실험용"
"XE4TIl3tt0n","QhjQC7ISJ6","H0312","R0312_1","82.0","19","11","실제 노출 로그 / 점수·순위는 실험용"
"XEwzJ9dr3Gc","QhjQC7ISJ6","H0282","R0282_1","81.0","20","18","실제 노출 로그 / 점수·순위는 실험용"
"XEjYIN5IQUX","Qls5gz8SJD","H0224","R0224_1","100.0","1","13","실제 노출 로그 / 점수·순위는 실험용"
"XEP5stFy7it","Qls5gz8SJD","H0364","R0364_1","99.0","2","12","실제 노출 로그 / 점수·순위는 실험용"
"XE1f440kJl8","Qls5gz8SJD","H0334","R0334_1","98.0","3","19","실제 노출 로그 / 점수·순위는 실험용"
"XEnZfFqIUo7","Qls5gz8SJD","H0304","R0304_1","97.0","4","7","실제 노출 로그 / 점수·순위는 실험용"
"XEriUGr8L7N","Qls5gz8SJD","H0274","R0274_1","96.0","5","14","실제 노출 로그 / 점수·순위는 실험용"
"XEOiTPNP9NB","Qls5gz8SJD","H0244","R0244_1","95.0","6","1","실제 노출 로그 / 점수·순위는 실험용"
"XEVyw0eAtZM","Qls5gz8SJD","H0384","R0384_1","94.0","7","20","실제 노출 로그 / 점수·순위는 실험용"
"XEL26vgKhH2","Qls5gz8SJD","H0354","R0354_1","93.0","8","8","실제 노출 로그 / 점수·순위는 실험용"
"XEmMMq06KAx","Qls5gz8SJD","H0214","R0214_1","92.0","9","9","실제 노출 로그 / 점수·순위는 실험용"
"XEAK20wiZSl","Qls5gz8SJD","H0324","R0324_1","91.0","10","15","실제 노출 로그 / 점수·순위는 실험용"
"XEfS648CbyV","Qls5gz8SJD","H0294","R0294_1","90.0","11","2","실제 노출 로그 / 점수·순위는 실험용"
"XEDY9RtTFG7","Qls5gz8SJD","H0264","R0264_1","89.0","12","10","실제 노출 로그 / 점수·순위는 실험용"
"XEPSIKMAdAq","Qls5gz8SJD","H0234","R0234_1","88.0","13","17","실제 노출 로그 / 점수·순위는 실험용"
"XEb6zmZYXhz","Qls5gz8SJD","H0374","R0374_1","87.0","14","16","실제 노출 로그 / 점수·순위는 실험용"
"XE3TMEhy7Bb","Qls5gz8SJD","H0344","R0344_1","86.0","15","3","실제 노출 로그 / 점수·순위는 실험용"
"XErbI1JaWmu","Qls5gz8SJD","H0204","R0204_1","85.0","16","5","실제 노출 로그 / 점수·순위는 실험용"
"XExZTcsUdN1","Qls5gz8SJD","H0314","R0314_1","84.0","17","11","실제 노출 로그 / 점수·순위는 실험용"
"XEIc6LbRmNz","Qls5gz8SJD","H0284","R0284_1","83.0","18","18","실제 노출 로그 / 점수·순위는 실험용"
"XEs4iHlp7xN","Qls5gz8SJD","H0394","R0394_1","82.0","19","4","실제 노출 로그 / 점수·순위는 실험용"
"XElaKe8w4dA","Qls5gz8SJD","H0254","R0254_1","81.0","20","6","실제 노출 로그 / 점수·순위는 실험용"
"XEeS8ICwOuX","QHaA7LVU77","H0051","R0051_1","100.0","1","1","실제 노출 로그 / 점수·순위는 실험용"
"XEAdPJgzHlz","QHaA7LVU77","H0021","R0021_1","99.0","2","5","실제 노출 로그 / 점수·순위는 실험용"
"XEIgpjRPsAc","QHaA7LVU77","H0161","R0161_1","98.0","3","4","실제 노출 로그 / 점수·순위는 실험용"
"XEWsJb06iM6","QHaA7LVU77","H0101","R0101_1","97.0","4","2","실제 노출 로그 / 점수·순위는 실험용"
"XEOeS56nsGx","QHaA7LVU77","H0071","R0071_1","96.0","5","6","실제 노출 로그 / 점수·순위는 실험용"
"XEgasrfcfH3","QHaA7LVU77","H0011","R0011_1","95.0","6","3","실제 노출 로그 / 점수·순위는 실험용"
"XEZee89btvM","Qu7IZVdIfa","H0111","R0111_1","100.0","1","7","실제 노출 로그 / 점수·순위는 실험용"
"XE9x19TigLa","Qu7IZVdIfa","H0081","R0081_1","99.0","2","14","실제 노출 로그 / 점수·순위는 실험용"
"XEMQIv3KTWW","Qu7IZVdIfa","H0051","R0051_1","98.0","3","2","실제 노출 로그 / 점수·순위는 실험용"
"XE3inqmOk9D","Qu7IZVdIfa","H0191","R0191_1","97.0","4","20","실제 노출 로그 / 점수·순위는 실험용"
"XE3F5iAVNsG","Qu7IZVdIfa","H0021","R0021_1","96.0","5","9","실제 노출 로그 / 점수·순위는 실험용"
"XEW5uI1ssDq","Qu7IZVdIfa","H0161","R0161_1","95.0","6","8","실제 노출 로그 / 점수·순위는 실험용"
"XErMVzgXI25","Qu7IZVdIfa","H0131","R0131_1","94.0","7","15","실제 노출 로그 / 점수·순위는 실험용"
"XEA037Qd1q4","Qu7IZVdIfa","H0101","R0101_1","93.0","8","3","실제 노출 로그 / 점수·순위는 실험용"
"XETyQTr1pIx","Qu7IZVdIfa","H0071","R0071_1","92.0","9","10","실제 노출 로그 / 점수·순위는 실험용"
"XEbv1xsEFkD","Qu7IZVdIfa","H0041","R0041_1","91.0","10","17","실제 노출 로그 / 점수·순위는 실험용"
"XEbXjajwlH2","Qu7IZVdIfa","H0181","R0181_1","90.0","11","16","실제 노출 로그 / 점수·순위는 실험용"
"XEmMfwnkb8Y","Qu7IZVdIfa","H0151","R0151_1","89.0","12","4","실제 노출 로그 / 점수·순위는 실험용"
"XEJR8j3syNI","Qu7IZVdIfa","H0011","R0011_1","88.0","13","5","실제 노출 로그 / 점수·순위는 실험용"
"XE1eTaHxfC7","Qu7IZVdIfa","H0121","R0121_1","87.0","14","11","실제 노출 로그 / 점수·순위는 실험용"
"XEXLLNHzSLA","Qu7IZVdIfa","H0091","R0091_1","86.0","15","18","실제 노출 로그 / 점수·순위는 실험용"
"XEKhOB8Ymrn","Qu7IZVdIfa","H0061","R0061_1","85.0","16","6","실제 노출 로그 / 점수·순위는 실험용"
"XExawsgpLoy","Qu7IZVdIfa","H0031","R0031_1","84.0","17","13","실제 노출 로그 / 점수·순위는 실험용"
"XEgORd0u42v","Qu7IZVdIfa","H0171","R0171_1","83.0","18","12","실제 노출 로그 / 점수·순위는 실험용"
"XEv2Ur9KkUf","Qu7IZVdIfa","H0141","R0141_1","82.0","19","19","실제 노출 로그 / 점수·순위는 실험용"
"XEbsGw6sRtj","Qu7IZVdIfa","H0001","R0001_1","81.0","20","1","실제 노출 로그 / 점수·순위는 실험용"
"XEfNg3ZB1ii","Qef6nhfBaf","H0252","R0252_1","100.0","1","3","실제 노출 로그 / 점수·순위는 실험용"
"XESAvJgZWus","Qef6nhfBaf","H0392","R0392_1","99.0","2","2","실제 노출 로그 / 점수·순위는 실험용"
"XEFoIXJ4upj","Qef6nhfBaf","H0222","R0222_1","98.0","3","5","실제 노출 로그 / 점수·순위는 실험용"
"XEODE0rGvXs","Qef6nhfBaf","H0332","R0332_1","97.0","4","7","실제 노출 로그 / 점수·순위는 실험용"
"XEhjrxfwTMz","Qef6nhfBaf","H0272","R0272_1","96.0","5","6","실제 노출 로그 / 점수·순위는 실험용"
"XEfRC1gvA1z","Qef6nhfBaf","H0242","R0242_1","95.0","6","1","실제 노출 로그 / 점수·순위는 실험용"
"XE43Rd4S9AC","Qef6nhfBaf","H0212","R0212_1","94.0","7","4","실제 노출 로그 / 점수·순위는 실험용"
"XEPWQJemR2t","Qr8f8e0yPK","H0252","R0252_1","100.0","1","3","실제 노출 로그 / 점수·순위는 실험용"
"XEZa1Zf1nwf","Qr8f8e0yPK","H0392","R0392_1","99.0","2","2","실제 노출 로그 / 점수·순위는 실험용"
"XEsANJNkRN2","Qr8f8e0yPK","H0222","R0222_1","98.0","3","5","실제 노출 로그 / 점수·순위는 실험용"
"XE6QNViibTf","Qr8f8e0yPK","H0332","R0332_1","97.0","4","7","실제 노출 로그 / 점수·순위는 실험용"
"XEA5xR38pwE","Qr8f8e0yPK","H0272","R0272_1","96.0","5","6","실제 노출 로그 / 점수·순위는 실험용"
"XEEp6Pg7dYG","Qr8f8e0yPK","H0242","R0242_1","95.0","6","1","실제 노출 로그 / 점수·순위는 실험용"
"XEVAgRGvCIA","Qr8f8e0yPK","H0212","R0212_1","94.0","7","4","실제 노출 로그 / 점수·순위는 실험용"
"XEopKgklD5i","Q5su591bLG","H0252","R0252_1","100.0","1","3","실제 노출 로그 / 점수·순위는 실험용"
"XEtnnFbEa7M","Q5su591bLG","H0392","R0392_1","99.0","2","2","실제 노출 로그 / 점수·순위는 실험용"
"XEAgRNu9GR1","Q5su591bLG","H0222","R0222_1","98.0","3","5","실제 노출 로그 / 점수·순위는 실험용"
"XEShAzYcn2Y","Q5su591bLG","H0332","R0332_1","97.0","4","7","실제 노출 로그 / 점수·순위는 실험용"
"XES0irq7UK2","Q5su591bLG","H0272","R0272_1","96.0","5","6","실제 노출 로그 / 점수·순위는 실험용"
"XEfOce5j7P8","Q5su591bLG","H0242","R0242_1","95.0","6","1","실제 노출 로그 / 점수·순위는 실험용"
"XE5k1Shoo6d","Q5su591bLG","H0212","R0212_1","94.0","7","4","실제 노출 로그 / 점수·순위는 실험용"
"XEAetBgGg2e","QJimeDlDOV","H0242","R0242_1","100.0","1","1","실제 노출 로그 / 점수·순위는 실험용"
"XE9pwdE2Ttn","Qp4nY8fw73","H0242","R0242_1","100.0","1","1","실제 노출 로그 / 점수·순위는 실험용"
"XEOKf9MbeMm","QD0YRMjvrt","H0252","R0252_1","100.0","1","6","실제 노출 로그 / 점수·순위는 실험용"
"XEbqa7XyYaO","QD0YRMjvrt","H0392","R0392_1","99.0","2","4","실제 노출 로그 / 점수·순위는 실험용"
"XEk4av86zQU","QD0YRMjvrt","H0222","R0222_1","98.0","3","13","실제 노출 로그 / 점수·순위는 실험용"
"XElqLvIZs7d","QD0YRMjvrt","H0362","R0362_1","97.0","4","12","실제 노출 로그 / 점수·순위는 실험용"
"XEzuDcOvaHa","QD0YRMjvrt","H0332","R0332_1","96.0","5","19","실제 노출 로그 / 점수·순위는 실험용"
"XESeH7Igqyo","QD0YRMjvrt","H0302","R0302_1","95.0","6","7","실제 노출 로그 / 점수·순위는 실험용"
"XE56jnsXwCa","QD0YRMjvrt","H0272","R0272_1","94.0","7","14","실제 노출 로그 / 점수·순위는 실험용"
"XEEHb1V9ooG","QD0YRMjvrt","H0242","R0242_1","93.0","8","1","실제 노출 로그 / 점수·순위는 실험용"
"XEBKaeemuM5","QD0YRMjvrt","H0382","R0382_1","92.0","9","20","실제 노출 로그 / 점수·순위는 실험용"
"XESqKVBqrpO","QD0YRMjvrt","H0352","R0352_1","91.0","10","8","실제 노출 로그 / 점수·순위는 실험용"
"XEiOie1xRtf","QD0YRMjvrt","H0212","R0212_1","90.0","11","9","실제 노출 로그 / 점수·순위는 실험용"
"XESrY77sVHi","QD0YRMjvrt","H0322","R0322_1","89.0","12","15","실제 노출 로그 / 점수·순위는 실험용"
"XEkGCvhmhgZ","QD0YRMjvrt","H0292","R0292_1","88.0","13","2","실제 노출 로그 / 점수·순위는 실험용"
"XEf7jZL4XQp","QD0YRMjvrt","H0262","R0262_1","87.0","14","10","실제 노출 로그 / 점수·순위는 실험용"
"XEV1PDWYxez","QD0YRMjvrt","H0232","R0232_1","86.0","15","17","실제 노출 로그 / 점수·순위는 실험용"
"XEy0QCOzGt0","QD0YRMjvrt","H0372","R0372_1","85.0","16","16","실제 노출 로그 / 점수·순위는 실험용"
"XESQozLCZn2","QD0YRMjvrt","H0202","R0202_1","84.0","17","5","실제 노출 로그 / 점수·순위는 실험용"
"XEAFTi0vq40","QD0YRMjvrt","H0342","R0342_1","83.0","18","3","실제 노출 로그 / 점수·순위는 실험용"
"XEgfFT9twtF","QD0YRMjvrt","H0312","R0312_1","82.0","19","11","실제 노출 로그 / 점수·순위는 실험용"
"XELtrHjewjO","QD0YRMjvrt","H0282","R0282_1","81.0","20","18","실제 노출 로그 / 점수·순위는 실험용"
"XE1cTblygJv","QU2RASM7ei","H0083","R0083_1","100.0","1","15","실제 노출 로그 / 점수·순위는 실험용"
"XE6SoOIAF41","QU2RASM7ei","H0193","R0193_1","99.0","2","1","실제 노출 로그 / 점수·순위는 실험용"
"XEWP1QYQ2oY","QU2RASM7ei","H0053","R0053_1","98.0","3","3","실제 노출 로그 / 점수·순위는 실험용"
"XE0E5nkO0y3","QU2RASM7ei","H0023","R0023_1","97.0","4","10","실제 노출 로그 / 점수·순위는 실험용"
"XEA3AnYQ3lf","QU2RASM7ei","H0163","R0163_1","96.0","5","9","실제 노출 로그 / 점수·순위는 실험용"
"XED8KPKidMe","QU2RASM7ei","H0133","R0133_1","95.0","6","16","실제 노출 로그 / 점수·순위는 실험용"
"XEva3Y6gjul","QU2RASM7ei","H0103","R0103_1","94.0","7","4","실제 노출 로그 / 점수·순위는 실험용"
"XE1HcmZB15P","QU2RASM7ei","H0073","R0073_1","93.0","8","11","실제 노출 로그 / 점수·순위는 실험용"
"XEHC0hkvUiJ","QU2RASM7ei","H0043","R0043_1","92.0","9","18","실제 노출 로그 / 점수·순위는 실험용"
"XE6No4T1MZx","QU2RASM7ei","H0183","R0183_1","91.0","10","17","실제 노출 로그 / 점수·순위는 실험용"
"XEhu6ap3Vxi","QU2RASM7ei","H0013","R0013_1","90.0","11","6","실제 노출 로그 / 점수·순위는 실험용"
"XEBRYmVyCxF","QU2RASM7ei","H0153","R0153_1","89.0","12","5","실제 노출 로그 / 점수·순위는 실험용"
"XExAp92su4v","QU2RASM7ei","H0123","R0123_1","88.0","13","12","실제 노출 로그 / 점수·순위는 실험용"
"XEqNcJjYNAy","QU2RASM7ei","H0093","R0093_1","87.0","14","19","실제 노출 로그 / 점수·순위는 실험용"
"XEePXkAfhwd","QU2RASM7ei","H0063","R0063_1","86.0","15","7","실제 노출 로그 / 점수·순위는 실험용"
"XEGrcd5IiF2","QU2RASM7ei","H0033","R0033_1","85.0","16","14","실제 노출 로그 / 점수·순위는 실험용"
"XEkf4IeaxK4","QU2RASM7ei","H0173","R0173_1","84.0","17","13","실제 노출 로그 / 점수·순위는 실험용"
"XEAQQhX5eA7","QU2RASM7ei","H0143","R0143_1","83.0","18","20","실제 노출 로그 / 점수·순위는 실험용"
"XEASWne7bJX","QU2RASM7ei","H0003","R0003_1","82.0","19","2","실제 노출 로그 / 점수·순위는 실험용"
"XEBIiuVTm52","QU2RASM7ei","H0113","R0113_1","81.0","20","8","실제 노출 로그 / 점수·순위는 실험용"
"XE3FrAgD78g","QnqMOZhcIJ","H0161","R0161_1","100.0","1","2","실제 노출 로그 / 점수·순위는 실험용"
"XERwFuot7cA","QnqMOZhcIJ","H0101","R0101_1","99.0","2","1","실제 노출 로그 / 점수·순위는 실험용"
"XE6g5jXr6UB","Qktaikj4nh","H0161","R0161_1","100.0","1","2","실제 노출 로그 / 점수·순위는 실험용"
"XEZh6FRhMZu","Qktaikj4nh","H0101","R0101_1","99.0","2","1","실제 노출 로그 / 점수·순위는 실험용"
"XEl9J2eY6Ee","Q8xtjCAOnE","H0161","R0161_1","100.0","1","2","실제 노출 로그 / 점수·순위는 실험용"
"XEGPioNk4WX","Q8xtjCAOnE","H0101","R0101_1","99.0","2","1","실제 노출 로그 / 점수·순위는 실험용"
"XEnITvgatok","QqlwUL4k8Z","H0161","R0161_1","100.0","1","2","실제 노출 로그 / 점수·순위는 실험용"
"XEOoxJg0RnZ","QqlwUL4k8Z","H0101","R0101_1","99.0","2","1","실제 노출 로그 / 점수·순위는 실험용"
"XErcucoQN4T","QcyUI8eGde","H0161","R0161_1","100.0","1","2","실제 노출 로그 / 점수·순위는 실험용"
"XEbN6WfTQ9V","QcyUI8eGde","H0101","R0101_1","99.0","2","1","실제 노출 로그 / 점수·순위는 실험용"
"XEN9mE4qYus","QXWFj3kYp7","H0111","R0111_1","100.0","1","7","실제 노출 로그 / 점수·순위는 실험용"
"XEAXMUaB9CH","QXWFj3kYp7","H0081","R0081_1","99.0","2","14","실제 노출 로그 / 점수·순위는 실험용"
"XECbJAAfLq6","QXWFj3kYp7","H0051","R0051_1","98.0","3","2","실제 노출 로그 / 점수·순위는 실험용"
"XEulnIJeCui","QXWFj3kYp7","H0191","R0191_1","97.0","4","20","실제 노출 로그 / 점수·순위는 실험용"
"XEA6atcLvIq","QXWFj3kYp7","H0021","R0021_1","96.0","5","9","실제 노출 로그 / 점수·순위는 실험용"
"XEvexYyVrIu","QXWFj3kYp7","H0161","R0161_1","95.0","6","8","실제 노출 로그 / 점수·순위는 실험용"
"XElpoMjWbOX","QXWFj3kYp7","H0131","R0131_1","94.0","7","15","실제 노출 로그 / 점수·순위는 실험용"
"XEhDNhJUTLJ","QXWFj3kYp7","H0101","R0101_1","93.0","8","3","실제 노출 로그 / 점수·순위는 실험용"
"XEf4pUvbxQb","QXWFj3kYp7","H0071","R0071_1","92.0","9","10","실제 노출 로그 / 점수·순위는 실험용"
"XE66XC5pes4","QXWFj3kYp7","H0041","R0041_1","91.0","10","17","실제 노출 로그 / 점수·순위는 실험용"
"XE5252G6GcL","QXWFj3kYp7","H0181","R0181_1","90.0","11","16","실제 노출 로그 / 점수·순위는 실험용"
"XEUDZV4K4qB","QXWFj3kYp7","H0151","R0151_1","89.0","12","4","실제 노출 로그 / 점수·순위는 실험용"
"XECHWj52ECa","QXWFj3kYp7","H0011","R0011_1","88.0","13","5","실제 노출 로그 / 점수·순위는 실험용"
"XEPlEwKQDrr","QXWFj3kYp7","H0121","R0121_1","87.0","14","11","실제 노출 로그 / 점수·순위는 실험용"
"XE3Ug5P7MOp","QXWFj3kYp7","H0091","R0091_1","86.0","15","18","실제 노출 로그 / 점수·순위는 실험용"
"XE8rJqWJ73c","QXWFj3kYp7","H0061","R0061_1","85.0","16","6","실제 노출 로그 / 점수·순위는 실험용"
"XERrqI8UA9n","QXWFj3kYp7","H0031","R0031_1","84.0","17","13","실제 노출 로그 / 점수·순위는 실험용"
"XECQoSVPyMk","QXWFj3kYp7","H0171","R0171_1","83.0","18","12","실제 노출 로그 / 점수·순위는 실험용"
"XEfcCxPyGJC","QXWFj3kYp7","H0141","R0141_1","82.0","19","19","실제 노출 로그 / 점수·순위는 실험용"
"XE37SLT3GG4","QXWFj3kYp7","H0001","R0001_1","81.0","20","1","실제 노출 로그 / 점수·순위는 실험용"
"XE9GmVQe4WL","Qo2WTKTIMg","H0043","R0043_1","100.0","1","2","실제 노출 로그 / 점수·순위는 실험용"
"XE10tS3CMjM","Qo2WTKTIMg","H0193","R0193_1","99.0","2","1","실제 노출 로그 / 점수·순위는 실험용"
"XE8GE8QwIDV","QeVSvCuOet","H0111","R0111_1","100.0","1","7","실제 노출 로그 / 점수·순위는 실험용"
"XET9rH3NB42","QeVSvCuOet","H0081","R0081_1","99.0","2","14","실제 노출 로그 / 점수·순위는 실험용"
"XE4TpcnjQHU","QeVSvCuOet","H0051","R0051_1","98.0","3","2","실제 노출 로그 / 점수·순위는 실험용"
"XE67layzC9q","QeVSvCuOet","H0191","R0191_1","97.0","4","20","실제 노출 로그 / 점수·순위는 실험용"
"XEQVLDupVuo","QeVSvCuOet","H0021","R0021_1","96.0","5","9","실제 노출 로그 / 점수·순위는 실험용"
"XEVFL1qPEw6","QeVSvCuOet","H0161","R0161_1","95.0","6","8","실제 노출 로그 / 점수·순위는 실험용"
"XE4HEZSzNvT","QeVSvCuOet","H0131","R0131_1","94.0","7","15","실제 노출 로그 / 점수·순위는 실험용"
"XEHrluUnrdH","QeVSvCuOet","H0101","R0101_1","93.0","8","3","실제 노출 로그 / 점수·순위는 실험용"
"XEj6aWiY5k6","QeVSvCuOet","H0071","R0071_1","92.0","9","10","실제 노출 로그 / 점수·순위는 실험용"
"XEniMu8vE54","QeVSvCuOet","H0041","R0041_1","91.0","10","17","실제 노출 로그 / 점수·순위는 실험용"
"XESAGMJqzWv","QeVSvCuOet","H0181","R0181_1","90.0","11","16","실제 노출 로그 / 점수·순위는 실험용"
"XEb1mp0yK8g","QeVSvCuOet","H0151","R0151_1","89.0","12","4","실제 노출 로그 / 점수·순위는 실험용"
"XEStYWp7pm7","QeVSvCuOet","H0011","R0011_1","88.0","13","5","실제 노출 로그 / 점수·순위는 실험용"
"XEZKt1s1Ksl","QeVSvCuOet","H0121","R0121_1","87.0","14","11","실제 노출 로그 / 점수·순위는 실험용"
"XETzR9WL3Xy","QeVSvCuOet","H0091","R0091_1","86.0","15","18","실제 노출 로그 / 점수·순위는 실험용"
"XEg2ULJs5gv","QeVSvCuOet","H0061","R0061_1","85.0","16","6","실제 노출 로그 / 점수·순위는 실험용"
"XEyXhczQ3hV","QeVSvCuOet","H0031","R0031_1","84.0","17","13","실제 노출 로그 / 점수·순위는 실험용"
"XE5HVH1iimy","QeVSvCuOet","H0171","R0171_1","83.0","18","12","실제 노출 로그 / 점수·순위는 실험용"
"XE3TPRqU7au","QeVSvCuOet","H0141","R0141_1","82.0","19","19","실제 노출 로그 / 점수·순위는 실험용"
"XE9ZoZezcj7","QeVSvCuOet","H0001","R0001_1","81.0","20","1","실제 노출 로그 / 점수·순위는 실험용"
"XE6lbOg0bN8","QuH3nnhxsi","H0043","R0043_1","100.0","1","6","실제 노출 로그 / 점수·순위는 실험용"
"XEragU2ki86","QuH3nnhxsi","H0083","R0083_1","99.0","2","5","실제 노출 로그 / 점수·순위는 실험용"
"XEmskXwYpOv","QuH3nnhxsi","H0023","R0023_1","98.0","3","4","실제 노출 로그 / 점수·순위는 실험용"
"XEX5osuvg6v","QuH3nnhxsi","H0063","R0063_1","97.0","4","3","실제 노출 로그 / 점수·순위는 실험용"
"XE1DFEJiNGn","QuH3nnhxsi","H0003","R0003_1","96.0","5","2","실제 노출 로그 / 점수·순위는 실험용"
"XEajQ2Em6lb","QuH3nnhxsi","H0193","R0193_1","95.0","6","1","실제 노출 로그 / 점수·순위는 실험용"
"XEbPaTPpWys","QjAiUJuB3j","H0111","R0111_1","100.0","1","7","실제 노출 로그 / 점수·순위는 실험용"
"XEBSJOyeaxY","QjAiUJuB3j","H0081","R0081_1","99.0","2","14","실제 노출 로그 / 점수·순위는 실험용"
"XEhRVwaZz3T","QjAiUJuB3j","H0051","R0051_1","98.0","3","2","실제 노출 로그 / 점수·순위는 실험용"
"XEIP3aEqlsz","QjAiUJuB3j","H0191","R0191_1","97.0","4","20","실제 노출 로그 / 점수·순위는 실험용"
"XE7tKkHvO2v","QjAiUJuB3j","H0021","R0021_1","96.0","5","9","실제 노출 로그 / 점수·순위는 실험용"
"XEFMY12SyEd","QjAiUJuB3j","H0161","R0161_1","95.0","6","8","실제 노출 로그 / 점수·순위는 실험용"
"XEmV2vDijLO","QjAiUJuB3j","H0131","R0131_1","94.0","7","15","실제 노출 로그 / 점수·순위는 실험용"
"XEtgRScEzI6","QjAiUJuB3j","H0101","R0101_1","93.0","8","3","실제 노출 로그 / 점수·순위는 실험용"
"XEg8ZVhTYow","QjAiUJuB3j","H0071","R0071_1","92.0","9","10","실제 노출 로그 / 점수·순위는 실험용"
"XEAcrz2W3gU","QjAiUJuB3j","H0041","R0041_1","91.0","10","17","실제 노출 로그 / 점수·순위는 실험용"
"XE6E8IMKyfQ","QjAiUJuB3j","H0181","R0181_1","90.0","11","16","실제 노출 로그 / 점수·순위는 실험용"
"XECGqaIgsr1","QjAiUJuB3j","H0151","R0151_1","89.0","12","4","실제 노출 로그 / 점수·순위는 실험용"
"XEYx1umg5Y4","QjAiUJuB3j","H0011","R0011_1","88.0","13","5","실제 노출 로그 / 점수·순위는 실험용"
"XErJ6Pd5W2G","QjAiUJuB3j","H0121","R0121_1","87.0","14","11","실제 노출 로그 / 점수·순위는 실험용"
"XErEPcaNLjl","QjAiUJuB3j","H0091","R0091_1","86.0","15","18","실제 노출 로그 / 점수·순위는 실험용"
"XERwk5Ilx2Q","QjAiUJuB3j","H0061","R0061_1","85.0","16","6","실제 노출 로그 / 점수·순위는 실험용"
"XEYAMdOZUvl","QjAiUJuB3j","H0031","R0031_1","84.0","17","13","실제 노출 로그 / 점수·순위는 실험용"
"XE2Ejb3fPTU","QjAiUJuB3j","H0171","R0171_1","83.0","18","12","실제 노출 로그 / 점수·순위는 실험용"
"XEI5NyPhGdP","QjAiUJuB3j","H0141","R0141_1","82.0","19","19","실제 노출 로그 / 점수·순위는 실험용"
"XEoo69aCPeH","QjAiUJuB3j","H0001","R0001_1","81.0","20","1","실제 노출 로그 / 점수·순위는 실험용"
"XEsbNvai645","QILNQUZiVw","H0043","R0043_1","100.0","1","6","실제 노출 로그 / 점수·순위는 실험용"
"XEoHQpa7io2","QILNQUZiVw","H0083","R0083_1","99.0","2","5","실제 노출 로그 / 점수·순위는 실험용"
"XE3Z6kOOWzG","QILNQUZiVw","H0023","R0023_1","98.0","3","4","실제 노출 로그 / 점수·순위는 실험용"
"XEIHacZplBr","QILNQUZiVw","H0063","R0063_1","97.0","4","3","실제 노출 로그 / 점수·순위는 실험용"
"XEEAd97RXYm","QILNQUZiVw","H0003","R0003_1","96.0","5","2","실제 노출 로그 / 점수·순위는 실험용"
"XEd9gEmz3eM","QILNQUZiVw","H0193","R0193_1","95.0","6","1","실제 노출 로그 / 점수·순위는 실험용"
"XEEIEWeaGHc","QFevBckUUl","H0193","R0193_1","100.0","1","1","실제 노출 로그 / 점수·순위는 실험용"
"XEfxHeXdcfd","QFevBckUUl","H0003","R0003_1","99.0","2","2","실제 노출 로그 / 점수·순위는 실험용"
"XEa12AlrItG","QFevBckUUl","H0063","R0063_1","98.0","3","3","실제 노출 로그 / 점수·순위는 실험용"
"XEQclIzHW4V","QFevBckUUl","H0023","R0023_1","97.0","4","4","실제 노출 로그 / 점수·순위는 실험용"
"XEjhF77SdrU","QFevBckUUl","H0083","R0083_1","96.0","5","5","실제 노출 로그 / 점수·순위는 실험용"
"XEw5Efc05ga","QFevBckUUl","H0043","R0043_1","95.0","6","6","실제 노출 로그 / 점수·순위는 실험용"
"XEE2aIgUPhO","Q1eBzpF3TZ","H0111","R0111_1","100.0","1","5","실제 노출 로그 / 점수·순위는 실험용"
"XEFJGZ7hnuv","Q1eBzpF3TZ","H0081","R0081_1","99.0","2","9","실제 노출 로그 / 점수·순위는 실험용"
"XEUEWE4LsSn","Q1eBzpF3TZ","H0051","R0051_1","98.0","3","1","실제 노출 로그 / 점수·순위는 실험용"
"XEV91sZDEgu","Q1eBzpF3TZ","H0191","R0191_1","97.0","4","13","실제 노출 로그 / 점수·순위는 실험용"
"XE0X0lsvkc9","Q1eBzpF3TZ","H0021","R0021_1","96.0","5","7","실제 노출 로그 / 점수·순위는 실험용"
"XEzc7HqM630","Q1eBzpF3TZ","H0161","R0161_1","95.0","6","6","실제 노출 로그 / 점수·순위는 실험용"
"XE6rA97mOij","Q1eBzpF3TZ","H0131","R0131_1","94.0","7","10","실제 노출 로그 / 점수·순위는 실험용"
"XEMQhzWf60t","Q1eBzpF3TZ","H0101","R0101_1","93.0","8","2","실제 노출 로그 / 점수·순위는 실험용"
"XE2Z29wyh7u","Q1eBzpF3TZ","H0071","R0071_1","92.0","9","8","실제 노출 로그 / 점수·순위는 실험용"
"XE7ayKzEfz3","Q1eBzpF3TZ","H0041","R0041_1","91.0","10","12","실제 노출 로그 / 점수·순위는 실험용"
"XE5oJVfkC1Z","Q1eBzpF3TZ","H0181","R0181_1","90.0","11","11","실제 노출 로그 / 점수·순위는 실험용"
"XEReC8m87Lu","Q1eBzpF3TZ","H0151","R0151_1","89.0","12","3","실제 노출 로그 / 점수·순위는 실험용"
"XEDDFqmP6eP","Q1eBzpF3TZ","H0011","R0011_1","88.0","13","4","실제 노출 로그 / 점수·순위는 실험용"
"XE2InFoBu7W","Ql1iySF0Hs","H0003","R0003_1","100.0","1","1","실제 노출 로그 / 점수·순위는 실험용"
"XE3PMUC846r","Ql1iySF0Hs","H0063","R0063_1","99.0","2","2","실제 노출 로그 / 점수·순위는 실험용"
"XEGCVMLWKRi","Q62XNf9b75","H0111","R0111_1","100.0","1","5","실제 노출 로그 / 점수·순위는 실험용"
"XEDQCRZhYF9","Q62XNf9b75","H0081","R0081_1","99.0","2","9","실제 노출 로그 / 점수·순위는 실험용"
"XEY4bZ1L2mO","Q62XNf9b75","H0051","R0051_1","98.0","3","1","실제 노출 로그 / 점수·순위는 실험용"
"XETMesrMyHZ","Q62XNf9b75","H0191","R0191_1","97.0","4","13","실제 노출 로그 / 점수·순위는 실험용"
"XEALlHh4vfT","Q62XNf9b75","H0021","R0021_1","96.0","5","7","실제 노출 로그 / 점수·순위는 실험용"
"XESteFZp7UB","Q62XNf9b75","H0161","R0161_1","95.0","6","6","실제 노출 로그 / 점수·순위는 실험용"
"XEvgmtBlC5V","Q62XNf9b75","H0131","R0131_1","94.0","7","10","실제 노출 로그 / 점수·순위는 실험용"
"XEb0Zfh3n1b","Q62XNf9b75","H0101","R0101_1","93.0","8","2","실제 노출 로그 / 점수·순위는 실험용"
"XEet1QveN5G","Q62XNf9b75","H0071","R0071_1","92.0","9","8","실제 노출 로그 / 점수·순위는 실험용"
"XEldA9KGChD","Q62XNf9b75","H0041","R0041_1","91.0","10","12","실제 노출 로그 / 점수·순위는 실험용"
"XEiDDiCmKBb","Q62XNf9b75","H0181","R0181_1","90.0","11","11","실제 노출 로그 / 점수·순위는 실험용"
"XEB77wdP60C","Q62XNf9b75","H0151","R0151_1","89.0","12","3","실제 노출 로그 / 점수·순위는 실험용"
"XEQTgcW9tpE","Q62XNf9b75","H0011","R0011_1","88.0","13","4","실제 노출 로그 / 점수·순위는 실험용"
"XEmVrFTBsCl","QEUIxt7cQL","H0111","R0111_1","100.0","1","7","실제 노출 로그 / 점수·순위는 실험용"
"XETci60wnZ5","QEUIxt7cQL","H0081","R0081_1","99.0","2","14","실제 노출 로그 / 점수·순위는 실험용"
"XEVw50gp2bf","QEUIxt7cQL","H0051","R0051_1","98.0","3","2","실제 노출 로그 / 점수·순위는 실험용"
"XEqLPWFZQ7Z","QEUIxt7cQL","H0191","R0191_1","97.0","4","20","실제 노출 로그 / 점수·순위는 실험용"
"XEYR6FrYmI4","QEUIxt7cQL","H0021","R0021_1","96.0","5","9","실제 노출 로그 / 점수·순위는 실험용"
"XELeCOjJj4h","QEUIxt7cQL","H0161","R0161_1","95.0","6","8","실제 노출 로그 / 점수·순위는 실험용"
"XEVchAif1fE","QEUIxt7cQL","H0131","R0131_1","94.0","7","15","실제 노출 로그 / 점수·순위는 실험용"
"XEMLC6s4KlC","QEUIxt7cQL","H0101","R0101_1","93.0","8","3","실제 노출 로그 / 점수·순위는 실험용"
"XEsCgX20NXz","QEUIxt7cQL","H0071","R0071_1","92.0","9","10","실제 노출 로그 / 점수·순위는 실험용"
"XEPzYh3CNf0","QEUIxt7cQL","H0041","R0041_1","91.0","10","17","실제 노출 로그 / 점수·순위는 실험용"
"XEAQDm4pnKE","QEUIxt7cQL","H0181","R0181_1","90.0","11","16","실제 노출 로그 / 점수·순위는 실험용"
"XEL85mGWeAt","QEUIxt7cQL","H0151","R0151_1","89.0","12","4","실제 노출 로그 / 점수·순위는 실험용"
"XE8mdgNzRF8","QEUIxt7cQL","H0011","R0011_1","88.0","13","5","실제 노출 로그 / 점수·순위는 실험용"
"XE8v0d9qAVJ","QEUIxt7cQL","H0121","R0121_1","87.0","14","11","실제 노출 로그 / 점수·순위는 실험용"
"XEo35QLE8FF","QEUIxt7cQL","H0091","R0091_1","86.0","15","18","실제 노출 로그 / 점수·순위는 실험용"
"XEuQwXkZ6J4","QEUIxt7cQL","H0061","R0061_1","85.0","16","6","실제 노출 로그 / 점수·순위는 실험용"
"XE35gfhEB2S","QEUIxt7cQL","H0031","R0031_1","84.0","17","13","실제 노출 로그 / 점수·순위는 실험용"
"XEE1Ym4j1dw","QEUIxt7cQL","H0171","R0171_1","83.0","18","12","실제 노출 로그 / 점수·순위는 실험용"
"XENW3k750GF","QEUIxt7cQL","H0141","R0141_1","82.0","19","19","실제 노출 로그 / 점수·순위는 실험용"
"XEySCbosyMF","QEUIxt7cQL","H0001","R0001_1","81.0","20","1","실제 노출 로그 / 점수·순위는 실험용"
"XEVs9Gpeyg4","QPZN9Elyzn","H0003","R0003_1","100.0","1","1","실제 노출 로그 / 점수·순위는 실험용"
"XE21xBGpoVX","QPZN9Elyzn","H0063","R0063_1","99.0","2","2","실제 노출 로그 / 점수·순위는 실험용"
"XEcoOtOQvB4","Qre2qYcg89","H0083","R0083_1","100.0","1","15","실제 노출 로그 / 점수·순위는 실험용"
"XE5nYW8rvHR","Qre2qYcg89","H0193","R0193_1","99.0","2","1","실제 노출 로그 / 점수·순위는 실험용"
"XE8WhEf67G5","Qre2qYcg89","H0053","R0053_1","98.0","3","3","실제 노출 로그 / 점수·순위는 실험용"
"XEW21q6YWXW","Qre2qYcg89","H0023","R0023_1","97.0","4","10","실제 노출 로그 / 점수·순위는 실험용"
"XEw9ux2CGx3","Qre2qYcg89","H0163","R0163_1","96.0","5","9","실제 노출 로그 / 점수·순위는 실험용"
"XE8XmJv8ow4","Qre2qYcg89","H0133","R0133_1","95.0","6","16","실제 노출 로그 / 점수·순위는 실험용"
"XEHpW7E28jK","Qre2qYcg89","H0103","R0103_1","94.0","7","4","실제 노출 로그 / 점수·순위는 실험용"
"XELedwWx0WS","Qre2qYcg89","H0073","R0073_1","93.0","8","11","실제 노출 로그 / 점수·순위는 실험용"
"XEvJ1R9EJwJ","Qre2qYcg89","H0043","R0043_1","92.0","9","18","실제 노출 로그 / 점수·순위는 실험용"
"XE5ftdMM1QR","Qre2qYcg89","H0183","R0183_1","91.0","10","17","실제 노출 로그 / 점수·순위는 실험용"
"XEvm8Xza44W","Qre2qYcg89","H0013","R0013_1","90.0","11","6","실제 노출 로그 / 점수·순위는 실험용"
"XED8ztm16Cc","Qre2qYcg89","H0153","R0153_1","89.0","12","5","실제 노출 로그 / 점수·순위는 실험용"
"XEDoDYJWwRV","Qre2qYcg89","H0123","R0123_1","88.0","13","12","실제 노출 로그 / 점수·순위는 실험용"
"XEfGmvAt619","Qre2qYcg89","H0093","R0093_1","87.0","14","19","실제 노출 로그 / 점수·순위는 실험용"
"XELBXnncou7","Qre2qYcg89","H0063","R0063_1","86.0","15","7","실제 노출 로그 / 점수·순위는 실험용"
"XE9Etss1rDN","Qre2qYcg89","H0033","R0033_1","85.0","16","14","실제 노출 로그 / 점수·순위는 실험용"
"XESu8AEc9uF","Qre2qYcg89","H0173","R0173_1","84.0","17","13","실제 노출 로그 / 점수·순위는 실험용"
"XE019lVEB5h","Qre2qYcg89","H0143","R0143_1","83.0","18","20","실제 노출 로그 / 점수·순위는 실험용"
"XEIUHiRB9d5","Qre2qYcg89","H0003","R0003_1","82.0","19","2","실제 노출 로그 / 점수·순위는 실험용"
"XE6ZF9vwVSQ","Qre2qYcg89","H0113","R0113_1","81.0","20","8","실제 노출 로그 / 점수·순위는 실험용"
